index,Series_reference,Period,Data_value,Suppressed,STATUS,UNITS,Magnitude,Subject,Group,Series_title_1,Series_title_2,Series_title_3,Series_title_4,Series_title_5
0,ECTM.S1AG1210,2000.01,9.1,,C,Dollars,6,Electronic Card Transactions (ANZSIC06) - ECT,Private - Values - Electronic card transactions  A/S/T by industry,Actual,Supermarket and grocery stores,,,
1,ECTM.S1AG1210,2000.02,9.5,,C,Dollars,6,Electronic Card Transactions (ANZSIC06) - ECT,Private - Values - Electronic card transactions  A/S/T by industry,Actual,Supermarket and grocery stores,,,
2,ECTM.S1AG1210,2000.03,10.0,,C,Dollars,6,Electronic Card Transactions (ANZSIC06) - ECT,Private - Values - Electronic card transactions  A/S/T by industry,Actual,Supermarket and grocery stores,,,
3,ECTM.S1AG1210,2000.04,9.2,,C,Dollars,6,Electronic Card Transactions (ANZSIC06) - ECT,Private - Values - Electronic card transactions  A/S/T by industry,Actual,Supermarket and grocery stores,,,
4,ECTM.S1AG1210,2000.05,9.5,,C,Dollars,6,Electronic Card Transactions (ANZSIC06) - ECT,Private - Values - Electronic card transactions  A/S/T by industry,Actual,Supermarket and grocery stores,,,
5,ECTM.S1AG1210,2000.06,9.4,,C,Dollars,6,Electronic Card Transactions (ANZSIC06) - ECT,Private - Values - Electronic card transactions  A/S/T by industry,Actual,Supermarket and grocery stores,,,
6,ECTM.S1AG1210,2000.07,9.6,,C,Dollars,6,Electronic Card Transactions (ANZSIC06) - ECT,Private - Values - Electronic card transactions  A/S/T by industry,Actual,Supermarket and grocery stores,,,
7,ECTM.S1AG1210,2000.08,10.4,,C,Dollars,6,Electronic Card Transactions (ANZSIC06) - ECT,Private - Values - Electronic card transactions  A/S/T by industry,Actual,Supermarket and grocery stores,,,
8,ECTM.S1AG1210,2000.09,10.2,,C,Dollars,6,Electronic Card Transactions (ANZSIC06) - ECT,Private - Values - Electronic card transactions  A/S/T by industry,Actual,Supermarket and grocery stores,,,
9,ECTM.S1AG1210,2000.1,10.6,,C,Dollars,6,Electronic Card Transactions (ANZSIC06) - ECT,Private - Values - Electronic card transactions  A/S/T by industry,Actual,Supermarket and grocery stores,,,
10,ECTM.S1AG1210,2000.11,11.8,,C,Dollars,6,Electronic Card Transactions (ANZSIC06) - ECT,Private - Values - Electronic card transactions  A/S/T by industry,Actual,Supermarket and grocery stores,,,
11,ECTM.S1AG1210,2000.12,15.0,,C,Dollars,6,Electronic Card Transactions (ANZSIC06) - ECT,Private - Values - Electronic card transactions  A/S/T by industry,Actual,Supermarket and grocery stores,,,
12,ECTM.S1AG1210,2001.01,12.0,,C,Dollars,6,Electronic Card Transactions (ANZSIC06) - ECT,Private - Values - Electronic card transactions  A/S/T by industry,Actual,Supermarket and grocery stores,,,
13,ECTM.S1AG1210,2001.02,11.9,,C,Dollars,6,Electronic Card Transactions (ANZSIC06) - ECT,Private - Values - Electronic card transactions  A/S/T by industry,Actual,Supermarket and grocery stores,,,
14,ECTM.S1AG1210,2001.03,13.0,,C,Dollars,6,Electronic Card Transactions (ANZSIC06) - ECT,Private - Values - Electronic card transactions  A/S/T by industry,Actual,Supermarket and grocery stores,,,
15,ECTM.S1AG1210,2001.04,12.6,,C,Dollars,6,Electronic Card Transactions (ANZSIC06) - ECT,Private - Values - Electronic card transactions  A/S/T by industry,Actual,Supermarket and grocery stores,,,
16,ECTM.S1AG1210,2001.05,13.3,,C,Dollars,6,Electronic Card Transactions (ANZSIC06) - ECT,Private - Values - Electronic card transactions  A/S/T by industry,Actual,Supermarket and grocery stores,,,
17,ECTM.S1AG1210,2001.06,13.1,,C,Dollars,6,Electronic Card Transactions (ANZSIC06) - ECT,Private - Values - Electronic card transactions  A/S/T by industry,Actual,Supermarket and grocery stores,,,
18,ECTM.S1AG1210,2001.07,13.4,,C,Dollars,6,Electronic Card Transactions (ANZSIC06) - ECT,Private - Values - Electronic card transactions  A/S/T by industry,Actual,Supermarket and grocery stores,,,
19,ECTM.S1AG1210,2001.08,589.5,,C,Dollars,6,Electronic Card Transactions (ANZSIC06) - ECT,Private - Values - Electronic card transactions  A/S/T by industry,Actual,Supermarket and grocery stores,,,
20,ECTM.S1AG1210,2001.09,573.0,,C,Dollars,6,Electronic Card Transactions (ANZSIC06) - ECT,Private - Values - Electronic card transactions  A/S/T by industry,Actual,Supermarket and grocery stores,,,
21,ECTM.S1AG1210,2001.1,608.4,,C,Dollars,6,Electronic Card Transactions (ANZSIC06) - ECT,Private - Values - Electronic card transactions  A/S/T by industry,Actual,Supermarket and grocery stores,,,
22,ECTM.S1AG1210,2001.11,618.7,,C,Dollars,6,Electronic Card Transactions (ANZSIC06) - ECT,Private - Values - Electronic card transactions  A/S/T by industry,Actual,Supermarket and grocery stores,,,
23,ECTM.S1AG1210,2001.12,699.1,,C,Dollars,6,Electronic Card Transactions (ANZSIC06) - ECT,Private - Values - Electronic card transactions  A/S/T by industry,Actual,Supermarket and grocery stores,,,
24,ECTM.S1AG1210,2002.01,617.4,,C,Dollars,6,Electronic Card Transactions (ANZSIC06) - ECT,Private - Values - Electronic card transactions  A/S/T by industry,Actual,Supermarket and grocery stores,,,
25,ECTM.S1AG1210,2002.02,575.3,,C,Dollars,6,Electronic Card Transactions (ANZSIC06) - ECT,Private - Values - Electronic card transactions  A/S/T by industry,Actual,Supermarket and grocery stores,,,
26,ECTM.S1AG1210,2002.03,537.3,,C,Dollars,6,Electronic Card Transactions (ANZSIC06) - ECT,Private - Values - Electronic card transactions  A/S/T by industry,Actual,Supermarket and grocery stores,,,
27,ECTM.S1AG1210,2002.04,607.7,,C,Dollars,6,Electronic Card Transactions (ANZSIC06) - ECT,Private - Values - Electronic card transactions  A/S/T by industry,Actual,Supermarket and grocery stores,,,
28,ECTM.S1AG1210,2002.05,633.6,,C,Dollars,6,Electronic Card Transactions (ANZSIC06) - ECT,Private - Values - Electronic card transactions  A/S/T by industry,Actual,Supermarket and grocery stores,,,
29,ECTM.S1AG1210,2002.06,606.6,,C,Dollars,6,Electronic Card Transactions (ANZSIC06) - ECT,Private - Values - Electronic card transactions  A/S/T by industry,Actual,Supermarket and grocery stores,,,
30,ECTM.S1AG1210,2002.07,631.1,,C,Dollars,6,Electronic Card Transactions (ANZSIC06) - ECT,Private - Values - Electronic card transactions  A/S/T by industry,Actual,Supermarket and grocery stores,,,
31,ECTM.S1AG1210,2002.08,21.3,,C,Dollars,6,Electronic Card Transactions (ANZSIC06) - ECT,Private - Values - Electronic card transactions  A/S/T by industry,Actual,Supermarket and grocery stores,,,
32,ECTM.S1AG1210,2002.09,20.3,,C,Dollars,6,Electronic Card Transactions (ANZSIC06) - ECT,Private - Values - Electronic card transactions  A/S/T by industry,Actual,Supermarket and grocery stores,,,
33,ECTM.S1AG1210,2002.1,672.9,,F,Dollars,6,Electronic Card Transactions (ANZSIC06) - ECT,Private - Values - Electronic card transactions  A/S/T by industry,Actual,Supermarket and grocery stores,,,
34,ECTM.S1AG1210,2002.11,670.5,,F,Dollars,6,Electronic Card Transactions (ANZSIC06) - ECT,Private - Values - Electronic card transactions  A/S/T by industry,Actual,Supermarket and grocery stores,,,
35,ECTM.S1AG1210,2002.12,764.2,,F,Dollars,6,Electronic Card Transactions (ANZSIC06) - ECT,Private - Values - Electronic card transactions  A/S/T by industry,Actual,Supermarket and grocery stores,,,
36,ECTM.S1AG1210,2003.01,669.5,,F,Dollars,6,Electronic Card Transactions (ANZSIC06) - ECT,Private - Values - Electronic card transactions  A/S/T by industry,Actual,Supermarket and grocery stores,,,
37,ECTM.S1AG1210,2003.02,625.2,,F,Dollars,6,Electronic Card Transactions (ANZSIC06) - ECT,Private - Values - Electronic card transactions  A/S/T by industry,Actual,Supermarket and grocery stores,,,
38,ECTM.S1AG1210,2003.03,677.0,,F,Dollars,6,Electronic Card Transactions (ANZSIC06) - ECT,Private - Values - Electronic card transactions  A/S/T by industry,Actual,Supermarket and grocery stores,,,
39,ECTM.S1AG1210,2003.04,655.2,,F,Dollars,6,Electronic Card Transactions (ANZSIC06) - ECT,Private - Values - Electronic card transactions  A/S/T by industry,Actual,Supermarket and grocery stores,,,
40,ECTM.S1AG1210,2003.05,684.3,,F,Dollars,6,Electronic Card Transactions (ANZSIC06) - ECT,Private - Values - Electronic card transactions  A/S/T by industry,Actual,Supermarket and grocery stores,,,
41,ECTM.S1AG1210,2003.06,643.5,,F,Dollars,6,Electronic Card Transactions (ANZSIC06) - ECT,Private - Values - Electronic card transactions  A/S/T by industry,Actual,Supermarket and grocery stores,,,
42,ECTM.S1AG1210,2003.07,681.8,,F,Dollars,6,Electronic Card Transactions (ANZSIC06) - ECT,Private - Values - Electronic card transactions  A/S/T by industry,Actual,Supermarket and grocery stores,,,
43,ECTM.S1AG1210,2003.08,699.8,,F,Dollars,6,Electronic Card Transactions (ANZSIC06) - ECT,Private - Values - Electronic card transactions  A/S/T by industry,Actual,Supermarket and grocery stores,,,
44,ECTM.S1AG1210,2003.09,666.4,,F,Dollars,6,Electronic Card Transactions (ANZSIC06) - ECT,Private - Values - Electronic card transactions  A/S/T by industry,Actual,Supermarket and grocery stores,,,
45,ECTM.S1AG1210,2003.1,728.1,,F,Dollars,6,Electronic Card Transactions (ANZSIC06) - ECT,Private - Values - Electronic card transactions  A/S/T by industry,Actual,Supermarket and grocery stores,,,
46,ECTM.S1AG1210,2003.11,717.7,,F,Dollars,6,Electronic Card Transactions (ANZSIC06) - ECT,Private - Values - Electronic card transactions  A/S/T by industry,Actual,Supermarket and grocery stores,,,
47,ECTM.S1AG1210,2003.12,824.2,,F,Dollars,6,Electronic Card Transactions (ANZSIC06) - ECT,Private - Values - Electronic card transactions  A/S/T by industry,Actual,Supermarket and grocery stores,,,
48,ECTM.S1AG1210,2004.01,724.4,,F,Dollars,6,Electronic Card Transactions (ANZSIC06) - ECT,Private - Values - Electronic card transactions  A/S/T by industry,Actual,Supermarket and grocery stores,,,
49,ECTM.S1AG1210,2004.02,684.1,,F,Dollars,6,Electronic Card Transactions (ANZSIC06) - ECT,Private - Values - Electronic card transactions  A/S/T by industry,Actual,Supermarket and grocery stores,,,
50,ECTM.S1AG1210,2004.03,721.5,,F,Dollars,6,Electronic Card Transactions (ANZSIC06) - ECT,Private - Values - Electronic card transactions  A/S/T by industry,Actual,Supermarket and grocery stores,,,
51,ECTM.S1AG1210,2004.04,707.4,,F,Dollars,6,Electronic Card Transactions (ANZSIC06) - ECT,Private - Values - Electronic card transactions  A/S/T by industry,Actual,Supermarket and grocery stores,,,
52,ECTM.S1AG1210,2004.05,718.9,,F,Dollars,6,Electronic Card Transactions (ANZSIC06) - ECT,Private - Values - Electronic card transactions  A/S/T by industry,Actual,Supermarket and grocery stores,,,
53,ECTM.S1AG1210,2004.06,691.2,,F,Dollars,6,Electronic Card Transactions (ANZSIC06) - ECT,Private - Values - Electronic card transactions  A/S/T by industry,Actual,Supermarket and grocery stores,,,
54,ECTM.S1AG1210,2004.07,731.9,,F,Dollars,6,Electronic Card Transactions (ANZSIC06) - ECT,Private - Values - Electronic card transactions  A/S/T by industry,Actual,Supermarket and grocery stores,,,
55,ECTM.S1AG1210,2004.08,725.0,,F,Dollars,6,Electronic Card Transactions (ANZSIC06) - ECT,Private - Values - Electronic card transactions  A/S/T by industry,Actual,Supermarket and grocery stores,,,
56,ECTM.S1AG1210,2004.09,713.3,,F,Dollars,6,Electronic Card Transactions (ANZSIC06) - ECT,Private - Values - Electronic card transactions  A/S/T by industry,Actual,Supermarket and grocery stores,,,
57,ECTM.S1AG1210,2004.1,750.1,,F,Dollars,6,Electronic Card Transactions (ANZSIC06) - ECT,Private - Values - Electronic card transactions  A/S/T by industry,Actual,Supermarket and grocery stores,,,
58,ECTM.S1AG1210,2004.11,761.5,,F,Dollars,6,Electronic Card Transactions (ANZSIC06) - ECT,Private - Values - Electronic card transactions  A/S/T by industry,Actual,Supermarket and grocery stores,,,
59,ECTM.S1AG1210,2004.12,885.1,,F,Dollars,6,Electronic Card Transactions (ANZSIC06) - ECT,Private - Values - Electronic card transactions  A/S/T by industry,Actual,Supermarket and grocery stores,,,
60,ECTM.S1AG1210,2005.01,770.4,,F,Dollars,6,Electronic Card Transactions (ANZSIC06) - ECT,Private - Values - Electronic card transactions  A/S/T by industry,Actual,Supermarket and grocery stores,,,
61,ECTM.S1AG1210,2005.02,722.4,,F,Dollars,6,Electronic Card Transactions (ANZSIC06) - ECT,Private - Values - Electronic card transactions  A/S/T by industry,Actual,Supermarket and grocery stores,,,
62,ECTM.S1AG1210,2005.03,790.0,,F,Dollars,6,Electronic Card Transactions (ANZSIC06) - ECT,Private - Values - Electronic card transactions  A/S/T by industry,Actual,Supermarket and grocery stores,,,
63,ECTM.S1AG1210,2005.04,755.1,,F,Dollars,6,Electronic Card Transactions (ANZSIC06) - ECT,Private - Values - Electronic card transactions  A/S/T by industry,Actual,Supermarket and grocery stores,,,
64,ECTM.S1AG1210,2005.05,768.7,,F,Dollars,6,Electronic Card Transactions (ANZSIC06) - ECT,Private - Values - Electronic card transactions  A/S/T by industry,Actual,Supermarket and grocery stores,,,
65,ECTM.S1AG1210,2005.06,754.3,,F,Dollars,6,Electronic Card Transactions (ANZSIC06) - ECT,Private - Values - Electronic card transactions  A/S/T by industry,Actual,Supermarket and grocery stores,,,
66,ECTM.S1AG1210,2005.07,778.3,,F,Dollars,6,Electronic Card Transactions (ANZSIC06) - ECT,Private - Values - Electronic card transactions  A/S/T by industry,Actual,Supermarket and grocery stores,,,
67,ECTM.S1AG1210,2005.08,782.2,,F,Dollars,6,Electronic Card Transactions (ANZSIC06) - ECT,Private - Values - Electronic card transactions  A/S/T by industry,Actual,Supermarket and grocery stores,,,
68,ECTM.S1AG1210,2005.09,780.1,,F,Dollars,6,Electronic Card Transactions (ANZSIC06) - ECT,Private - Values - Electronic card transactions  A/S/T by industry,Actual,Supermarket and grocery stores,,,
69,ECTM.S1AG1210,2005.1,828.3,,F,Dollars,6,Electronic Card Transactions (ANZSIC06) - ECT,Private - Values - Electronic card transactions  A/S/T by industry,Actual,Supermarket and grocery stores,,,
70,ECTM.S1AG1210,2005.11,832.0,,F,Dollars,6,Electronic Card Transactions (ANZSIC06) - ECT,Private - Values - Electronic card transactions  A/S/T by industry,Actual,Supermarket and grocery stores,,,
71,ECTM.S1AG1210,2005.12,956.7,,F,Dollars,6,Electronic Card Transactions (ANZSIC06) - ECT,Private - Values - Electronic card transactions  A/S/T by industry,Actual,Supermarket and grocery stores,,,
72,ECTM.S1AG1210,2006.01,820.9,,F,Dollars,6,Electronic Card Transactions (ANZSIC06) - ECT,Private - Values - Electronic card transactions  A/S/T by industry,Actual,Supermarket and grocery stores,,,
73,ECTM.S1AG1210,2006.02,766.8,,F,Dollars,6,Electronic Card Transactions (ANZSIC06) - ECT,Private - Values - Electronic card transactions  A/S/T by industry,Actual,Supermarket and grocery stores,,,
74,ECTM.S1AG1210,2006.03,844.4,,F,Dollars,6,Electronic Card Transactions (ANZSIC06) - ECT,Private - Values - Electronic card transactions  A/S/T by industry,Actual,Supermarket and grocery stores,,,
75,ECTM.S1AG1210,2006.04,825.8,,F,Dollars,6,Electronic Card Transactions (ANZSIC06) - ECT,Private - Values - Electronic card transactions  A/S/T by industry,Actual,Supermarket and grocery stores,,,
76,ECTM.S1AG1210,2006.05,834.2,,F,Dollars,6,Electronic Card Transactions (ANZSIC06) - ECT,Private - Values - Electronic card transactions  A/S/T by industry,Actual,Supermarket and grocery stores,,,
77,ECTM.S1AG1210,2006.06,813.2,,F,Dollars,6,Electronic Card Transactions (ANZSIC06) - ECT,Private - Values - Electronic card transactions  A/S/T by industry,Actual,Supermarket and grocery stores,,,
78,ECTM.S1AG1210,2006.07,834.9,,F,Dollars,6,Electronic Card Transactions (ANZSIC06) - ECT,Private - Values - Electronic card transactions  A/S/T by industry,Actual,Supermarket and grocery stores,,,
79,ECTM.S1AG1210,2006.08,849.1,,F,Dollars,6,Electronic Card Transactions (ANZSIC06) - ECT,Private - Values - Electronic card transactions  A/S/T by industry,Actual,Supermarket and grocery stores,,,
80,ECTM.S1AG1210,2006.09,826.7,,F,Dollars,6,Electronic Card Transactions (ANZSIC06) - ECT,Private - Values - Electronic card transactions  A/S/T by industry,Actual,Supermarket and grocery stores,,,
81,ECTM.S1AG1210,2006.1,892.7,,F,Dollars,6,Electronic Card Transactions (ANZSIC06) - ECT,Private - Values - Electronic card transactions  A/S/T by industry,Actual,Supermarket and grocery stores,,,
82,ECTM.S1AG1210,2006.11,903.7,,F,Dollars,6,Electronic Card Transactions (ANZSIC06) - ECT,Private - Values - Electronic card transactions  A/S/T by industry,Actual,Supermarket and grocery stores,,,
83,ECTM.S1AG1210,2006.12,1034.4,,F,Dollars,6,Electronic Card Transactions (ANZSIC06) - ECT,Private - Values - Electronic card transactions  A/S/T by industry,Actual,Supermarket and grocery stores,,,
84,ECTM.S1AG1210,2007.01,887.3,,F,Dollars,6,Electronic Card Transactions (ANZSIC06) - ECT,Private - Values - Electronic card transactions  A/S/T by industry,Actual,Supermarket and grocery stores,,,
85,ECTM.S1AG1210,2007.02,843.9,,F,Dollars,6,Electronic Card Transactions (ANZSIC06) - ECT,Private - Values - Electronic card transactions  A/S/T by industry,Actual,Supermarket and grocery stores,,,
86,ECTM.S1AG1210,2007.03,925.1,,F,Dollars,6,Electronic Card Transactions (ANZSIC06) - ECT,Private - Values - Electronic card transactions  A/S/T by industry,Actual,Supermarket and grocery stores,,,
87,ECTM.S1AG1210,2007.04,880.0,,F,Dollars,6,Electronic Card Transactions (ANZSIC06) - ECT,Private - Values - Electronic card transactions  A/S/T by industry,Actual,Supermarket and grocery stores,,,
88,ECTM.S1AG1210,2007.05,905.1,,F,Dollars,6,Electronic Card Transactions (ANZSIC06) - ECT,Private - Values - Electronic card transactions  A/S/T by industry,Actual,Supermarket and grocery stores,,,
89,ECTM.S1AG1210,2007.06,874.3,,F,Dollars,6,Electronic Card Transactions (ANZSIC06) - ECT,Private - Values - Electronic card transactions  A/S/T by industry,Actual,Supermarket and grocery stores,,,
90,ECTM.S1AG1210,2007.07,890.5,,F,Dollars,6,Electronic Card Transactions (ANZSIC06) - ECT,Private - Values - Electronic card transactions  A/S/T by industry,Actual,Supermarket and grocery stores,,,
91,ECTM.S1AG1210,2007.08,917.7,,F,Dollars,6,Electronic Card Transactions (ANZSIC06) - ECT,Private - Values - Electronic card transactions  A/S/T by industry,Actual,Supermarket and grocery stores,,,
92,ECTM.S1AG1210,2007.09,895.9,,F,Dollars,6,Electronic Card Transactions (ANZSIC06) - ECT,Private - Values - Electronic card transactions  A/S/T by industry,Actual,Supermarket and grocery stores,,,
93,ECTM.S1AG1210,2007.1,945.9,,F,Dollars,6,Electronic Card Transactions (ANZSIC06) - ECT,Private - Values - Electronic card transactions  A/S/T by industry,Actual,Supermarket and grocery stores,,,
94,ECTM.S1AG1210,2007.11,960.8,,F,Dollars,6,Electronic Card Transactions (ANZSIC06) - ECT,Private - Values - Electronic card transactions  A/S/T by industry,Actual,Supermarket and grocery stores,,,
95,ECTM.S1AG1210,2007.12,1102.2,,F,Dollars,6,Electronic Card Transactions (ANZSIC06) - ECT,Private - Values - Electronic card transactions  A/S/T by industry,Actual,Supermarket and grocery stores,,,
96,ECTM.S1AG1210,2008.01,959.2,,F,Dollars,6,Electronic Card Transactions (ANZSIC06) - ECT,Private - Values - Electronic card transactions  A/S/T by industry,Actual,Supermarket and grocery stores,,,
97,ECTM.S1AG1210,2008.02,924.5,,F,Dollars,6,Electronic Card Transactions (ANZSIC06) - ECT,Private - Values - Electronic card transactions  A/S/T by industry,Actual,Supermarket and grocery stores,,,
98,ECTM.S1AG1210,2008.03,988.0,,F,Dollars,6,Electronic Card Transactions (ANZSIC06) - ECT,Private - Values - Electronic card transactions  A/S/T by industry,Actual,Supermarket and grocery stores,,,
99,ECTM.S1AG1210,2008.04,922.8,,F,Dollars,6,Electronic Card Transactions (ANZSIC06) - ECT,Private - Values - Electronic card transactions  A/S/T by industry,Actual,Supermarket and grocery stores,,,
100,ECTM.S1AG1210,2008.05,960.5,,F,Dollars,6,Electronic Card Transactions (ANZSIC06) - ECT,Private - Values - Electronic card transactions  A/S/T by industry,Actual,Supermarket and grocery stores,,,
101,ECTM.S1AG1210,2008.06,904.0,,F,Dollars,6,Electronic Card Transactions (ANZSIC06) - ECT,Private - Values - Electronic card transactions  A/S/T by industry,Actual,Supermarket and grocery stores,,,
102,ECTM.S1AG1210,2008.07,942.7,,F,Dollars,6,Electronic Card Transactions (ANZSIC06) - ECT,Private - Values - Electronic card transactions  A/S/T by industry,Actual,Supermarket and grocery stores,,,
103,ECTM.S1AG1210,2008.08,981.0,,F,Dollars,6,Electronic Card Transactions (ANZSIC06) - ECT,Private - Values - Electronic card transactions  A/S/T by industry,Actual,Supermarket and grocery stores,,,
104,ECTM.S1AG1210,2008.09,958.3,,F,Dollars,6,Electronic Card Transactions (ANZSIC06) - ECT,Private - Values - Electronic card transactions  A/S/T by industry,Actual,Supermarket and grocery stores,,,
105,ECTM.S1AG1210,2008.1,1032.2,,F,Dollars,6,Electronic Card Transactions (ANZSIC06) - ECT,Private - Values - Electronic card transactions  A/S/T by industry,Actual,Supermarket and grocery stores,,,
106,ECTM.S1AG1210,2008.11,1039.9,,F,Dollars,6,Electronic Card Transactions (ANZSIC06) - ECT,Private - Values - Electronic card transactions  A/S/T by industry,Actual,Supermarket and grocery stores,,,
107,ECTM.S1AG1210,2008.12,1180.5,,F,Dollars,6,Electronic Card Transactions (ANZSIC06) - ECT,Private - Values - Electronic card transactions  A/S/T by industry,Actual,Supermarket and grocery stores,,,
108,ECTM.S1AG1210,2009.01,1046.5,,F,Dollars,6,Electronic Card Transactions (ANZSIC06) - ECT,Private - Values - Electronic card transactions  A/S/T by industry,Actual,Supermarket and grocery stores,,,
109,ECTM.S1AG1210,2009.02,962.0,,F,Dollars,6,Electronic Card Transactions (ANZSIC06) - ECT,Private - Values - Electronic card transactions  A/S/T by industry,Actual,Supermarket and grocery stores,,,
110,ECTM.S1AG1210,2009.03,1041.7,,F,Dollars,6,Electronic Card Transactions (ANZSIC06) - ECT,Private - Values - Electronic card transactions  A/S/T by industry,Actual,Supermarket and grocery stores,,,
111,ECTM.S1AG1210,2009.04,1024.6,,F,Dollars,6,Electronic Card Transactions (ANZSIC06) - ECT,Private - Values - Electronic card transactions  A/S/T by industry,Actual,Supermarket and grocery stores,,,
112,ECTM.S1AG1210,2009.05,1046.4,,F,Dollars,6,Electronic Card Transactions (ANZSIC06) - ECT,Private - Values - Electronic card transactions  A/S/T by industry,Actual,Supermarket and grocery stores,,,
113,ECTM.S1AG1210,2009.06,996.9,,F,Dollars,6,Electronic Card Transactions (ANZSIC06) - ECT,Private - Values - Electronic card transactions  A/S/T by industry,Actual,Supermarket and grocery stores,,,
114,ECTM.S1AG1210,2009.07,1039.0,,F,Dollars,6,Electronic Card Transactions (ANZSIC06) - ECT,Private - Values - Electronic card transactions  A/S/T by industry,Actual,Supermarket and grocery stores,,,
115,ECTM.S1AG1210,2009.08,1053.1,,F,Dollars,6,Electronic Card Transactions (ANZSIC06) - ECT,Private - Values - Electronic card transactions  A/S/T by industry,Actual,Supermarket and grocery stores,,,
116,ECTM.S1AG1210,2009.09,1026.5,,F,Dollars,6,Electronic Card Transactions (ANZSIC06) - ECT,Private - Values - Electronic card transactions  A/S/T by industry,Actual,Supermarket and grocery stores,,,
117,ECTM.S1AG1210,2009.1,1090.1,,F,Dollars,6,Electronic Card Transactions (ANZSIC06) - ECT,Private - Values - Electronic card transactions  A/S/T by industry,Actual,Supermarket and grocery stores,,,
118,ECTM.S1AG1210,2009.11,1071.2,,F,Dollars,6,Electronic Card Transactions (ANZSIC06) - ECT,Private - Values - Electronic card transactions  A/S/T by industry,Actual,Supermarket and grocery stores,,,
119,ECTM.S1AG1210,2009.12,1255.4,,F,Dollars,6,Electronic Card Transactions (ANZSIC06) - ECT,Private - Values - Electronic card transactions  A/S/T by industry,Actual,Supermarket and grocery stores,,,
120,ECTM.S1AG1210,2010.01,1077.9,,F,Dollars,6,Electronic Card Transactions (ANZSIC06) - ECT,Private - Values - Electronic card transactions  A/S/T by industry,Actual,Supermarket and grocery stores,,,
121,ECTM.S1AG1210,2010.02,1005.3,,F,Dollars,6,Electronic Card Transactions (ANZSIC06) - ECT,Private - Values - Electronic card transactions  A/S/T by industry,Actual,Supermarket and grocery stores,,,
122,ECTM.S1AG1210,2010.03,1106.4,,F,Dollars,6,Electronic Card Transactions (ANZSIC06) - ECT,Private - Values - Electronic card transactions  A/S/T by industry,Actual,Supermarket and grocery stores,,,
123,ECTM.S1AG1210,2010.04,1045.1,,F,Dollars,6,Electronic Card Transactions (ANZSIC06) - ECT,Private - Values - Electronic card transactions  A/S/T by industry,Actual,Supermarket and grocery stores,,,
124,ECTM.S1AG1210,2010.05,1072.7,,F,Dollars,6,Electronic Card Transactions (ANZSIC06) - ECT,Private - Values - Electronic card transactions  A/S/T by industry,Actual,Supermarket and grocery stores,,,
125,ECTM.S1AG1210,2010.06,1029.0,,F,Dollars,6,Electronic Card Transactions (ANZSIC06) - ECT,Private - Values - Electronic card transactions  A/S/T by industry,Actual,Supermarket and grocery stores,,,
126,ECTM.S1AG1210,2010.07,1086.9,,F,Dollars,6,Electronic Card Transactions (ANZSIC06) - ECT,Private - Values - Electronic card transactions  A/S/T by industry,Actual,Supermarket and grocery stores,,,
127,ECTM.S1AG1210,2010.08,1087.5,,F,Dollars,6,Electronic Card Transactions (ANZSIC06) - ECT,Private - Values - Electronic card transactions  A/S/T by industry,Actual,Supermarket and grocery stores,,,
128,ECTM.S1AG1210,2010.09,1091.1,,F,Dollars,6,Electronic Card Transactions (ANZSIC06) - ECT,Private - Values - Electronic card transactions  A/S/T by industry,Actual,Supermarket and grocery stores,,,
129,ECTM.S1AG1210,2010.1,1178.5,,F,Dollars,6,Electronic Card Transactions (ANZSIC06) - ECT,Private - Values - Electronic card transactions  A/S/T by industry,Actual,Supermarket and grocery stores,,,
130,ECTM.S1AG1210,2010.11,1164.4,,F,Dollars,6,Electronic Card Transactions (ANZSIC06) - ECT,Private - Values - Electronic card transactions  A/S/T by industry,Actual,Supermarket and grocery stores,,,
131,ECTM.S1AG1210,2010.12,1361.0,,F,Dollars,6,Electronic Card Transactions (ANZSIC06) - ECT,Private - Values - Electronic card transactions  A/S/T by industry,Actual,Supermarket and grocery stores,,,
132,ECTM.S1AG1210,2011.01,1166.0,,F,Dollars,6,Electronic Card Transactions (ANZSIC06) - ECT,Private - Values - Electronic card transactions  A/S/T by industry,Actual,Supermarket and grocery stores,,,
133,ECTM.S1AG1210,2011.02,1095.0,,F,Dollars,6,Electronic Card Transactions (ANZSIC06) - ECT,Private - Values - Electronic card transactions  A/S/T by industry,Actual,Supermarket and grocery stores,,,
134,ECTM.S1AG1210,2011.03,1196.5,,F,Dollars,6,Electronic Card Transactions (ANZSIC06) - ECT,Private - Values - Electronic card transactions  A/S/T by industry,Actual,Supermarket and grocery stores,,,
135,ECTM.S1AG1210,2011.04,1171.6,,F,Dollars,6,Electronic Card Transactions (ANZSIC06) - ECT,Private - Values - Electronic card transactions  A/S/T by industry,Actual,Supermarket and grocery stores,,,
136,ECTM.S1AG1210,2011.05,1168.1,,F,Dollars,6,Electronic Card Transactions (ANZSIC06) - ECT,Private - Values - Electronic card transactions  A/S/T by industry,Actual,Supermarket and grocery stores,,,
137,ECTM.S1AG1210,2011.06,1142.2,,F,Dollars,6,Electronic Card Transactions (ANZSIC06) - ECT,Private - Values - Electronic card transactions  A/S/T by industry,Actual,Supermarket and grocery stores,,,
138,ECTM.S1AG1210,2011.07,1185.5,,F,Dollars,6,Electronic Card Transactions (ANZSIC06) - ECT,Private - Values - Electronic card transactions  A/S/T by industry,Actual,Supermarket and grocery stores,,,
139,ECTM.S1AG1210,2011.08,1186.5,,F,Dollars,6,Electronic Card Transactions (ANZSIC06) - ECT,Private - Values - Electronic card transactions  A/S/T by industry,Actual,Supermarket and grocery stores,,,
140,ECTM.S1AG1210,2011.09,1184.1,,F,Dollars,6,Electronic Card Transactions (ANZSIC06) - ECT,Private - Values - Electronic card transactions  A/S/T by industry,Actual,Supermarket and grocery stores,,,
141,ECTM.S1AG1210,2011.1,1247.4,,F,Dollars,6,Electronic Card Transactions (ANZSIC06) - ECT,Private - Values - Electronic card transactions  A/S/T by industry,Actual,Supermarket and grocery stores,,,
142,ECTM.S1AG1210,2011.11,1224.5,,F,Dollars,6,Electronic Card Transactions (ANZSIC06) - ECT,Private - Values - Electronic card transactions  A/S/T by industry,Actual,Supermarket and grocery stores,,,
143,ECTM.S1AG1210,2011.12,1439.9,,F,Dollars,6,Electronic Card Transactions (ANZSIC06) - ECT,Private - Values - Electronic card transactions  A/S/T by industry,Actual,Supermarket and grocery stores,,,
144,ECTM.S1AG1210,2012.01,1221.4,,F,Dollars,6,Electronic Card Transactions (ANZSIC06) - ECT,Private - Values - Electronic card transactions  A/S/T by industry,Actual,Supermarket and grocery stores,,,
145,ECTM.S1AG1210,2012.02,1189.6,,F,Dollars,6,Electronic Card Transactions (ANZSIC06) - ECT,Private - Values - Electronic card transactions  A/S/T by industry,Actual,Supermarket and grocery stores,,,
146,ECTM.S1AG1210,2012.03,1271.5,,F,Dollars,6,Electronic Card Transactions (ANZSIC06) - ECT,Private - Values - Electronic card transactions  A/S/T by industry,Actual,Supermarket and grocery stores,,,
147,ECTM.S1AG1210,2012.04,1213.1,,F,Dollars,6,Electronic Card Transactions (ANZSIC06) - ECT,Private - Values - Electronic card transactions  A/S/T by industry,Actual,Supermarket and grocery stores,,,
148,ECTM.S1AG1210,2012.05,1222.3,,F,Dollars,6,Electronic Card Transactions (ANZSIC06) - ECT,Private - Values - Electronic card transactions  A/S/T by industry,Actual,Supermarket and grocery stores,,,
149,ECTM.S1AG1210,2012.06,1191.3,,F,Dollars,6,Electronic Card Transactions (ANZSIC06) - ECT,Private - Values - Electronic card transactions  A/S/T by industry,Actual,Supermarket and grocery stores,,,
150,ECTM.S1AG1210,2012.07,1216.7,,F,Dollars,6,Electronic Card Transactions (ANZSIC06) - ECT,Private - Values - Electronic card transactions  A/S/T by industry,Actual,Supermarket and grocery stores,,,
151,ECTM.S1AG1210,2012.08,1252.0,,F,Dollars,6,Electronic Card Transactions (ANZSIC06) - ECT,Private - Values - Electronic card transactions  A/S/T by industry,Actual,Supermarket and grocery stores,,,
152,ECTM.S1AG1210,2012.09,1221.3,,F,Dollars,6,Electronic Card Transactions (ANZSIC06) - ECT,Private - Values - Electronic card transactions  A/S/T by industry,Actual,Supermarket and grocery stores,,,
153,ECTM.S1AG1210,2012.1,1270.5,,F,Dollars,6,Electronic Card Transactions (ANZSIC06) - ECT,Private - Values - Electronic card transactions  A/S/T by industry,Actual,Supermarket and grocery stores,,,
154,ECTM.S1AG1210,2012.11,1280.8,,F,Dollars,6,Electronic Card Transactions (ANZSIC06) - ECT,Private - Values - Electronic card transactions  A/S/T by industry,Actual,Supermarket and grocery stores,,,
155,ECTM.S1AG1210,2012.12,1480.2,,F,Dollars,6,Electronic Card Transactions (ANZSIC06) - ECT,Private - Values - Electronic card transactions  A/S/T by industry,Actual,Supermarket and grocery stores,,,
156,ECTM.S1AG1210,2013.01,1287.5,,F,Dollars,6,Electronic Card Transactions (ANZSIC06) - ECT,Private - Values - Electronic card transactions  A/S/T by industry,Actual,Supermarket and grocery stores,,,
157,ECTM.S1AG1210,2013.02,1199.6,,F,Dollars,6,Electronic Card Transactions (ANZSIC06) - ECT,Private - Values - Electronic card transactions  A/S/T by industry,Actual,Supermarket and grocery stores,,,
158,ECTM.S1AG1210,2013.03,1304.1,,F,Dollars,6,Electronic Card Transactions (ANZSIC06) - ECT,Private - Values - Electronic card transactions  A/S/T by industry,Actual,Supermarket and grocery stores,,,
159,ECTM.S1AG1210,2013.04,1217.0,,F,Dollars,6,Electronic Card Transactions (ANZSIC06) - ECT,Private - Values - Electronic card transactions  A/S/T by industry,Actual,Supermarket and grocery stores,,,
160,ECTM.S1AG1210,2013.05,1257.4,,F,Dollars,6,Electronic Card Transactions (ANZSIC06) - ECT,Private - Values - Electronic card transactions  A/S/T by industry,Actual,Supermarket and grocery stores,,,
161,ECTM.S1AG1210,2013.06,1210.3,,F,Dollars,6,Electronic Card Transactions (ANZSIC06) - ECT,Private - Values - Electronic card transactions  A/S/T by industry,Actual,Supermarket and grocery stores,,,
162,ECTM.S1AG1210,2013.07,1239.9,,F,Dollars,6,Electronic Card Transactions (ANZSIC06) - ECT,Private - Values - Electronic card transactions  A/S/T by industry,Actual,Supermarket and grocery stores,,,
163,ECTM.S1AG1210,2013.08,1281.5,,F,Dollars,6,Electronic Card Transactions (ANZSIC06) - ECT,Private - Values - Electronic card transactions  A/S/T by industry,Actual,Supermarket and grocery stores,,,
164,ECTM.S1AG1210,2013.09,1236.8,,F,Dollars,6,Electronic Card Transactions (ANZSIC06) - ECT,Private - Values - Electronic card transactions  A/S/T by industry,Actual,Supermarket and grocery stores,,,
165,ECTM.S1AG1210,2013.1,1320.0,,F,Dollars,6,Electronic Card Transactions (ANZSIC06) - ECT,Private - Values - Electronic card transactions  A/S/T by industry,Actual,Supermarket and grocery stores,,,
166,ECTM.S1AG1210,2013.11,1334.7,,F,Dollars,6,Electronic Card Transactions (ANZSIC06) - ECT,Private - Values - Electronic card transactions  A/S/T by industry,Actual,Supermarket and grocery stores,,,
167,ECTM.S1AG1210,2013.12,1516.7,,F,Dollars,6,Electronic Card Transactions (ANZSIC06) - ECT,Private - Values - Electronic card transactions  A/S/T by industry,Actual,Supermarket and grocery stores,,,
168,ECTM.S1AG1210,2014.01,1317.3,,F,Dollars,6,Electronic Card Transactions (ANZSIC06) - ECT,Private - Values - Electronic card transactions  A/S/T by industry,Actual,Supermarket and grocery stores,,,
169,ECTM.S1AG1210,2014.02,1224.5,,F,Dollars,6,Electronic Card Transactions (ANZSIC06) - ECT,Private - Values - Electronic card transactions  A/S/T by industry,Actual,Supermarket and grocery stores,,,
170,ECTM.S1AG1210,2014.03,1336.7,,F,Dollars,6,Electronic Card Transactions (ANZSIC06) - ECT,Private - Values - Electronic card transactions  A/S/T by industry,Actual,Supermarket and grocery stores,,,
171,ECTM.S1AG1210,2014.04,1284.0,,F,Dollars,6,Electronic Card Transactions (ANZSIC06) - ECT,Private - Values - Electronic card transactions  A/S/T by industry,Actual,Supermarket and grocery stores,,,
172,ECTM.S1AG1210,2014.05,1333.0,,F,Dollars,6,Electronic Card Transactions (ANZSIC06) - ECT,Private - Values - Electronic card transactions  A/S/T by industry,Actual,Supermarket and grocery stores,,,
173,ECTM.S1AG1210,2014.06,1255.3,,F,Dollars,6,Electronic Card Transactions (ANZSIC06) - ECT,Private - Values - Electronic card transactions  A/S/T by industry,Actual,Supermarket and grocery stores,,,
174,ECTM.S1AG1210,2014.07,1312.5,,F,Dollars,6,Electronic Card Transactions (ANZSIC06) - ECT,Private - Values - Electronic card transactions  A/S/T by industry,Actual,Supermarket and grocery stores,,,
175,ECTM.S1AG1210,2014.08,1340.0,,F,Dollars,6,Electronic Card Transactions (ANZSIC06) - ECT,Private - Values - Electronic card transactions  A/S/T by industry,Actual,Supermarket and grocery stores,,,
176,ECTM.S1AG1210,2014.09,1287.2,,F,Dollars,6,Electronic Card Transactions (ANZSIC06) - ECT,Private - Values - Electronic card transactions  A/S/T by industry,Actual,Supermarket and grocery stores,,,
177,ECTM.S1AG1210,2014.1,1383.8,,F,Dollars,6,Electronic Card Transactions (ANZSIC06) - ECT,Private - Values - Electronic card transactions  A/S/T by industry,Actual,Supermarket and grocery stores,,,
178,ECTM.S1AG1210,2014.11,1384.4,,F,Dollars,6,Electronic Card Transactions (ANZSIC06) - ECT,Private - Values - Electronic card transactions  A/S/T by industry,Actual,Supermarket and grocery stores,,,
179,ECTM.S1AG1210,2014.12,1591.8,,F,Dollars,6,Electronic Card Transactions (ANZSIC06) - ECT,Private - Values - Electronic card transactions  A/S/T by industry,Actual,Supermarket and grocery stores,,,
180,ECTM.S1AG1210,2015.01,1420.8,,F,Dollars,6,Electronic Card Transactions (ANZSIC06) - ECT,Private - Values - Electronic card transactions  A/S/T by industry,Actual,Supermarket and grocery stores,,,
181,ECTM.S1AG1210,2015.02,1297.3,,F,Dollars,6,Electronic Card Transactions (ANZSIC06) - ECT,Private - Values - Electronic card transactions  A/S/T by industry,Actual,Supermarket and grocery stores,,,
182,ECTM.S1AG1210,2015.03,1411.2,,F,Dollars,6,Electronic Card Transactions (ANZSIC06) - ECT,Private - Values - Electronic card transactions  A/S/T by industry,Actual,Supermarket and grocery stores,,,
183,ECTM.S1AG1210,2015.04,1354.0,,F,Dollars,6,Electronic Card Transactions (ANZSIC06) - ECT,Private - Values - Electronic card transactions  A/S/T by industry,Actual,Supermarket and grocery stores,,,
184,ECTM.S1AG1210,2015.05,1387.5,,F,Dollars,6,Electronic Card Transactions (ANZSIC06) - ECT,Private - Values - Electronic card transactions  A/S/T by industry,Actual,Supermarket and grocery stores,,,
185,ECTM.S1AG1210,2015.06,1323.4,,F,Dollars,6,Electronic Card Transactions (ANZSIC06) - ECT,Private - Values - Electronic card transactions  A/S/T by industry,Actual,Supermarket and grocery stores,,,
186,ECTM.S1AG1210,2015.07,1380.8,,F,Dollars,6,Electronic Card Transactions (ANZSIC06) - ECT,Private - Values - Electronic card transactions  A/S/T by industry,Actual,Supermarket and grocery stores,,,
187,ECTM.S1AG1210,2015.08,1405.1,,F,Dollars,6,Electronic Card Transactions (ANZSIC06) - ECT,Private - Values - Electronic card transactions  A/S/T by industry,Actual,Supermarket and grocery stores,,,
188,ECTM.S1AG1210,2015.09,1366.7,,F,Dollars,6,Electronic Card Transactions (ANZSIC06) - ECT,Private - Values - Electronic card transactions  A/S/T by industry,Actual,Supermarket and grocery stores,,,
189,ECTM.S1AG1210,2015.1,1481.7,,F,Dollars,6,Electronic Card Transactions (ANZSIC06) - ECT,Private - Values - Electronic card transactions  A/S/T by industry,Actual,Supermarket and grocery stores,,,
190,ECTM.S1AG1210,2015.11,1449.2,,F,Dollars,6,Electronic Card Transactions (ANZSIC06) - ECT,Private - Values - Electronic card transactions  A/S/T by industry,Actual,Supermarket and grocery stores,,,
191,ECTM.S1AG1210,2015.12,1685.4,,F,Dollars,6,Electronic Card Transactions (ANZSIC06) - ECT,Private - Values - Electronic card transactions  A/S/T by industry,Actual,Supermarket and grocery stores,,,
192,ECTM.S1AG1210,2016.01,1461.3,,F,Dollars,6,Electronic Card Transactions (ANZSIC06) - ECT,Private - Values - Electronic card transactions  A/S/T by industry,Actual,Supermarket and grocery stores,,,
193,ECTM.S1AG1210,2016.02,1419.3,,F,Dollars,6,Electronic Card Transactions (ANZSIC06) - ECT,Private - Values - Electronic card transactions  A/S/T by industry,Actual,Supermarket and grocery stores,,,
194,ECTM.S1AG1210,2016.03,1504.4,,F,Dollars,6,Electronic Card Transactions (ANZSIC06) - ECT,Private - Values - Electronic card transactions  A/S/T by industry,Actual,Supermarket and grocery stores,,,
195,ECTM.S1AG1210,2016.04,1424.7,,F,Dollars,6,Electronic Card Transactions (ANZSIC06) - ECT,Private - Values - Electronic card transactions  A/S/T by industry,Actual,Supermarket and grocery stores,,,
196,ECTM.S1AG1210,2016.05,1446.7,,F,Dollars,6,Electronic Card Transactions (ANZSIC06) - ECT,Private - Values - Electronic card transactions  A/S/T by industry,Actual,Supermarket and grocery stores,,,
197,ECTM.S1AG1210,2016.06,1400.9,,F,Dollars,6,Electronic Card Transactions (ANZSIC06) - ECT,Private - Values - Electronic card transactions  A/S/T by industry,Actual,Supermarket and grocery stores,,,
198,ECTM.S1AG1210,2016.07,1454.1,,F,Dollars,6,Electronic Card Transactions (ANZSIC06) - ECT,Private - Values - Electronic card transactions  A/S/T by industry,Actual,Supermarket and grocery stores,,,
199,ECTM.S1AG1210,2016.08,1449.3,,F,Dollars,6,Electronic Card Transactions (ANZSIC06) - ECT,Private - Values - Electronic card transactions  A/S/T by industry,Actual,Supermarket and grocery stores,,,
200,ECTM.S1AG1210,2016.09,1438.1,,F,Dollars,6,Electronic Card Transactions (ANZSIC06) - ECT,Private - Values - Electronic card transactions  A/S/T by industry,Actual,Supermarket and grocery stores,,,
201,ECTM.S1AG1210,2016.1,1538.0,,F,Dollars,6,Electronic Card Transactions (ANZSIC06) - ECT,Private - Values - Electronic card transactions  A/S/T by industry,Actual,Supermarket and grocery stores,,,
202,ECTM.S1AG1210,2016.11,1538.7,,F,Dollars,6,Electronic Card Transactions (ANZSIC06) - ECT,Private - Values - Electronic card transactions  A/S/T by industry,Actual,Supermarket and grocery stores,,,
203,ECTM.S1AG1210,2016.12,1780.7,,F,Dollars,6,Electronic Card Transactions (ANZSIC06) - ECT,Private - Values - Electronic card transactions  A/S/T by industry,Actual,Supermarket and grocery stores,,,
204,ECTM.S1AG1210,2017.01,1555.3,,F,Dollars,6,Electronic Card Transactions (ANZSIC06) - ECT,Private - Values - Electronic card transactions  A/S/T by industry,Actual,Supermarket and grocery stores,,,
205,ECTM.S1AG1210,2017.02,1465.3,,F,Dollars,6,Electronic Card Transactions (ANZSIC06) - ECT,Private - Values - Electronic card transactions  A/S/T by industry,Actual,Supermarket and grocery stores,,,
206,ECTM.S1AG1210,2017.03,1592.7,,F,Dollars,6,Electronic Card Transactions (ANZSIC06) - ECT,Private - Values - Electronic card transactions  A/S/T by industry,Actual,Supermarket and grocery stores,,,
207,ECTM.S1AG1210,2017.04,1555.1,,F,Dollars,6,Electronic Card Transactions (ANZSIC06) - ECT,Private - Values - Electronic card transactions  A/S/T by industry,Actual,Supermarket and grocery stores,,,
208,ECTM.S1AG1210,2017.05,1554.4,,F,Dollars,6,Electronic Card Transactions (ANZSIC06) - ECT,Private - Values - Electronic card transactions  A/S/T by industry,Actual,Supermarket and grocery stores,,,
209,ECTM.S1AG1210,2017.06,1504.9,,F,Dollars,6,Electronic Card Transactions (ANZSIC06) - ECT,Private - Values - Electronic card transactions  A/S/T by industry,Actual,Supermarket and grocery stores,,,
210,ECTM.S1AG1210,2017.07,1546.3,,F,Dollars,6,Electronic Card Transactions (ANZSIC06) - ECT,Private - Values - Electronic card transactions  A/S/T by industry,Actual,Supermarket and grocery stores,,,
211,ECTM.S1AG1210,2017.08,1571.4,,F,Dollars,6,Electronic Card Transactions (ANZSIC06) - ECT,Private - Values - Electronic card transactions  A/S/T by industry,Actual,Supermarket and grocery stores,,,
212,ECTM.S1AG1210,2017.09,1544.8,,F,Dollars,6,Electronic Card Transactions (ANZSIC06) - ECT,Private - Values - Electronic card transactions  A/S/T by industry,Actual,Supermarket and grocery stores,,,
213,ECTM.S1AG1210,2017.1,1627.2,,F,Dollars,6,Electronic Card Transactions (ANZSIC06) - ECT,Private - Values - Electronic card transactions  A/S/T by industry,Actual,Supermarket and grocery stores,,,
214,ECTM.S1AG1210,2017.11,1638.3,,F,Dollars,6,Electronic Card Transactions (ANZSIC06) - ECT,Private - Values - Electronic card transactions  A/S/T by industry,Actual,Supermarket and grocery stores,,,
215,ECTM.S1AG1210,2017.12,1885.1,,F,Dollars,6,Electronic Card Transactions (ANZSIC06) - ECT,Private - Values - Electronic card transactions  A/S/T by industry,Actual,Supermarket and grocery stores,,,
216,ECTM.S1AG1210,2018.01,1634.8,,F,Dollars,6,Electronic Card Transactions (ANZSIC06) - ECT,Private - Values - Electronic card transactions  A/S/T by industry,Actual,Supermarket and grocery stores,,,
217,ECTM.S1AG1210,2018.02,1524.8,,F,Dollars,6,Electronic Card Transactions (ANZSIC06) - ECT,Private - Values - Electronic card transactions  A/S/T by industry,Actual,Supermarket and grocery stores,,,
218,ECTM.S1AG1210,2018.03,1719.3,,F,Dollars,6,Electronic Card Transactions (ANZSIC06) - ECT,Private - Values - Electronic card transactions  A/S/T by industry,Actual,Supermarket and grocery stores,,,
219,ECTM.S1AG1210,2018.04,1543.0,,F,Dollars,6,Electronic Card Transactions (ANZSIC06) - ECT,Private - Values - Electronic card transactions  A/S/T by industry,Actual,Supermarket and grocery stores,,,
220,ECTM.S1AG1210,2018.05,1615.9,,F,Dollars,6,Electronic Card Transactions (ANZSIC06) - ECT,Private - Values - Electronic card transactions  A/S/T by industry,Actual,Supermarket and grocery stores,,,
221,ECTM.S1AG1210,2018.06,1558.6,,F,Dollars,6,Electronic Card Transactions (ANZSIC06) - ECT,Private - Values - Electronic card transactions  A/S/T by industry,Actual,Supermarket and grocery stores,,,
222,ECTM.S1AG1210,2018.07,1599.5,,F,Dollars,6,Electronic Card Transactions (ANZSIC06) - ECT,Private - Values - Electronic card transactions  A/S/T by industry,Actual,Supermarket and grocery stores,,,
223,ECTM.S1AG1210,2018.08,1632.0,,F,Dollars,6,Electronic Card Transactions (ANZSIC06) - ECT,Private - Values - Electronic card transactions  A/S/T by industry,Actual,Supermarket and grocery stores,,,
224,ECTM.S1AG1210,2018.09,1614.6,,F,Dollars,6,Electronic Card Transactions (ANZSIC06) - ECT,Private - Values - Electronic card transactions  A/S/T by industry,Actual,Supermarket and grocery stores,,,
225,ECTM.S1AG1210,2018.1,1698.5,,F,Dollars,6,Electronic Card Transactions (ANZSIC06) - ECT,Private - Values - Electronic card transactions  A/S/T by industry,Actual,Supermarket and grocery stores,,,
226,ECTM.S1AG1210,2018.11,1696.3,,F,Dollars,6,Electronic Card Transactions (ANZSIC06) - ECT,Private - Values - Electronic card transactions  A/S/T by industry,Actual,Supermarket and grocery stores,,,
227,ECTM.S1AG1210,2018.12,1947.6,,F,Dollars,6,Electronic Card Transactions (ANZSIC06) - ECT,Private - Values - Electronic card transactions  A/S/T by industry,Actual,Supermarket and grocery stores,,,
228,ECTM.S1AG1210,2019.01,1713.2,,F,Dollars,6,Electronic Card Transactions (ANZSIC06) - ECT,Private - Values - Electronic card transactions  A/S/T by industry,Actual,Supermarket and grocery stores,,,
229,ECTM.S1AG1210,2019.02,1601.7,,F,Dollars,6,Electronic Card Transactions (ANZSIC06) - ECT,Private - Values - Electronic card transactions  A/S/T by industry,Actual,Supermarket and grocery stores,,,
230,ECTM.S1AG1210,2019.03,1756.4,,F,Dollars,6,Electronic Card Transactions (ANZSIC06) - ECT,Private - Values - Electronic card transactions  A/S/T by industry,Actual,Supermarket and grocery stores,,,
231,ECTM.S1AG1210,2019.04,1662.6,,F,Dollars,6,Electronic Card Transactions (ANZSIC06) - ECT,Private - Values - Electronic card transactions  A/S/T by industry,Actual,Supermarket and grocery stores,,,
232,ECTM.S1AG1210,2019.05,1690.3,,F,Dollars,6,Electronic Card Transactions (ANZSIC06) - ECT,Private - Values - Electronic card transactions  A/S/T by industry,Actual,Supermarket and grocery stores,,,
233,ECTM.S1AG1210,2019.06,1620.0,,F,Dollars,6,Electronic Card Transactions (ANZSIC06) - ECT,Private - Values - Electronic card transactions  A/S/T by industry,Actual,Supermarket and grocery stores,,,
234,ECTM.S1AG1210,2019.07,1650.7,,F,Dollars,6,Electronic Card Transactions (ANZSIC06) - ECT,Private - Values - Electronic card transactions  A/S/T by industry,Actual,Supermarket and grocery stores,,,
235,ECTM.S1AG1210,2019.08,1705.3,,F,Dollars,6,Electronic Card Transactions (ANZSIC06) - ECT,Private - Values - Electronic card transactions  A/S/T by industry,Actual,Supermarket and grocery stores,,,
236,ECTM.S1AG1210,2019.09,1661.6,,F,Dollars,6,Electronic Card Transactions (ANZSIC06) - ECT,Private - Values - Electronic card transactions  A/S/T by industry,Actual,Supermarket and grocery stores,,,
237,ECTM.S1AG1210,2019.1,1759.3,,F,Dollars,6,Electronic Card Transactions (ANZSIC06) - ECT,Private - Values - Electronic card transactions  A/S/T by industry,Actual,Supermarket and grocery stores,,,
238,ECTM.S1AG1210,2019.11,1781.2,,F,Dollars,6,Electronic Card Transactions (ANZSIC06) - ECT,Private - Values - Electronic card transactions  A/S/T by industry,Actual,Supermarket and grocery stores,,,
239,ECTM.S1AG1210,2019.12,2018.1,,F,Dollars,6,Electronic Card Transactions (ANZSIC06) - ECT,Private - Values - Electronic card transactions  A/S/T by industry,Actual,Supermarket and grocery stores,,,
240,ECTM.S1AG1210,2020.01,1779.1,,F,Dollars,6,Electronic Card Transactions (ANZSIC06) - ECT,Private - Values - Electronic card transactions  A/S/T by industry,Actual,Supermarket and grocery stores,,,
241,ECTM.S1AG1210,2020.02,1759.1,,F,Dollars,6,Electronic Card Transactions (ANZSIC06) - ECT,Private - Values - Electronic card transactions  A/S/T by industry,Actual,Supermarket and grocery stores,,,
242,ECTM.S1AG1210,2020.03,2205.9,,F,Dollars,6,Electronic Card Transactions (ANZSIC06) - ECT,Private - Values - Electronic card transactions  A/S/T by industry,Actual,Supermarket and grocery stores,,,
243,ECTM.S1AG1210,2020.04,2073.0,,F,Dollars,6,Electronic Card Transactions (ANZSIC06) - ECT,Private - Values - Electronic card transactions  A/S/T by industry,Actual,Supermarket and grocery stores,,,
244,ECTM.S1AG1210,2020.05,1952.7,,F,Dollars,6,Electronic Card Transactions (ANZSIC06) - ECT,Private - Values - Electronic card transactions  A/S/T by industry,Actual,Supermarket and grocery stores,,,
245,ECTM.S1AG1210,2020.06,1784.8,,F,Dollars,6,Electronic Card Transactions (ANZSIC06) - ECT,Private - Values - Electronic card transactions  A/S/T by industry,Actual,Supermarket and grocery stores,,,
246,ECTM.S1AG1210,2020.07,1832.7,,F,Dollars,6,Electronic Card Transactions (ANZSIC06) - ECT,Private - Values - Electronic card transactions  A/S/T by industry,Actual,Supermarket and grocery stores,,,
247,ECTM.S1SG1210,2007.03,903.9,,R,Dollars,6,Electronic Card Transactions (ANZSIC06) - ECT,Private - Values - Electronic card transactions  A/S/T by industry,Seasonally adjusted,Supermarket and grocery stores,,,
248,ECTM.S1SG1210,2007.04,911.8,,R,Dollars,6,Electronic Card Transactions (ANZSIC06) - ECT,Private - Values - Electronic card transactions  A/S/T by industry,Seasonally adjusted,Supermarket and grocery stores,,,
249,ECTM.S1SG1210,2007.05,917.0,,R,Dollars,6,Electronic Card Transactions (ANZSIC06) - ECT,Private - Values - Electronic card transactions  A/S/T by industry,Seasonally adjusted,Supermarket and grocery stores,,,
250,ECTM.S1SG1210,2007.06,921.2,,R,Dollars,6,Electronic Card Transactions (ANZSIC06) - ECT,Private - Values - Electronic card transactions  A/S/T by industry,Seasonally adjusted,Supermarket and grocery stores,,,
251,ECTM.S1SG1210,2007.07,925.1,,R,Dollars,6,Electronic Card Transactions (ANZSIC06) - ECT,Private - Values - Electronic card transactions  A/S/T by industry,Seasonally adjusted,Supermarket and grocery stores,,,
252,ECTM.S1SG1210,2007.08,926.9,,R,Dollars,6,Electronic Card Transactions (ANZSIC06) - ECT,Private - Values - Electronic card transactions  A/S/T by industry,Seasonally adjusted,Supermarket and grocery stores,,,
253,ECTM.S1SG1210,2007.09,923.4,,R,Dollars,6,Electronic Card Transactions (ANZSIC06) - ECT,Private - Values - Electronic card transactions  A/S/T by industry,Seasonally adjusted,Supermarket and grocery stores,,,
254,ECTM.S1SG1210,2007.1,932.4,,R,Dollars,6,Electronic Card Transactions (ANZSIC06) - ECT,Private - Values - Electronic card transactions  A/S/T by industry,Seasonally adjusted,Supermarket and grocery stores,,,
255,ECTM.S1SG1210,2007.11,940.8,,R,Dollars,6,Electronic Card Transactions (ANZSIC06) - ECT,Private - Values - Electronic card transactions  A/S/T by industry,Seasonally adjusted,Supermarket and grocery stores,,,
256,ECTM.S1SG1210,2007.12,941.0,,R,Dollars,6,Electronic Card Transactions (ANZSIC06) - ECT,Private - Values - Electronic card transactions  A/S/T by industry,Seasonally adjusted,Supermarket and grocery stores,,,
257,ECTM.S1SG1210,2008.01,953.3,,R,Dollars,6,Electronic Card Transactions (ANZSIC06) - ECT,Private - Values - Electronic card transactions  A/S/T by industry,Seasonally adjusted,Supermarket and grocery stores,,,
258,ECTM.S1SG1210,2008.02,956.3,,R,Dollars,6,Electronic Card Transactions (ANZSIC06) - ECT,Private - Values - Electronic card transactions  A/S/T by industry,Seasonally adjusted,Supermarket and grocery stores,,,
259,ECTM.S1SG1210,2008.03,974.4,,R,Dollars,6,Electronic Card Transactions (ANZSIC06) - ECT,Private - Values - Electronic card transactions  A/S/T by industry,Seasonally adjusted,Supermarket and grocery stores,,,
260,ECTM.S1SG1210,2008.04,952.5,,R,Dollars,6,Electronic Card Transactions (ANZSIC06) - ECT,Private - Values - Electronic card transactions  A/S/T by industry,Seasonally adjusted,Supermarket and grocery stores,,,
261,ECTM.S1SG1210,2008.05,963.4,,R,Dollars,6,Electronic Card Transactions (ANZSIC06) - ECT,Private - Values - Electronic card transactions  A/S/T by industry,Seasonally adjusted,Supermarket and grocery stores,,,
262,ECTM.S1SG1210,2008.06,965.5,,R,Dollars,6,Electronic Card Transactions (ANZSIC06) - ECT,Private - Values - Electronic card transactions  A/S/T by industry,Seasonally adjusted,Supermarket and grocery stores,,,
263,ECTM.S1SG1210,2008.07,969.7,,R,Dollars,6,Electronic Card Transactions (ANZSIC06) - ECT,Private - Values - Electronic card transactions  A/S/T by industry,Seasonally adjusted,Supermarket and grocery stores,,,
264,ECTM.S1SG1210,2008.08,988.7,,R,Dollars,6,Electronic Card Transactions (ANZSIC06) - ECT,Private - Values - Electronic card transactions  A/S/T by industry,Seasonally adjusted,Supermarket and grocery stores,,,
265,ECTM.S1SG1210,2008.09,998.2,,R,Dollars,6,Electronic Card Transactions (ANZSIC06) - ECT,Private - Values - Electronic card transactions  A/S/T by industry,Seasonally adjusted,Supermarket and grocery stores,,,
266,ECTM.S1SG1210,2008.1,1008.7,,R,Dollars,6,Electronic Card Transactions (ANZSIC06) - ECT,Private - Values - Electronic card transactions  A/S/T by industry,Seasonally adjusted,Supermarket and grocery stores,,,
267,ECTM.S1SG1210,2008.11,1016.8,,R,Dollars,6,Electronic Card Transactions (ANZSIC06) - ECT,Private - Values - Electronic card transactions  A/S/T by industry,Seasonally adjusted,Supermarket and grocery stores,,,
268,ECTM.S1SG1210,2008.12,1016.5,,R,Dollars,6,Electronic Card Transactions (ANZSIC06) - ECT,Private - Values - Electronic card transactions  A/S/T by industry,Seasonally adjusted,Supermarket and grocery stores,,,
269,ECTM.S1SG1210,2009.01,1029.7,,R,Dollars,6,Electronic Card Transactions (ANZSIC06) - ECT,Private - Values - Electronic card transactions  A/S/T by industry,Seasonally adjusted,Supermarket and grocery stores,,,
270,ECTM.S1SG1210,2009.02,1029.7,,R,Dollars,6,Electronic Card Transactions (ANZSIC06) - ECT,Private - Values - Electronic card transactions  A/S/T by industry,Seasonally adjusted,Supermarket and grocery stores,,,
271,ECTM.S1SG1210,2009.03,1037.7,,R,Dollars,6,Electronic Card Transactions (ANZSIC06) - ECT,Private - Values - Electronic card transactions  A/S/T by industry,Seasonally adjusted,Supermarket and grocery stores,,,
272,ECTM.S1SG1210,2009.04,1050.5,,R,Dollars,6,Electronic Card Transactions (ANZSIC06) - ECT,Private - Values - Electronic card transactions  A/S/T by industry,Seasonally adjusted,Supermarket and grocery stores,,,
273,ECTM.S1SG1210,2009.05,1057.5,,R,Dollars,6,Electronic Card Transactions (ANZSIC06) - ECT,Private - Values - Electronic card transactions  A/S/T by industry,Seasonally adjusted,Supermarket and grocery stores,,,
274,ECTM.S1SG1210,2009.06,1063.1,,R,Dollars,6,Electronic Card Transactions (ANZSIC06) - ECT,Private - Values - Electronic card transactions  A/S/T by industry,Seasonally adjusted,Supermarket and grocery stores,,,
275,ECTM.S1SG1210,2009.07,1066.6,,R,Dollars,6,Electronic Card Transactions (ANZSIC06) - ECT,Private - Values - Electronic card transactions  A/S/T by industry,Seasonally adjusted,Supermarket and grocery stores,,,
276,ECTM.S1SG1210,2009.08,1064.5,,R,Dollars,6,Electronic Card Transactions (ANZSIC06) - ECT,Private - Values - Electronic card transactions  A/S/T by industry,Seasonally adjusted,Supermarket and grocery stores,,,
277,ECTM.S1SG1210,2009.09,1066.0,,R,Dollars,6,Electronic Card Transactions (ANZSIC06) - ECT,Private - Values - Electronic card transactions  A/S/T by industry,Seasonally adjusted,Supermarket and grocery stores,,,
278,ECTM.S1SG1210,2009.1,1055.5,,R,Dollars,6,Electronic Card Transactions (ANZSIC06) - ECT,Private - Values - Electronic card transactions  A/S/T by industry,Seasonally adjusted,Supermarket and grocery stores,,,
279,ECTM.S1SG1210,2009.11,1061.4,,R,Dollars,6,Electronic Card Transactions (ANZSIC06) - ECT,Private - Values - Electronic card transactions  A/S/T by industry,Seasonally adjusted,Supermarket and grocery stores,,,
280,ECTM.S1SG1210,2009.12,1073.3,,R,Dollars,6,Electronic Card Transactions (ANZSIC06) - ECT,Private - Values - Electronic card transactions  A/S/T by industry,Seasonally adjusted,Supermarket and grocery stores,,,
281,ECTM.S1SG1210,2010.01,1068.3,,R,Dollars,6,Electronic Card Transactions (ANZSIC06) - ECT,Private - Values - Electronic card transactions  A/S/T by industry,Seasonally adjusted,Supermarket and grocery stores,,,
282,ECTM.S1SG1210,2010.02,1076.0,,R,Dollars,6,Electronic Card Transactions (ANZSIC06) - ECT,Private - Values - Electronic card transactions  A/S/T by industry,Seasonally adjusted,Supermarket and grocery stores,,,
283,ECTM.S1SG1210,2010.03,1099.4,,R,Dollars,6,Electronic Card Transactions (ANZSIC06) - ECT,Private - Values - Electronic card transactions  A/S/T by industry,Seasonally adjusted,Supermarket and grocery stores,,,
284,ECTM.S1SG1210,2010.04,1070.1,,R,Dollars,6,Electronic Card Transactions (ANZSIC06) - ECT,Private - Values - Electronic card transactions  A/S/T by industry,Seasonally adjusted,Supermarket and grocery stores,,,
285,ECTM.S1SG1210,2010.05,1087.8,,R,Dollars,6,Electronic Card Transactions (ANZSIC06) - ECT,Private - Values - Electronic card transactions  A/S/T by industry,Seasonally adjusted,Supermarket and grocery stores,,,
286,ECTM.S1SG1210,2010.06,1093.9,,R,Dollars,6,Electronic Card Transactions (ANZSIC06) - ECT,Private - Values - Electronic card transactions  A/S/T by industry,Seasonally adjusted,Supermarket and grocery stores,,,
287,ECTM.S1SG1210,2010.07,1104.0,,R,Dollars,6,Electronic Card Transactions (ANZSIC06) - ECT,Private - Values - Electronic card transactions  A/S/T by industry,Seasonally adjusted,Supermarket and grocery stores,,,
288,ECTM.S1SG1210,2010.08,1111.1,,R,Dollars,6,Electronic Card Transactions (ANZSIC06) - ECT,Private - Values - Electronic card transactions  A/S/T by industry,Seasonally adjusted,Supermarket and grocery stores,,,
289,ECTM.S1SG1210,2010.09,1125.9,,R,Dollars,6,Electronic Card Transactions (ANZSIC06) - ECT,Private - Values - Electronic card transactions  A/S/T by industry,Seasonally adjusted,Supermarket and grocery stores,,,
290,ECTM.S1SG1210,2010.1,1150.0,,R,Dollars,6,Electronic Card Transactions (ANZSIC06) - ECT,Private - Values - Electronic card transactions  A/S/T by industry,Seasonally adjusted,Supermarket and grocery stores,,,
291,ECTM.S1SG1210,2010.11,1154.7,,R,Dollars,6,Electronic Card Transactions (ANZSIC06) - ECT,Private - Values - Electronic card transactions  A/S/T by industry,Seasonally adjusted,Supermarket and grocery stores,,,
292,ECTM.S1SG1210,2010.12,1162.2,,R,Dollars,6,Electronic Card Transactions (ANZSIC06) - ECT,Private - Values - Electronic card transactions  A/S/T by industry,Seasonally adjusted,Supermarket and grocery stores,,,
293,ECTM.S1SG1210,2011.01,1158.8,,R,Dollars,6,Electronic Card Transactions (ANZSIC06) - ECT,Private - Values - Electronic card transactions  A/S/T by industry,Seasonally adjusted,Supermarket and grocery stores,,,
294,ECTM.S1SG1210,2011.02,1171.8,,R,Dollars,6,Electronic Card Transactions (ANZSIC06) - ECT,Private - Values - Electronic card transactions  A/S/T by industry,Seasonally adjusted,Supermarket and grocery stores,,,
295,ECTM.S1SG1210,2011.03,1179.3,,R,Dollars,6,Electronic Card Transactions (ANZSIC06) - ECT,Private - Values - Electronic card transactions  A/S/T by industry,Seasonally adjusted,Supermarket and grocery stores,,,
296,ECTM.S1SG1210,2011.04,1193.2,,R,Dollars,6,Electronic Card Transactions (ANZSIC06) - ECT,Private - Values - Electronic card transactions  A/S/T by industry,Seasonally adjusted,Supermarket and grocery stores,,,
297,ECTM.S1SG1210,2011.05,1197.5,,R,Dollars,6,Electronic Card Transactions (ANZSIC06) - ECT,Private - Values - Electronic card transactions  A/S/T by industry,Seasonally adjusted,Supermarket and grocery stores,,,
298,ECTM.S1SG1210,2011.06,1206.6,,R,Dollars,6,Electronic Card Transactions (ANZSIC06) - ECT,Private - Values - Electronic card transactions  A/S/T by industry,Seasonally adjusted,Supermarket and grocery stores,,,
299,ECTM.S1SG1210,2011.07,1211.0,,R,Dollars,6,Electronic Card Transactions (ANZSIC06) - ECT,Private - Values - Electronic card transactions  A/S/T by industry,Seasonally adjusted,Supermarket and grocery stores,,,
300,ECTM.S1SG1210,2011.08,1209.9,,R,Dollars,6,Electronic Card Transactions (ANZSIC06) - ECT,Private - Values - Electronic card transactions  A/S/T by industry,Seasonally adjusted,Supermarket and grocery stores,,,
301,ECTM.S1SG1210,2011.09,1222.9,,R,Dollars,6,Electronic Card Transactions (ANZSIC06) - ECT,Private - Values - Electronic card transactions  A/S/T by industry,Seasonally adjusted,Supermarket and grocery stores,,,
302,ECTM.S1SG1210,2011.1,1221.5,,R,Dollars,6,Electronic Card Transactions (ANZSIC06) - ECT,Private - Values - Electronic card transactions  A/S/T by industry,Seasonally adjusted,Supermarket and grocery stores,,,
303,ECTM.S1SG1210,2011.11,1213.0,,R,Dollars,6,Electronic Card Transactions (ANZSIC06) - ECT,Private - Values - Electronic card transactions  A/S/T by industry,Seasonally adjusted,Supermarket and grocery stores,,,
304,ECTM.S1SG1210,2011.12,1218.5,,R,Dollars,6,Electronic Card Transactions (ANZSIC06) - ECT,Private - Values - Electronic card transactions  A/S/T by industry,Seasonally adjusted,Supermarket and grocery stores,,,
305,ECTM.S1SG1210,2012.01,1225.6,,R,Dollars,6,Electronic Card Transactions (ANZSIC06) - ECT,Private - Values - Electronic card transactions  A/S/T by industry,Seasonally adjusted,Supermarket and grocery stores,,,
306,ECTM.S1SG1210,2012.02,1230.0,,R,Dollars,6,Electronic Card Transactions (ANZSIC06) - ECT,Private - Values - Electronic card transactions  A/S/T by industry,Seasonally adjusted,Supermarket and grocery stores,,,
307,ECTM.S1SG1210,2012.03,1238.8,,R,Dollars,6,Electronic Card Transactions (ANZSIC06) - ECT,Private - Values - Electronic card transactions  A/S/T by industry,Seasonally adjusted,Supermarket and grocery stores,,,
308,ECTM.S1SG1210,2012.04,1252.8,,R,Dollars,6,Electronic Card Transactions (ANZSIC06) - ECT,Private - Values - Electronic card transactions  A/S/T by industry,Seasonally adjusted,Supermarket and grocery stores,,,
309,ECTM.S1SG1210,2012.05,1241.1,,R,Dollars,6,Electronic Card Transactions (ANZSIC06) - ECT,Private - Values - Electronic card transactions  A/S/T by industry,Seasonally adjusted,Supermarket and grocery stores,,,
310,ECTM.S1SG1210,2012.06,1252.4,,R,Dollars,6,Electronic Card Transactions (ANZSIC06) - ECT,Private - Values - Electronic card transactions  A/S/T by industry,Seasonally adjusted,Supermarket and grocery stores,,,
311,ECTM.S1SG1210,2012.07,1258.3,,R,Dollars,6,Electronic Card Transactions (ANZSIC06) - ECT,Private - Values - Electronic card transactions  A/S/T by industry,Seasonally adjusted,Supermarket and grocery stores,,,
312,ECTM.S1SG1210,2012.08,1266.2,,R,Dollars,6,Electronic Card Transactions (ANZSIC06) - ECT,Private - Values - Electronic card transactions  A/S/T by industry,Seasonally adjusted,Supermarket and grocery stores,,,
313,ECTM.S1SG1210,2012.09,1260.3,,R,Dollars,6,Electronic Card Transactions (ANZSIC06) - ECT,Private - Values - Electronic card transactions  A/S/T by industry,Seasonally adjusted,Supermarket and grocery stores,,,
314,ECTM.S1SG1210,2012.1,1255.9,,R,Dollars,6,Electronic Card Transactions (ANZSIC06) - ECT,Private - Values - Electronic card transactions  A/S/T by industry,Seasonally adjusted,Supermarket and grocery stores,,,
315,ECTM.S1SG1210,2012.11,1262.4,,R,Dollars,6,Electronic Card Transactions (ANZSIC06) - ECT,Private - Values - Electronic card transactions  A/S/T by industry,Seasonally adjusted,Supermarket and grocery stores,,,
316,ECTM.S1SG1210,2012.12,1265.2,,R,Dollars,6,Electronic Card Transactions (ANZSIC06) - ECT,Private - Values - Electronic card transactions  A/S/T by industry,Seasonally adjusted,Supermarket and grocery stores,,,
317,ECTM.S1SG1210,2013.01,1277.8,,R,Dollars,6,Electronic Card Transactions (ANZSIC06) - ECT,Private - Values - Electronic card transactions  A/S/T by industry,Seasonally adjusted,Supermarket and grocery stores,,,
318,ECTM.S1SG1210,2013.02,1281.7,,R,Dollars,6,Electronic Card Transactions (ANZSIC06) - ECT,Private - Values - Electronic card transactions  A/S/T by industry,Seasonally adjusted,Supermarket and grocery stores,,,
319,ECTM.S1SG1210,2013.03,1276.6,,R,Dollars,6,Electronic Card Transactions (ANZSIC06) - ECT,Private - Values - Electronic card transactions  A/S/T by industry,Seasonally adjusted,Supermarket and grocery stores,,,
320,ECTM.S1SG1210,2013.04,1257.3,,R,Dollars,6,Electronic Card Transactions (ANZSIC06) - ECT,Private - Values - Electronic card transactions  A/S/T by industry,Seasonally adjusted,Supermarket and grocery stores,,,
321,ECTM.S1SG1210,2013.05,1274.1,,R,Dollars,6,Electronic Card Transactions (ANZSIC06) - ECT,Private - Values - Electronic card transactions  A/S/T by industry,Seasonally adjusted,Supermarket and grocery stores,,,
322,ECTM.S1SG1210,2013.06,1274.9,,R,Dollars,6,Electronic Card Transactions (ANZSIC06) - ECT,Private - Values - Electronic card transactions  A/S/T by industry,Seasonally adjusted,Supermarket and grocery stores,,,
323,ECTM.S1SG1210,2013.07,1279.7,,R,Dollars,6,Electronic Card Transactions (ANZSIC06) - ECT,Private - Values - Electronic card transactions  A/S/T by industry,Seasonally adjusted,Supermarket and grocery stores,,,
324,ECTM.S1SG1210,2013.08,1284.5,,R,Dollars,6,Electronic Card Transactions (ANZSIC06) - ECT,Private - Values - Electronic card transactions  A/S/T by industry,Seasonally adjusted,Supermarket and grocery stores,,,
325,ECTM.S1SG1210,2013.09,1294.5,,R,Dollars,6,Electronic Card Transactions (ANZSIC06) - ECT,Private - Values - Electronic card transactions  A/S/T by industry,Seasonally adjusted,Supermarket and grocery stores,,,
326,ECTM.S1SG1210,2013.1,1296.3,,R,Dollars,6,Electronic Card Transactions (ANZSIC06) - ECT,Private - Values - Electronic card transactions  A/S/T by industry,Seasonally adjusted,Supermarket and grocery stores,,,
327,ECTM.S1SG1210,2013.11,1309.8,,R,Dollars,6,Electronic Card Transactions (ANZSIC06) - ECT,Private - Values - Electronic card transactions  A/S/T by industry,Seasonally adjusted,Supermarket and grocery stores,,,
328,ECTM.S1SG1210,2013.12,1312.0,,R,Dollars,6,Electronic Card Transactions (ANZSIC06) - ECT,Private - Values - Electronic card transactions  A/S/T by industry,Seasonally adjusted,Supermarket and grocery stores,,,
329,ECTM.S1SG1210,2014.01,1302.4,,R,Dollars,6,Electronic Card Transactions (ANZSIC06) - ECT,Private - Values - Electronic card transactions  A/S/T by industry,Seasonally adjusted,Supermarket and grocery stores,,,
330,ECTM.S1SG1210,2014.02,1306.2,,R,Dollars,6,Electronic Card Transactions (ANZSIC06) - ECT,Private - Values - Electronic card transactions  A/S/T by industry,Seasonally adjusted,Supermarket and grocery stores,,,
331,ECTM.S1SG1210,2014.03,1309.5,,R,Dollars,6,Electronic Card Transactions (ANZSIC06) - ECT,Private - Values - Electronic card transactions  A/S/T by industry,Seasonally adjusted,Supermarket and grocery stores,,,
332,ECTM.S1SG1210,2014.04,1325.7,,R,Dollars,6,Electronic Card Transactions (ANZSIC06) - ECT,Private - Values - Electronic card transactions  A/S/T by industry,Seasonally adjusted,Supermarket and grocery stores,,,
333,ECTM.S1SG1210,2014.05,1336.4,,R,Dollars,6,Electronic Card Transactions (ANZSIC06) - ECT,Private - Values - Electronic card transactions  A/S/T by industry,Seasonally adjusted,Supermarket and grocery stores,,,
334,ECTM.S1SG1210,2014.06,1337.9,,R,Dollars,6,Electronic Card Transactions (ANZSIC06) - ECT,Private - Values - Electronic card transactions  A/S/T by industry,Seasonally adjusted,Supermarket and grocery stores,,,
335,ECTM.S1SG1210,2014.07,1345.6,,R,Dollars,6,Electronic Card Transactions (ANZSIC06) - ECT,Private - Values - Electronic card transactions  A/S/T by industry,Seasonally adjusted,Supermarket and grocery stores,,,
336,ECTM.S1SG1210,2014.08,1353.5,,R,Dollars,6,Electronic Card Transactions (ANZSIC06) - ECT,Private - Values - Electronic card transactions  A/S/T by industry,Seasonally adjusted,Supermarket and grocery stores,,,
337,ECTM.S1SG1210,2014.09,1348.6,,R,Dollars,6,Electronic Card Transactions (ANZSIC06) - ECT,Private - Values - Electronic card transactions  A/S/T by industry,Seasonally adjusted,Supermarket and grocery stores,,,
338,ECTM.S1SG1210,2014.1,1358.0,,R,Dollars,6,Electronic Card Transactions (ANZSIC06) - ECT,Private - Values - Electronic card transactions  A/S/T by industry,Seasonally adjusted,Supermarket and grocery stores,,,
339,ECTM.S1SG1210,2014.11,1361.0,,R,Dollars,6,Electronic Card Transactions (ANZSIC06) - ECT,Private - Values - Electronic card transactions  A/S/T by industry,Seasonally adjusted,Supermarket and grocery stores,,,
340,ECTM.S1SG1210,2014.12,1376.1,,R,Dollars,6,Electronic Card Transactions (ANZSIC06) - ECT,Private - Values - Electronic card transactions  A/S/T by industry,Seasonally adjusted,Supermarket and grocery stores,,,
341,ECTM.S1SG1210,2015.01,1388.7,,R,Dollars,6,Electronic Card Transactions (ANZSIC06) - ECT,Private - Values - Electronic card transactions  A/S/T by industry,Seasonally adjusted,Supermarket and grocery stores,,,
342,ECTM.S1SG1210,2015.02,1381.7,,R,Dollars,6,Electronic Card Transactions (ANZSIC06) - ECT,Private - Values - Electronic card transactions  A/S/T by industry,Seasonally adjusted,Supermarket and grocery stores,,,
343,ECTM.S1SG1210,2015.03,1394.2,,R,Dollars,6,Electronic Card Transactions (ANZSIC06) - ECT,Private - Values - Electronic card transactions  A/S/T by industry,Seasonally adjusted,Supermarket and grocery stores,,,
344,ECTM.S1SG1210,2015.04,1392.1,,R,Dollars,6,Electronic Card Transactions (ANZSIC06) - ECT,Private - Values - Electronic card transactions  A/S/T by industry,Seasonally adjusted,Supermarket and grocery stores,,,
345,ECTM.S1SG1210,2015.05,1398.8,,R,Dollars,6,Electronic Card Transactions (ANZSIC06) - ECT,Private - Values - Electronic card transactions  A/S/T by industry,Seasonally adjusted,Supermarket and grocery stores,,,
346,ECTM.S1SG1210,2015.06,1409.5,,R,Dollars,6,Electronic Card Transactions (ANZSIC06) - ECT,Private - Values - Electronic card transactions  A/S/T by industry,Seasonally adjusted,Supermarket and grocery stores,,,
347,ECTM.S1SG1210,2015.07,1414.8,,R,Dollars,6,Electronic Card Transactions (ANZSIC06) - ECT,Private - Values - Electronic card transactions  A/S/T by industry,Seasonally adjusted,Supermarket and grocery stores,,,
348,ECTM.S1SG1210,2015.08,1424.8,,R,Dollars,6,Electronic Card Transactions (ANZSIC06) - ECT,Private - Values - Electronic card transactions  A/S/T by industry,Seasonally adjusted,Supermarket and grocery stores,,,
349,ECTM.S1SG1210,2015.09,1430.4,,R,Dollars,6,Electronic Card Transactions (ANZSIC06) - ECT,Private - Values - Electronic card transactions  A/S/T by industry,Seasonally adjusted,Supermarket and grocery stores,,,
350,ECTM.S1SG1210,2015.1,1439.8,,R,Dollars,6,Electronic Card Transactions (ANZSIC06) - ECT,Private - Values - Electronic card transactions  A/S/T by industry,Seasonally adjusted,Supermarket and grocery stores,,,
351,ECTM.S1SG1210,2015.11,1441.6,,R,Dollars,6,Electronic Card Transactions (ANZSIC06) - ECT,Private - Values - Electronic card transactions  A/S/T by industry,Seasonally adjusted,Supermarket and grocery stores,,,
352,ECTM.S1SG1210,2015.12,1449.1,,R,Dollars,6,Electronic Card Transactions (ANZSIC06) - ECT,Private - Values - Electronic card transactions  A/S/T by industry,Seasonally adjusted,Supermarket and grocery stores,,,
353,ECTM.S1SG1210,2016.01,1435.7,,R,Dollars,6,Electronic Card Transactions (ANZSIC06) - ECT,Private - Values - Electronic card transactions  A/S/T by industry,Seasonally adjusted,Supermarket and grocery stores,,,
354,ECTM.S1SG1210,2016.02,1462.9,,R,Dollars,6,Electronic Card Transactions (ANZSIC06) - ECT,Private - Values - Electronic card transactions  A/S/T by industry,Seasonally adjusted,Supermarket and grocery stores,,,
355,ECTM.S1SG1210,2016.03,1470.3,,R,Dollars,6,Electronic Card Transactions (ANZSIC06) - ECT,Private - Values - Electronic card transactions  A/S/T by industry,Seasonally adjusted,Supermarket and grocery stores,,,
356,ECTM.S1SG1210,2016.04,1459.1,,R,Dollars,6,Electronic Card Transactions (ANZSIC06) - ECT,Private - Values - Electronic card transactions  A/S/T by industry,Seasonally adjusted,Supermarket and grocery stores,,,
357,ECTM.S1SG1210,2016.05,1476.4,,R,Dollars,6,Electronic Card Transactions (ANZSIC06) - ECT,Private - Values - Electronic card transactions  A/S/T by industry,Seasonally adjusted,Supermarket and grocery stores,,,
358,ECTM.S1SG1210,2016.06,1479.8,,R,Dollars,6,Electronic Card Transactions (ANZSIC06) - ECT,Private - Values - Electronic card transactions  A/S/T by industry,Seasonally adjusted,Supermarket and grocery stores,,,
359,ECTM.S1SG1210,2016.07,1487.2,,R,Dollars,6,Electronic Card Transactions (ANZSIC06) - ECT,Private - Values - Electronic card transactions  A/S/T by industry,Seasonally adjusted,Supermarket and grocery stores,,,
360,ECTM.S1SG1210,2016.08,1484.2,,R,Dollars,6,Electronic Card Transactions (ANZSIC06) - ECT,Private - Values - Electronic card transactions  A/S/T by industry,Seasonally adjusted,Supermarket and grocery stores,,,
361,ECTM.S1SG1210,2016.09,1495.8,,R,Dollars,6,Electronic Card Transactions (ANZSIC06) - ECT,Private - Values - Electronic card transactions  A/S/T by industry,Seasonally adjusted,Supermarket and grocery stores,,,
362,ECTM.S1SG1210,2016.1,1507.8,,R,Dollars,6,Electronic Card Transactions (ANZSIC06) - ECT,Private - Values - Electronic card transactions  A/S/T by industry,Seasonally adjusted,Supermarket and grocery stores,,,
363,ECTM.S1SG1210,2016.11,1525.6,,R,Dollars,6,Electronic Card Transactions (ANZSIC06) - ECT,Private - Values - Electronic card transactions  A/S/T by industry,Seasonally adjusted,Supermarket and grocery stores,,,
364,ECTM.S1SG1210,2016.12,1517.6,,R,Dollars,6,Electronic Card Transactions (ANZSIC06) - ECT,Private - Values - Electronic card transactions  A/S/T by industry,Seasonally adjusted,Supermarket and grocery stores,,,
365,ECTM.S1SG1210,2017.01,1548.0,,R,Dollars,6,Electronic Card Transactions (ANZSIC06) - ECT,Private - Values - Electronic card transactions  A/S/T by industry,Seasonally adjusted,Supermarket and grocery stores,,,
366,ECTM.S1SG1210,2017.02,1556.6,,R,Dollars,6,Electronic Card Transactions (ANZSIC06) - ECT,Private - Values - Electronic card transactions  A/S/T by industry,Seasonally adjusted,Supermarket and grocery stores,,,
367,ECTM.S1SG1210,2017.03,1552.8,,R,Dollars,6,Electronic Card Transactions (ANZSIC06) - ECT,Private - Values - Electronic card transactions  A/S/T by industry,Seasonally adjusted,Supermarket and grocery stores,,,
368,ECTM.S1SG1210,2017.04,1595.4,,R,Dollars,6,Electronic Card Transactions (ANZSIC06) - ECT,Private - Values - Electronic card transactions  A/S/T by industry,Seasonally adjusted,Supermarket and grocery stores,,,
369,ECTM.S1SG1210,2017.05,1583.0,,R,Dollars,6,Electronic Card Transactions (ANZSIC06) - ECT,Private - Values - Electronic card transactions  A/S/T by industry,Seasonally adjusted,Supermarket and grocery stores,,,
370,ECTM.S1SG1210,2017.06,1590.1,,R,Dollars,6,Electronic Card Transactions (ANZSIC06) - ECT,Private - Values - Electronic card transactions  A/S/T by industry,Seasonally adjusted,Supermarket and grocery stores,,,
371,ECTM.S1SG1210,2017.07,1585.6,,R,Dollars,6,Electronic Card Transactions (ANZSIC06) - ECT,Private - Values - Electronic card transactions  A/S/T by industry,Seasonally adjusted,Supermarket and grocery stores,,,
372,ECTM.S1SG1210,2017.08,1599.0,,R,Dollars,6,Electronic Card Transactions (ANZSIC06) - ECT,Private - Values - Electronic card transactions  A/S/T by industry,Seasonally adjusted,Supermarket and grocery stores,,,
373,ECTM.S1SG1210,2017.09,1597.9,,R,Dollars,6,Electronic Card Transactions (ANZSIC06) - ECT,Private - Values - Electronic card transactions  A/S/T by industry,Seasonally adjusted,Supermarket and grocery stores,,,
374,ECTM.S1SG1210,2017.1,1611.9,,R,Dollars,6,Electronic Card Transactions (ANZSIC06) - ECT,Private - Values - Electronic card transactions  A/S/T by industry,Seasonally adjusted,Supermarket and grocery stores,,,
375,ECTM.S1SG1210,2017.11,1615.3,,R,Dollars,6,Electronic Card Transactions (ANZSIC06) - ECT,Private - Values - Electronic card transactions  A/S/T by industry,Seasonally adjusted,Supermarket and grocery stores,,,
376,ECTM.S1SG1210,2017.12,1620.1,,R,Dollars,6,Electronic Card Transactions (ANZSIC06) - ECT,Private - Values - Electronic card transactions  A/S/T by industry,Seasonally adjusted,Supermarket and grocery stores,,,
377,ECTM.S1SG1210,2018.01,1624.9,,R,Dollars,6,Electronic Card Transactions (ANZSIC06) - ECT,Private - Values - Electronic card transactions  A/S/T by industry,Seasonally adjusted,Supermarket and grocery stores,,,
378,ECTM.S1SG1210,2018.02,1618.4,,R,Dollars,6,Electronic Card Transactions (ANZSIC06) - ECT,Private - Values - Electronic card transactions  A/S/T by industry,Seasonally adjusted,Supermarket and grocery stores,,,
379,ECTM.S1SG1210,2018.03,1659.5,,R,Dollars,6,Electronic Card Transactions (ANZSIC06) - ECT,Private - Values - Electronic card transactions  A/S/T by industry,Seasonally adjusted,Supermarket and grocery stores,,,
380,ECTM.S1SG1210,2018.04,1600.0,,R,Dollars,6,Electronic Card Transactions (ANZSIC06) - ECT,Private - Values - Electronic card transactions  A/S/T by industry,Seasonally adjusted,Supermarket and grocery stores,,,
381,ECTM.S1SG1210,2018.05,1633.9,,R,Dollars,6,Electronic Card Transactions (ANZSIC06) - ECT,Private - Values - Electronic card transactions  A/S/T by industry,Seasonally adjusted,Supermarket and grocery stores,,,
382,ECTM.S1SG1210,2018.06,1639.8,,R,Dollars,6,Electronic Card Transactions (ANZSIC06) - ECT,Private - Values - Electronic card transactions  A/S/T by industry,Seasonally adjusted,Supermarket and grocery stores,,,
383,ECTM.S1SG1210,2018.07,1657.5,,R,Dollars,6,Electronic Card Transactions (ANZSIC06) - ECT,Private - Values - Electronic card transactions  A/S/T by industry,Seasonally adjusted,Supermarket and grocery stores,,,
384,ECTM.S1SG1210,2018.08,1659.3,,R,Dollars,6,Electronic Card Transactions (ANZSIC06) - ECT,Private - Values - Electronic card transactions  A/S/T by industry,Seasonally adjusted,Supermarket and grocery stores,,,
385,ECTM.S1SG1210,2018.09,1671.3,,R,Dollars,6,Electronic Card Transactions (ANZSIC06) - ECT,Private - Values - Electronic card transactions  A/S/T by industry,Seasonally adjusted,Supermarket and grocery stores,,,
386,ECTM.S1SG1210,2018.1,1679.9,,R,Dollars,6,Electronic Card Transactions (ANZSIC06) - ECT,Private - Values - Electronic card transactions  A/S/T by industry,Seasonally adjusted,Supermarket and grocery stores,,,
387,ECTM.S1SG1210,2018.11,1672.5,,R,Dollars,6,Electronic Card Transactions (ANZSIC06) - ECT,Private - Values - Electronic card transactions  A/S/T by industry,Seasonally adjusted,Supermarket and grocery stores,,,
388,ECTM.S1SG1210,2018.12,1678.7,,R,Dollars,6,Electronic Card Transactions (ANZSIC06) - ECT,Private - Values - Electronic card transactions  A/S/T by industry,Seasonally adjusted,Supermarket and grocery stores,,,
389,ECTM.S1SG1210,2019.01,1693.2,,R,Dollars,6,Electronic Card Transactions (ANZSIC06) - ECT,Private - Values - Electronic card transactions  A/S/T by industry,Seasonally adjusted,Supermarket and grocery stores,,,
390,ECTM.S1SG1210,2019.02,1699.7,,R,Dollars,6,Electronic Card Transactions (ANZSIC06) - ECT,Private - Values - Electronic card transactions  A/S/T by industry,Seasonally adjusted,Supermarket and grocery stores,,,
391,ECTM.S1SG1210,2019.03,1706.1,,R,Dollars,6,Electronic Card Transactions (ANZSIC06) - ECT,Private - Values - Electronic card transactions  A/S/T by industry,Seasonally adjusted,Supermarket and grocery stores,,,
392,ECTM.S1SG1210,2019.04,1720.3,,R,Dollars,6,Electronic Card Transactions (ANZSIC06) - ECT,Private - Values - Electronic card transactions  A/S/T by industry,Seasonally adjusted,Supermarket and grocery stores,,,
393,ECTM.S1SG1210,2019.05,1707.6,,R,Dollars,6,Electronic Card Transactions (ANZSIC06) - ECT,Private - Values - Electronic card transactions  A/S/T by industry,Seasonally adjusted,Supermarket and grocery stores,,,
394,ECTM.S1SG1210,2019.06,1708.5,,R,Dollars,6,Electronic Card Transactions (ANZSIC06) - ECT,Private - Values - Electronic card transactions  A/S/T by industry,Seasonally adjusted,Supermarket and grocery stores,,,
395,ECTM.S1SG1210,2019.07,1706.3,,R,Dollars,6,Electronic Card Transactions (ANZSIC06) - ECT,Private - Values - Electronic card transactions  A/S/T by industry,Seasonally adjusted,Supermarket and grocery stores,,,
396,ECTM.S1SG1210,2019.08,1717.5,,R,Dollars,6,Electronic Card Transactions (ANZSIC06) - ECT,Private - Values - Electronic card transactions  A/S/T by industry,Seasonally adjusted,Supermarket and grocery stores,,,
397,ECTM.S1SG1210,2019.09,1738.8,,R,Dollars,6,Electronic Card Transactions (ANZSIC06) - ECT,Private - Values - Electronic card transactions  A/S/T by industry,Seasonally adjusted,Supermarket and grocery stores,,,
398,ECTM.S1SG1210,2019.1,1728.0,,R,Dollars,6,Electronic Card Transactions (ANZSIC06) - ECT,Private - Values - Electronic card transactions  A/S/T by industry,Seasonally adjusted,Supermarket and grocery stores,,,
399,ECTM.S1SG1210,2019.11,1749.2,,R,Dollars,6,Electronic Card Transactions (ANZSIC06) - ECT,Private - Values - Electronic card transactions  A/S/T by industry,Seasonally adjusted,Supermarket and grocery stores,,,
400,ECTM.S1SG1210,2019.12,1757.8,,R,Dollars,6,Electronic Card Transactions (ANZSIC06) - ECT,Private - Values - Electronic card transactions  A/S/T by industry,Seasonally adjusted,Supermarket and grocery stores,,,
401,ECTM.S1SG1210,2020.01,1758.3,,R,Dollars,6,Electronic Card Transactions (ANZSIC06) - ECT,Private - Values - Electronic card transactions  A/S/T by industry,Seasonally adjusted,Supermarket and grocery stores,,,
402,ECTM.S1SG1210,2020.02,1788.4,,R,Dollars,6,Electronic Card Transactions (ANZSIC06) - ECT,Private - Values - Electronic card transactions  A/S/T by industry,Seasonally adjusted,Supermarket and grocery stores,,,
403,ECTM.S1SG1210,2020.03,2169.9,,R,Dollars,6,Electronic Card Transactions (ANZSIC06) - ECT,Private - Values - Electronic card transactions  A/S/T by industry,Seasonally adjusted,Supermarket and grocery stores,,,
404,ECTM.S1SG1210,2020.04,2124.7,,R,Dollars,6,Electronic Card Transactions (ANZSIC06) - ECT,Private - Values - Electronic card transactions  A/S/T by industry,Seasonally adjusted,Supermarket and grocery stores,,,
405,ECTM.S1SG1210,2020.05,1968.3,,R,Dollars,6,Electronic Card Transactions (ANZSIC06) - ECT,Private - Values - Electronic card transactions  A/S/T by industry,Seasonally adjusted,Supermarket and grocery stores,,,
406,ECTM.S1SG1210,2020.06,1903.0,,R,Dollars,6,Electronic Card Transactions (ANZSIC06) - ECT,Private - Values - Electronic card transactions  A/S/T by industry,Seasonally adjusted,Supermarket and grocery stores,,,
407,ECTM.S1SG1210,2020.07,1878.2,,F,Dollars,6,Electronic Card Transactions (ANZSIC06) - ECT,Private - Values - Electronic card transactions  A/S/T by industry,Seasonally adjusted,Supermarket and grocery stores,,,
408,ECTM.S1AG1221,2000.01,0.6,,C,Dollars,6,Electronic Card Transactions (ANZSIC06) - ECT,Private - Values - Electronic card transactions  A/S/T by industry,Actual,Specialised food,,,
409,ECTM.S1AG1221,2000.02,0.6,,C,Dollars,6,Electronic Card Transactions (ANZSIC06) - ECT,Private - Values - Electronic card transactions  A/S/T by industry,Actual,Specialised food,,,
410,ECTM.S1AG1221,2000.03,0.7,,C,Dollars,6,Electronic Card Transactions (ANZSIC06) - ECT,Private - Values - Electronic card transactions  A/S/T by industry,Actual,Specialised food,,,
411,ECTM.S1AG1221,2000.04,0.7,,C,Dollars,6,Electronic Card Transactions (ANZSIC06) - ECT,Private - Values - Electronic card transactions  A/S/T by industry,Actual,Specialised food,,,
412,ECTM.S1AG1221,2000.05,0.7,,C,Dollars,6,Electronic Card Transactions (ANZSIC06) - ECT,Private - Values - Electronic card transactions  A/S/T by industry,Actual,Specialised food,,,
413,ECTM.S1AG1221,2000.06,0.8,,C,Dollars,6,Electronic Card Transactions (ANZSIC06) - ECT,Private - Values - Electronic card transactions  A/S/T by industry,Actual,Specialised food,,,
414,ECTM.S1AG1221,2000.07,0.8,,C,Dollars,6,Electronic Card Transactions (ANZSIC06) - ECT,Private - Values - Electronic card transactions  A/S/T by industry,Actual,Specialised food,,,
415,ECTM.S1AG1221,2000.08,1.0,,C,Dollars,6,Electronic Card Transactions (ANZSIC06) - ECT,Private - Values - Electronic card transactions  A/S/T by industry,Actual,Specialised food,,,
416,ECTM.S1AG1221,2000.09,1.3,,C,Dollars,6,Electronic Card Transactions (ANZSIC06) - ECT,Private - Values - Electronic card transactions  A/S/T by industry,Actual,Specialised food,,,
417,ECTM.S1AG1221,2000.1,1.4,,C,Dollars,6,Electronic Card Transactions (ANZSIC06) - ECT,Private - Values - Electronic card transactions  A/S/T by industry,Actual,Specialised food,,,
418,ECTM.S1AG1221,2000.11,1.7,,C,Dollars,6,Electronic Card Transactions (ANZSIC06) - ECT,Private - Values - Electronic card transactions  A/S/T by industry,Actual,Specialised food,,,
419,ECTM.S1AG1221,2000.12,2.3,,C,Dollars,6,Electronic Card Transactions (ANZSIC06) - ECT,Private - Values - Electronic card transactions  A/S/T by industry,Actual,Specialised food,,,
420,ECTM.S1AG1221,2001.01,1.9,,C,Dollars,6,Electronic Card Transactions (ANZSIC06) - ECT,Private - Values - Electronic card transactions  A/S/T by industry,Actual,Specialised food,,,
421,ECTM.S1AG1221,2001.02,1.8,,C,Dollars,6,Electronic Card Transactions (ANZSIC06) - ECT,Private - Values - Electronic card transactions  A/S/T by industry,Actual,Specialised food,,,
422,ECTM.S1AG1221,2001.03,2.2,,C,Dollars,6,Electronic Card Transactions (ANZSIC06) - ECT,Private - Values - Electronic card transactions  A/S/T by industry,Actual,Specialised food,,,
423,ECTM.S1AG1221,2001.04,2.3,,C,Dollars,6,Electronic Card Transactions (ANZSIC06) - ECT,Private - Values - Electronic card transactions  A/S/T by industry,Actual,Specialised food,,,
424,ECTM.S1AG1221,2001.05,2.6,,C,Dollars,6,Electronic Card Transactions (ANZSIC06) - ECT,Private - Values - Electronic card transactions  A/S/T by industry,Actual,Specialised food,,,
425,ECTM.S1AG1221,2001.06,2.6,,C,Dollars,6,Electronic Card Transactions (ANZSIC06) - ECT,Private - Values - Electronic card transactions  A/S/T by industry,Actual,Specialised food,,,
426,ECTM.S1AG1221,2001.07,2.7,,C,Dollars,6,Electronic Card Transactions (ANZSIC06) - ECT,Private - Values - Electronic card transactions  A/S/T by industry,Actual,Specialised food,,,
427,ECTM.S1AG1221,2001.08,43.3,,C,Dollars,6,Electronic Card Transactions (ANZSIC06) - ECT,Private - Values - Electronic card transactions  A/S/T by industry,Actual,Specialised food,,,
428,ECTM.S1AG1221,2001.09,42.1,,C,Dollars,6,Electronic Card Transactions (ANZSIC06) - ECT,Private - Values - Electronic card transactions  A/S/T by industry,Actual,Specialised food,,,
429,ECTM.S1AG1221,2001.1,44.8,,C,Dollars,6,Electronic Card Transactions (ANZSIC06) - ECT,Private - Values - Electronic card transactions  A/S/T by industry,Actual,Specialised food,,,
430,ECTM.S1AG1221,2001.11,45.8,,C,Dollars,6,Electronic Card Transactions (ANZSIC06) - ECT,Private - Values - Electronic card transactions  A/S/T by industry,Actual,Specialised food,,,
431,ECTM.S1AG1221,2001.12,57.2,,C,Dollars,6,Electronic Card Transactions (ANZSIC06) - ECT,Private - Values - Electronic card transactions  A/S/T by industry,Actual,Specialised food,,,
432,ECTM.S1AG1221,2002.01,44.9,,C,Dollars,6,Electronic Card Transactions (ANZSIC06) - ECT,Private - Values - Electronic card transactions  A/S/T by industry,Actual,Specialised food,,,
433,ECTM.S1AG1221,2002.02,43.3,,C,Dollars,6,Electronic Card Transactions (ANZSIC06) - ECT,Private - Values - Electronic card transactions  A/S/T by industry,Actual,Specialised food,,,
434,ECTM.S1AG1221,2002.03,47.2,,C,Dollars,6,Electronic Card Transactions (ANZSIC06) - ECT,Private - Values - Electronic card transactions  A/S/T by industry,Actual,Specialised food,,,
435,ECTM.S1AG1221,2002.04,44.2,,C,Dollars,6,Electronic Card Transactions (ANZSIC06) - ECT,Private - Values - Electronic card transactions  A/S/T by industry,Actual,Specialised food,,,
436,ECTM.S1AG1221,2002.05,46.6,,C,Dollars,6,Electronic Card Transactions (ANZSIC06) - ECT,Private - Values - Electronic card transactions  A/S/T by industry,Actual,Specialised food,,,
437,ECTM.S1AG1221,2002.06,45.4,,C,Dollars,6,Electronic Card Transactions (ANZSIC06) - ECT,Private - Values - Electronic card transactions  A/S/T by industry,Actual,Specialised food,,,
438,ECTM.S1AG1221,2002.07,49.0,,C,Dollars,6,Electronic Card Transactions (ANZSIC06) - ECT,Private - Values - Electronic card transactions  A/S/T by industry,Actual,Specialised food,,,
439,ECTM.S1AG1221,2002.08,5.4,,C,Dollars,6,Electronic Card Transactions (ANZSIC06) - ECT,Private - Values - Electronic card transactions  A/S/T by industry,Actual,Specialised food,,,
440,ECTM.S1AG1221,2002.09,5.1,,C,Dollars,6,Electronic Card Transactions (ANZSIC06) - ECT,Private - Values - Electronic card transactions  A/S/T by industry,Actual,Specialised food,,,
441,ECTM.S1AG1221,2002.1,54.2,,F,Dollars,6,Electronic Card Transactions (ANZSIC06) - ECT,Private - Values - Electronic card transactions  A/S/T by industry,Actual,Specialised food,,,
442,ECTM.S1AG1221,2002.11,56.0,,F,Dollars,6,Electronic Card Transactions (ANZSIC06) - ECT,Private - Values - Electronic card transactions  A/S/T by industry,Actual,Specialised food,,,
443,ECTM.S1AG1221,2002.12,69.3,,F,Dollars,6,Electronic Card Transactions (ANZSIC06) - ECT,Private - Values - Electronic card transactions  A/S/T by industry,Actual,Specialised food,,,
444,ECTM.S1AG1221,2003.01,56.0,,F,Dollars,6,Electronic Card Transactions (ANZSIC06) - ECT,Private - Values - Electronic card transactions  A/S/T by industry,Actual,Specialised food,,,
445,ECTM.S1AG1221,2003.02,52.2,,F,Dollars,6,Electronic Card Transactions (ANZSIC06) - ECT,Private - Values - Electronic card transactions  A/S/T by industry,Actual,Specialised food,,,
446,ECTM.S1AG1221,2003.03,56.0,,F,Dollars,6,Electronic Card Transactions (ANZSIC06) - ECT,Private - Values - Electronic card transactions  A/S/T by industry,Actual,Specialised food,,,
447,ECTM.S1AG1221,2003.04,53.7,,F,Dollars,6,Electronic Card Transactions (ANZSIC06) - ECT,Private - Values - Electronic card transactions  A/S/T by industry,Actual,Specialised food,,,
448,ECTM.S1AG1221,2003.05,55.5,,F,Dollars,6,Electronic Card Transactions (ANZSIC06) - ECT,Private - Values - Electronic card transactions  A/S/T by industry,Actual,Specialised food,,,
449,ECTM.S1AG1221,2003.06,51.4,,F,Dollars,6,Electronic Card Transactions (ANZSIC06) - ECT,Private - Values - Electronic card transactions  A/S/T by industry,Actual,Specialised food,,,
450,ECTM.S1AG1221,2003.07,55.8,,F,Dollars,6,Electronic Card Transactions (ANZSIC06) - ECT,Private - Values - Electronic card transactions  A/S/T by industry,Actual,Specialised food,,,
451,ECTM.S1AG1221,2003.08,57.2,,F,Dollars,6,Electronic Card Transactions (ANZSIC06) - ECT,Private - Values - Electronic card transactions  A/S/T by industry,Actual,Specialised food,,,
452,ECTM.S1AG1221,2003.09,54.9,,F,Dollars,6,Electronic Card Transactions (ANZSIC06) - ECT,Private - Values - Electronic card transactions  A/S/T by industry,Actual,Specialised food,,,
453,ECTM.S1AG1221,2003.1,61.4,,F,Dollars,6,Electronic Card Transactions (ANZSIC06) - ECT,Private - Values - Electronic card transactions  A/S/T by industry,Actual,Specialised food,,,
454,ECTM.S1AG1221,2003.11,61.5,,F,Dollars,6,Electronic Card Transactions (ANZSIC06) - ECT,Private - Values - Electronic card transactions  A/S/T by industry,Actual,Specialised food,,,
455,ECTM.S1AG1221,2003.12,76.3,,F,Dollars,6,Electronic Card Transactions (ANZSIC06) - ECT,Private - Values - Electronic card transactions  A/S/T by industry,Actual,Specialised food,,,
456,ECTM.S1AG1221,2004.01,59.9,,F,Dollars,6,Electronic Card Transactions (ANZSIC06) - ECT,Private - Values - Electronic card transactions  A/S/T by industry,Actual,Specialised food,,,
457,ECTM.S1AG1221,2004.02,57.9,,F,Dollars,6,Electronic Card Transactions (ANZSIC06) - ECT,Private - Values - Electronic card transactions  A/S/T by industry,Actual,Specialised food,,,
458,ECTM.S1AG1221,2004.03,62.0,,F,Dollars,6,Electronic Card Transactions (ANZSIC06) - ECT,Private - Values - Electronic card transactions  A/S/T by industry,Actual,Specialised food,,,
459,ECTM.S1AG1221,2004.04,61.5,,F,Dollars,6,Electronic Card Transactions (ANZSIC06) - ECT,Private - Values - Electronic card transactions  A/S/T by industry,Actual,Specialised food,,,
460,ECTM.S1AG1221,2004.05,61.4,,F,Dollars,6,Electronic Card Transactions (ANZSIC06) - ECT,Private - Values - Electronic card transactions  A/S/T by industry,Actual,Specialised food,,,
461,ECTM.S1AG1221,2004.06,59.5,,F,Dollars,6,Electronic Card Transactions (ANZSIC06) - ECT,Private - Values - Electronic card transactions  A/S/T by industry,Actual,Specialised food,,,
462,ECTM.S1AG1221,2004.07,64.0,,F,Dollars,6,Electronic Card Transactions (ANZSIC06) - ECT,Private - Values - Electronic card transactions  A/S/T by industry,Actual,Specialised food,,,
463,ECTM.S1AG1221,2004.08,63.2,,F,Dollars,6,Electronic Card Transactions (ANZSIC06) - ECT,Private - Values - Electronic card transactions  A/S/T by industry,Actual,Specialised food,,,
464,ECTM.S1AG1221,2004.09,65.4,,F,Dollars,6,Electronic Card Transactions (ANZSIC06) - ECT,Private - Values - Electronic card transactions  A/S/T by industry,Actual,Specialised food,,,
465,ECTM.S1AG1221,2004.1,69.0,,F,Dollars,6,Electronic Card Transactions (ANZSIC06) - ECT,Private - Values - Electronic card transactions  A/S/T by industry,Actual,Specialised food,,,
466,ECTM.S1AG1221,2004.11,71.9,,F,Dollars,6,Electronic Card Transactions (ANZSIC06) - ECT,Private - Values - Electronic card transactions  A/S/T by industry,Actual,Specialised food,,,
467,ECTM.S1AG1221,2004.12,90.4,,F,Dollars,6,Electronic Card Transactions (ANZSIC06) - ECT,Private - Values - Electronic card transactions  A/S/T by industry,Actual,Specialised food,,,
468,ECTM.S1AG1221,2005.01,69.9,,F,Dollars,6,Electronic Card Transactions (ANZSIC06) - ECT,Private - Values - Electronic card transactions  A/S/T by industry,Actual,Specialised food,,,
469,ECTM.S1AG1221,2005.02,68.7,,F,Dollars,6,Electronic Card Transactions (ANZSIC06) - ECT,Private - Values - Electronic card transactions  A/S/T by industry,Actual,Specialised food,,,
470,ECTM.S1AG1221,2005.03,73.6,,F,Dollars,6,Electronic Card Transactions (ANZSIC06) - ECT,Private - Values - Electronic card transactions  A/S/T by industry,Actual,Specialised food,,,
471,ECTM.S1AG1221,2005.04,72.2,,F,Dollars,6,Electronic Card Transactions (ANZSIC06) - ECT,Private - Values - Electronic card transactions  A/S/T by industry,Actual,Specialised food,,,
472,ECTM.S1AG1221,2005.05,71.5,,F,Dollars,6,Electronic Card Transactions (ANZSIC06) - ECT,Private - Values - Electronic card transactions  A/S/T by industry,Actual,Specialised food,,,
473,ECTM.S1AG1221,2005.06,70.3,,F,Dollars,6,Electronic Card Transactions (ANZSIC06) - ECT,Private - Values - Electronic card transactions  A/S/T by industry,Actual,Specialised food,,,
474,ECTM.S1AG1221,2005.07,72.6,,F,Dollars,6,Electronic Card Transactions (ANZSIC06) - ECT,Private - Values - Electronic card transactions  A/S/T by industry,Actual,Specialised food,,,
475,ECTM.S1AG1221,2005.08,75.5,,F,Dollars,6,Electronic Card Transactions (ANZSIC06) - ECT,Private - Values - Electronic card transactions  A/S/T by industry,Actual,Specialised food,,,
476,ECTM.S1AG1221,2005.09,76.3,,F,Dollars,6,Electronic Card Transactions (ANZSIC06) - ECT,Private - Values - Electronic card transactions  A/S/T by industry,Actual,Specialised food,,,
477,ECTM.S1AG1221,2005.1,80.4,,F,Dollars,6,Electronic Card Transactions (ANZSIC06) - ECT,Private - Values - Electronic card transactions  A/S/T by industry,Actual,Specialised food,,,
478,ECTM.S1AG1221,2005.11,83.4,,F,Dollars,6,Electronic Card Transactions (ANZSIC06) - ECT,Private - Values - Electronic card transactions  A/S/T by industry,Actual,Specialised food,,,
479,ECTM.S1AG1221,2005.12,101.0,,F,Dollars,6,Electronic Card Transactions (ANZSIC06) - ECT,Private - Values - Electronic card transactions  A/S/T by industry,Actual,Specialised food,,,
480,ECTM.S1AG1221,2006.01,79.0,,F,Dollars,6,Electronic Card Transactions (ANZSIC06) - ECT,Private - Values - Electronic card transactions  A/S/T by industry,Actual,Specialised food,,,
481,ECTM.S1AG1221,2006.02,75.7,,F,Dollars,6,Electronic Card Transactions (ANZSIC06) - ECT,Private - Values - Electronic card transactions  A/S/T by industry,Actual,Specialised food,,,
482,ECTM.S1AG1221,2006.03,84.3,,F,Dollars,6,Electronic Card Transactions (ANZSIC06) - ECT,Private - Values - Electronic card transactions  A/S/T by industry,Actual,Specialised food,,,
483,ECTM.S1AG1221,2006.04,79.1,,F,Dollars,6,Electronic Card Transactions (ANZSIC06) - ECT,Private - Values - Electronic card transactions  A/S/T by industry,Actual,Specialised food,,,
484,ECTM.S1AG1221,2006.05,82.7,,F,Dollars,6,Electronic Card Transactions (ANZSIC06) - ECT,Private - Values - Electronic card transactions  A/S/T by industry,Actual,Specialised food,,,
485,ECTM.S1AG1221,2006.06,80.4,,F,Dollars,6,Electronic Card Transactions (ANZSIC06) - ECT,Private - Values - Electronic card transactions  A/S/T by industry,Actual,Specialised food,,,
486,ECTM.S1AG1221,2006.07,84.4,,F,Dollars,6,Electronic Card Transactions (ANZSIC06) - ECT,Private - Values - Electronic card transactions  A/S/T by industry,Actual,Specialised food,,,
487,ECTM.S1AG1221,2006.08,86.0,,F,Dollars,6,Electronic Card Transactions (ANZSIC06) - ECT,Private - Values - Electronic card transactions  A/S/T by industry,Actual,Specialised food,,,
488,ECTM.S1AG1221,2006.09,88.7,,F,Dollars,6,Electronic Card Transactions (ANZSIC06) - ECT,Private - Values - Electronic card transactions  A/S/T by industry,Actual,Specialised food,,,
489,ECTM.S1AG1221,2006.1,92.7,,F,Dollars,6,Electronic Card Transactions (ANZSIC06) - ECT,Private - Values - Electronic card transactions  A/S/T by industry,Actual,Specialised food,,,
490,ECTM.S1AG1221,2006.11,95.3,,F,Dollars,6,Electronic Card Transactions (ANZSIC06) - ECT,Private - Values - Electronic card transactions  A/S/T by industry,Actual,Specialised food,,,
491,ECTM.S1AG1221,2006.12,117.6,,F,Dollars,6,Electronic Card Transactions (ANZSIC06) - ECT,Private - Values - Electronic card transactions  A/S/T by industry,Actual,Specialised food,,,
492,ECTM.S1AG1221,2007.01,91.3,,F,Dollars,6,Electronic Card Transactions (ANZSIC06) - ECT,Private - Values - Electronic card transactions  A/S/T by industry,Actual,Specialised food,,,
493,ECTM.S1AG1221,2007.02,88.1,,F,Dollars,6,Electronic Card Transactions (ANZSIC06) - ECT,Private - Values - Electronic card transactions  A/S/T by industry,Actual,Specialised food,,,
494,ECTM.S1AG1221,2007.03,96.9,,F,Dollars,6,Electronic Card Transactions (ANZSIC06) - ECT,Private - Values - Electronic card transactions  A/S/T by industry,Actual,Specialised food,,,
495,ECTM.S1AG1221,2007.04,89.4,,F,Dollars,6,Electronic Card Transactions (ANZSIC06) - ECT,Private - Values - Electronic card transactions  A/S/T by industry,Actual,Specialised food,,,
496,ECTM.S1AG1221,2007.05,94.0,,F,Dollars,6,Electronic Card Transactions (ANZSIC06) - ECT,Private - Values - Electronic card transactions  A/S/T by industry,Actual,Specialised food,,,
497,ECTM.S1AG1221,2007.06,90.3,,F,Dollars,6,Electronic Card Transactions (ANZSIC06) - ECT,Private - Values - Electronic card transactions  A/S/T by industry,Actual,Specialised food,,,
498,ECTM.S1AG1221,2007.07,92.2,,F,Dollars,6,Electronic Card Transactions (ANZSIC06) - ECT,Private - Values - Electronic card transactions  A/S/T by industry,Actual,Specialised food,,,
499,ECTM.S1AG1221,2007.08,96.4,,F,Dollars,6,Electronic Card Transactions (ANZSIC06) - ECT,Private - Values - Electronic card transactions  A/S/T by industry,Actual,Specialised food,,,
500,ECTM.S1AG1221,2007.09,95.2,,F,Dollars,6,Electronic Card Transactions (ANZSIC06) - ECT,Private - Values - Electronic card transactions  A/S/T by industry,Actual,Specialised food,,,
501,ECTM.S1AG1221,2007.1,100.8,,F,Dollars,6,Electronic Card Transactions (ANZSIC06) - ECT,Private - Values - Electronic card transactions  A/S/T by industry,Actual,Specialised food,,,
502,ECTM.S1AG1221,2007.11,105.0,,F,Dollars,6,Electronic Card Transactions (ANZSIC06) - ECT,Private - Values - Electronic card transactions  A/S/T by industry,Actual,Specialised food,,,
503,ECTM.S1AG1221,2007.12,125.8,,F,Dollars,6,Electronic Card Transactions (ANZSIC06) - ECT,Private - Values - Electronic card transactions  A/S/T by industry,Actual,Specialised food,,,
504,ECTM.S1AG1221,2008.01,99.6,,F,Dollars,6,Electronic Card Transactions (ANZSIC06) - ECT,Private - Values - Electronic card transactions  A/S/T by industry,Actual,Specialised food,,,
505,ECTM.S1AG1221,2008.02,99.3,,F,Dollars,6,Electronic Card Transactions (ANZSIC06) - ECT,Private - Values - Electronic card transactions  A/S/T by industry,Actual,Specialised food,,,
506,ECTM.S1AG1221,2008.03,103.5,,F,Dollars,6,Electronic Card Transactions (ANZSIC06) - ECT,Private - Values - Electronic card transactions  A/S/T by industry,Actual,Specialised food,,,
507,ECTM.S1AG1221,2008.04,99.2,,F,Dollars,6,Electronic Card Transactions (ANZSIC06) - ECT,Private - Values - Electronic card transactions  A/S/T by industry,Actual,Specialised food,,,
508,ECTM.S1AG1221,2008.05,105.1,,F,Dollars,6,Electronic Card Transactions (ANZSIC06) - ECT,Private - Values - Electronic card transactions  A/S/T by industry,Actual,Specialised food,,,
509,ECTM.S1AG1221,2008.06,95.8,,F,Dollars,6,Electronic Card Transactions (ANZSIC06) - ECT,Private - Values - Electronic card transactions  A/S/T by industry,Actual,Specialised food,,,
510,ECTM.S1AG1221,2008.07,101.9,,F,Dollars,6,Electronic Card Transactions (ANZSIC06) - ECT,Private - Values - Electronic card transactions  A/S/T by industry,Actual,Specialised food,,,
511,ECTM.S1AG1221,2008.08,106.5,,F,Dollars,6,Electronic Card Transactions (ANZSIC06) - ECT,Private - Values - Electronic card transactions  A/S/T by industry,Actual,Specialised food,,,
512,ECTM.S1AG1221,2008.09,107.9,,F,Dollars,6,Electronic Card Transactions (ANZSIC06) - ECT,Private - Values - Electronic card transactions  A/S/T by industry,Actual,Specialised food,,,
513,ECTM.S1AG1221,2008.1,115.4,,F,Dollars,6,Electronic Card Transactions (ANZSIC06) - ECT,Private - Values - Electronic card transactions  A/S/T by industry,Actual,Specialised food,,,
514,ECTM.S1AG1221,2008.11,117.9,,F,Dollars,6,Electronic Card Transactions (ANZSIC06) - ECT,Private - Values - Electronic card transactions  A/S/T by industry,Actual,Specialised food,,,
515,ECTM.S1AG1221,2008.12,143.1,,F,Dollars,6,Electronic Card Transactions (ANZSIC06) - ECT,Private - Values - Electronic card transactions  A/S/T by industry,Actual,Specialised food,,,
516,ECTM.S1AG1221,2009.01,115.9,,F,Dollars,6,Electronic Card Transactions (ANZSIC06) - ECT,Private - Values - Electronic card transactions  A/S/T by industry,Actual,Specialised food,,,
517,ECTM.S1AG1221,2009.02,105.4,,F,Dollars,6,Electronic Card Transactions (ANZSIC06) - ECT,Private - Values - Electronic card transactions  A/S/T by industry,Actual,Specialised food,,,
518,ECTM.S1AG1221,2009.03,116.3,,F,Dollars,6,Electronic Card Transactions (ANZSIC06) - ECT,Private - Values - Electronic card transactions  A/S/T by industry,Actual,Specialised food,,,
519,ECTM.S1AG1221,2009.04,113.4,,F,Dollars,6,Electronic Card Transactions (ANZSIC06) - ECT,Private - Values - Electronic card transactions  A/S/T by industry,Actual,Specialised food,,,
520,ECTM.S1AG1221,2009.05,115.3,,F,Dollars,6,Electronic Card Transactions (ANZSIC06) - ECT,Private - Values - Electronic card transactions  A/S/T by industry,Actual,Specialised food,,,
521,ECTM.S1AG1221,2009.06,109.6,,F,Dollars,6,Electronic Card Transactions (ANZSIC06) - ECT,Private - Values - Electronic card transactions  A/S/T by industry,Actual,Specialised food,,,
522,ECTM.S1AG1221,2009.07,118.0,,F,Dollars,6,Electronic Card Transactions (ANZSIC06) - ECT,Private - Values - Electronic card transactions  A/S/T by industry,Actual,Specialised food,,,
523,ECTM.S1AG1221,2009.08,119.0,,F,Dollars,6,Electronic Card Transactions (ANZSIC06) - ECT,Private - Values - Electronic card transactions  A/S/T by industry,Actual,Specialised food,,,
524,ECTM.S1AG1221,2009.09,118.3,,F,Dollars,6,Electronic Card Transactions (ANZSIC06) - ECT,Private - Values - Electronic card transactions  A/S/T by industry,Actual,Specialised food,,,
525,ECTM.S1AG1221,2009.1,125.2,,F,Dollars,6,Electronic Card Transactions (ANZSIC06) - ECT,Private - Values - Electronic card transactions  A/S/T by industry,Actual,Specialised food,,,
526,ECTM.S1AG1221,2009.11,121.0,,F,Dollars,6,Electronic Card Transactions (ANZSIC06) - ECT,Private - Values - Electronic card transactions  A/S/T by industry,Actual,Specialised food,,,
527,ECTM.S1AG1221,2009.12,151.9,,F,Dollars,6,Electronic Card Transactions (ANZSIC06) - ECT,Private - Values - Electronic card transactions  A/S/T by industry,Actual,Specialised food,,,
528,ECTM.S1AG1221,2010.01,119.6,,F,Dollars,6,Electronic Card Transactions (ANZSIC06) - ECT,Private - Values - Electronic card transactions  A/S/T by industry,Actual,Specialised food,,,
529,ECTM.S1AG1221,2010.02,111.7,,F,Dollars,6,Electronic Card Transactions (ANZSIC06) - ECT,Private - Values - Electronic card transactions  A/S/T by industry,Actual,Specialised food,,,
530,ECTM.S1AG1221,2010.03,123.5,,F,Dollars,6,Electronic Card Transactions (ANZSIC06) - ECT,Private - Values - Electronic card transactions  A/S/T by industry,Actual,Specialised food,,,
531,ECTM.S1AG1221,2010.04,116.5,,F,Dollars,6,Electronic Card Transactions (ANZSIC06) - ECT,Private - Values - Electronic card transactions  A/S/T by industry,Actual,Specialised food,,,
532,ECTM.S1AG1221,2010.05,116.6,,F,Dollars,6,Electronic Card Transactions (ANZSIC06) - ECT,Private - Values - Electronic card transactions  A/S/T by industry,Actual,Specialised food,,,
533,ECTM.S1AG1221,2010.06,112.8,,F,Dollars,6,Electronic Card Transactions (ANZSIC06) - ECT,Private - Values - Electronic card transactions  A/S/T by industry,Actual,Specialised food,,,
534,ECTM.S1AG1221,2010.07,122.3,,F,Dollars,6,Electronic Card Transactions (ANZSIC06) - ECT,Private - Values - Electronic card transactions  A/S/T by industry,Actual,Specialised food,,,
535,ECTM.S1AG1221,2010.08,120.0,,F,Dollars,6,Electronic Card Transactions (ANZSIC06) - ECT,Private - Values - Electronic card transactions  A/S/T by industry,Actual,Specialised food,,,
536,ECTM.S1AG1221,2010.09,120.8,,F,Dollars,6,Electronic Card Transactions (ANZSIC06) - ECT,Private - Values - Electronic card transactions  A/S/T by industry,Actual,Specialised food,,,
537,ECTM.S1AG1221,2010.1,131.0,,F,Dollars,6,Electronic Card Transactions (ANZSIC06) - ECT,Private - Values - Electronic card transactions  A/S/T by industry,Actual,Specialised food,,,
538,ECTM.S1AG1221,2010.11,131.8,,F,Dollars,6,Electronic Card Transactions (ANZSIC06) - ECT,Private - Values - Electronic card transactions  A/S/T by industry,Actual,Specialised food,,,
539,ECTM.S1AG1221,2010.12,162.3,,F,Dollars,6,Electronic Card Transactions (ANZSIC06) - ECT,Private - Values - Electronic card transactions  A/S/T by industry,Actual,Specialised food,,,
540,ECTM.S1AG1221,2011.01,124.8,,F,Dollars,6,Electronic Card Transactions (ANZSIC06) - ECT,Private - Values - Electronic card transactions  A/S/T by industry,Actual,Specialised food,,,
541,ECTM.S1AG1221,2011.02,118.1,,F,Dollars,6,Electronic Card Transactions (ANZSIC06) - ECT,Private - Values - Electronic card transactions  A/S/T by industry,Actual,Specialised food,,,
542,ECTM.S1AG1221,2011.03,130.6,,F,Dollars,6,Electronic Card Transactions (ANZSIC06) - ECT,Private - Values - Electronic card transactions  A/S/T by industry,Actual,Specialised food,,,
543,ECTM.S1AG1221,2011.04,125.6,,F,Dollars,6,Electronic Card Transactions (ANZSIC06) - ECT,Private - Values - Electronic card transactions  A/S/T by industry,Actual,Specialised food,,,
544,ECTM.S1AG1221,2011.05,126.1,,F,Dollars,6,Electronic Card Transactions (ANZSIC06) - ECT,Private - Values - Electronic card transactions  A/S/T by industry,Actual,Specialised food,,,
545,ECTM.S1AG1221,2011.06,123.8,,F,Dollars,6,Electronic Card Transactions (ANZSIC06) - ECT,Private - Values - Electronic card transactions  A/S/T by industry,Actual,Specialised food,,,
546,ECTM.S1AG1221,2011.07,130.1,,F,Dollars,6,Electronic Card Transactions (ANZSIC06) - ECT,Private - Values - Electronic card transactions  A/S/T by industry,Actual,Specialised food,,,
547,ECTM.S1AG1221,2011.08,132.3,,F,Dollars,6,Electronic Card Transactions (ANZSIC06) - ECT,Private - Values - Electronic card transactions  A/S/T by industry,Actual,Specialised food,,,
548,ECTM.S1AG1221,2011.09,133.1,,F,Dollars,6,Electronic Card Transactions (ANZSIC06) - ECT,Private - Values - Electronic card transactions  A/S/T by industry,Actual,Specialised food,,,
549,ECTM.S1AG1221,2011.1,135.3,,F,Dollars,6,Electronic Card Transactions (ANZSIC06) - ECT,Private - Values - Electronic card transactions  A/S/T by industry,Actual,Specialised food,,,
550,ECTM.S1AG1221,2011.11,136.3,,F,Dollars,6,Electronic Card Transactions (ANZSIC06) - ECT,Private - Values - Electronic card transactions  A/S/T by industry,Actual,Specialised food,,,
551,ECTM.S1AG1221,2011.12,168.4,,F,Dollars,6,Electronic Card Transactions (ANZSIC06) - ECT,Private - Values - Electronic card transactions  A/S/T by industry,Actual,Specialised food,,,
552,ECTM.S1AG1221,2012.01,130.6,,F,Dollars,6,Electronic Card Transactions (ANZSIC06) - ECT,Private - Values - Electronic card transactions  A/S/T by industry,Actual,Specialised food,,,
553,ECTM.S1AG1221,2012.02,127.1,,F,Dollars,6,Electronic Card Transactions (ANZSIC06) - ECT,Private - Values - Electronic card transactions  A/S/T by industry,Actual,Specialised food,,,
554,ECTM.S1AG1221,2012.03,138.1,,F,Dollars,6,Electronic Card Transactions (ANZSIC06) - ECT,Private - Values - Electronic card transactions  A/S/T by industry,Actual,Specialised food,,,
555,ECTM.S1AG1221,2012.04,126.5,,F,Dollars,6,Electronic Card Transactions (ANZSIC06) - ECT,Private - Values - Electronic card transactions  A/S/T by industry,Actual,Specialised food,,,
556,ECTM.S1AG1221,2012.05,135.1,,F,Dollars,6,Electronic Card Transactions (ANZSIC06) - ECT,Private - Values - Electronic card transactions  A/S/T by industry,Actual,Specialised food,,,
557,ECTM.S1AG1221,2012.06,130.2,,F,Dollars,6,Electronic Card Transactions (ANZSIC06) - ECT,Private - Values - Electronic card transactions  A/S/T by industry,Actual,Specialised food,,,
558,ECTM.S1AG1221,2012.07,132.5,,F,Dollars,6,Electronic Card Transactions (ANZSIC06) - ECT,Private - Values - Electronic card transactions  A/S/T by industry,Actual,Specialised food,,,
559,ECTM.S1AG1221,2012.08,137.7,,F,Dollars,6,Electronic Card Transactions (ANZSIC06) - ECT,Private - Values - Electronic card transactions  A/S/T by industry,Actual,Specialised food,,,
560,ECTM.S1AG1221,2012.09,133.7,,F,Dollars,6,Electronic Card Transactions (ANZSIC06) - ECT,Private - Values - Electronic card transactions  A/S/T by industry,Actual,Specialised food,,,
561,ECTM.S1AG1221,2012.1,140.0,,F,Dollars,6,Electronic Card Transactions (ANZSIC06) - ECT,Private - Values - Electronic card transactions  A/S/T by industry,Actual,Specialised food,,,
562,ECTM.S1AG1221,2012.11,145.0,,F,Dollars,6,Electronic Card Transactions (ANZSIC06) - ECT,Private - Values - Electronic card transactions  A/S/T by industry,Actual,Specialised food,,,
563,ECTM.S1AG1221,2012.12,172.6,,F,Dollars,6,Electronic Card Transactions (ANZSIC06) - ECT,Private - Values - Electronic card transactions  A/S/T by industry,Actual,Specialised food,,,
564,ECTM.S1AG1221,2013.01,138.0,,F,Dollars,6,Electronic Card Transactions (ANZSIC06) - ECT,Private - Values - Electronic card transactions  A/S/T by industry,Actual,Specialised food,,,
565,ECTM.S1AG1221,2013.02,130.9,,F,Dollars,6,Electronic Card Transactions (ANZSIC06) - ECT,Private - Values - Electronic card transactions  A/S/T by industry,Actual,Specialised food,,,
566,ECTM.S1AG1221,2013.03,144.1,,F,Dollars,6,Electronic Card Transactions (ANZSIC06) - ECT,Private - Values - Electronic card transactions  A/S/T by industry,Actual,Specialised food,,,
567,ECTM.S1AG1221,2013.04,133.8,,F,Dollars,6,Electronic Card Transactions (ANZSIC06) - ECT,Private - Values - Electronic card transactions  A/S/T by industry,Actual,Specialised food,,,
568,ECTM.S1AG1221,2013.05,140.9,,F,Dollars,6,Electronic Card Transactions (ANZSIC06) - ECT,Private - Values - Electronic card transactions  A/S/T by industry,Actual,Specialised food,,,
569,ECTM.S1AG1221,2013.06,134.4,,F,Dollars,6,Electronic Card Transactions (ANZSIC06) - ECT,Private - Values - Electronic card transactions  A/S/T by industry,Actual,Specialised food,,,
570,ECTM.S1AG1221,2013.07,140.3,,F,Dollars,6,Electronic Card Transactions (ANZSIC06) - ECT,Private - Values - Electronic card transactions  A/S/T by industry,Actual,Specialised food,,,
571,ECTM.S1AG1221,2013.08,145.5,,F,Dollars,6,Electronic Card Transactions (ANZSIC06) - ECT,Private - Values - Electronic card transactions  A/S/T by industry,Actual,Specialised food,,,
572,ECTM.S1AG1221,2013.09,138.9,,F,Dollars,6,Electronic Card Transactions (ANZSIC06) - ECT,Private - Values - Electronic card transactions  A/S/T by industry,Actual,Specialised food,,,
573,ECTM.S1AG1221,2013.1,150.4,,F,Dollars,6,Electronic Card Transactions (ANZSIC06) - ECT,Private - Values - Electronic card transactions  A/S/T by industry,Actual,Specialised food,,,
574,ECTM.S1AG1221,2013.11,155.6,,F,Dollars,6,Electronic Card Transactions (ANZSIC06) - ECT,Private - Values - Electronic card transactions  A/S/T by industry,Actual,Specialised food,,,
575,ECTM.S1AG1221,2013.12,187.1,,F,Dollars,6,Electronic Card Transactions (ANZSIC06) - ECT,Private - Values - Electronic card transactions  A/S/T by industry,Actual,Specialised food,,,
576,ECTM.S1AG1221,2014.01,149.5,,F,Dollars,6,Electronic Card Transactions (ANZSIC06) - ECT,Private - Values - Electronic card transactions  A/S/T by industry,Actual,Specialised food,,,
577,ECTM.S1AG1221,2014.02,140.9,,F,Dollars,6,Electronic Card Transactions (ANZSIC06) - ECT,Private - Values - Electronic card transactions  A/S/T by industry,Actual,Specialised food,,,
578,ECTM.S1AG1221,2014.03,156.3,,F,Dollars,6,Electronic Card Transactions (ANZSIC06) - ECT,Private - Values - Electronic card transactions  A/S/T by industry,Actual,Specialised food,,,
579,ECTM.S1AG1221,2014.04,149.7,,F,Dollars,6,Electronic Card Transactions (ANZSIC06) - ECT,Private - Values - Electronic card transactions  A/S/T by industry,Actual,Specialised food,,,
580,ECTM.S1AG1221,2014.05,159.9,,F,Dollars,6,Electronic Card Transactions (ANZSIC06) - ECT,Private - Values - Electronic card transactions  A/S/T by industry,Actual,Specialised food,,,
581,ECTM.S1AG1221,2014.06,148.3,,F,Dollars,6,Electronic Card Transactions (ANZSIC06) - ECT,Private - Values - Electronic card transactions  A/S/T by industry,Actual,Specialised food,,,
582,ECTM.S1AG1221,2014.07,155.5,,F,Dollars,6,Electronic Card Transactions (ANZSIC06) - ECT,Private - Values - Electronic card transactions  A/S/T by industry,Actual,Specialised food,,,
583,ECTM.S1AG1221,2014.08,160.5,,F,Dollars,6,Electronic Card Transactions (ANZSIC06) - ECT,Private - Values - Electronic card transactions  A/S/T by industry,Actual,Specialised food,,,
584,ECTM.S1AG1221,2014.09,155.1,,F,Dollars,6,Electronic Card Transactions (ANZSIC06) - ECT,Private - Values - Electronic card transactions  A/S/T by industry,Actual,Specialised food,,,
585,ECTM.S1AG1221,2014.1,167.4,,F,Dollars,6,Electronic Card Transactions (ANZSIC06) - ECT,Private - Values - Electronic card transactions  A/S/T by industry,Actual,Specialised food,,,
586,ECTM.S1AG1221,2014.11,168.5,,F,Dollars,6,Electronic Card Transactions (ANZSIC06) - ECT,Private - Values - Electronic card transactions  A/S/T by industry,Actual,Specialised food,,,
587,ECTM.S1AG1221,2014.12,205.6,,F,Dollars,6,Electronic Card Transactions (ANZSIC06) - ECT,Private - Values - Electronic card transactions  A/S/T by industry,Actual,Specialised food,,,
588,ECTM.S1AG1221,2015.01,167.1,,F,Dollars,6,Electronic Card Transactions (ANZSIC06) - ECT,Private - Values - Electronic card transactions  A/S/T by industry,Actual,Specialised food,,,
589,ECTM.S1AG1221,2015.02,155.7,,F,Dollars,6,Electronic Card Transactions (ANZSIC06) - ECT,Private - Values - Electronic card transactions  A/S/T by industry,Actual,Specialised food,,,
590,ECTM.S1AG1221,2015.03,171.0,,F,Dollars,6,Electronic Card Transactions (ANZSIC06) - ECT,Private - Values - Electronic card transactions  A/S/T by industry,Actual,Specialised food,,,
591,ECTM.S1AG1221,2015.04,159.5,,F,Dollars,6,Electronic Card Transactions (ANZSIC06) - ECT,Private - Values - Electronic card transactions  A/S/T by industry,Actual,Specialised food,,,
592,ECTM.S1AG1221,2015.05,167.9,,F,Dollars,6,Electronic Card Transactions (ANZSIC06) - ECT,Private - Values - Electronic card transactions  A/S/T by industry,Actual,Specialised food,,,
593,ECTM.S1AG1221,2015.06,159.6,,F,Dollars,6,Electronic Card Transactions (ANZSIC06) - ECT,Private - Values - Electronic card transactions  A/S/T by industry,Actual,Specialised food,,,
594,ECTM.S1AG1221,2015.07,167.0,,F,Dollars,6,Electronic Card Transactions (ANZSIC06) - ECT,Private - Values - Electronic card transactions  A/S/T by industry,Actual,Specialised food,,,
595,ECTM.S1AG1221,2015.08,167.7,,F,Dollars,6,Electronic Card Transactions (ANZSIC06) - ECT,Private - Values - Electronic card transactions  A/S/T by industry,Actual,Specialised food,,,
596,ECTM.S1AG1221,2015.09,165.9,,F,Dollars,6,Electronic Card Transactions (ANZSIC06) - ECT,Private - Values - Electronic card transactions  A/S/T by industry,Actual,Specialised food,,,
597,ECTM.S1AG1221,2015.1,177.0,,F,Dollars,6,Electronic Card Transactions (ANZSIC06) - ECT,Private - Values - Electronic card transactions  A/S/T by industry,Actual,Specialised food,,,
598,ECTM.S1AG1221,2015.11,176.2,,F,Dollars,6,Electronic Card Transactions (ANZSIC06) - ECT,Private - Values - Electronic card transactions  A/S/T by industry,Actual,Specialised food,,,
599,ECTM.S1AG1221,2015.12,216.8,,F,Dollars,6,Electronic Card Transactions (ANZSIC06) - ECT,Private - Values - Electronic card transactions  A/S/T by industry,Actual,Specialised food,,,
600,ECTM.S1AG1221,2016.01,170.2,,F,Dollars,6,Electronic Card Transactions (ANZSIC06) - ECT,Private - Values - Electronic card transactions  A/S/T by industry,Actual,Specialised food,,,
601,ECTM.S1AG1221,2016.02,166.6,,F,Dollars,6,Electronic Card Transactions (ANZSIC06) - ECT,Private - Values - Electronic card transactions  A/S/T by industry,Actual,Specialised food,,,
602,ECTM.S1AG1221,2016.03,178.5,,F,Dollars,6,Electronic Card Transactions (ANZSIC06) - ECT,Private - Values - Electronic card transactions  A/S/T by industry,Actual,Specialised food,,,
603,ECTM.S1AG1221,2016.04,173.5,,F,Dollars,6,Electronic Card Transactions (ANZSIC06) - ECT,Private - Values - Electronic card transactions  A/S/T by industry,Actual,Specialised food,,,
604,ECTM.S1AG1221,2016.05,171.1,,F,Dollars,6,Electronic Card Transactions (ANZSIC06) - ECT,Private - Values - Electronic card transactions  A/S/T by industry,Actual,Specialised food,,,
605,ECTM.S1AG1221,2016.06,166.8,,F,Dollars,6,Electronic Card Transactions (ANZSIC06) - ECT,Private - Values - Electronic card transactions  A/S/T by industry,Actual,Specialised food,,,
606,ECTM.S1AG1221,2016.07,172.7,,F,Dollars,6,Electronic Card Transactions (ANZSIC06) - ECT,Private - Values - Electronic card transactions  A/S/T by industry,Actual,Specialised food,,,
607,ECTM.S1AG1221,2016.08,170.3,,F,Dollars,6,Electronic Card Transactions (ANZSIC06) - ECT,Private - Values - Electronic card transactions  A/S/T by industry,Actual,Specialised food,,,
608,ECTM.S1AG1221,2016.09,170.9,,F,Dollars,6,Electronic Card Transactions (ANZSIC06) - ECT,Private - Values - Electronic card transactions  A/S/T by industry,Actual,Specialised food,,,
609,ECTM.S1AG1221,2016.1,177.3,,F,Dollars,6,Electronic Card Transactions (ANZSIC06) - ECT,Private - Values - Electronic card transactions  A/S/T by industry,Actual,Specialised food,,,
610,ECTM.S1AG1221,2016.11,179.5,,F,Dollars,6,Electronic Card Transactions (ANZSIC06) - ECT,Private - Values - Electronic card transactions  A/S/T by industry,Actual,Specialised food,,,
611,ECTM.S1AG1221,2016.12,222.9,,F,Dollars,6,Electronic Card Transactions (ANZSIC06) - ECT,Private - Values - Electronic card transactions  A/S/T by industry,Actual,Specialised food,,,
612,ECTM.S1AG1221,2017.01,176.3,,F,Dollars,6,Electronic Card Transactions (ANZSIC06) - ECT,Private - Values - Electronic card transactions  A/S/T by industry,Actual,Specialised food,,,
613,ECTM.S1AG1221,2017.02,170.8,,F,Dollars,6,Electronic Card Transactions (ANZSIC06) - ECT,Private - Values - Electronic card transactions  A/S/T by industry,Actual,Specialised food,,,
614,ECTM.S1AG1221,2017.03,190.9,,F,Dollars,6,Electronic Card Transactions (ANZSIC06) - ECT,Private - Values - Electronic card transactions  A/S/T by industry,Actual,Specialised food,,,
615,ECTM.S1AG1221,2017.04,179.8,,F,Dollars,6,Electronic Card Transactions (ANZSIC06) - ECT,Private - Values - Electronic card transactions  A/S/T by industry,Actual,Specialised food,,,
616,ECTM.S1AG1221,2017.05,187.5,,F,Dollars,6,Electronic Card Transactions (ANZSIC06) - ECT,Private - Values - Electronic card transactions  A/S/T by industry,Actual,Specialised food,,,
617,ECTM.S1AG1221,2017.06,184.0,,F,Dollars,6,Electronic Card Transactions (ANZSIC06) - ECT,Private - Values - Electronic card transactions  A/S/T by industry,Actual,Specialised food,,,
618,ECTM.S1AG1221,2017.07,184.5,,F,Dollars,6,Electronic Card Transactions (ANZSIC06) - ECT,Private - Values - Electronic card transactions  A/S/T by industry,Actual,Specialised food,,,
619,ECTM.S1AG1221,2017.08,188.5,,F,Dollars,6,Electronic Card Transactions (ANZSIC06) - ECT,Private - Values - Electronic card transactions  A/S/T by industry,Actual,Specialised food,,,
620,ECTM.S1AG1221,2017.09,188.1,,F,Dollars,6,Electronic Card Transactions (ANZSIC06) - ECT,Private - Values - Electronic card transactions  A/S/T by industry,Actual,Specialised food,,,
621,ECTM.S1AG1221,2017.1,194.1,,F,Dollars,6,Electronic Card Transactions (ANZSIC06) - ECT,Private - Values - Electronic card transactions  A/S/T by industry,Actual,Specialised food,,,
622,ECTM.S1AG1221,2017.11,201.4,,F,Dollars,6,Electronic Card Transactions (ANZSIC06) - ECT,Private - Values - Electronic card transactions  A/S/T by industry,Actual,Specialised food,,,
623,ECTM.S1AG1221,2017.12,241.6,,F,Dollars,6,Electronic Card Transactions (ANZSIC06) - ECT,Private - Values - Electronic card transactions  A/S/T by industry,Actual,Specialised food,,,
624,ECTM.S1AG1221,2018.01,185.7,,F,Dollars,6,Electronic Card Transactions (ANZSIC06) - ECT,Private - Values - Electronic card transactions  A/S/T by industry,Actual,Specialised food,,,
625,ECTM.S1AG1221,2018.02,179.6,,F,Dollars,6,Electronic Card Transactions (ANZSIC06) - ECT,Private - Values - Electronic card transactions  A/S/T by industry,Actual,Specialised food,,,
626,ECTM.S1AG1221,2018.03,209.9,,F,Dollars,6,Electronic Card Transactions (ANZSIC06) - ECT,Private - Values - Electronic card transactions  A/S/T by industry,Actual,Specialised food,,,
627,ECTM.S1AG1221,2018.04,186.9,,F,Dollars,6,Electronic Card Transactions (ANZSIC06) - ECT,Private - Values - Electronic card transactions  A/S/T by industry,Actual,Specialised food,,,
628,ECTM.S1AG1221,2018.05,198.8,,F,Dollars,6,Electronic Card Transactions (ANZSIC06) - ECT,Private - Values - Electronic card transactions  A/S/T by industry,Actual,Specialised food,,,
629,ECTM.S1AG1221,2018.06,193.2,,F,Dollars,6,Electronic Card Transactions (ANZSIC06) - ECT,Private - Values - Electronic card transactions  A/S/T by industry,Actual,Specialised food,,,
630,ECTM.S1AG1221,2018.07,194.1,,F,Dollars,6,Electronic Card Transactions (ANZSIC06) - ECT,Private - Values - Electronic card transactions  A/S/T by industry,Actual,Specialised food,,,
631,ECTM.S1AG1221,2018.08,203.3,,F,Dollars,6,Electronic Card Transactions (ANZSIC06) - ECT,Private - Values - Electronic card transactions  A/S/T by industry,Actual,Specialised food,,,
632,ECTM.S1AG1221,2018.09,198.9,,F,Dollars,6,Electronic Card Transactions (ANZSIC06) - ECT,Private - Values - Electronic card transactions  A/S/T by industry,Actual,Specialised food,,,
633,ECTM.S1AG1221,2018.1,206.8,,F,Dollars,6,Electronic Card Transactions (ANZSIC06) - ECT,Private - Values - Electronic card transactions  A/S/T by industry,Actual,Specialised food,,,
634,ECTM.S1AG1221,2018.11,212.6,,F,Dollars,6,Electronic Card Transactions (ANZSIC06) - ECT,Private - Values - Electronic card transactions  A/S/T by industry,Actual,Specialised food,,,
635,ECTM.S1AG1221,2018.12,245.6,,F,Dollars,6,Electronic Card Transactions (ANZSIC06) - ECT,Private - Values - Electronic card transactions  A/S/T by industry,Actual,Specialised food,,,
636,ECTM.S1AG1221,2019.01,195.5,,F,Dollars,6,Electronic Card Transactions (ANZSIC06) - ECT,Private - Values - Electronic card transactions  A/S/T by industry,Actual,Specialised food,,,
637,ECTM.S1AG1221,2019.02,187.9,,F,Dollars,6,Electronic Card Transactions (ANZSIC06) - ECT,Private - Values - Electronic card transactions  A/S/T by industry,Actual,Specialised food,,,
638,ECTM.S1AG1221,2019.03,209.2,,F,Dollars,6,Electronic Card Transactions (ANZSIC06) - ECT,Private - Values - Electronic card transactions  A/S/T by industry,Actual,Specialised food,,,
639,ECTM.S1AG1221,2019.04,193.2,,F,Dollars,6,Electronic Card Transactions (ANZSIC06) - ECT,Private - Values - Electronic card transactions  A/S/T by industry,Actual,Specialised food,,,
640,ECTM.S1AG1221,2019.05,202.9,,F,Dollars,6,Electronic Card Transactions (ANZSIC06) - ECT,Private - Values - Electronic card transactions  A/S/T by industry,Actual,Specialised food,,,
641,ECTM.S1AG1221,2019.06,189.4,,F,Dollars,6,Electronic Card Transactions (ANZSIC06) - ECT,Private - Values - Electronic card transactions  A/S/T by industry,Actual,Specialised food,,,
642,ECTM.S1AG1221,2019.07,195.2,,F,Dollars,6,Electronic Card Transactions (ANZSIC06) - ECT,Private - Values - Electronic card transactions  A/S/T by industry,Actual,Specialised food,,,
643,ECTM.S1AG1221,2019.08,203.9,,F,Dollars,6,Electronic Card Transactions (ANZSIC06) - ECT,Private - Values - Electronic card transactions  A/S/T by industry,Actual,Specialised food,,,
644,ECTM.S1AG1221,2019.09,196.0,,F,Dollars,6,Electronic Card Transactions (ANZSIC06) - ECT,Private - Values - Electronic card transactions  A/S/T by industry,Actual,Specialised food,,,
645,ECTM.S1AG1221,2019.1,207.8,,F,Dollars,6,Electronic Card Transactions (ANZSIC06) - ECT,Private - Values - Electronic card transactions  A/S/T by industry,Actual,Specialised food,,,
646,ECTM.S1AG1221,2019.11,214.9,,F,Dollars,6,Electronic Card Transactions (ANZSIC06) - ECT,Private - Values - Electronic card transactions  A/S/T by industry,Actual,Specialised food,,,
647,ECTM.S1AG1221,2019.12,248.0,,F,Dollars,6,Electronic Card Transactions (ANZSIC06) - ECT,Private - Values - Electronic card transactions  A/S/T by industry,Actual,Specialised food,,,
648,ECTM.S1AG1221,2020.01,200.3,,F,Dollars,6,Electronic Card Transactions (ANZSIC06) - ECT,Private - Values - Electronic card transactions  A/S/T by industry,Actual,Specialised food,,,
649,ECTM.S1AG1221,2020.02,202.9,,F,Dollars,6,Electronic Card Transactions (ANZSIC06) - ECT,Private - Values - Electronic card transactions  A/S/T by industry,Actual,Specialised food,,,
650,ECTM.S1AG1221,2020.03,213.6,,F,Dollars,6,Electronic Card Transactions (ANZSIC06) - ECT,Private - Values - Electronic card transactions  A/S/T by industry,Actual,Specialised food,,,
651,ECTM.S1AG1221,2020.04,68.8,,F,Dollars,6,Electronic Card Transactions (ANZSIC06) - ECT,Private - Values - Electronic card transactions  A/S/T by industry,Actual,Specialised food,,,
652,ECTM.S1AG1221,2020.05,173.8,,F,Dollars,6,Electronic Card Transactions (ANZSIC06) - ECT,Private - Values - Electronic card transactions  A/S/T by industry,Actual,Specialised food,,,
653,ECTM.S1AG1221,2020.06,206.8,,F,Dollars,6,Electronic Card Transactions (ANZSIC06) - ECT,Private - Values - Electronic card transactions  A/S/T by industry,Actual,Specialised food,,,
654,ECTM.S1AG1221,2020.07,221.7,,F,Dollars,6,Electronic Card Transactions (ANZSIC06) - ECT,Private - Values - Electronic card transactions  A/S/T by industry,Actual,Specialised food,,,
655,ECTM.S1SG1221,2007.03,94.5,,R,Dollars,6,Electronic Card Transactions (ANZSIC06) - ECT,Private - Values - Electronic card transactions  A/S/T by industry,Seasonally adjusted,Specialised food,,,
656,ECTM.S1SG1221,2007.04,95.8,,R,Dollars,6,Electronic Card Transactions (ANZSIC06) - ECT,Private - Values - Electronic card transactions  A/S/T by industry,Seasonally adjusted,Specialised food,,,
657,ECTM.S1SG1221,2007.05,96.8,,R,Dollars,6,Electronic Card Transactions (ANZSIC06) - ECT,Private - Values - Electronic card transactions  A/S/T by industry,Seasonally adjusted,Specialised food,,,
658,ECTM.S1SG1221,2007.06,96.8,,R,Dollars,6,Electronic Card Transactions (ANZSIC06) - ECT,Private - Values - Electronic card transactions  A/S/T by industry,Seasonally adjusted,Specialised food,,,
659,ECTM.S1SG1221,2007.07,96.4,,R,Dollars,6,Electronic Card Transactions (ANZSIC06) - ECT,Private - Values - Electronic card transactions  A/S/T by industry,Seasonally adjusted,Specialised food,,,
660,ECTM.S1SG1221,2007.08,97.3,,R,Dollars,6,Electronic Card Transactions (ANZSIC06) - ECT,Private - Values - Electronic card transactions  A/S/T by industry,Seasonally adjusted,Specialised food,,,
661,ECTM.S1SG1221,2007.09,97.8,,R,Dollars,6,Electronic Card Transactions (ANZSIC06) - ECT,Private - Values - Electronic card transactions  A/S/T by industry,Seasonally adjusted,Specialised food,,,
662,ECTM.S1SG1221,2007.1,99.2,,R,Dollars,6,Electronic Card Transactions (ANZSIC06) - ECT,Private - Values - Electronic card transactions  A/S/T by industry,Seasonally adjusted,Specialised food,,,
663,ECTM.S1SG1221,2007.11,100.1,,R,Dollars,6,Electronic Card Transactions (ANZSIC06) - ECT,Private - Values - Electronic card transactions  A/S/T by industry,Seasonally adjusted,Specialised food,,,
664,ECTM.S1SG1221,2007.12,100.9,,R,Dollars,6,Electronic Card Transactions (ANZSIC06) - ECT,Private - Values - Electronic card transactions  A/S/T by industry,Seasonally adjusted,Specialised food,,,
665,ECTM.S1SG1221,2008.01,101.4,,R,Dollars,6,Electronic Card Transactions (ANZSIC06) - ECT,Private - Values - Electronic card transactions  A/S/T by industry,Seasonally adjusted,Specialised food,,,
666,ECTM.S1SG1221,2008.02,103.7,,R,Dollars,6,Electronic Card Transactions (ANZSIC06) - ECT,Private - Values - Electronic card transactions  A/S/T by industry,Seasonally adjusted,Specialised food,,,
667,ECTM.S1SG1221,2008.03,103.9,,R,Dollars,6,Electronic Card Transactions (ANZSIC06) - ECT,Private - Values - Electronic card transactions  A/S/T by industry,Seasonally adjusted,Specialised food,,,
668,ECTM.S1SG1221,2008.04,105.0,,R,Dollars,6,Electronic Card Transactions (ANZSIC06) - ECT,Private - Values - Electronic card transactions  A/S/T by industry,Seasonally adjusted,Specialised food,,,
669,ECTM.S1SG1221,2008.05,106.3,,R,Dollars,6,Electronic Card Transactions (ANZSIC06) - ECT,Private - Values - Electronic card transactions  A/S/T by industry,Seasonally adjusted,Specialised food,,,
670,ECTM.S1SG1221,2008.06,105.9,,R,Dollars,6,Electronic Card Transactions (ANZSIC06) - ECT,Private - Values - Electronic card transactions  A/S/T by industry,Seasonally adjusted,Specialised food,,,
671,ECTM.S1SG1221,2008.07,105.0,,R,Dollars,6,Electronic Card Transactions (ANZSIC06) - ECT,Private - Values - Electronic card transactions  A/S/T by industry,Seasonally adjusted,Specialised food,,,
672,ECTM.S1SG1221,2008.08,107.7,,R,Dollars,6,Electronic Card Transactions (ANZSIC06) - ECT,Private - Values - Electronic card transactions  A/S/T by industry,Seasonally adjusted,Specialised food,,,
673,ECTM.S1SG1221,2008.09,110.7,,R,Dollars,6,Electronic Card Transactions (ANZSIC06) - ECT,Private - Values - Electronic card transactions  A/S/T by industry,Seasonally adjusted,Specialised food,,,
674,ECTM.S1SG1221,2008.1,111.8,,R,Dollars,6,Electronic Card Transactions (ANZSIC06) - ECT,Private - Values - Electronic card transactions  A/S/T by industry,Seasonally adjusted,Specialised food,,,
675,ECTM.S1SG1221,2008.11,114.3,,R,Dollars,6,Electronic Card Transactions (ANZSIC06) - ECT,Private - Values - Electronic card transactions  A/S/T by industry,Seasonally adjusted,Specialised food,,,
676,ECTM.S1SG1221,2008.12,114.7,,R,Dollars,6,Electronic Card Transactions (ANZSIC06) - ECT,Private - Values - Electronic card transactions  A/S/T by industry,Seasonally adjusted,Specialised food,,,
677,ECTM.S1SG1221,2009.01,115.9,,R,Dollars,6,Electronic Card Transactions (ANZSIC06) - ECT,Private - Values - Electronic card transactions  A/S/T by industry,Seasonally adjusted,Specialised food,,,
678,ECTM.S1SG1221,2009.02,115.1,,R,Dollars,6,Electronic Card Transactions (ANZSIC06) - ECT,Private - Values - Electronic card transactions  A/S/T by industry,Seasonally adjusted,Specialised food,,,
679,ECTM.S1SG1221,2009.03,117.2,,R,Dollars,6,Electronic Card Transactions (ANZSIC06) - ECT,Private - Values - Electronic card transactions  A/S/T by industry,Seasonally adjusted,Specialised food,,,
680,ECTM.S1SG1221,2009.04,120.0,,R,Dollars,6,Electronic Card Transactions (ANZSIC06) - ECT,Private - Values - Electronic card transactions  A/S/T by industry,Seasonally adjusted,Specialised food,,,
681,ECTM.S1SG1221,2009.05,118.2,,R,Dollars,6,Electronic Card Transactions (ANZSIC06) - ECT,Private - Values - Electronic card transactions  A/S/T by industry,Seasonally adjusted,Specialised food,,,
682,ECTM.S1SG1221,2009.06,119.2,,R,Dollars,6,Electronic Card Transactions (ANZSIC06) - ECT,Private - Values - Electronic card transactions  A/S/T by industry,Seasonally adjusted,Specialised food,,,
683,ECTM.S1SG1221,2009.07,120.6,,R,Dollars,6,Electronic Card Transactions (ANZSIC06) - ECT,Private - Values - Electronic card transactions  A/S/T by industry,Seasonally adjusted,Specialised food,,,
684,ECTM.S1SG1221,2009.08,121.8,,R,Dollars,6,Electronic Card Transactions (ANZSIC06) - ECT,Private - Values - Electronic card transactions  A/S/T by industry,Seasonally adjusted,Specialised food,,,
685,ECTM.S1SG1221,2009.09,121.4,,R,Dollars,6,Electronic Card Transactions (ANZSIC06) - ECT,Private - Values - Electronic card transactions  A/S/T by industry,Seasonally adjusted,Specialised food,,,
686,ECTM.S1SG1221,2009.1,120.0,,R,Dollars,6,Electronic Card Transactions (ANZSIC06) - ECT,Private - Values - Electronic card transactions  A/S/T by industry,Seasonally adjusted,Specialised food,,,
687,ECTM.S1SG1221,2009.11,119.0,,R,Dollars,6,Electronic Card Transactions (ANZSIC06) - ECT,Private - Values - Electronic card transactions  A/S/T by industry,Seasonally adjusted,Specialised food,,,
688,ECTM.S1SG1221,2009.12,121.1,,R,Dollars,6,Electronic Card Transactions (ANZSIC06) - ECT,Private - Values - Electronic card transactions  A/S/T by industry,Seasonally adjusted,Specialised food,,,
689,ECTM.S1SG1221,2010.01,121.2,,R,Dollars,6,Electronic Card Transactions (ANZSIC06) - ECT,Private - Values - Electronic card transactions  A/S/T by industry,Seasonally adjusted,Specialised food,,,
690,ECTM.S1SG1221,2010.02,122.0,,R,Dollars,6,Electronic Card Transactions (ANZSIC06) - ECT,Private - Values - Electronic card transactions  A/S/T by industry,Seasonally adjusted,Specialised food,,,
691,ECTM.S1SG1221,2010.03,123.7,,R,Dollars,6,Electronic Card Transactions (ANZSIC06) - ECT,Private - Values - Electronic card transactions  A/S/T by industry,Seasonally adjusted,Specialised food,,,
692,ECTM.S1SG1221,2010.04,121.7,,R,Dollars,6,Electronic Card Transactions (ANZSIC06) - ECT,Private - Values - Electronic card transactions  A/S/T by industry,Seasonally adjusted,Specialised food,,,
693,ECTM.S1SG1221,2010.05,121.1,,R,Dollars,6,Electronic Card Transactions (ANZSIC06) - ECT,Private - Values - Electronic card transactions  A/S/T by industry,Seasonally adjusted,Specialised food,,,
694,ECTM.S1SG1221,2010.06,122.1,,R,Dollars,6,Electronic Card Transactions (ANZSIC06) - ECT,Private - Values - Electronic card transactions  A/S/T by industry,Seasonally adjusted,Specialised food,,,
695,ECTM.S1SG1221,2010.07,123.4,,R,Dollars,6,Electronic Card Transactions (ANZSIC06) - ECT,Private - Values - Electronic card transactions  A/S/T by industry,Seasonally adjusted,Specialised food,,,
696,ECTM.S1SG1221,2010.08,123.2,,R,Dollars,6,Electronic Card Transactions (ANZSIC06) - ECT,Private - Values - Electronic card transactions  A/S/T by industry,Seasonally adjusted,Specialised food,,,
697,ECTM.S1SG1221,2010.09,124.1,,R,Dollars,6,Electronic Card Transactions (ANZSIC06) - ECT,Private - Values - Electronic card transactions  A/S/T by industry,Seasonally adjusted,Specialised food,,,
698,ECTM.S1SG1221,2010.1,127.5,,R,Dollars,6,Electronic Card Transactions (ANZSIC06) - ECT,Private - Values - Electronic card transactions  A/S/T by industry,Seasonally adjusted,Specialised food,,,
699,ECTM.S1SG1221,2010.11,128.2,,R,Dollars,6,Electronic Card Transactions (ANZSIC06) - ECT,Private - Values - Electronic card transactions  A/S/T by industry,Seasonally adjusted,Specialised food,,,
700,ECTM.S1SG1221,2010.12,128.9,,R,Dollars,6,Electronic Card Transactions (ANZSIC06) - ECT,Private - Values - Electronic card transactions  A/S/T by industry,Seasonally adjusted,Specialised food,,,
701,ECTM.S1SG1221,2011.01,128.4,,R,Dollars,6,Electronic Card Transactions (ANZSIC06) - ECT,Private - Values - Electronic card transactions  A/S/T by industry,Seasonally adjusted,Specialised food,,,
702,ECTM.S1SG1221,2011.02,129.0,,R,Dollars,6,Electronic Card Transactions (ANZSIC06) - ECT,Private - Values - Electronic card transactions  A/S/T by industry,Seasonally adjusted,Specialised food,,,
703,ECTM.S1SG1221,2011.03,129.6,,R,Dollars,6,Electronic Card Transactions (ANZSIC06) - ECT,Private - Values - Electronic card transactions  A/S/T by industry,Seasonally adjusted,Specialised food,,,
704,ECTM.S1SG1221,2011.04,130.6,,R,Dollars,6,Electronic Card Transactions (ANZSIC06) - ECT,Private - Values - Electronic card transactions  A/S/T by industry,Seasonally adjusted,Specialised food,,,
705,ECTM.S1SG1221,2011.05,131.2,,R,Dollars,6,Electronic Card Transactions (ANZSIC06) - ECT,Private - Values - Electronic card transactions  A/S/T by industry,Seasonally adjusted,Specialised food,,,
706,ECTM.S1SG1221,2011.06,133.3,,R,Dollars,6,Electronic Card Transactions (ANZSIC06) - ECT,Private - Values - Electronic card transactions  A/S/T by industry,Seasonally adjusted,Specialised food,,,
707,ECTM.S1SG1221,2011.07,132.9,,R,Dollars,6,Electronic Card Transactions (ANZSIC06) - ECT,Private - Values - Electronic card transactions  A/S/T by industry,Seasonally adjusted,Specialised food,,,
708,ECTM.S1SG1221,2011.08,134.9,,R,Dollars,6,Electronic Card Transactions (ANZSIC06) - ECT,Private - Values - Electronic card transactions  A/S/T by industry,Seasonally adjusted,Specialised food,,,
709,ECTM.S1SG1221,2011.09,135.2,,R,Dollars,6,Electronic Card Transactions (ANZSIC06) - ECT,Private - Values - Electronic card transactions  A/S/T by industry,Seasonally adjusted,Specialised food,,,
710,ECTM.S1SG1221,2011.1,133.8,,R,Dollars,6,Electronic Card Transactions (ANZSIC06) - ECT,Private - Values - Electronic card transactions  A/S/T by industry,Seasonally adjusted,Specialised food,,,
711,ECTM.S1SG1221,2011.11,132.9,,R,Dollars,6,Electronic Card Transactions (ANZSIC06) - ECT,Private - Values - Electronic card transactions  A/S/T by industry,Seasonally adjusted,Specialised food,,,
712,ECTM.S1SG1221,2011.12,132.5,,R,Dollars,6,Electronic Card Transactions (ANZSIC06) - ECT,Private - Values - Electronic card transactions  A/S/T by industry,Seasonally adjusted,Specialised food,,,
713,ECTM.S1SG1221,2012.01,135.1,,R,Dollars,6,Electronic Card Transactions (ANZSIC06) - ECT,Private - Values - Electronic card transactions  A/S/T by industry,Seasonally adjusted,Specialised food,,,
714,ECTM.S1SG1221,2012.02,134.5,,R,Dollars,6,Electronic Card Transactions (ANZSIC06) - ECT,Private - Values - Electronic card transactions  A/S/T by industry,Seasonally adjusted,Specialised food,,,
715,ECTM.S1SG1221,2012.03,134.3,,R,Dollars,6,Electronic Card Transactions (ANZSIC06) - ECT,Private - Values - Electronic card transactions  A/S/T by industry,Seasonally adjusted,Specialised food,,,
716,ECTM.S1SG1221,2012.04,135.8,,R,Dollars,6,Electronic Card Transactions (ANZSIC06) - ECT,Private - Values - Electronic card transactions  A/S/T by industry,Seasonally adjusted,Specialised food,,,
717,ECTM.S1SG1221,2012.05,138.1,,R,Dollars,6,Electronic Card Transactions (ANZSIC06) - ECT,Private - Values - Electronic card transactions  A/S/T by industry,Seasonally adjusted,Specialised food,,,
718,ECTM.S1SG1221,2012.06,137.0,,R,Dollars,6,Electronic Card Transactions (ANZSIC06) - ECT,Private - Values - Electronic card transactions  A/S/T by industry,Seasonally adjusted,Specialised food,,,
719,ECTM.S1SG1221,2012.07,137.8,,R,Dollars,6,Electronic Card Transactions (ANZSIC06) - ECT,Private - Values - Electronic card transactions  A/S/T by industry,Seasonally adjusted,Specialised food,,,
720,ECTM.S1SG1221,2012.08,138.3,,R,Dollars,6,Electronic Card Transactions (ANZSIC06) - ECT,Private - Values - Electronic card transactions  A/S/T by industry,Seasonally adjusted,Specialised food,,,
721,ECTM.S1SG1221,2012.09,138.6,,R,Dollars,6,Electronic Card Transactions (ANZSIC06) - ECT,Private - Values - Electronic card transactions  A/S/T by industry,Seasonally adjusted,Specialised food,,,
722,ECTM.S1SG1221,2012.1,138.6,,R,Dollars,6,Electronic Card Transactions (ANZSIC06) - ECT,Private - Values - Electronic card transactions  A/S/T by industry,Seasonally adjusted,Specialised food,,,
723,ECTM.S1SG1221,2012.11,139.6,,R,Dollars,6,Electronic Card Transactions (ANZSIC06) - ECT,Private - Values - Electronic card transactions  A/S/T by industry,Seasonally adjusted,Specialised food,,,
724,ECTM.S1SG1221,2012.12,140.1,,R,Dollars,6,Electronic Card Transactions (ANZSIC06) - ECT,Private - Values - Electronic card transactions  A/S/T by industry,Seasonally adjusted,Specialised food,,,
725,ECTM.S1SG1221,2013.01,141.1,,R,Dollars,6,Electronic Card Transactions (ANZSIC06) - ECT,Private - Values - Electronic card transactions  A/S/T by industry,Seasonally adjusted,Specialised food,,,
726,ECTM.S1SG1221,2013.02,142.5,,R,Dollars,6,Electronic Card Transactions (ANZSIC06) - ECT,Private - Values - Electronic card transactions  A/S/T by industry,Seasonally adjusted,Specialised food,,,
727,ECTM.S1SG1221,2013.03,141.7,,R,Dollars,6,Electronic Card Transactions (ANZSIC06) - ECT,Private - Values - Electronic card transactions  A/S/T by industry,Seasonally adjusted,Specialised food,,,
728,ECTM.S1SG1221,2013.04,141.5,,R,Dollars,6,Electronic Card Transactions (ANZSIC06) - ECT,Private - Values - Electronic card transactions  A/S/T by industry,Seasonally adjusted,Specialised food,,,
729,ECTM.S1SG1221,2013.05,142.4,,R,Dollars,6,Electronic Card Transactions (ANZSIC06) - ECT,Private - Values - Electronic card transactions  A/S/T by industry,Seasonally adjusted,Specialised food,,,
730,ECTM.S1SG1221,2013.06,143.7,,R,Dollars,6,Electronic Card Transactions (ANZSIC06) - ECT,Private - Values - Electronic card transactions  A/S/T by industry,Seasonally adjusted,Specialised food,,,
731,ECTM.S1SG1221,2013.07,145.2,,R,Dollars,6,Electronic Card Transactions (ANZSIC06) - ECT,Private - Values - Electronic card transactions  A/S/T by industry,Seasonally adjusted,Specialised food,,,
732,ECTM.S1SG1221,2013.08,144.7,,R,Dollars,6,Electronic Card Transactions (ANZSIC06) - ECT,Private - Values - Electronic card transactions  A/S/T by industry,Seasonally adjusted,Specialised food,,,
733,ECTM.S1SG1221,2013.09,146.2,,R,Dollars,6,Electronic Card Transactions (ANZSIC06) - ECT,Private - Values - Electronic card transactions  A/S/T by industry,Seasonally adjusted,Specialised food,,,
734,ECTM.S1SG1221,2013.1,148.1,,R,Dollars,6,Electronic Card Transactions (ANZSIC06) - ECT,Private - Values - Electronic card transactions  A/S/T by industry,Seasonally adjusted,Specialised food,,,
735,ECTM.S1SG1221,2013.11,149.4,,R,Dollars,6,Electronic Card Transactions (ANZSIC06) - ECT,Private - Values - Electronic card transactions  A/S/T by industry,Seasonally adjusted,Specialised food,,,
736,ECTM.S1SG1221,2013.12,152.9,,R,Dollars,6,Electronic Card Transactions (ANZSIC06) - ECT,Private - Values - Electronic card transactions  A/S/T by industry,Seasonally adjusted,Specialised food,,,
737,ECTM.S1SG1221,2014.01,152.1,,R,Dollars,6,Electronic Card Transactions (ANZSIC06) - ECT,Private - Values - Electronic card transactions  A/S/T by industry,Seasonally adjusted,Specialised food,,,
738,ECTM.S1SG1221,2014.02,152.9,,R,Dollars,6,Electronic Card Transactions (ANZSIC06) - ECT,Private - Values - Electronic card transactions  A/S/T by industry,Seasonally adjusted,Specialised food,,,
739,ECTM.S1SG1221,2014.03,155.5,,R,Dollars,6,Electronic Card Transactions (ANZSIC06) - ECT,Private - Values - Electronic card transactions  A/S/T by industry,Seasonally adjusted,Specialised food,,,
740,ECTM.S1SG1221,2014.04,158.1,,R,Dollars,6,Electronic Card Transactions (ANZSIC06) - ECT,Private - Values - Electronic card transactions  A/S/T by industry,Seasonally adjusted,Specialised food,,,
741,ECTM.S1SG1221,2014.05,159.2,,R,Dollars,6,Electronic Card Transactions (ANZSIC06) - ECT,Private - Values - Electronic card transactions  A/S/T by industry,Seasonally adjusted,Specialised food,,,
742,ECTM.S1SG1221,2014.06,159.8,,R,Dollars,6,Electronic Card Transactions (ANZSIC06) - ECT,Private - Values - Electronic card transactions  A/S/T by industry,Seasonally adjusted,Specialised food,,,
743,ECTM.S1SG1221,2014.07,159.7,,R,Dollars,6,Electronic Card Transactions (ANZSIC06) - ECT,Private - Values - Electronic card transactions  A/S/T by industry,Seasonally adjusted,Specialised food,,,
744,ECTM.S1SG1221,2014.08,162.1,,R,Dollars,6,Electronic Card Transactions (ANZSIC06) - ECT,Private - Values - Electronic card transactions  A/S/T by industry,Seasonally adjusted,Specialised food,,,
745,ECTM.S1SG1221,2014.09,161.6,,R,Dollars,6,Electronic Card Transactions (ANZSIC06) - ECT,Private - Values - Electronic card transactions  A/S/T by industry,Seasonally adjusted,Specialised food,,,
746,ECTM.S1SG1221,2014.1,164.0,,R,Dollars,6,Electronic Card Transactions (ANZSIC06) - ECT,Private - Values - Electronic card transactions  A/S/T by industry,Seasonally adjusted,Specialised food,,,
747,ECTM.S1SG1221,2014.11,165.1,,R,Dollars,6,Electronic Card Transactions (ANZSIC06) - ECT,Private - Values - Electronic card transactions  A/S/T by industry,Seasonally adjusted,Specialised food,,,
748,ECTM.S1SG1221,2014.12,167.4,,R,Dollars,6,Electronic Card Transactions (ANZSIC06) - ECT,Private - Values - Electronic card transactions  A/S/T by industry,Seasonally adjusted,Specialised food,,,
749,ECTM.S1SG1221,2015.01,168.6,,R,Dollars,6,Electronic Card Transactions (ANZSIC06) - ECT,Private - Values - Electronic card transactions  A/S/T by industry,Seasonally adjusted,Specialised food,,,
750,ECTM.S1SG1221,2015.02,168.7,,R,Dollars,6,Electronic Card Transactions (ANZSIC06) - ECT,Private - Values - Electronic card transactions  A/S/T by industry,Seasonally adjusted,Specialised food,,,
751,ECTM.S1SG1221,2015.03,170.4,,R,Dollars,6,Electronic Card Transactions (ANZSIC06) - ECT,Private - Values - Electronic card transactions  A/S/T by industry,Seasonally adjusted,Specialised food,,,
752,ECTM.S1SG1221,2015.04,167.9,,R,Dollars,6,Electronic Card Transactions (ANZSIC06) - ECT,Private - Values - Electronic card transactions  A/S/T by industry,Seasonally adjusted,Specialised food,,,
753,ECTM.S1SG1221,2015.05,169.0,,R,Dollars,6,Electronic Card Transactions (ANZSIC06) - ECT,Private - Values - Electronic card transactions  A/S/T by industry,Seasonally adjusted,Specialised food,,,
754,ECTM.S1SG1221,2015.06,169.4,,R,Dollars,6,Electronic Card Transactions (ANZSIC06) - ECT,Private - Values - Electronic card transactions  A/S/T by industry,Seasonally adjusted,Specialised food,,,
755,ECTM.S1SG1221,2015.07,170.3,,R,Dollars,6,Electronic Card Transactions (ANZSIC06) - ECT,Private - Values - Electronic card transactions  A/S/T by industry,Seasonally adjusted,Specialised food,,,
756,ECTM.S1SG1221,2015.08,172.1,,R,Dollars,6,Electronic Card Transactions (ANZSIC06) - ECT,Private - Values - Electronic card transactions  A/S/T by industry,Seasonally adjusted,Specialised food,,,
757,ECTM.S1SG1221,2015.09,173.0,,R,Dollars,6,Electronic Card Transactions (ANZSIC06) - ECT,Private - Values - Electronic card transactions  A/S/T by industry,Seasonally adjusted,Specialised food,,,
758,ECTM.S1SG1221,2015.1,171.6,,R,Dollars,6,Electronic Card Transactions (ANZSIC06) - ECT,Private - Values - Electronic card transactions  A/S/T by industry,Seasonally adjusted,Specialised food,,,
759,ECTM.S1SG1221,2015.11,174.5,,R,Dollars,6,Electronic Card Transactions (ANZSIC06) - ECT,Private - Values - Electronic card transactions  A/S/T by industry,Seasonally adjusted,Specialised food,,,
760,ECTM.S1SG1221,2015.12,175.6,,R,Dollars,6,Electronic Card Transactions (ANZSIC06) - ECT,Private - Values - Electronic card transactions  A/S/T by industry,Seasonally adjusted,Specialised food,,,
761,ECTM.S1SG1221,2016.01,174.7,,R,Dollars,6,Electronic Card Transactions (ANZSIC06) - ECT,Private - Values - Electronic card transactions  A/S/T by industry,Seasonally adjusted,Specialised food,,,
762,ECTM.S1SG1221,2016.02,174.9,,R,Dollars,6,Electronic Card Transactions (ANZSIC06) - ECT,Private - Values - Electronic card transactions  A/S/T by industry,Seasonally adjusted,Specialised food,,,
763,ECTM.S1SG1221,2016.03,174.9,,R,Dollars,6,Electronic Card Transactions (ANZSIC06) - ECT,Private - Values - Electronic card transactions  A/S/T by industry,Seasonally adjusted,Specialised food,,,
764,ECTM.S1SG1221,2016.04,179.1,,R,Dollars,6,Electronic Card Transactions (ANZSIC06) - ECT,Private - Values - Electronic card transactions  A/S/T by industry,Seasonally adjusted,Specialised food,,,
765,ECTM.S1SG1221,2016.05,175.2,,R,Dollars,6,Electronic Card Transactions (ANZSIC06) - ECT,Private - Values - Electronic card transactions  A/S/T by industry,Seasonally adjusted,Specialised food,,,
766,ECTM.S1SG1221,2016.06,176.7,,R,Dollars,6,Electronic Card Transactions (ANZSIC06) - ECT,Private - Values - Electronic card transactions  A/S/T by industry,Seasonally adjusted,Specialised food,,,
767,ECTM.S1SG1221,2016.07,176.7,,R,Dollars,6,Electronic Card Transactions (ANZSIC06) - ECT,Private - Values - Electronic card transactions  A/S/T by industry,Seasonally adjusted,Specialised food,,,
768,ECTM.S1SG1221,2016.08,174.6,,R,Dollars,6,Electronic Card Transactions (ANZSIC06) - ECT,Private - Values - Electronic card transactions  A/S/T by industry,Seasonally adjusted,Specialised food,,,
769,ECTM.S1SG1221,2016.09,175.3,,R,Dollars,6,Electronic Card Transactions (ANZSIC06) - ECT,Private - Values - Electronic card transactions  A/S/T by industry,Seasonally adjusted,Specialised food,,,
770,ECTM.S1SG1221,2016.1,176.7,,R,Dollars,6,Electronic Card Transactions (ANZSIC06) - ECT,Private - Values - Electronic card transactions  A/S/T by industry,Seasonally adjusted,Specialised food,,,
771,ECTM.S1SG1221,2016.11,175.3,,R,Dollars,6,Electronic Card Transactions (ANZSIC06) - ECT,Private - Values - Electronic card transactions  A/S/T by industry,Seasonally adjusted,Specialised food,,,
772,ECTM.S1SG1221,2016.12,178.0,,R,Dollars,6,Electronic Card Transactions (ANZSIC06) - ECT,Private - Values - Electronic card transactions  A/S/T by industry,Seasonally adjusted,Specialised food,,,
773,ECTM.S1SG1221,2017.01,185.1,,R,Dollars,6,Electronic Card Transactions (ANZSIC06) - ECT,Private - Values - Electronic card transactions  A/S/T by industry,Seasonally adjusted,Specialised food,,,
774,ECTM.S1SG1221,2017.02,184.6,,R,Dollars,6,Electronic Card Transactions (ANZSIC06) - ECT,Private - Values - Electronic card transactions  A/S/T by industry,Seasonally adjusted,Specialised food,,,
775,ECTM.S1SG1221,2017.03,185.4,,R,Dollars,6,Electronic Card Transactions (ANZSIC06) - ECT,Private - Values - Electronic card transactions  A/S/T by industry,Seasonally adjusted,Specialised food,,,
776,ECTM.S1SG1221,2017.04,189.1,,R,Dollars,6,Electronic Card Transactions (ANZSIC06) - ECT,Private - Values - Electronic card transactions  A/S/T by industry,Seasonally adjusted,Specialised food,,,
777,ECTM.S1SG1221,2017.05,190.6,,R,Dollars,6,Electronic Card Transactions (ANZSIC06) - ECT,Private - Values - Electronic card transactions  A/S/T by industry,Seasonally adjusted,Specialised food,,,
778,ECTM.S1SG1221,2017.06,192.2,,R,Dollars,6,Electronic Card Transactions (ANZSIC06) - ECT,Private - Values - Electronic card transactions  A/S/T by industry,Seasonally adjusted,Specialised food,,,
779,ECTM.S1SG1221,2017.07,191.6,,R,Dollars,6,Electronic Card Transactions (ANZSIC06) - ECT,Private - Values - Electronic card transactions  A/S/T by industry,Seasonally adjusted,Specialised food,,,
780,ECTM.S1SG1221,2017.08,191.6,,R,Dollars,6,Electronic Card Transactions (ANZSIC06) - ECT,Private - Values - Electronic card transactions  A/S/T by industry,Seasonally adjusted,Specialised food,,,
781,ECTM.S1SG1221,2017.09,191.7,,R,Dollars,6,Electronic Card Transactions (ANZSIC06) - ECT,Private - Values - Electronic card transactions  A/S/T by industry,Seasonally adjusted,Specialised food,,,
782,ECTM.S1SG1221,2017.1,194.2,,R,Dollars,6,Electronic Card Transactions (ANZSIC06) - ECT,Private - Values - Electronic card transactions  A/S/T by industry,Seasonally adjusted,Specialised food,,,
783,ECTM.S1SG1221,2017.11,196.5,,R,Dollars,6,Electronic Card Transactions (ANZSIC06) - ECT,Private - Values - Electronic card transactions  A/S/T by industry,Seasonally adjusted,Specialised food,,,
784,ECTM.S1SG1221,2017.12,196.3,,R,Dollars,6,Electronic Card Transactions (ANZSIC06) - ECT,Private - Values - Electronic card transactions  A/S/T by industry,Seasonally adjusted,Specialised food,,,
785,ECTM.S1SG1221,2018.01,194.4,,R,Dollars,6,Electronic Card Transactions (ANZSIC06) - ECT,Private - Values - Electronic card transactions  A/S/T by industry,Seasonally adjusted,Specialised food,,,
786,ECTM.S1SG1221,2018.02,194.0,,R,Dollars,6,Electronic Card Transactions (ANZSIC06) - ECT,Private - Values - Electronic card transactions  A/S/T by industry,Seasonally adjusted,Specialised food,,,
787,ECTM.S1SG1221,2018.03,201.4,,R,Dollars,6,Electronic Card Transactions (ANZSIC06) - ECT,Private - Values - Electronic card transactions  A/S/T by industry,Seasonally adjusted,Specialised food,,,
788,ECTM.S1SG1221,2018.04,198.7,,R,Dollars,6,Electronic Card Transactions (ANZSIC06) - ECT,Private - Values - Electronic card transactions  A/S/T by industry,Seasonally adjusted,Specialised food,,,
789,ECTM.S1SG1221,2018.05,200.3,,R,Dollars,6,Electronic Card Transactions (ANZSIC06) - ECT,Private - Values - Electronic card transactions  A/S/T by industry,Seasonally adjusted,Specialised food,,,
790,ECTM.S1SG1221,2018.06,201.2,,R,Dollars,6,Electronic Card Transactions (ANZSIC06) - ECT,Private - Values - Electronic card transactions  A/S/T by industry,Seasonally adjusted,Specialised food,,,
791,ECTM.S1SG1221,2018.07,202.5,,R,Dollars,6,Electronic Card Transactions (ANZSIC06) - ECT,Private - Values - Electronic card transactions  A/S/T by industry,Seasonally adjusted,Specialised food,,,
792,ECTM.S1SG1221,2018.08,205.2,,R,Dollars,6,Electronic Card Transactions (ANZSIC06) - ECT,Private - Values - Electronic card transactions  A/S/T by industry,Seasonally adjusted,Specialised food,,,
793,ECTM.S1SG1221,2018.09,206.3,,R,Dollars,6,Electronic Card Transactions (ANZSIC06) - ECT,Private - Values - Electronic card transactions  A/S/T by industry,Seasonally adjusted,Specialised food,,,
794,ECTM.S1SG1221,2018.1,205.5,,R,Dollars,6,Electronic Card Transactions (ANZSIC06) - ECT,Private - Values - Electronic card transactions  A/S/T by industry,Seasonally adjusted,Specialised food,,,
795,ECTM.S1SG1221,2018.11,204.3,,R,Dollars,6,Electronic Card Transactions (ANZSIC06) - ECT,Private - Values - Electronic card transactions  A/S/T by industry,Seasonally adjusted,Specialised food,,,
796,ECTM.S1SG1221,2018.12,203.0,,R,Dollars,6,Electronic Card Transactions (ANZSIC06) - ECT,Private - Values - Electronic card transactions  A/S/T by industry,Seasonally adjusted,Specialised food,,,
797,ECTM.S1SG1221,2019.01,203.6,,R,Dollars,6,Electronic Card Transactions (ANZSIC06) - ECT,Private - Values - Electronic card transactions  A/S/T by industry,Seasonally adjusted,Specialised food,,,
798,ECTM.S1SG1221,2019.02,203.0,,R,Dollars,6,Electronic Card Transactions (ANZSIC06) - ECT,Private - Values - Electronic card transactions  A/S/T by industry,Seasonally adjusted,Specialised food,,,
799,ECTM.S1SG1221,2019.03,203.2,,R,Dollars,6,Electronic Card Transactions (ANZSIC06) - ECT,Private - Values - Electronic card transactions  A/S/T by industry,Seasonally adjusted,Specialised food,,,
800,ECTM.S1SG1221,2019.04,202.6,,R,Dollars,6,Electronic Card Transactions (ANZSIC06) - ECT,Private - Values - Electronic card transactions  A/S/T by industry,Seasonally adjusted,Specialised food,,,
801,ECTM.S1SG1221,2019.05,202.9,,R,Dollars,6,Electronic Card Transactions (ANZSIC06) - ECT,Private - Values - Electronic card transactions  A/S/T by industry,Seasonally adjusted,Specialised food,,,
802,ECTM.S1SG1221,2019.06,201.5,,R,Dollars,6,Electronic Card Transactions (ANZSIC06) - ECT,Private - Values - Electronic card transactions  A/S/T by industry,Seasonally adjusted,Specialised food,,,
803,ECTM.S1SG1221,2019.07,202.6,,R,Dollars,6,Electronic Card Transactions (ANZSIC06) - ECT,Private - Values - Electronic card transactions  A/S/T by industry,Seasonally adjusted,Specialised food,,,
804,ECTM.S1SG1221,2019.08,203.3,,R,Dollars,6,Electronic Card Transactions (ANZSIC06) - ECT,Private - Values - Electronic card transactions  A/S/T by industry,Seasonally adjusted,Specialised food,,,
805,ECTM.S1SG1221,2019.09,205.3,,R,Dollars,6,Electronic Card Transactions (ANZSIC06) - ECT,Private - Values - Electronic card transactions  A/S/T by industry,Seasonally adjusted,Specialised food,,,
806,ECTM.S1SG1221,2019.1,204.8,,R,Dollars,6,Electronic Card Transactions (ANZSIC06) - ECT,Private - Values - Electronic card transactions  A/S/T by industry,Seasonally adjusted,Specialised food,,,
807,ECTM.S1SG1221,2019.11,205.8,,R,Dollars,6,Electronic Card Transactions (ANZSIC06) - ECT,Private - Values - Electronic card transactions  A/S/T by industry,Seasonally adjusted,Specialised food,,,
808,ECTM.S1SG1221,2019.12,206.2,,R,Dollars,6,Electronic Card Transactions (ANZSIC06) - ECT,Private - Values - Electronic card transactions  A/S/T by industry,Seasonally adjusted,Specialised food,,,
809,ECTM.S1SG1221,2020.01,207.3,,R,Dollars,6,Electronic Card Transactions (ANZSIC06) - ECT,Private - Values - Electronic card transactions  A/S/T by industry,Seasonally adjusted,Specialised food,,,
810,ECTM.S1SG1221,2020.02,210.3,,R,Dollars,6,Electronic Card Transactions (ANZSIC06) - ECT,Private - Values - Electronic card transactions  A/S/T by industry,Seasonally adjusted,Specialised food,,,
811,ECTM.S1SG1221,2020.03,211.3,,R,Dollars,6,Electronic Card Transactions (ANZSIC06) - ECT,Private - Values - Electronic card transactions  A/S/T by industry,Seasonally adjusted,Specialised food,,,
812,ECTM.S1SG1221,2020.04,72.0,,R,Dollars,6,Electronic Card Transactions (ANZSIC06) - ECT,Private - Values - Electronic card transactions  A/S/T by industry,Seasonally adjusted,Specialised food,,,
813,ECTM.S1SG1221,2020.05,174.2,,R,Dollars,6,Electronic Card Transactions (ANZSIC06) - ECT,Private - Values - Electronic card transactions  A/S/T by industry,Seasonally adjusted,Specialised food,,,
814,ECTM.S1SG1221,2020.06,220.0,,R,Dollars,6,Electronic Card Transactions (ANZSIC06) - ECT,Private - Values - Electronic card transactions  A/S/T by industry,Seasonally adjusted,Specialised food,,,
815,ECTM.S1SG1221,2020.07,226.7,,F,Dollars,6,Electronic Card Transactions (ANZSIC06) - ECT,Private - Values - Electronic card transactions  A/S/T by industry,Seasonally adjusted,Specialised food,,,
816,ECTM.S1AG1222,2000.01,1.3,,C,Dollars,6,Electronic Card Transactions (ANZSIC06) - ECT,Private - Values - Electronic card transactions  A/S/T by industry,Actual,Liquor,,,
817,ECTM.S1AG1222,2000.02,1.2,,C,Dollars,6,Electronic Card Transactions (ANZSIC06) - ECT,Private - Values - Electronic card transactions  A/S/T by industry,Actual,Liquor,,,
818,ECTM.S1AG1222,2000.03,1.2,,C,Dollars,6,Electronic Card Transactions (ANZSIC06) - ECT,Private - Values - Electronic card transactions  A/S/T by industry,Actual,Liquor,,,
819,ECTM.S1AG1222,2000.04,1.2,,C,Dollars,6,Electronic Card Transactions (ANZSIC06) - ECT,Private - Values - Electronic card transactions  A/S/T by industry,Actual,Liquor,,,
820,ECTM.S1AG1222,2000.05,0.9,,C,Dollars,6,Electronic Card Transactions (ANZSIC06) - ECT,Private - Values - Electronic card transactions  A/S/T by industry,Actual,Liquor,,,
821,ECTM.S1AG1222,2000.06,0.9,,C,Dollars,6,Electronic Card Transactions (ANZSIC06) - ECT,Private - Values - Electronic card transactions  A/S/T by industry,Actual,Liquor,,,
822,ECTM.S1AG1222,2000.07,0.9,,C,Dollars,6,Electronic Card Transactions (ANZSIC06) - ECT,Private - Values - Electronic card transactions  A/S/T by industry,Actual,Liquor,,,
823,ECTM.S1AG1222,2000.08,1.0,,C,Dollars,6,Electronic Card Transactions (ANZSIC06) - ECT,Private - Values - Electronic card transactions  A/S/T by industry,Actual,Liquor,,,
824,ECTM.S1AG1222,2000.09,1.2,,C,Dollars,6,Electronic Card Transactions (ANZSIC06) - ECT,Private - Values - Electronic card transactions  A/S/T by industry,Actual,Liquor,,,
825,ECTM.S1AG1222,2000.1,1.6,,C,Dollars,6,Electronic Card Transactions (ANZSIC06) - ECT,Private - Values - Electronic card transactions  A/S/T by industry,Actual,Liquor,,,
826,ECTM.S1AG1222,2000.11,2.5,,C,Dollars,6,Electronic Card Transactions (ANZSIC06) - ECT,Private - Values - Electronic card transactions  A/S/T by industry,Actual,Liquor,,,
827,ECTM.S1AG1222,2000.12,4.2,,C,Dollars,6,Electronic Card Transactions (ANZSIC06) - ECT,Private - Values - Electronic card transactions  A/S/T by industry,Actual,Liquor,,,
828,ECTM.S1AG1222,2001.01,2.9,,C,Dollars,6,Electronic Card Transactions (ANZSIC06) - ECT,Private - Values - Electronic card transactions  A/S/T by industry,Actual,Liquor,,,
829,ECTM.S1AG1222,2001.02,2.6,,C,Dollars,6,Electronic Card Transactions (ANZSIC06) - ECT,Private - Values - Electronic card transactions  A/S/T by industry,Actual,Liquor,,,
830,ECTM.S1AG1222,2001.03,2.8,,C,Dollars,6,Electronic Card Transactions (ANZSIC06) - ECT,Private - Values - Electronic card transactions  A/S/T by industry,Actual,Liquor,,,
831,ECTM.S1AG1222,2001.04,2.8,,C,Dollars,6,Electronic Card Transactions (ANZSIC06) - ECT,Private - Values - Electronic card transactions  A/S/T by industry,Actual,Liquor,,,
832,ECTM.S1AG1222,2001.05,2.3,,C,Dollars,6,Electronic Card Transactions (ANZSIC06) - ECT,Private - Values - Electronic card transactions  A/S/T by industry,Actual,Liquor,,,
833,ECTM.S1AG1222,2001.06,2.3,,C,Dollars,6,Electronic Card Transactions (ANZSIC06) - ECT,Private - Values - Electronic card transactions  A/S/T by industry,Actual,Liquor,,,
834,ECTM.S1AG1222,2001.07,2.4,,C,Dollars,6,Electronic Card Transactions (ANZSIC06) - ECT,Private - Values - Electronic card transactions  A/S/T by industry,Actual,Liquor,,,
835,ECTM.S1AG1222,2001.08,45.2,,C,Dollars,6,Electronic Card Transactions (ANZSIC06) - ECT,Private - Values - Electronic card transactions  A/S/T by industry,Actual,Liquor,,,
836,ECTM.S1AG1222,2001.09,45.6,,C,Dollars,6,Electronic Card Transactions (ANZSIC06) - ECT,Private - Values - Electronic card transactions  A/S/T by industry,Actual,Liquor,,,
837,ECTM.S1AG1222,2001.1,46.2,,C,Dollars,6,Electronic Card Transactions (ANZSIC06) - ECT,Private - Values - Electronic card transactions  A/S/T by industry,Actual,Liquor,,,
838,ECTM.S1AG1222,2001.11,50.2,,C,Dollars,6,Electronic Card Transactions (ANZSIC06) - ECT,Private - Values - Electronic card transactions  A/S/T by industry,Actual,Liquor,,,
839,ECTM.S1AG1222,2001.12,78.9,,C,Dollars,6,Electronic Card Transactions (ANZSIC06) - ECT,Private - Values - Electronic card transactions  A/S/T by industry,Actual,Liquor,,,
840,ECTM.S1AG1222,2002.01,50.0,,C,Dollars,6,Electronic Card Transactions (ANZSIC06) - ECT,Private - Values - Electronic card transactions  A/S/T by industry,Actual,Liquor,,,
841,ECTM.S1AG1222,2002.02,45.6,,C,Dollars,6,Electronic Card Transactions (ANZSIC06) - ECT,Private - Values - Electronic card transactions  A/S/T by industry,Actual,Liquor,,,
842,ECTM.S1AG1222,2002.03,52.7,,C,Dollars,6,Electronic Card Transactions (ANZSIC06) - ECT,Private - Values - Electronic card transactions  A/S/T by industry,Actual,Liquor,,,
843,ECTM.S1AG1222,2002.04,43.9,,C,Dollars,6,Electronic Card Transactions (ANZSIC06) - ECT,Private - Values - Electronic card transactions  A/S/T by industry,Actual,Liquor,,,
844,ECTM.S1AG1222,2002.05,44.1,,C,Dollars,6,Electronic Card Transactions (ANZSIC06) - ECT,Private - Values - Electronic card transactions  A/S/T by industry,Actual,Liquor,,,
845,ECTM.S1AG1222,2002.06,43.1,,C,Dollars,6,Electronic Card Transactions (ANZSIC06) - ECT,Private - Values - Electronic card transactions  A/S/T by industry,Actual,Liquor,,,
846,ECTM.S1AG1222,2002.07,42.4,,C,Dollars,6,Electronic Card Transactions (ANZSIC06) - ECT,Private - Values - Electronic card transactions  A/S/T by industry,Actual,Liquor,,,
847,ECTM.S1AG1222,2002.08,3.3,,C,Dollars,6,Electronic Card Transactions (ANZSIC06) - ECT,Private - Values - Electronic card transactions  A/S/T by industry,Actual,Liquor,,,
848,ECTM.S1AG1222,2002.09,3.8,,C,Dollars,6,Electronic Card Transactions (ANZSIC06) - ECT,Private - Values - Electronic card transactions  A/S/T by industry,Actual,Liquor,,,
849,ECTM.S1AG1222,2002.1,46.7,,F,Dollars,6,Electronic Card Transactions (ANZSIC06) - ECT,Private - Values - Electronic card transactions  A/S/T by industry,Actual,Liquor,,,
850,ECTM.S1AG1222,2002.11,52.2,,F,Dollars,6,Electronic Card Transactions (ANZSIC06) - ECT,Private - Values - Electronic card transactions  A/S/T by industry,Actual,Liquor,,,
851,ECTM.S1AG1222,2002.12,77.2,,F,Dollars,6,Electronic Card Transactions (ANZSIC06) - ECT,Private - Values - Electronic card transactions  A/S/T by industry,Actual,Liquor,,,
852,ECTM.S1AG1222,2003.01,51.4,,F,Dollars,6,Electronic Card Transactions (ANZSIC06) - ECT,Private - Values - Electronic card transactions  A/S/T by industry,Actual,Liquor,,,
853,ECTM.S1AG1222,2003.02,47.2,,F,Dollars,6,Electronic Card Transactions (ANZSIC06) - ECT,Private - Values - Electronic card transactions  A/S/T by industry,Actual,Liquor,,,
854,ECTM.S1AG1222,2003.03,49.5,,F,Dollars,6,Electronic Card Transactions (ANZSIC06) - ECT,Private - Values - Electronic card transactions  A/S/T by industry,Actual,Liquor,,,
855,ECTM.S1AG1222,2003.04,47.0,,F,Dollars,6,Electronic Card Transactions (ANZSIC06) - ECT,Private - Values - Electronic card transactions  A/S/T by industry,Actual,Liquor,,,
856,ECTM.S1AG1222,2003.05,46.9,,F,Dollars,6,Electronic Card Transactions (ANZSIC06) - ECT,Private - Values - Electronic card transactions  A/S/T by industry,Actual,Liquor,,,
857,ECTM.S1AG1222,2003.06,42.8,,F,Dollars,6,Electronic Card Transactions (ANZSIC06) - ECT,Private - Values - Electronic card transactions  A/S/T by industry,Actual,Liquor,,,
858,ECTM.S1AG1222,2003.07,44.4,,F,Dollars,6,Electronic Card Transactions (ANZSIC06) - ECT,Private - Values - Electronic card transactions  A/S/T by industry,Actual,Liquor,,,
859,ECTM.S1AG1222,2003.08,47.5,,F,Dollars,6,Electronic Card Transactions (ANZSIC06) - ECT,Private - Values - Electronic card transactions  A/S/T by industry,Actual,Liquor,,,
860,ECTM.S1AG1222,2003.09,44.5,,F,Dollars,6,Electronic Card Transactions (ANZSIC06) - ECT,Private - Values - Electronic card transactions  A/S/T by industry,Actual,Liquor,,,
861,ECTM.S1AG1222,2003.1,49.6,,F,Dollars,6,Electronic Card Transactions (ANZSIC06) - ECT,Private - Values - Electronic card transactions  A/S/T by industry,Actual,Liquor,,,
862,ECTM.S1AG1222,2003.11,53.8,,F,Dollars,6,Electronic Card Transactions (ANZSIC06) - ECT,Private - Values - Electronic card transactions  A/S/T by industry,Actual,Liquor,,,
863,ECTM.S1AG1222,2003.12,80.5,,F,Dollars,6,Electronic Card Transactions (ANZSIC06) - ECT,Private - Values - Electronic card transactions  A/S/T by industry,Actual,Liquor,,,
864,ECTM.S1AG1222,2004.01,55.9,,F,Dollars,6,Electronic Card Transactions (ANZSIC06) - ECT,Private - Values - Electronic card transactions  A/S/T by industry,Actual,Liquor,,,
865,ECTM.S1AG1222,2004.02,51.0,,F,Dollars,6,Electronic Card Transactions (ANZSIC06) - ECT,Private - Values - Electronic card transactions  A/S/T by industry,Actual,Liquor,,,
866,ECTM.S1AG1222,2004.03,51.5,,F,Dollars,6,Electronic Card Transactions (ANZSIC06) - ECT,Private - Values - Electronic card transactions  A/S/T by industry,Actual,Liquor,,,
867,ECTM.S1AG1222,2004.04,51.1,,F,Dollars,6,Electronic Card Transactions (ANZSIC06) - ECT,Private - Values - Electronic card transactions  A/S/T by industry,Actual,Liquor,,,
868,ECTM.S1AG1222,2004.05,49.5,,F,Dollars,6,Electronic Card Transactions (ANZSIC06) - ECT,Private - Values - Electronic card transactions  A/S/T by industry,Actual,Liquor,,,
869,ECTM.S1AG1222,2004.06,46.9,,F,Dollars,6,Electronic Card Transactions (ANZSIC06) - ECT,Private - Values - Electronic card transactions  A/S/T by industry,Actual,Liquor,,,
870,ECTM.S1AG1222,2004.07,51.0,,F,Dollars,6,Electronic Card Transactions (ANZSIC06) - ECT,Private - Values - Electronic card transactions  A/S/T by industry,Actual,Liquor,,,
871,ECTM.S1AG1222,2004.08,48.6,,F,Dollars,6,Electronic Card Transactions (ANZSIC06) - ECT,Private - Values - Electronic card transactions  A/S/T by industry,Actual,Liquor,,,
872,ECTM.S1AG1222,2004.09,49.1,,F,Dollars,6,Electronic Card Transactions (ANZSIC06) - ECT,Private - Values - Electronic card transactions  A/S/T by industry,Actual,Liquor,,,
873,ECTM.S1AG1222,2004.1,56.1,,F,Dollars,6,Electronic Card Transactions (ANZSIC06) - ECT,Private - Values - Electronic card transactions  A/S/T by industry,Actual,Liquor,,,
874,ECTM.S1AG1222,2004.11,60.9,,F,Dollars,6,Electronic Card Transactions (ANZSIC06) - ECT,Private - Values - Electronic card transactions  A/S/T by industry,Actual,Liquor,,,
875,ECTM.S1AG1222,2004.12,92.7,,F,Dollars,6,Electronic Card Transactions (ANZSIC06) - ECT,Private - Values - Electronic card transactions  A/S/T by industry,Actual,Liquor,,,
876,ECTM.S1AG1222,2005.01,62.0,,F,Dollars,6,Electronic Card Transactions (ANZSIC06) - ECT,Private - Values - Electronic card transactions  A/S/T by industry,Actual,Liquor,,,
877,ECTM.S1AG1222,2005.02,58.1,,F,Dollars,6,Electronic Card Transactions (ANZSIC06) - ECT,Private - Values - Electronic card transactions  A/S/T by industry,Actual,Liquor,,,
878,ECTM.S1AG1222,2005.03,60.0,,F,Dollars,6,Electronic Card Transactions (ANZSIC06) - ECT,Private - Values - Electronic card transactions  A/S/T by industry,Actual,Liquor,,,
879,ECTM.S1AG1222,2005.04,59.0,,F,Dollars,6,Electronic Card Transactions (ANZSIC06) - ECT,Private - Values - Electronic card transactions  A/S/T by industry,Actual,Liquor,,,
880,ECTM.S1AG1222,2005.05,54.7,,F,Dollars,6,Electronic Card Transactions (ANZSIC06) - ECT,Private - Values - Electronic card transactions  A/S/T by industry,Actual,Liquor,,,
881,ECTM.S1AG1222,2005.06,53.9,,F,Dollars,6,Electronic Card Transactions (ANZSIC06) - ECT,Private - Values - Electronic card transactions  A/S/T by industry,Actual,Liquor,,,
882,ECTM.S1AG1222,2005.07,58.4,,F,Dollars,6,Electronic Card Transactions (ANZSIC06) - ECT,Private - Values - Electronic card transactions  A/S/T by industry,Actual,Liquor,,,
883,ECTM.S1AG1222,2005.08,55.3,,F,Dollars,6,Electronic Card Transactions (ANZSIC06) - ECT,Private - Values - Electronic card transactions  A/S/T by industry,Actual,Liquor,,,
884,ECTM.S1AG1222,2005.09,57.7,,F,Dollars,6,Electronic Card Transactions (ANZSIC06) - ECT,Private - Values - Electronic card transactions  A/S/T by industry,Actual,Liquor,,,
885,ECTM.S1AG1222,2005.1,61.6,,F,Dollars,6,Electronic Card Transactions (ANZSIC06) - ECT,Private - Values - Electronic card transactions  A/S/T by industry,Actual,Liquor,,,
886,ECTM.S1AG1222,2005.11,64.5,,F,Dollars,6,Electronic Card Transactions (ANZSIC06) - ECT,Private - Values - Electronic card transactions  A/S/T by industry,Actual,Liquor,,,
887,ECTM.S1AG1222,2005.12,96.9,,F,Dollars,6,Electronic Card Transactions (ANZSIC06) - ECT,Private - Values - Electronic card transactions  A/S/T by industry,Actual,Liquor,,,
888,ECTM.S1AG1222,2006.01,64.0,,F,Dollars,6,Electronic Card Transactions (ANZSIC06) - ECT,Private - Values - Electronic card transactions  A/S/T by industry,Actual,Liquor,,,
889,ECTM.S1AG1222,2006.02,60.6,,F,Dollars,6,Electronic Card Transactions (ANZSIC06) - ECT,Private - Values - Electronic card transactions  A/S/T by industry,Actual,Liquor,,,
890,ECTM.S1AG1222,2006.03,63.8,,F,Dollars,6,Electronic Card Transactions (ANZSIC06) - ECT,Private - Values - Electronic card transactions  A/S/T by industry,Actual,Liquor,,,
891,ECTM.S1AG1222,2006.04,63.2,,F,Dollars,6,Electronic Card Transactions (ANZSIC06) - ECT,Private - Values - Electronic card transactions  A/S/T by industry,Actual,Liquor,,,
892,ECTM.S1AG1222,2006.05,57.9,,F,Dollars,6,Electronic Card Transactions (ANZSIC06) - ECT,Private - Values - Electronic card transactions  A/S/T by industry,Actual,Liquor,,,
893,ECTM.S1AG1222,2006.06,57.1,,F,Dollars,6,Electronic Card Transactions (ANZSIC06) - ECT,Private - Values - Electronic card transactions  A/S/T by industry,Actual,Liquor,,,
894,ECTM.S1AG1222,2006.07,59.8,,F,Dollars,6,Electronic Card Transactions (ANZSIC06) - ECT,Private - Values - Electronic card transactions  A/S/T by industry,Actual,Liquor,,,
895,ECTM.S1AG1222,2006.08,58.7,,F,Dollars,6,Electronic Card Transactions (ANZSIC06) - ECT,Private - Values - Electronic card transactions  A/S/T by industry,Actual,Liquor,,,
896,ECTM.S1AG1222,2006.09,63.3,,F,Dollars,6,Electronic Card Transactions (ANZSIC06) - ECT,Private - Values - Electronic card transactions  A/S/T by industry,Actual,Liquor,,,
897,ECTM.S1AG1222,2006.1,63.8,,F,Dollars,6,Electronic Card Transactions (ANZSIC06) - ECT,Private - Values - Electronic card transactions  A/S/T by industry,Actual,Liquor,,,
898,ECTM.S1AG1222,2006.11,69.9,,F,Dollars,6,Electronic Card Transactions (ANZSIC06) - ECT,Private - Values - Electronic card transactions  A/S/T by industry,Actual,Liquor,,,
899,ECTM.S1AG1222,2006.12,105.3,,F,Dollars,6,Electronic Card Transactions (ANZSIC06) - ECT,Private - Values - Electronic card transactions  A/S/T by industry,Actual,Liquor,,,
900,ECTM.S1AG1222,2007.01,67.5,,F,Dollars,6,Electronic Card Transactions (ANZSIC06) - ECT,Private - Values - Electronic card transactions  A/S/T by industry,Actual,Liquor,,,
901,ECTM.S1AG1222,2007.02,65.6,,F,Dollars,6,Electronic Card Transactions (ANZSIC06) - ECT,Private - Values - Electronic card transactions  A/S/T by industry,Actual,Liquor,,,
902,ECTM.S1AG1222,2007.03,72.0,,F,Dollars,6,Electronic Card Transactions (ANZSIC06) - ECT,Private - Values - Electronic card transactions  A/S/T by industry,Actual,Liquor,,,
903,ECTM.S1AG1222,2007.04,64.9,,F,Dollars,6,Electronic Card Transactions (ANZSIC06) - ECT,Private - Values - Electronic card transactions  A/S/T by industry,Actual,Liquor,,,
904,ECTM.S1AG1222,2007.05,62.4,,F,Dollars,6,Electronic Card Transactions (ANZSIC06) - ECT,Private - Values - Electronic card transactions  A/S/T by industry,Actual,Liquor,,,
905,ECTM.S1AG1222,2007.06,63.5,,F,Dollars,6,Electronic Card Transactions (ANZSIC06) - ECT,Private - Values - Electronic card transactions  A/S/T by industry,Actual,Liquor,,,
906,ECTM.S1AG1222,2007.07,62.4,,F,Dollars,6,Electronic Card Transactions (ANZSIC06) - ECT,Private - Values - Electronic card transactions  A/S/T by industry,Actual,Liquor,,,
907,ECTM.S1AG1222,2007.08,66.0,,F,Dollars,6,Electronic Card Transactions (ANZSIC06) - ECT,Private - Values - Electronic card transactions  A/S/T by industry,Actual,Liquor,,,
908,ECTM.S1AG1222,2007.09,66.7,,F,Dollars,6,Electronic Card Transactions (ANZSIC06) - ECT,Private - Values - Electronic card transactions  A/S/T by industry,Actual,Liquor,,,
909,ECTM.S1AG1222,2007.1,68.4,,F,Dollars,6,Electronic Card Transactions (ANZSIC06) - ECT,Private - Values - Electronic card transactions  A/S/T by industry,Actual,Liquor,,,
910,ECTM.S1AG1222,2007.11,77.0,,F,Dollars,6,Electronic Card Transactions (ANZSIC06) - ECT,Private - Values - Electronic card transactions  A/S/T by industry,Actual,Liquor,,,
911,ECTM.S1AG1222,2007.12,112.3,,F,Dollars,6,Electronic Card Transactions (ANZSIC06) - ECT,Private - Values - Electronic card transactions  A/S/T by industry,Actual,Liquor,,,
912,ECTM.S1AG1222,2008.01,73.2,,F,Dollars,6,Electronic Card Transactions (ANZSIC06) - ECT,Private - Values - Electronic card transactions  A/S/T by industry,Actual,Liquor,,,
913,ECTM.S1AG1222,2008.02,72.7,,F,Dollars,6,Electronic Card Transactions (ANZSIC06) - ECT,Private - Values - Electronic card transactions  A/S/T by industry,Actual,Liquor,,,
914,ECTM.S1AG1222,2008.03,74.5,,F,Dollars,6,Electronic Card Transactions (ANZSIC06) - ECT,Private - Values - Electronic card transactions  A/S/T by industry,Actual,Liquor,,,
915,ECTM.S1AG1222,2008.04,67.3,,F,Dollars,6,Electronic Card Transactions (ANZSIC06) - ECT,Private - Values - Electronic card transactions  A/S/T by industry,Actual,Liquor,,,
916,ECTM.S1AG1222,2008.05,69.3,,F,Dollars,6,Electronic Card Transactions (ANZSIC06) - ECT,Private - Values - Electronic card transactions  A/S/T by industry,Actual,Liquor,,,
917,ECTM.S1AG1222,2008.06,62.5,,F,Dollars,6,Electronic Card Transactions (ANZSIC06) - ECT,Private - Values - Electronic card transactions  A/S/T by industry,Actual,Liquor,,,
918,ECTM.S1AG1222,2008.07,64.2,,F,Dollars,6,Electronic Card Transactions (ANZSIC06) - ECT,Private - Values - Electronic card transactions  A/S/T by industry,Actual,Liquor,,,
919,ECTM.S1AG1222,2008.08,67.9,,F,Dollars,6,Electronic Card Transactions (ANZSIC06) - ECT,Private - Values - Electronic card transactions  A/S/T by industry,Actual,Liquor,,,
920,ECTM.S1AG1222,2008.09,65.6,,F,Dollars,6,Electronic Card Transactions (ANZSIC06) - ECT,Private - Values - Electronic card transactions  A/S/T by industry,Actual,Liquor,,,
921,ECTM.S1AG1222,2008.1,72.5,,F,Dollars,6,Electronic Card Transactions (ANZSIC06) - ECT,Private - Values - Electronic card transactions  A/S/T by industry,Actual,Liquor,,,
922,ECTM.S1AG1222,2008.11,80.6,,F,Dollars,6,Electronic Card Transactions (ANZSIC06) - ECT,Private - Values - Electronic card transactions  A/S/T by industry,Actual,Liquor,,,
923,ECTM.S1AG1222,2008.12,116.3,,F,Dollars,6,Electronic Card Transactions (ANZSIC06) - ECT,Private - Values - Electronic card transactions  A/S/T by industry,Actual,Liquor,,,
924,ECTM.S1AG1222,2009.01,81.9,,F,Dollars,6,Electronic Card Transactions (ANZSIC06) - ECT,Private - Values - Electronic card transactions  A/S/T by industry,Actual,Liquor,,,
925,ECTM.S1AG1222,2009.02,74.1,,F,Dollars,6,Electronic Card Transactions (ANZSIC06) - ECT,Private - Values - Electronic card transactions  A/S/T by industry,Actual,Liquor,,,
926,ECTM.S1AG1222,2009.03,78.3,,F,Dollars,6,Electronic Card Transactions (ANZSIC06) - ECT,Private - Values - Electronic card transactions  A/S/T by industry,Actual,Liquor,,,
927,ECTM.S1AG1222,2009.04,76.8,,F,Dollars,6,Electronic Card Transactions (ANZSIC06) - ECT,Private - Values - Electronic card transactions  A/S/T by industry,Actual,Liquor,,,
928,ECTM.S1AG1222,2009.05,78.1,,F,Dollars,6,Electronic Card Transactions (ANZSIC06) - ECT,Private - Values - Electronic card transactions  A/S/T by industry,Actual,Liquor,,,
929,ECTM.S1AG1222,2009.06,70.0,,F,Dollars,6,Electronic Card Transactions (ANZSIC06) - ECT,Private - Values - Electronic card transactions  A/S/T by industry,Actual,Liquor,,,
930,ECTM.S1AG1222,2009.07,75.7,,F,Dollars,6,Electronic Card Transactions (ANZSIC06) - ECT,Private - Values - Electronic card transactions  A/S/T by industry,Actual,Liquor,,,
931,ECTM.S1AG1222,2009.08,76.3,,F,Dollars,6,Electronic Card Transactions (ANZSIC06) - ECT,Private - Values - Electronic card transactions  A/S/T by industry,Actual,Liquor,,,
932,ECTM.S1AG1222,2009.09,74.7,,F,Dollars,6,Electronic Card Transactions (ANZSIC06) - ECT,Private - Values - Electronic card transactions  A/S/T by industry,Actual,Liquor,,,
933,ECTM.S1AG1222,2009.1,82.8,,F,Dollars,6,Electronic Card Transactions (ANZSIC06) - ECT,Private - Values - Electronic card transactions  A/S/T by industry,Actual,Liquor,,,
934,ECTM.S1AG1222,2009.11,83.4,,F,Dollars,6,Electronic Card Transactions (ANZSIC06) - ECT,Private - Values - Electronic card transactions  A/S/T by industry,Actual,Liquor,,,
935,ECTM.S1AG1222,2009.12,122.7,,F,Dollars,6,Electronic Card Transactions (ANZSIC06) - ECT,Private - Values - Electronic card transactions  A/S/T by industry,Actual,Liquor,,,
936,ECTM.S1AG1222,2010.01,84.4,,F,Dollars,6,Electronic Card Transactions (ANZSIC06) - ECT,Private - Values - Electronic card transactions  A/S/T by industry,Actual,Liquor,,,
937,ECTM.S1AG1222,2010.02,78.4,,F,Dollars,6,Electronic Card Transactions (ANZSIC06) - ECT,Private - Values - Electronic card transactions  A/S/T by industry,Actual,Liquor,,,
938,ECTM.S1AG1222,2010.03,80.8,,F,Dollars,6,Electronic Card Transactions (ANZSIC06) - ECT,Private - Values - Electronic card transactions  A/S/T by industry,Actual,Liquor,,,
939,ECTM.S1AG1222,2010.04,78.9,,F,Dollars,6,Electronic Card Transactions (ANZSIC06) - ECT,Private - Values - Electronic card transactions  A/S/T by industry,Actual,Liquor,,,
940,ECTM.S1AG1222,2010.05,74.1,,F,Dollars,6,Electronic Card Transactions (ANZSIC06) - ECT,Private - Values - Electronic card transactions  A/S/T by industry,Actual,Liquor,,,
941,ECTM.S1AG1222,2010.06,68.5,,F,Dollars,6,Electronic Card Transactions (ANZSIC06) - ECT,Private - Values - Electronic card transactions  A/S/T by industry,Actual,Liquor,,,
942,ECTM.S1AG1222,2010.07,74.5,,F,Dollars,6,Electronic Card Transactions (ANZSIC06) - ECT,Private - Values - Electronic card transactions  A/S/T by industry,Actual,Liquor,,,
943,ECTM.S1AG1222,2010.08,69.3,,F,Dollars,6,Electronic Card Transactions (ANZSIC06) - ECT,Private - Values - Electronic card transactions  A/S/T by industry,Actual,Liquor,,,
944,ECTM.S1AG1222,2010.09,72.0,,F,Dollars,6,Electronic Card Transactions (ANZSIC06) - ECT,Private - Values - Electronic card transactions  A/S/T by industry,Actual,Liquor,,,
945,ECTM.S1AG1222,2010.1,83.2,,F,Dollars,6,Electronic Card Transactions (ANZSIC06) - ECT,Private - Values - Electronic card transactions  A/S/T by industry,Actual,Liquor,,,
946,ECTM.S1AG1222,2010.11,88.2,,F,Dollars,6,Electronic Card Transactions (ANZSIC06) - ECT,Private - Values - Electronic card transactions  A/S/T by industry,Actual,Liquor,,,
947,ECTM.S1AG1222,2010.12,127.6,,F,Dollars,6,Electronic Card Transactions (ANZSIC06) - ECT,Private - Values - Electronic card transactions  A/S/T by industry,Actual,Liquor,,,
948,ECTM.S1AG1222,2011.01,87.8,,F,Dollars,6,Electronic Card Transactions (ANZSIC06) - ECT,Private - Values - Electronic card transactions  A/S/T by industry,Actual,Liquor,,,
949,ECTM.S1AG1222,2011.02,82.3,,F,Dollars,6,Electronic Card Transactions (ANZSIC06) - ECT,Private - Values - Electronic card transactions  A/S/T by industry,Actual,Liquor,,,
950,ECTM.S1AG1222,2011.03,87.7,,F,Dollars,6,Electronic Card Transactions (ANZSIC06) - ECT,Private - Values - Electronic card transactions  A/S/T by industry,Actual,Liquor,,,
951,ECTM.S1AG1222,2011.04,87.2,,F,Dollars,6,Electronic Card Transactions (ANZSIC06) - ECT,Private - Values - Electronic card transactions  A/S/T by industry,Actual,Liquor,,,
952,ECTM.S1AG1222,2011.05,80.6,,F,Dollars,6,Electronic Card Transactions (ANZSIC06) - ECT,Private - Values - Electronic card transactions  A/S/T by industry,Actual,Liquor,,,
953,ECTM.S1AG1222,2011.06,79.5,,F,Dollars,6,Electronic Card Transactions (ANZSIC06) - ECT,Private - Values - Electronic card transactions  A/S/T by industry,Actual,Liquor,,,
954,ECTM.S1AG1222,2011.07,84.7,,F,Dollars,6,Electronic Card Transactions (ANZSIC06) - ECT,Private - Values - Electronic card transactions  A/S/T by industry,Actual,Liquor,,,
955,ECTM.S1AG1222,2011.08,80.0,,F,Dollars,6,Electronic Card Transactions (ANZSIC06) - ECT,Private - Values - Electronic card transactions  A/S/T by industry,Actual,Liquor,,,
956,ECTM.S1AG1222,2011.09,84.9,,F,Dollars,6,Electronic Card Transactions (ANZSIC06) - ECT,Private - Values - Electronic card transactions  A/S/T by industry,Actual,Liquor,,,
957,ECTM.S1AG1222,2011.1,91.7,,F,Dollars,6,Electronic Card Transactions (ANZSIC06) - ECT,Private - Values - Electronic card transactions  A/S/T by industry,Actual,Liquor,,,
958,ECTM.S1AG1222,2011.11,91.2,,F,Dollars,6,Electronic Card Transactions (ANZSIC06) - ECT,Private - Values - Electronic card transactions  A/S/T by industry,Actual,Liquor,,,
959,ECTM.S1AG1222,2011.12,134.2,,F,Dollars,6,Electronic Card Transactions (ANZSIC06) - ECT,Private - Values - Electronic card transactions  A/S/T by industry,Actual,Liquor,,,
960,ECTM.S1AG1222,2012.01,89.3,,F,Dollars,6,Electronic Card Transactions (ANZSIC06) - ECT,Private - Values - Electronic card transactions  A/S/T by industry,Actual,Liquor,,,
961,ECTM.S1AG1222,2012.02,88.6,,F,Dollars,6,Electronic Card Transactions (ANZSIC06) - ECT,Private - Values - Electronic card transactions  A/S/T by industry,Actual,Liquor,,,
962,ECTM.S1AG1222,2012.03,94.3,,F,Dollars,6,Electronic Card Transactions (ANZSIC06) - ECT,Private - Values - Electronic card transactions  A/S/T by industry,Actual,Liquor,,,
963,ECTM.S1AG1222,2012.04,86.7,,F,Dollars,6,Electronic Card Transactions (ANZSIC06) - ECT,Private - Values - Electronic card transactions  A/S/T by industry,Actual,Liquor,,,
964,ECTM.S1AG1222,2012.05,87.6,,F,Dollars,6,Electronic Card Transactions (ANZSIC06) - ECT,Private - Values - Electronic card transactions  A/S/T by industry,Actual,Liquor,,,
965,ECTM.S1AG1222,2012.06,87.8,,F,Dollars,6,Electronic Card Transactions (ANZSIC06) - ECT,Private - Values - Electronic card transactions  A/S/T by industry,Actual,Liquor,,,
966,ECTM.S1AG1222,2012.07,85.6,,F,Dollars,6,Electronic Card Transactions (ANZSIC06) - ECT,Private - Values - Electronic card transactions  A/S/T by industry,Actual,Liquor,,,
967,ECTM.S1AG1222,2012.08,88.4,,F,Dollars,6,Electronic Card Transactions (ANZSIC06) - ECT,Private - Values - Electronic card transactions  A/S/T by industry,Actual,Liquor,,,
968,ECTM.S1AG1222,2012.09,89.3,,F,Dollars,6,Electronic Card Transactions (ANZSIC06) - ECT,Private - Values - Electronic card transactions  A/S/T by industry,Actual,Liquor,,,
969,ECTM.S1AG1222,2012.1,93.5,,F,Dollars,6,Electronic Card Transactions (ANZSIC06) - ECT,Private - Values - Electronic card transactions  A/S/T by industry,Actual,Liquor,,,
970,ECTM.S1AG1222,2012.11,102.5,,F,Dollars,6,Electronic Card Transactions (ANZSIC06) - ECT,Private - Values - Electronic card transactions  A/S/T by industry,Actual,Liquor,,,
971,ECTM.S1AG1222,2012.12,145.8,,F,Dollars,6,Electronic Card Transactions (ANZSIC06) - ECT,Private - Values - Electronic card transactions  A/S/T by industry,Actual,Liquor,,,
972,ECTM.S1AG1222,2013.01,100.3,,F,Dollars,6,Electronic Card Transactions (ANZSIC06) - ECT,Private - Values - Electronic card transactions  A/S/T by industry,Actual,Liquor,,,
973,ECTM.S1AG1222,2013.02,94.2,,F,Dollars,6,Electronic Card Transactions (ANZSIC06) - ECT,Private - Values - Electronic card transactions  A/S/T by industry,Actual,Liquor,,,
974,ECTM.S1AG1222,2013.03,105.6,,F,Dollars,6,Electronic Card Transactions (ANZSIC06) - ECT,Private - Values - Electronic card transactions  A/S/T by industry,Actual,Liquor,,,
975,ECTM.S1AG1222,2013.04,92.7,,F,Dollars,6,Electronic Card Transactions (ANZSIC06) - ECT,Private - Values - Electronic card transactions  A/S/T by industry,Actual,Liquor,,,
976,ECTM.S1AG1222,2013.05,93.9,,F,Dollars,6,Electronic Card Transactions (ANZSIC06) - ECT,Private - Values - Electronic card transactions  A/S/T by industry,Actual,Liquor,,,
977,ECTM.S1AG1222,2013.06,90.8,,F,Dollars,6,Electronic Card Transactions (ANZSIC06) - ECT,Private - Values - Electronic card transactions  A/S/T by industry,Actual,Liquor,,,
978,ECTM.S1AG1222,2013.07,90.3,,F,Dollars,6,Electronic Card Transactions (ANZSIC06) - ECT,Private - Values - Electronic card transactions  A/S/T by industry,Actual,Liquor,,,
979,ECTM.S1AG1222,2013.08,96.0,,F,Dollars,6,Electronic Card Transactions (ANZSIC06) - ECT,Private - Values - Electronic card transactions  A/S/T by industry,Actual,Liquor,,,
980,ECTM.S1AG1222,2013.09,89.4,,F,Dollars,6,Electronic Card Transactions (ANZSIC06) - ECT,Private - Values - Electronic card transactions  A/S/T by industry,Actual,Liquor,,,
981,ECTM.S1AG1222,2013.1,100.8,,F,Dollars,6,Electronic Card Transactions (ANZSIC06) - ECT,Private - Values - Electronic card transactions  A/S/T by industry,Actual,Liquor,,,
982,ECTM.S1AG1222,2013.11,109.9,,F,Dollars,6,Electronic Card Transactions (ANZSIC06) - ECT,Private - Values - Electronic card transactions  A/S/T by industry,Actual,Liquor,,,
983,ECTM.S1AG1222,2013.12,152.0,,F,Dollars,6,Electronic Card Transactions (ANZSIC06) - ECT,Private - Values - Electronic card transactions  A/S/T by industry,Actual,Liquor,,,
984,ECTM.S1AG1222,2014.01,104.5,,F,Dollars,6,Electronic Card Transactions (ANZSIC06) - ECT,Private - Values - Electronic card transactions  A/S/T by industry,Actual,Liquor,,,
985,ECTM.S1AG1222,2014.02,99.5,,F,Dollars,6,Electronic Card Transactions (ANZSIC06) - ECT,Private - Values - Electronic card transactions  A/S/T by industry,Actual,Liquor,,,
986,ECTM.S1AG1222,2014.03,106.4,,F,Dollars,6,Electronic Card Transactions (ANZSIC06) - ECT,Private - Values - Electronic card transactions  A/S/T by industry,Actual,Liquor,,,
987,ECTM.S1AG1222,2014.04,99.7,,F,Dollars,6,Electronic Card Transactions (ANZSIC06) - ECT,Private - Values - Electronic card transactions  A/S/T by industry,Actual,Liquor,,,
988,ECTM.S1AG1222,2014.05,102.1,,F,Dollars,6,Electronic Card Transactions (ANZSIC06) - ECT,Private - Values - Electronic card transactions  A/S/T by industry,Actual,Liquor,,,
989,ECTM.S1AG1222,2014.06,93.4,,F,Dollars,6,Electronic Card Transactions (ANZSIC06) - ECT,Private - Values - Electronic card transactions  A/S/T by industry,Actual,Liquor,,,
990,ECTM.S1AG1222,2014.07,94.1,,F,Dollars,6,Electronic Card Transactions (ANZSIC06) - ECT,Private - Values - Electronic card transactions  A/S/T by industry,Actual,Liquor,,,
991,ECTM.S1AG1222,2014.08,99.1,,F,Dollars,6,Electronic Card Transactions (ANZSIC06) - ECT,Private - Values - Electronic card transactions  A/S/T by industry,Actual,Liquor,,,
992,ECTM.S1AG1222,2014.09,94.7,,F,Dollars,6,Electronic Card Transactions (ANZSIC06) - ECT,Private - Values - Electronic card transactions  A/S/T by industry,Actual,Liquor,,,
993,ECTM.S1AG1222,2014.1,107.5,,F,Dollars,6,Electronic Card Transactions (ANZSIC06) - ECT,Private - Values - Electronic card transactions  A/S/T by industry,Actual,Liquor,,,
994,ECTM.S1AG1222,2014.11,114.4,,F,Dollars,6,Electronic Card Transactions (ANZSIC06) - ECT,Private - Values - Electronic card transactions  A/S/T by industry,Actual,Liquor,,,
995,ECTM.S1AG1222,2014.12,158.3,,F,Dollars,6,Electronic Card Transactions (ANZSIC06) - ECT,Private - Values - Electronic card transactions  A/S/T by industry,Actual,Liquor,,,
996,ECTM.S1AG1222,2015.01,115.4,,F,Dollars,6,Electronic Card Transactions (ANZSIC06) - ECT,Private - Values - Electronic card transactions  A/S/T by industry,Actual,Liquor,,,
997,ECTM.S1AG1222,2015.02,104.6,,F,Dollars,6,Electronic Card Transactions (ANZSIC06) - ECT,Private - Values - Electronic card transactions  A/S/T by industry,Actual,Liquor,,,
998,ECTM.S1AG1222,2015.03,111.5,,F,Dollars,6,Electronic Card Transactions (ANZSIC06) - ECT,Private - Values - Electronic card transactions  A/S/T by industry,Actual,Liquor,,,
999,ECTM.S1AG1222,2015.04,106.3,,F,Dollars,6,Electronic Card Transactions (ANZSIC06) - ECT,Private - Values - Electronic card transactions  A/S/T by industry,Actual,Liquor,,,
1000,ECTM.S1AG1222,2015.05,110.0,,F,Dollars,6,Electronic Card Transactions (ANZSIC06) - ECT,Private - Values - Electronic card transactions  A/S/T by industry,Actual,Liquor,,,
1001,ECTM.S1AG1222,2015.06,99.2,,F,Dollars,6,Electronic Card Transactions (ANZSIC06) - ECT,Private - Values - Electronic card transactions  A/S/T by industry,Actual,Liquor,,,
1002,ECTM.S1AG1222,2015.07,104.8,,F,Dollars,6,Electronic Card Transactions (ANZSIC06) - ECT,Private - Values - Electronic card transactions  A/S/T by industry,Actual,Liquor,,,
1003,ECTM.S1AG1222,2015.08,105.1,,F,Dollars,6,Electronic Card Transactions (ANZSIC06) - ECT,Private - Values - Electronic card transactions  A/S/T by industry,Actual,Liquor,,,
1004,ECTM.S1AG1222,2015.09,104.9,,F,Dollars,6,Electronic Card Transactions (ANZSIC06) - ECT,Private - Values - Electronic card transactions  A/S/T by industry,Actual,Liquor,,,
1005,ECTM.S1AG1222,2015.1,120.5,,F,Dollars,6,Electronic Card Transactions (ANZSIC06) - ECT,Private - Values - Electronic card transactions  A/S/T by industry,Actual,Liquor,,,
1006,ECTM.S1AG1222,2015.11,121.7,,F,Dollars,6,Electronic Card Transactions (ANZSIC06) - ECT,Private - Values - Electronic card transactions  A/S/T by industry,Actual,Liquor,,,
1007,ECTM.S1AG1222,2015.12,177.3,,F,Dollars,6,Electronic Card Transactions (ANZSIC06) - ECT,Private - Values - Electronic card transactions  A/S/T by industry,Actual,Liquor,,,
1008,ECTM.S1AG1222,2016.01,124.6,,F,Dollars,6,Electronic Card Transactions (ANZSIC06) - ECT,Private - Values - Electronic card transactions  A/S/T by industry,Actual,Liquor,,,
1009,ECTM.S1AG1222,2016.02,120.3,,F,Dollars,6,Electronic Card Transactions (ANZSIC06) - ECT,Private - Values - Electronic card transactions  A/S/T by industry,Actual,Liquor,,,
1010,ECTM.S1AG1222,2016.03,122.8,,F,Dollars,6,Electronic Card Transactions (ANZSIC06) - ECT,Private - Values - Electronic card transactions  A/S/T by industry,Actual,Liquor,,,
1011,ECTM.S1AG1222,2016.04,119.8,,F,Dollars,6,Electronic Card Transactions (ANZSIC06) - ECT,Private - Values - Electronic card transactions  A/S/T by industry,Actual,Liquor,,,
1012,ECTM.S1AG1222,2016.05,113.1,,F,Dollars,6,Electronic Card Transactions (ANZSIC06) - ECT,Private - Values - Electronic card transactions  A/S/T by industry,Actual,Liquor,,,
1013,ECTM.S1AG1222,2016.06,110.4,,F,Dollars,6,Electronic Card Transactions (ANZSIC06) - ECT,Private - Values - Electronic card transactions  A/S/T by industry,Actual,Liquor,,,
1014,ECTM.S1AG1222,2016.07,116.9,,F,Dollars,6,Electronic Card Transactions (ANZSIC06) - ECT,Private - Values - Electronic card transactions  A/S/T by industry,Actual,Liquor,,,
1015,ECTM.S1AG1222,2016.08,110.3,,F,Dollars,6,Electronic Card Transactions (ANZSIC06) - ECT,Private - Values - Electronic card transactions  A/S/T by industry,Actual,Liquor,,,
1016,ECTM.S1AG1222,2016.09,116.0,,F,Dollars,6,Electronic Card Transactions (ANZSIC06) - ECT,Private - Values - Electronic card transactions  A/S/T by industry,Actual,Liquor,,,
1017,ECTM.S1AG1222,2016.1,124.7,,F,Dollars,6,Electronic Card Transactions (ANZSIC06) - ECT,Private - Values - Electronic card transactions  A/S/T by industry,Actual,Liquor,,,
1018,ECTM.S1AG1222,2016.11,130.0,,F,Dollars,6,Electronic Card Transactions (ANZSIC06) - ECT,Private - Values - Electronic card transactions  A/S/T by industry,Actual,Liquor,,,
1019,ECTM.S1AG1222,2016.12,194.4,,F,Dollars,6,Electronic Card Transactions (ANZSIC06) - ECT,Private - Values - Electronic card transactions  A/S/T by industry,Actual,Liquor,,,
1020,ECTM.S1AG1222,2017.01,131.7,,F,Dollars,6,Electronic Card Transactions (ANZSIC06) - ECT,Private - Values - Electronic card transactions  A/S/T by industry,Actual,Liquor,,,
1021,ECTM.S1AG1222,2017.02,126.8,,F,Dollars,6,Electronic Card Transactions (ANZSIC06) - ECT,Private - Values - Electronic card transactions  A/S/T by industry,Actual,Liquor,,,
1022,ECTM.S1AG1222,2017.03,134.4,,F,Dollars,6,Electronic Card Transactions (ANZSIC06) - ECT,Private - Values - Electronic card transactions  A/S/T by industry,Actual,Liquor,,,
1023,ECTM.S1AG1222,2017.04,129.4,,F,Dollars,6,Electronic Card Transactions (ANZSIC06) - ECT,Private - Values - Electronic card transactions  A/S/T by industry,Actual,Liquor,,,
1024,ECTM.S1AG1222,2017.05,121.7,,F,Dollars,6,Electronic Card Transactions (ANZSIC06) - ECT,Private - Values - Electronic card transactions  A/S/T by industry,Actual,Liquor,,,
1025,ECTM.S1AG1222,2017.06,121.9,,F,Dollars,6,Electronic Card Transactions (ANZSIC06) - ECT,Private - Values - Electronic card transactions  A/S/T by industry,Actual,Liquor,,,
1026,ECTM.S1AG1222,2017.07,122.8,,F,Dollars,6,Electronic Card Transactions (ANZSIC06) - ECT,Private - Values - Electronic card transactions  A/S/T by industry,Actual,Liquor,,,
1027,ECTM.S1AG1222,2017.08,123.8,,F,Dollars,6,Electronic Card Transactions (ANZSIC06) - ECT,Private - Values - Electronic card transactions  A/S/T by industry,Actual,Liquor,,,
1028,ECTM.S1AG1222,2017.09,128.6,,F,Dollars,6,Electronic Card Transactions (ANZSIC06) - ECT,Private - Values - Electronic card transactions  A/S/T by industry,Actual,Liquor,,,
1029,ECTM.S1AG1222,2017.1,136.5,,F,Dollars,6,Electronic Card Transactions (ANZSIC06) - ECT,Private - Values - Electronic card transactions  A/S/T by industry,Actual,Liquor,,,
1030,ECTM.S1AG1222,2017.11,146.9,,F,Dollars,6,Electronic Card Transactions (ANZSIC06) - ECT,Private - Values - Electronic card transactions  A/S/T by industry,Actual,Liquor,,,
1031,ECTM.S1AG1222,2017.12,216.4,,F,Dollars,6,Electronic Card Transactions (ANZSIC06) - ECT,Private - Values - Electronic card transactions  A/S/T by industry,Actual,Liquor,,,
1032,ECTM.S1AG1222,2018.01,145.5,,F,Dollars,6,Electronic Card Transactions (ANZSIC06) - ECT,Private - Values - Electronic card transactions  A/S/T by industry,Actual,Liquor,,,
1033,ECTM.S1AG1222,2018.02,136.7,,F,Dollars,6,Electronic Card Transactions (ANZSIC06) - ECT,Private - Values - Electronic card transactions  A/S/T by industry,Actual,Liquor,,,
1034,ECTM.S1AG1222,2018.03,153.8,,F,Dollars,6,Electronic Card Transactions (ANZSIC06) - ECT,Private - Values - Electronic card transactions  A/S/T by industry,Actual,Liquor,,,
1035,ECTM.S1AG1222,2018.04,134.6,,F,Dollars,6,Electronic Card Transactions (ANZSIC06) - ECT,Private - Values - Electronic card transactions  A/S/T by industry,Actual,Liquor,,,
1036,ECTM.S1AG1222,2018.05,133.9,,F,Dollars,6,Electronic Card Transactions (ANZSIC06) - ECT,Private - Values - Electronic card transactions  A/S/T by industry,Actual,Liquor,,,
1037,ECTM.S1AG1222,2018.06,134.1,,F,Dollars,6,Electronic Card Transactions (ANZSIC06) - ECT,Private - Values - Electronic card transactions  A/S/T by industry,Actual,Liquor,,,
1038,ECTM.S1AG1222,2018.07,129.6,,F,Dollars,6,Electronic Card Transactions (ANZSIC06) - ECT,Private - Values - Electronic card transactions  A/S/T by industry,Actual,Liquor,,,
1039,ECTM.S1AG1222,2018.08,135.4,,F,Dollars,6,Electronic Card Transactions (ANZSIC06) - ECT,Private - Values - Electronic card transactions  A/S/T by industry,Actual,Liquor,,,
1040,ECTM.S1AG1222,2018.09,136.7,,F,Dollars,6,Electronic Card Transactions (ANZSIC06) - ECT,Private - Values - Electronic card transactions  A/S/T by industry,Actual,Liquor,,,
1041,ECTM.S1AG1222,2018.1,148.1,,F,Dollars,6,Electronic Card Transactions (ANZSIC06) - ECT,Private - Values - Electronic card transactions  A/S/T by industry,Actual,Liquor,,,
1042,ECTM.S1AG1222,2018.11,159.6,,F,Dollars,6,Electronic Card Transactions (ANZSIC06) - ECT,Private - Values - Electronic card transactions  A/S/T by industry,Actual,Liquor,,,
1043,ECTM.S1AG1222,2018.12,227.3,,F,Dollars,6,Electronic Card Transactions (ANZSIC06) - ECT,Private - Values - Electronic card transactions  A/S/T by industry,Actual,Liquor,,,
1044,ECTM.S1AG1222,2019.01,156.8,,F,Dollars,6,Electronic Card Transactions (ANZSIC06) - ECT,Private - Values - Electronic card transactions  A/S/T by industry,Actual,Liquor,,,
1045,ECTM.S1AG1222,2019.02,148.5,,F,Dollars,6,Electronic Card Transactions (ANZSIC06) - ECT,Private - Values - Electronic card transactions  A/S/T by industry,Actual,Liquor,,,
1046,ECTM.S1AG1222,2019.03,160.7,,F,Dollars,6,Electronic Card Transactions (ANZSIC06) - ECT,Private - Values - Electronic card transactions  A/S/T by industry,Actual,Liquor,,,
1047,ECTM.S1AG1222,2019.04,146.2,,F,Dollars,6,Electronic Card Transactions (ANZSIC06) - ECT,Private - Values - Electronic card transactions  A/S/T by industry,Actual,Liquor,,,
1048,ECTM.S1AG1222,2019.05,146.3,,F,Dollars,6,Electronic Card Transactions (ANZSIC06) - ECT,Private - Values - Electronic card transactions  A/S/T by industry,Actual,Liquor,,,
1049,ECTM.S1AG1222,2019.06,138.3,,F,Dollars,6,Electronic Card Transactions (ANZSIC06) - ECT,Private - Values - Electronic card transactions  A/S/T by industry,Actual,Liquor,,,
1050,ECTM.S1AG1222,2019.07,135.6,,F,Dollars,6,Electronic Card Transactions (ANZSIC06) - ECT,Private - Values - Electronic card transactions  A/S/T by industry,Actual,Liquor,,,
1051,ECTM.S1AG1222,2019.08,146.2,,F,Dollars,6,Electronic Card Transactions (ANZSIC06) - ECT,Private - Values - Electronic card transactions  A/S/T by industry,Actual,Liquor,,,
1052,ECTM.S1AG1222,2019.09,138.5,,F,Dollars,6,Electronic Card Transactions (ANZSIC06) - ECT,Private - Values - Electronic card transactions  A/S/T by industry,Actual,Liquor,,,
1053,ECTM.S1AG1222,2019.1,154.9,,F,Dollars,6,Electronic Card Transactions (ANZSIC06) - ECT,Private - Values - Electronic card transactions  A/S/T by industry,Actual,Liquor,,,
1054,ECTM.S1AG1222,2019.11,173.1,,F,Dollars,6,Electronic Card Transactions (ANZSIC06) - ECT,Private - Values - Electronic card transactions  A/S/T by industry,Actual,Liquor,,,
1055,ECTM.S1AG1222,2019.12,235.2,,F,Dollars,6,Electronic Card Transactions (ANZSIC06) - ECT,Private - Values - Electronic card transactions  A/S/T by industry,Actual,Liquor,,,
1056,ECTM.S1AG1222,2020.01,162.9,,F,Dollars,6,Electronic Card Transactions (ANZSIC06) - ECT,Private - Values - Electronic card transactions  A/S/T by industry,Actual,Liquor,,,
1057,ECTM.S1AG1222,2020.02,166.0,,F,Dollars,6,Electronic Card Transactions (ANZSIC06) - ECT,Private - Values - Electronic card transactions  A/S/T by industry,Actual,Liquor,,,
1058,ECTM.S1AG1222,2020.03,192.8,,F,Dollars,6,Electronic Card Transactions (ANZSIC06) - ECT,Private - Values - Electronic card transactions  A/S/T by industry,Actual,Liquor,,,
1059,ECTM.S1AG1222,2020.04,52.2,,F,Dollars,6,Electronic Card Transactions (ANZSIC06) - ECT,Private - Values - Electronic card transactions  A/S/T by industry,Actual,Liquor,,,
1060,ECTM.S1AG1222,2020.05,166.6,,F,Dollars,6,Electronic Card Transactions (ANZSIC06) - ECT,Private - Values - Electronic card transactions  A/S/T by industry,Actual,Liquor,,,
1061,ECTM.S1AG1222,2020.06,161.1,,F,Dollars,6,Electronic Card Transactions (ANZSIC06) - ECT,Private - Values - Electronic card transactions  A/S/T by industry,Actual,Liquor,,,
1062,ECTM.S1AG1222,2020.07,172.5,,F,Dollars,6,Electronic Card Transactions (ANZSIC06) - ECT,Private - Values - Electronic card transactions  A/S/T by industry,Actual,Liquor,,,
1063,ECTM.S1SG1222,2007.03,68.5,,R,Dollars,6,Electronic Card Transactions (ANZSIC06) - ECT,Private - Values - Electronic card transactions  A/S/T by industry,Seasonally adjusted,Liquor,,,
1064,ECTM.S1SG1222,2007.04,69.1,,R,Dollars,6,Electronic Card Transactions (ANZSIC06) - ECT,Private - Values - Electronic card transactions  A/S/T by industry,Seasonally adjusted,Liquor,,,
1065,ECTM.S1SG1222,2007.05,68.3,,R,Dollars,6,Electronic Card Transactions (ANZSIC06) - ECT,Private - Values - Electronic card transactions  A/S/T by industry,Seasonally adjusted,Liquor,,,
1066,ECTM.S1SG1222,2007.06,70.7,,R,Dollars,6,Electronic Card Transactions (ANZSIC06) - ECT,Private - Values - Electronic card transactions  A/S/T by industry,Seasonally adjusted,Liquor,,,
1067,ECTM.S1SG1222,2007.07,70.8,,R,Dollars,6,Electronic Card Transactions (ANZSIC06) - ECT,Private - Values - Electronic card transactions  A/S/T by industry,Seasonally adjusted,Liquor,,,
1068,ECTM.S1SG1222,2007.08,72.4,,R,Dollars,6,Electronic Card Transactions (ANZSIC06) - ECT,Private - Values - Electronic card transactions  A/S/T by industry,Seasonally adjusted,Liquor,,,
1069,ECTM.S1SG1222,2007.09,72.6,,R,Dollars,6,Electronic Card Transactions (ANZSIC06) - ECT,Private - Values - Electronic card transactions  A/S/T by industry,Seasonally adjusted,Liquor,,,
1070,ECTM.S1SG1222,2007.1,72.3,,R,Dollars,6,Electronic Card Transactions (ANZSIC06) - ECT,Private - Values - Electronic card transactions  A/S/T by industry,Seasonally adjusted,Liquor,,,
1071,ECTM.S1SG1222,2007.11,73.1,,R,Dollars,6,Electronic Card Transactions (ANZSIC06) - ECT,Private - Values - Electronic card transactions  A/S/T by industry,Seasonally adjusted,Liquor,,,
1072,ECTM.S1SG1222,2007.12,73.7,,R,Dollars,6,Electronic Card Transactions (ANZSIC06) - ECT,Private - Values - Electronic card transactions  A/S/T by industry,Seasonally adjusted,Liquor,,,
1073,ECTM.S1SG1222,2008.01,72.8,,R,Dollars,6,Electronic Card Transactions (ANZSIC06) - ECT,Private - Values - Electronic card transactions  A/S/T by industry,Seasonally adjusted,Liquor,,,
1074,ECTM.S1SG1222,2008.02,72.8,,R,Dollars,6,Electronic Card Transactions (ANZSIC06) - ECT,Private - Values - Electronic card transactions  A/S/T by industry,Seasonally adjusted,Liquor,,,
1075,ECTM.S1SG1222,2008.03,73.0,,R,Dollars,6,Electronic Card Transactions (ANZSIC06) - ECT,Private - Values - Electronic card transactions  A/S/T by industry,Seasonally adjusted,Liquor,,,
1076,ECTM.S1SG1222,2008.04,71.4,,R,Dollars,6,Electronic Card Transactions (ANZSIC06) - ECT,Private - Values - Electronic card transactions  A/S/T by industry,Seasonally adjusted,Liquor,,,
1077,ECTM.S1SG1222,2008.05,72.6,,R,Dollars,6,Electronic Card Transactions (ANZSIC06) - ECT,Private - Values - Electronic card transactions  A/S/T by industry,Seasonally adjusted,Liquor,,,
1078,ECTM.S1SG1222,2008.06,72.7,,R,Dollars,6,Electronic Card Transactions (ANZSIC06) - ECT,Private - Values - Electronic card transactions  A/S/T by industry,Seasonally adjusted,Liquor,,,
1079,ECTM.S1SG1222,2008.07,72.0,,R,Dollars,6,Electronic Card Transactions (ANZSIC06) - ECT,Private - Values - Electronic card transactions  A/S/T by industry,Seasonally adjusted,Liquor,,,
1080,ECTM.S1SG1222,2008.08,73.0,,R,Dollars,6,Electronic Card Transactions (ANZSIC06) - ECT,Private - Values - Electronic card transactions  A/S/T by industry,Seasonally adjusted,Liquor,,,
1081,ECTM.S1SG1222,2008.09,73.7,,R,Dollars,6,Electronic Card Transactions (ANZSIC06) - ECT,Private - Values - Electronic card transactions  A/S/T by industry,Seasonally adjusted,Liquor,,,
1082,ECTM.S1SG1222,2008.1,74.2,,R,Dollars,6,Electronic Card Transactions (ANZSIC06) - ECT,Private - Values - Electronic card transactions  A/S/T by industry,Seasonally adjusted,Liquor,,,
1083,ECTM.S1SG1222,2008.11,76.4,,R,Dollars,6,Electronic Card Transactions (ANZSIC06) - ECT,Private - Values - Electronic card transactions  A/S/T by industry,Seasonally adjusted,Liquor,,,
1084,ECTM.S1SG1222,2008.12,78.6,,R,Dollars,6,Electronic Card Transactions (ANZSIC06) - ECT,Private - Values - Electronic card transactions  A/S/T by industry,Seasonally adjusted,Liquor,,,
1085,ECTM.S1SG1222,2009.01,78.0,,R,Dollars,6,Electronic Card Transactions (ANZSIC06) - ECT,Private - Values - Electronic card transactions  A/S/T by industry,Seasonally adjusted,Liquor,,,
1086,ECTM.S1SG1222,2009.02,77.7,,R,Dollars,6,Electronic Card Transactions (ANZSIC06) - ECT,Private - Values - Electronic card transactions  A/S/T by industry,Seasonally adjusted,Liquor,,,
1087,ECTM.S1SG1222,2009.03,78.8,,R,Dollars,6,Electronic Card Transactions (ANZSIC06) - ECT,Private - Values - Electronic card transactions  A/S/T by industry,Seasonally adjusted,Liquor,,,
1088,ECTM.S1SG1222,2009.04,80.8,,R,Dollars,6,Electronic Card Transactions (ANZSIC06) - ECT,Private - Values - Electronic card transactions  A/S/T by industry,Seasonally adjusted,Liquor,,,
1089,ECTM.S1SG1222,2009.05,82.2,,R,Dollars,6,Electronic Card Transactions (ANZSIC06) - ECT,Private - Values - Electronic card transactions  A/S/T by industry,Seasonally adjusted,Liquor,,,
1090,ECTM.S1SG1222,2009.06,81.2,,R,Dollars,6,Electronic Card Transactions (ANZSIC06) - ECT,Private - Values - Electronic card transactions  A/S/T by industry,Seasonally adjusted,Liquor,,,
1091,ECTM.S1SG1222,2009.07,83.4,,R,Dollars,6,Electronic Card Transactions (ANZSIC06) - ECT,Private - Values - Electronic card transactions  A/S/T by industry,Seasonally adjusted,Liquor,,,
1092,ECTM.S1SG1222,2009.08,84.0,,R,Dollars,6,Electronic Card Transactions (ANZSIC06) - ECT,Private - Values - Electronic card transactions  A/S/T by industry,Seasonally adjusted,Liquor,,,
1093,ECTM.S1SG1222,2009.09,83.6,,R,Dollars,6,Electronic Card Transactions (ANZSIC06) - ECT,Private - Values - Electronic card transactions  A/S/T by industry,Seasonally adjusted,Liquor,,,
1094,ECTM.S1SG1222,2009.1,82.3,,R,Dollars,6,Electronic Card Transactions (ANZSIC06) - ECT,Private - Values - Electronic card transactions  A/S/T by industry,Seasonally adjusted,Liquor,,,
1095,ECTM.S1SG1222,2009.11,81.7,,R,Dollars,6,Electronic Card Transactions (ANZSIC06) - ECT,Private - Values - Electronic card transactions  A/S/T by industry,Seasonally adjusted,Liquor,,,
1096,ECTM.S1SG1222,2009.12,82.2,,R,Dollars,6,Electronic Card Transactions (ANZSIC06) - ECT,Private - Values - Electronic card transactions  A/S/T by industry,Seasonally adjusted,Liquor,,,
1097,ECTM.S1SG1222,2010.01,81.0,,R,Dollars,6,Electronic Card Transactions (ANZSIC06) - ECT,Private - Values - Electronic card transactions  A/S/T by industry,Seasonally adjusted,Liquor,,,
1098,ECTM.S1SG1222,2010.02,82.4,,R,Dollars,6,Electronic Card Transactions (ANZSIC06) - ECT,Private - Values - Electronic card transactions  A/S/T by industry,Seasonally adjusted,Liquor,,,
1099,ECTM.S1SG1222,2010.03,81.7,,R,Dollars,6,Electronic Card Transactions (ANZSIC06) - ECT,Private - Values - Electronic card transactions  A/S/T by industry,Seasonally adjusted,Liquor,,,
1100,ECTM.S1SG1222,2010.04,81.5,,R,Dollars,6,Electronic Card Transactions (ANZSIC06) - ECT,Private - Values - Electronic card transactions  A/S/T by industry,Seasonally adjusted,Liquor,,,
1101,ECTM.S1SG1222,2010.05,79.6,,R,Dollars,6,Electronic Card Transactions (ANZSIC06) - ECT,Private - Values - Electronic card transactions  A/S/T by industry,Seasonally adjusted,Liquor,,,
1102,ECTM.S1SG1222,2010.06,79.0,,R,Dollars,6,Electronic Card Transactions (ANZSIC06) - ECT,Private - Values - Electronic card transactions  A/S/T by industry,Seasonally adjusted,Liquor,,,
1103,ECTM.S1SG1222,2010.07,79.5,,R,Dollars,6,Electronic Card Transactions (ANZSIC06) - ECT,Private - Values - Electronic card transactions  A/S/T by industry,Seasonally adjusted,Liquor,,,
1104,ECTM.S1SG1222,2010.08,78.2,,R,Dollars,6,Electronic Card Transactions (ANZSIC06) - ECT,Private - Values - Electronic card transactions  A/S/T by industry,Seasonally adjusted,Liquor,,,
1105,ECTM.S1SG1222,2010.09,80.1,,R,Dollars,6,Electronic Card Transactions (ANZSIC06) - ECT,Private - Values - Electronic card transactions  A/S/T by industry,Seasonally adjusted,Liquor,,,
1106,ECTM.S1SG1222,2010.1,83.0,,R,Dollars,6,Electronic Card Transactions (ANZSIC06) - ECT,Private - Values - Electronic card transactions  A/S/T by industry,Seasonally adjusted,Liquor,,,
1107,ECTM.S1SG1222,2010.11,86.7,,R,Dollars,6,Electronic Card Transactions (ANZSIC06) - ECT,Private - Values - Electronic card transactions  A/S/T by industry,Seasonally adjusted,Liquor,,,
1108,ECTM.S1SG1222,2010.12,84.6,,R,Dollars,6,Electronic Card Transactions (ANZSIC06) - ECT,Private - Values - Electronic card transactions  A/S/T by industry,Seasonally adjusted,Liquor,,,
1109,ECTM.S1SG1222,2011.01,86.2,,R,Dollars,6,Electronic Card Transactions (ANZSIC06) - ECT,Private - Values - Electronic card transactions  A/S/T by industry,Seasonally adjusted,Liquor,,,
1110,ECTM.S1SG1222,2011.02,86.5,,R,Dollars,6,Electronic Card Transactions (ANZSIC06) - ECT,Private - Values - Electronic card transactions  A/S/T by industry,Seasonally adjusted,Liquor,,,
1111,ECTM.S1SG1222,2011.03,87.5,,R,Dollars,6,Electronic Card Transactions (ANZSIC06) - ECT,Private - Values - Electronic card transactions  A/S/T by industry,Seasonally adjusted,Liquor,,,
1112,ECTM.S1SG1222,2011.04,88.5,,R,Dollars,6,Electronic Card Transactions (ANZSIC06) - ECT,Private - Values - Electronic card transactions  A/S/T by industry,Seasonally adjusted,Liquor,,,
1113,ECTM.S1SG1222,2011.05,88.5,,R,Dollars,6,Electronic Card Transactions (ANZSIC06) - ECT,Private - Values - Electronic card transactions  A/S/T by industry,Seasonally adjusted,Liquor,,,
1114,ECTM.S1SG1222,2011.06,90.5,,R,Dollars,6,Electronic Card Transactions (ANZSIC06) - ECT,Private - Values - Electronic card transactions  A/S/T by industry,Seasonally adjusted,Liquor,,,
1115,ECTM.S1SG1222,2011.07,90.9,,R,Dollars,6,Electronic Card Transactions (ANZSIC06) - ECT,Private - Values - Electronic card transactions  A/S/T by industry,Seasonally adjusted,Liquor,,,
1116,ECTM.S1SG1222,2011.08,90.5,,R,Dollars,6,Electronic Card Transactions (ANZSIC06) - ECT,Private - Values - Electronic card transactions  A/S/T by industry,Seasonally adjusted,Liquor,,,
1117,ECTM.S1SG1222,2011.09,92.9,,R,Dollars,6,Electronic Card Transactions (ANZSIC06) - ECT,Private - Values - Electronic card transactions  A/S/T by industry,Seasonally adjusted,Liquor,,,
1118,ECTM.S1SG1222,2011.1,93.0,,R,Dollars,6,Electronic Card Transactions (ANZSIC06) - ECT,Private - Values - Electronic card transactions  A/S/T by industry,Seasonally adjusted,Liquor,,,
1119,ECTM.S1SG1222,2011.11,89.5,,R,Dollars,6,Electronic Card Transactions (ANZSIC06) - ECT,Private - Values - Electronic card transactions  A/S/T by industry,Seasonally adjusted,Liquor,,,
1120,ECTM.S1SG1222,2011.12,86.9,,R,Dollars,6,Electronic Card Transactions (ANZSIC06) - ECT,Private - Values - Electronic card transactions  A/S/T by industry,Seasonally adjusted,Liquor,,,
1121,ECTM.S1SG1222,2012.01,89.9,,R,Dollars,6,Electronic Card Transactions (ANZSIC06) - ECT,Private - Values - Electronic card transactions  A/S/T by industry,Seasonally adjusted,Liquor,,,
1122,ECTM.S1SG1222,2012.02,90.8,,R,Dollars,6,Electronic Card Transactions (ANZSIC06) - ECT,Private - Values - Electronic card transactions  A/S/T by industry,Seasonally adjusted,Liquor,,,
1123,ECTM.S1SG1222,2012.03,89.9,,R,Dollars,6,Electronic Card Transactions (ANZSIC06) - ECT,Private - Values - Electronic card transactions  A/S/T by industry,Seasonally adjusted,Liquor,,,
1124,ECTM.S1SG1222,2012.04,92.4,,R,Dollars,6,Electronic Card Transactions (ANZSIC06) - ECT,Private - Values - Electronic card transactions  A/S/T by industry,Seasonally adjusted,Liquor,,,
1125,ECTM.S1SG1222,2012.05,94.9,,R,Dollars,6,Electronic Card Transactions (ANZSIC06) - ECT,Private - Values - Electronic card transactions  A/S/T by industry,Seasonally adjusted,Liquor,,,
1126,ECTM.S1SG1222,2012.06,96.0,,R,Dollars,6,Electronic Card Transactions (ANZSIC06) - ECT,Private - Values - Electronic card transactions  A/S/T by industry,Seasonally adjusted,Liquor,,,
1127,ECTM.S1SG1222,2012.07,96.2,,R,Dollars,6,Electronic Card Transactions (ANZSIC06) - ECT,Private - Values - Electronic card transactions  A/S/T by industry,Seasonally adjusted,Liquor,,,
1128,ECTM.S1SG1222,2012.08,97.1,,R,Dollars,6,Electronic Card Transactions (ANZSIC06) - ECT,Private - Values - Electronic card transactions  A/S/T by industry,Seasonally adjusted,Liquor,,,
1129,ECTM.S1SG1222,2012.09,97.8,,R,Dollars,6,Electronic Card Transactions (ANZSIC06) - ECT,Private - Values - Electronic card transactions  A/S/T by industry,Seasonally adjusted,Liquor,,,
1130,ECTM.S1SG1222,2012.1,97.3,,R,Dollars,6,Electronic Card Transactions (ANZSIC06) - ECT,Private - Values - Electronic card transactions  A/S/T by industry,Seasonally adjusted,Liquor,,,
1131,ECTM.S1SG1222,2012.11,98.1,,R,Dollars,6,Electronic Card Transactions (ANZSIC06) - ECT,Private - Values - Electronic card transactions  A/S/T by industry,Seasonally adjusted,Liquor,,,
1132,ECTM.S1SG1222,2012.12,97.5,,R,Dollars,6,Electronic Card Transactions (ANZSIC06) - ECT,Private - Values - Electronic card transactions  A/S/T by industry,Seasonally adjusted,Liquor,,,
1133,ECTM.S1SG1222,2013.01,100.0,,R,Dollars,6,Electronic Card Transactions (ANZSIC06) - ECT,Private - Values - Electronic card transactions  A/S/T by industry,Seasonally adjusted,Liquor,,,
1134,ECTM.S1SG1222,2013.02,99.1,,R,Dollars,6,Electronic Card Transactions (ANZSIC06) - ECT,Private - Values - Electronic card transactions  A/S/T by industry,Seasonally adjusted,Liquor,,,
1135,ECTM.S1SG1222,2013.03,101.4,,R,Dollars,6,Electronic Card Transactions (ANZSIC06) - ECT,Private - Values - Electronic card transactions  A/S/T by industry,Seasonally adjusted,Liquor,,,
1136,ECTM.S1SG1222,2013.04,98.9,,R,Dollars,6,Electronic Card Transactions (ANZSIC06) - ECT,Private - Values - Electronic card transactions  A/S/T by industry,Seasonally adjusted,Liquor,,,
1137,ECTM.S1SG1222,2013.05,99.9,,R,Dollars,6,Electronic Card Transactions (ANZSIC06) - ECT,Private - Values - Electronic card transactions  A/S/T by industry,Seasonally adjusted,Liquor,,,
1138,ECTM.S1SG1222,2013.06,100.5,,R,Dollars,6,Electronic Card Transactions (ANZSIC06) - ECT,Private - Values - Electronic card transactions  A/S/T by industry,Seasonally adjusted,Liquor,,,
1139,ECTM.S1SG1222,2013.07,101.9,,R,Dollars,6,Electronic Card Transactions (ANZSIC06) - ECT,Private - Values - Electronic card transactions  A/S/T by industry,Seasonally adjusted,Liquor,,,
1140,ECTM.S1SG1222,2013.08,102.6,,R,Dollars,6,Electronic Card Transactions (ANZSIC06) - ECT,Private - Values - Electronic card transactions  A/S/T by industry,Seasonally adjusted,Liquor,,,
1141,ECTM.S1SG1222,2013.09,101.0,,R,Dollars,6,Electronic Card Transactions (ANZSIC06) - ECT,Private - Values - Electronic card transactions  A/S/T by industry,Seasonally adjusted,Liquor,,,
1142,ECTM.S1SG1222,2013.1,103.4,,R,Dollars,6,Electronic Card Transactions (ANZSIC06) - ECT,Private - Values - Electronic card transactions  A/S/T by industry,Seasonally adjusted,Liquor,,,
1143,ECTM.S1SG1222,2013.11,103.3,,R,Dollars,6,Electronic Card Transactions (ANZSIC06) - ECT,Private - Values - Electronic card transactions  A/S/T by industry,Seasonally adjusted,Liquor,,,
1144,ECTM.S1SG1222,2013.12,104.5,,R,Dollars,6,Electronic Card Transactions (ANZSIC06) - ECT,Private - Values - Electronic card transactions  A/S/T by industry,Seasonally adjusted,Liquor,,,
1145,ECTM.S1SG1222,2014.01,102.4,,R,Dollars,6,Electronic Card Transactions (ANZSIC06) - ECT,Private - Values - Electronic card transactions  A/S/T by industry,Seasonally adjusted,Liquor,,,
1146,ECTM.S1SG1222,2014.02,104.4,,R,Dollars,6,Electronic Card Transactions (ANZSIC06) - ECT,Private - Values - Electronic card transactions  A/S/T by industry,Seasonally adjusted,Liquor,,,
1147,ECTM.S1SG1222,2014.03,104.3,,R,Dollars,6,Electronic Card Transactions (ANZSIC06) - ECT,Private - Values - Electronic card transactions  A/S/T by industry,Seasonally adjusted,Liquor,,,
1148,ECTM.S1SG1222,2014.04,106.1,,R,Dollars,6,Electronic Card Transactions (ANZSIC06) - ECT,Private - Values - Electronic card transactions  A/S/T by industry,Seasonally adjusted,Liquor,,,
1149,ECTM.S1SG1222,2014.05,105.5,,R,Dollars,6,Electronic Card Transactions (ANZSIC06) - ECT,Private - Values - Electronic card transactions  A/S/T by industry,Seasonally adjusted,Liquor,,,
1150,ECTM.S1SG1222,2014.06,106.6,,R,Dollars,6,Electronic Card Transactions (ANZSIC06) - ECT,Private - Values - Electronic card transactions  A/S/T by industry,Seasonally adjusted,Liquor,,,
1151,ECTM.S1SG1222,2014.07,105.0,,R,Dollars,6,Electronic Card Transactions (ANZSIC06) - ECT,Private - Values - Electronic card transactions  A/S/T by industry,Seasonally adjusted,Liquor,,,
1152,ECTM.S1SG1222,2014.08,106.8,,R,Dollars,6,Electronic Card Transactions (ANZSIC06) - ECT,Private - Values - Electronic card transactions  A/S/T by industry,Seasonally adjusted,Liquor,,,
1153,ECTM.S1SG1222,2014.09,107.2,,R,Dollars,6,Electronic Card Transactions (ANZSIC06) - ECT,Private - Values - Electronic card transactions  A/S/T by industry,Seasonally adjusted,Liquor,,,
1154,ECTM.S1SG1222,2014.1,108.6,,R,Dollars,6,Electronic Card Transactions (ANZSIC06) - ECT,Private - Values - Electronic card transactions  A/S/T by industry,Seasonally adjusted,Liquor,,,
1155,ECTM.S1SG1222,2014.11,109.1,,R,Dollars,6,Electronic Card Transactions (ANZSIC06) - ECT,Private - Values - Electronic card transactions  A/S/T by industry,Seasonally adjusted,Liquor,,,
1156,ECTM.S1SG1222,2014.12,109.3,,R,Dollars,6,Electronic Card Transactions (ANZSIC06) - ECT,Private - Values - Electronic card transactions  A/S/T by industry,Seasonally adjusted,Liquor,,,
1157,ECTM.S1SG1222,2015.01,109.8,,R,Dollars,6,Electronic Card Transactions (ANZSIC06) - ECT,Private - Values - Electronic card transactions  A/S/T by industry,Seasonally adjusted,Liquor,,,
1158,ECTM.S1SG1222,2015.02,109.5,,R,Dollars,6,Electronic Card Transactions (ANZSIC06) - ECT,Private - Values - Electronic card transactions  A/S/T by industry,Seasonally adjusted,Liquor,,,
1159,ECTM.S1SG1222,2015.03,111.8,,R,Dollars,6,Electronic Card Transactions (ANZSIC06) - ECT,Private - Values - Electronic card transactions  A/S/T by industry,Seasonally adjusted,Liquor,,,
1160,ECTM.S1SG1222,2015.04,112.4,,R,Dollars,6,Electronic Card Transactions (ANZSIC06) - ECT,Private - Values - Electronic card transactions  A/S/T by industry,Seasonally adjusted,Liquor,,,
1161,ECTM.S1SG1222,2015.05,114.5,,R,Dollars,6,Electronic Card Transactions (ANZSIC06) - ECT,Private - Values - Electronic card transactions  A/S/T by industry,Seasonally adjusted,Liquor,,,
1162,ECTM.S1SG1222,2015.06,113.4,,R,Dollars,6,Electronic Card Transactions (ANZSIC06) - ECT,Private - Values - Electronic card transactions  A/S/T by industry,Seasonally adjusted,Liquor,,,
1163,ECTM.S1SG1222,2015.07,115.5,,R,Dollars,6,Electronic Card Transactions (ANZSIC06) - ECT,Private - Values - Electronic card transactions  A/S/T by industry,Seasonally adjusted,Liquor,,,
1164,ECTM.S1SG1222,2015.08,116.0,,R,Dollars,6,Electronic Card Transactions (ANZSIC06) - ECT,Private - Values - Electronic card transactions  A/S/T by industry,Seasonally adjusted,Liquor,,,
1165,ECTM.S1SG1222,2015.09,118.3,,R,Dollars,6,Electronic Card Transactions (ANZSIC06) - ECT,Private - Values - Electronic card transactions  A/S/T by industry,Seasonally adjusted,Liquor,,,
1166,ECTM.S1SG1222,2015.1,118.3,,R,Dollars,6,Electronic Card Transactions (ANZSIC06) - ECT,Private - Values - Electronic card transactions  A/S/T by industry,Seasonally adjusted,Liquor,,,
1167,ECTM.S1SG1222,2015.11,119.5,,R,Dollars,6,Electronic Card Transactions (ANZSIC06) - ECT,Private - Values - Electronic card transactions  A/S/T by industry,Seasonally adjusted,Liquor,,,
1168,ECTM.S1SG1222,2015.12,121.1,,R,Dollars,6,Electronic Card Transactions (ANZSIC06) - ECT,Private - Values - Electronic card transactions  A/S/T by industry,Seasonally adjusted,Liquor,,,
1169,ECTM.S1SG1222,2016.01,118.9,,R,Dollars,6,Electronic Card Transactions (ANZSIC06) - ECT,Private - Values - Electronic card transactions  A/S/T by industry,Seasonally adjusted,Liquor,,,
1170,ECTM.S1SG1222,2016.02,122.7,,R,Dollars,6,Electronic Card Transactions (ANZSIC06) - ECT,Private - Values - Electronic card transactions  A/S/T by industry,Seasonally adjusted,Liquor,,,
1171,ECTM.S1SG1222,2016.03,121.9,,R,Dollars,6,Electronic Card Transactions (ANZSIC06) - ECT,Private - Values - Electronic card transactions  A/S/T by industry,Seasonally adjusted,Liquor,,,
1172,ECTM.S1SG1222,2016.04,122.1,,R,Dollars,6,Electronic Card Transactions (ANZSIC06) - ECT,Private - Values - Electronic card transactions  A/S/T by industry,Seasonally adjusted,Liquor,,,
1173,ECTM.S1SG1222,2016.05,123.6,,R,Dollars,6,Electronic Card Transactions (ANZSIC06) - ECT,Private - Values - Electronic card transactions  A/S/T by industry,Seasonally adjusted,Liquor,,,
1174,ECTM.S1SG1222,2016.06,125.1,,R,Dollars,6,Electronic Card Transactions (ANZSIC06) - ECT,Private - Values - Electronic card transactions  A/S/T by industry,Seasonally adjusted,Liquor,,,
1175,ECTM.S1SG1222,2016.07,126.6,,R,Dollars,6,Electronic Card Transactions (ANZSIC06) - ECT,Private - Values - Electronic card transactions  A/S/T by industry,Seasonally adjusted,Liquor,,,
1176,ECTM.S1SG1222,2016.08,125.3,,R,Dollars,6,Electronic Card Transactions (ANZSIC06) - ECT,Private - Values - Electronic card transactions  A/S/T by industry,Seasonally adjusted,Liquor,,,
1177,ECTM.S1SG1222,2016.09,127.5,,R,Dollars,6,Electronic Card Transactions (ANZSIC06) - ECT,Private - Values - Electronic card transactions  A/S/T by industry,Seasonally adjusted,Liquor,,,
1178,ECTM.S1SG1222,2016.1,125.8,,R,Dollars,6,Electronic Card Transactions (ANZSIC06) - ECT,Private - Values - Electronic card transactions  A/S/T by industry,Seasonally adjusted,Liquor,,,
1179,ECTM.S1SG1222,2016.11,127.1,,R,Dollars,6,Electronic Card Transactions (ANZSIC06) - ECT,Private - Values - Electronic card transactions  A/S/T by industry,Seasonally adjusted,Liquor,,,
1180,ECTM.S1SG1222,2016.12,127.1,,R,Dollars,6,Electronic Card Transactions (ANZSIC06) - ECT,Private - Values - Electronic card transactions  A/S/T by industry,Seasonally adjusted,Liquor,,,
1181,ECTM.S1SG1222,2017.01,131.4,,R,Dollars,6,Electronic Card Transactions (ANZSIC06) - ECT,Private - Values - Electronic card transactions  A/S/T by industry,Seasonally adjusted,Liquor,,,
1182,ECTM.S1SG1222,2017.02,132.3,,R,Dollars,6,Electronic Card Transactions (ANZSIC06) - ECT,Private - Values - Electronic card transactions  A/S/T by industry,Seasonally adjusted,Liquor,,,
1183,ECTM.S1SG1222,2017.03,131.3,,R,Dollars,6,Electronic Card Transactions (ANZSIC06) - ECT,Private - Values - Electronic card transactions  A/S/T by industry,Seasonally adjusted,Liquor,,,
1184,ECTM.S1SG1222,2017.04,134.0,,R,Dollars,6,Electronic Card Transactions (ANZSIC06) - ECT,Private - Values - Electronic card transactions  A/S/T by industry,Seasonally adjusted,Liquor,,,
1185,ECTM.S1SG1222,2017.05,133.5,,R,Dollars,6,Electronic Card Transactions (ANZSIC06) - ECT,Private - Values - Electronic card transactions  A/S/T by industry,Seasonally adjusted,Liquor,,,
1186,ECTM.S1SG1222,2017.06,135.7,,R,Dollars,6,Electronic Card Transactions (ANZSIC06) - ECT,Private - Values - Electronic card transactions  A/S/T by industry,Seasonally adjusted,Liquor,,,
1187,ECTM.S1SG1222,2017.07,136.2,,R,Dollars,6,Electronic Card Transactions (ANZSIC06) - ECT,Private - Values - Electronic card transactions  A/S/T by industry,Seasonally adjusted,Liquor,,,
1188,ECTM.S1SG1222,2017.08,138.6,,R,Dollars,6,Electronic Card Transactions (ANZSIC06) - ECT,Private - Values - Electronic card transactions  A/S/T by industry,Seasonally adjusted,Liquor,,,
1189,ECTM.S1SG1222,2017.09,138.8,,R,Dollars,6,Electronic Card Transactions (ANZSIC06) - ECT,Private - Values - Electronic card transactions  A/S/T by industry,Seasonally adjusted,Liquor,,,
1190,ECTM.S1SG1222,2017.1,141.0,,R,Dollars,6,Electronic Card Transactions (ANZSIC06) - ECT,Private - Values - Electronic card transactions  A/S/T by industry,Seasonally adjusted,Liquor,,,
1191,ECTM.S1SG1222,2017.11,142.4,,R,Dollars,6,Electronic Card Transactions (ANZSIC06) - ECT,Private - Values - Electronic card transactions  A/S/T by industry,Seasonally adjusted,Liquor,,,
1192,ECTM.S1SG1222,2017.12,142.7,,R,Dollars,6,Electronic Card Transactions (ANZSIC06) - ECT,Private - Values - Electronic card transactions  A/S/T by industry,Seasonally adjusted,Liquor,,,
1193,ECTM.S1SG1222,2018.01,145.3,,R,Dollars,6,Electronic Card Transactions (ANZSIC06) - ECT,Private - Values - Electronic card transactions  A/S/T by industry,Seasonally adjusted,Liquor,,,
1194,ECTM.S1SG1222,2018.02,142.8,,R,Dollars,6,Electronic Card Transactions (ANZSIC06) - ECT,Private - Values - Electronic card transactions  A/S/T by industry,Seasonally adjusted,Liquor,,,
1195,ECTM.S1SG1222,2018.03,146.4,,R,Dollars,6,Electronic Card Transactions (ANZSIC06) - ECT,Private - Values - Electronic card transactions  A/S/T by industry,Seasonally adjusted,Liquor,,,
1196,ECTM.S1SG1222,2018.04,143.8,,R,Dollars,6,Electronic Card Transactions (ANZSIC06) - ECT,Private - Values - Electronic card transactions  A/S/T by industry,Seasonally adjusted,Liquor,,,
1197,ECTM.S1SG1222,2018.05,144.9,,R,Dollars,6,Electronic Card Transactions (ANZSIC06) - ECT,Private - Values - Electronic card transactions  A/S/T by industry,Seasonally adjusted,Liquor,,,
1198,ECTM.S1SG1222,2018.06,146.8,,R,Dollars,6,Electronic Card Transactions (ANZSIC06) - ECT,Private - Values - Electronic card transactions  A/S/T by industry,Seasonally adjusted,Liquor,,,
1199,ECTM.S1SG1222,2018.07,147.4,,R,Dollars,6,Electronic Card Transactions (ANZSIC06) - ECT,Private - Values - Electronic card transactions  A/S/T by industry,Seasonally adjusted,Liquor,,,
1200,ECTM.S1SG1222,2018.08,149.0,,R,Dollars,6,Electronic Card Transactions (ANZSIC06) - ECT,Private - Values - Electronic card transactions  A/S/T by industry,Seasonally adjusted,Liquor,,,
1201,ECTM.S1SG1222,2018.09,150.0,,R,Dollars,6,Electronic Card Transactions (ANZSIC06) - ECT,Private - Values - Electronic card transactions  A/S/T by industry,Seasonally adjusted,Liquor,,,
1202,ECTM.S1SG1222,2018.1,153.3,,R,Dollars,6,Electronic Card Transactions (ANZSIC06) - ECT,Private - Values - Electronic card transactions  A/S/T by industry,Seasonally adjusted,Liquor,,,
1203,ECTM.S1SG1222,2018.11,151.7,,R,Dollars,6,Electronic Card Transactions (ANZSIC06) - ECT,Private - Values - Electronic card transactions  A/S/T by industry,Seasonally adjusted,Liquor,,,
1204,ECTM.S1SG1222,2018.12,153.2,,R,Dollars,6,Electronic Card Transactions (ANZSIC06) - ECT,Private - Values - Electronic card transactions  A/S/T by industry,Seasonally adjusted,Liquor,,,
1205,ECTM.S1SG1222,2019.01,154.6,,R,Dollars,6,Electronic Card Transactions (ANZSIC06) - ECT,Private - Values - Electronic card transactions  A/S/T by industry,Seasonally adjusted,Liquor,,,
1206,ECTM.S1SG1222,2019.02,155.5,,R,Dollars,6,Electronic Card Transactions (ANZSIC06) - ECT,Private - Values - Electronic card transactions  A/S/T by industry,Seasonally adjusted,Liquor,,,
1207,ECTM.S1SG1222,2019.03,154.1,,R,Dollars,6,Electronic Card Transactions (ANZSIC06) - ECT,Private - Values - Electronic card transactions  A/S/T by industry,Seasonally adjusted,Liquor,,,
1208,ECTM.S1SG1222,2019.04,156.2,,R,Dollars,6,Electronic Card Transactions (ANZSIC06) - ECT,Private - Values - Electronic card transactions  A/S/T by industry,Seasonally adjusted,Liquor,,,
1209,ECTM.S1SG1222,2019.05,156.0,,R,Dollars,6,Electronic Card Transactions (ANZSIC06) - ECT,Private - Values - Electronic card transactions  A/S/T by industry,Seasonally adjusted,Liquor,,,
1210,ECTM.S1SG1222,2019.06,153.7,,R,Dollars,6,Electronic Card Transactions (ANZSIC06) - ECT,Private - Values - Electronic card transactions  A/S/T by industry,Seasonally adjusted,Liquor,,,
1211,ECTM.S1SG1222,2019.07,154.6,,R,Dollars,6,Electronic Card Transactions (ANZSIC06) - ECT,Private - Values - Electronic card transactions  A/S/T by industry,Seasonally adjusted,Liquor,,,
1212,ECTM.S1SG1222,2019.08,156.2,,R,Dollars,6,Electronic Card Transactions (ANZSIC06) - ECT,Private - Values - Electronic card transactions  A/S/T by industry,Seasonally adjusted,Liquor,,,
1213,ECTM.S1SG1222,2019.09,156.8,,R,Dollars,6,Electronic Card Transactions (ANZSIC06) - ECT,Private - Values - Electronic card transactions  A/S/T by industry,Seasonally adjusted,Liquor,,,
1214,ECTM.S1SG1222,2019.1,158.0,,R,Dollars,6,Electronic Card Transactions (ANZSIC06) - ECT,Private - Values - Electronic card transactions  A/S/T by industry,Seasonally adjusted,Liquor,,,
1215,ECTM.S1SG1222,2019.11,161.6,,R,Dollars,6,Electronic Card Transactions (ANZSIC06) - ECT,Private - Values - Electronic card transactions  A/S/T by industry,Seasonally adjusted,Liquor,,,
1216,ECTM.S1SG1222,2019.12,162.5,,R,Dollars,6,Electronic Card Transactions (ANZSIC06) - ECT,Private - Values - Electronic card transactions  A/S/T by industry,Seasonally adjusted,Liquor,,,
1217,ECTM.S1SG1222,2020.01,158.2,,R,Dollars,6,Electronic Card Transactions (ANZSIC06) - ECT,Private - Values - Electronic card transactions  A/S/T by industry,Seasonally adjusted,Liquor,,,
1218,ECTM.S1SG1222,2020.02,165.0,,R,Dollars,6,Electronic Card Transactions (ANZSIC06) - ECT,Private - Values - Electronic card transactions  A/S/T by industry,Seasonally adjusted,Liquor,,,
1219,ECTM.S1SG1222,2020.03,193.9,,R,Dollars,6,Electronic Card Transactions (ANZSIC06) - ECT,Private - Values - Electronic card transactions  A/S/T by industry,Seasonally adjusted,Liquor,,,
1220,ECTM.S1SG1222,2020.04,55.1,,R,Dollars,6,Electronic Card Transactions (ANZSIC06) - ECT,Private - Values - Electronic card transactions  A/S/T by industry,Seasonally adjusted,Liquor,,,
1221,ECTM.S1SG1222,2020.05,173.9,,R,Dollars,6,Electronic Card Transactions (ANZSIC06) - ECT,Private - Values - Electronic card transactions  A/S/T by industry,Seasonally adjusted,Liquor,,,
1222,ECTM.S1SG1222,2020.06,184.8,,R,Dollars,6,Electronic Card Transactions (ANZSIC06) - ECT,Private - Values - Electronic card transactions  A/S/T by industry,Seasonally adjusted,Liquor,,,
1223,ECTM.S1SG1222,2020.07,190.9,,F,Dollars,6,Electronic Card Transactions (ANZSIC06) - ECT,Private - Values - Electronic card transactions  A/S/T by industry,Seasonally adjusted,Liquor,,,
1224,ECTM.S1AG1310,2007.02,333.6,,F,Dollars,6,Electronic Card Transactions (ANZSIC06) - ECT,Private - Values - Electronic card transactions  A/S/T by industry,Actual,"Furniture, Electrical and Hardware Retailing",,,
1225,ECTM.S1AG1310,2007.03,383.9,,F,Dollars,6,Electronic Card Transactions (ANZSIC06) - ECT,Private - Values - Electronic card transactions  A/S/T by industry,Actual,"Furniture, Electrical and Hardware Retailing",,,
1226,ECTM.S1AG1310,2007.04,360.7,,F,Dollars,6,Electronic Card Transactions (ANZSIC06) - ECT,Private - Values - Electronic card transactions  A/S/T by industry,Actual,"Furniture, Electrical and Hardware Retailing",,,
1227,ECTM.S1AG1310,2007.05,369.0,,F,Dollars,6,Electronic Card Transactions (ANZSIC06) - ECT,Private - Values - Electronic card transactions  A/S/T by industry,Actual,"Furniture, Electrical and Hardware Retailing",,,
1228,ECTM.S1AG1310,2007.06,366.7,,F,Dollars,6,Electronic Card Transactions (ANZSIC06) - ECT,Private - Values - Electronic card transactions  A/S/T by industry,Actual,"Furniture, Electrical and Hardware Retailing",,,
1229,ECTM.S1AG1310,2007.07,370.5,,F,Dollars,6,Electronic Card Transactions (ANZSIC06) - ECT,Private - Values - Electronic card transactions  A/S/T by industry,Actual,"Furniture, Electrical and Hardware Retailing",,,
1230,ECTM.S1AG1310,2007.08,377.6,,F,Dollars,6,Electronic Card Transactions (ANZSIC06) - ECT,Private - Values - Electronic card transactions  A/S/T by industry,Actual,"Furniture, Electrical and Hardware Retailing",,,
1231,ECTM.S1AG1310,2007.09,388.6,,F,Dollars,6,Electronic Card Transactions (ANZSIC06) - ECT,Private - Values - Electronic card transactions  A/S/T by industry,Actual,"Furniture, Electrical and Hardware Retailing",,,
1232,ECTM.S1AG1310,2007.1,411.0,,F,Dollars,6,Electronic Card Transactions (ANZSIC06) - ECT,Private - Values - Electronic card transactions  A/S/T by industry,Actual,"Furniture, Electrical and Hardware Retailing",,,
1233,ECTM.S1AG1310,2007.11,426.4,,F,Dollars,6,Electronic Card Transactions (ANZSIC06) - ECT,Private - Values - Electronic card transactions  A/S/T by industry,Actual,"Furniture, Electrical and Hardware Retailing",,,
1234,ECTM.S1AG1310,2007.12,531.3,,F,Dollars,6,Electronic Card Transactions (ANZSIC06) - ECT,Private - Values - Electronic card transactions  A/S/T by industry,Actual,"Furniture, Electrical and Hardware Retailing",,,
1235,ECTM.S1AG1310,2008.01,384.1,,F,Dollars,6,Electronic Card Transactions (ANZSIC06) - ECT,Private - Values - Electronic card transactions  A/S/T by industry,Actual,"Furniture, Electrical and Hardware Retailing",,,
1236,ECTM.S1AG1310,2008.02,356.5,,F,Dollars,6,Electronic Card Transactions (ANZSIC06) - ECT,Private - Values - Electronic card transactions  A/S/T by industry,Actual,"Furniture, Electrical and Hardware Retailing",,,
1237,ECTM.S1AG1310,2008.03,383.3,,F,Dollars,6,Electronic Card Transactions (ANZSIC06) - ECT,Private - Values - Electronic card transactions  A/S/T by industry,Actual,"Furniture, Electrical and Hardware Retailing",,,
1238,ECTM.S1AG1310,2008.04,359.5,,F,Dollars,6,Electronic Card Transactions (ANZSIC06) - ECT,Private - Values - Electronic card transactions  A/S/T by industry,Actual,"Furniture, Electrical and Hardware Retailing",,,
1239,ECTM.S1AG1310,2008.05,371.8,,F,Dollars,6,Electronic Card Transactions (ANZSIC06) - ECT,Private - Values - Electronic card transactions  A/S/T by industry,Actual,"Furniture, Electrical and Hardware Retailing",,,
1240,ECTM.S1AG1310,2008.06,349.1,,F,Dollars,6,Electronic Card Transactions (ANZSIC06) - ECT,Private - Values - Electronic card transactions  A/S/T by industry,Actual,"Furniture, Electrical and Hardware Retailing",,,
1241,ECTM.S1AG1310,2008.07,396.4,,F,Dollars,6,Electronic Card Transactions (ANZSIC06) - ECT,Private - Values - Electronic card transactions  A/S/T by industry,Actual,"Furniture, Electrical and Hardware Retailing",,,
1242,ECTM.S1AG1310,2008.08,401.8,,F,Dollars,6,Electronic Card Transactions (ANZSIC06) - ECT,Private - Values - Electronic card transactions  A/S/T by industry,Actual,"Furniture, Electrical and Hardware Retailing",,,
1243,ECTM.S1AG1310,2008.09,403.3,,F,Dollars,6,Electronic Card Transactions (ANZSIC06) - ECT,Private - Values - Electronic card transactions  A/S/T by industry,Actual,"Furniture, Electrical and Hardware Retailing",,,
1244,ECTM.S1AG1310,2008.1,442.7,,F,Dollars,6,Electronic Card Transactions (ANZSIC06) - ECT,Private - Values - Electronic card transactions  A/S/T by industry,Actual,"Furniture, Electrical and Hardware Retailing",,,
1245,ECTM.S1AG1310,2008.11,437.9,,F,Dollars,6,Electronic Card Transactions (ANZSIC06) - ECT,Private - Values - Electronic card transactions  A/S/T by industry,Actual,"Furniture, Electrical and Hardware Retailing",,,
1246,ECTM.S1AG1310,2008.12,604.8,,F,Dollars,6,Electronic Card Transactions (ANZSIC06) - ECT,Private - Values - Electronic card transactions  A/S/T by industry,Actual,"Furniture, Electrical and Hardware Retailing",,,
1247,ECTM.S1AG1310,2009.01,415.8,,F,Dollars,6,Electronic Card Transactions (ANZSIC06) - ECT,Private - Values - Electronic card transactions  A/S/T by industry,Actual,"Furniture, Electrical and Hardware Retailing",,,
1248,ECTM.S1AG1310,2009.02,370.4,,F,Dollars,6,Electronic Card Transactions (ANZSIC06) - ECT,Private - Values - Electronic card transactions  A/S/T by industry,Actual,"Furniture, Electrical and Hardware Retailing",,,
1249,ECTM.S1AG1310,2009.03,409.2,,F,Dollars,6,Electronic Card Transactions (ANZSIC06) - ECT,Private - Values - Electronic card transactions  A/S/T by industry,Actual,"Furniture, Electrical and Hardware Retailing",,,
1250,ECTM.S1AG1310,2009.04,387.4,,F,Dollars,6,Electronic Card Transactions (ANZSIC06) - ECT,Private - Values - Electronic card transactions  A/S/T by industry,Actual,"Furniture, Electrical and Hardware Retailing",,,
1251,ECTM.S1AG1310,2009.05,401.1,,F,Dollars,6,Electronic Card Transactions (ANZSIC06) - ECT,Private - Values - Electronic card transactions  A/S/T by industry,Actual,"Furniture, Electrical and Hardware Retailing",,,
1252,ECTM.S1AG1310,2009.06,381.0,,F,Dollars,6,Electronic Card Transactions (ANZSIC06) - ECT,Private - Values - Electronic card transactions  A/S/T by industry,Actual,"Furniture, Electrical and Hardware Retailing",,,
1253,ECTM.S1AG1310,2009.07,396.1,,F,Dollars,6,Electronic Card Transactions (ANZSIC06) - ECT,Private - Values - Electronic card transactions  A/S/T by industry,Actual,"Furniture, Electrical and Hardware Retailing",,,
1254,ECTM.S1AG1310,2009.08,404.3,,F,Dollars,6,Electronic Card Transactions (ANZSIC06) - ECT,Private - Values - Electronic card transactions  A/S/T by industry,Actual,"Furniture, Electrical and Hardware Retailing",,,
1255,ECTM.S1AG1310,2009.09,407.1,,F,Dollars,6,Electronic Card Transactions (ANZSIC06) - ECT,Private - Values - Electronic card transactions  A/S/T by industry,Actual,"Furniture, Electrical and Hardware Retailing",,,
1256,ECTM.S1AG1310,2009.1,451.9,,F,Dollars,6,Electronic Card Transactions (ANZSIC06) - ECT,Private - Values - Electronic card transactions  A/S/T by industry,Actual,"Furniture, Electrical and Hardware Retailing",,,
1257,ECTM.S1AG1310,2009.11,451.6,,F,Dollars,6,Electronic Card Transactions (ANZSIC06) - ECT,Private - Values - Electronic card transactions  A/S/T by industry,Actual,"Furniture, Electrical and Hardware Retailing",,,
1258,ECTM.S1AG1310,2009.12,600.7,,F,Dollars,6,Electronic Card Transactions (ANZSIC06) - ECT,Private - Values - Electronic card transactions  A/S/T by industry,Actual,"Furniture, Electrical and Hardware Retailing",,,
1259,ECTM.S1AG1310,2010.01,419.9,,F,Dollars,6,Electronic Card Transactions (ANZSIC06) - ECT,Private - Values - Electronic card transactions  A/S/T by industry,Actual,"Furniture, Electrical and Hardware Retailing",,,
1260,ECTM.S1AG1310,2010.02,369.4,,F,Dollars,6,Electronic Card Transactions (ANZSIC06) - ECT,Private - Values - Electronic card transactions  A/S/T by industry,Actual,"Furniture, Electrical and Hardware Retailing",,,
1261,ECTM.S1AG1310,2010.03,424.7,,F,Dollars,6,Electronic Card Transactions (ANZSIC06) - ECT,Private - Values - Electronic card transactions  A/S/T by industry,Actual,"Furniture, Electrical and Hardware Retailing",,,
1262,ECTM.S1AG1310,2010.04,395.9,,F,Dollars,6,Electronic Card Transactions (ANZSIC06) - ECT,Private - Values - Electronic card transactions  A/S/T by industry,Actual,"Furniture, Electrical and Hardware Retailing",,,
1263,ECTM.S1AG1310,2010.05,411.6,,F,Dollars,6,Electronic Card Transactions (ANZSIC06) - ECT,Private - Values - Electronic card transactions  A/S/T by industry,Actual,"Furniture, Electrical and Hardware Retailing",,,
1264,ECTM.S1AG1310,2010.06,393.6,,F,Dollars,6,Electronic Card Transactions (ANZSIC06) - ECT,Private - Values - Electronic card transactions  A/S/T by industry,Actual,"Furniture, Electrical and Hardware Retailing",,,
1265,ECTM.S1AG1310,2010.07,410.3,,F,Dollars,6,Electronic Card Transactions (ANZSIC06) - ECT,Private - Values - Electronic card transactions  A/S/T by industry,Actual,"Furniture, Electrical and Hardware Retailing",,,
1266,ECTM.S1AG1310,2010.08,402.4,,F,Dollars,6,Electronic Card Transactions (ANZSIC06) - ECT,Private - Values - Electronic card transactions  A/S/T by industry,Actual,"Furniture, Electrical and Hardware Retailing",,,
1267,ECTM.S1AG1310,2010.09,447.9,,F,Dollars,6,Electronic Card Transactions (ANZSIC06) - ECT,Private - Values - Electronic card transactions  A/S/T by industry,Actual,"Furniture, Electrical and Hardware Retailing",,,
1268,ECTM.S1AG1310,2010.1,439.7,,F,Dollars,6,Electronic Card Transactions (ANZSIC06) - ECT,Private - Values - Electronic card transactions  A/S/T by industry,Actual,"Furniture, Electrical and Hardware Retailing",,,
1269,ECTM.S1AG1310,2010.11,451.1,,F,Dollars,6,Electronic Card Transactions (ANZSIC06) - ECT,Private - Values - Electronic card transactions  A/S/T by industry,Actual,"Furniture, Electrical and Hardware Retailing",,,
1270,ECTM.S1AG1310,2010.12,621.6,,F,Dollars,6,Electronic Card Transactions (ANZSIC06) - ECT,Private - Values - Electronic card transactions  A/S/T by industry,Actual,"Furniture, Electrical and Hardware Retailing",,,
1271,ECTM.S1AG1310,2011.01,429.7,,F,Dollars,6,Electronic Card Transactions (ANZSIC06) - ECT,Private - Values - Electronic card transactions  A/S/T by industry,Actual,"Furniture, Electrical and Hardware Retailing",,,
1272,ECTM.S1AG1310,2011.02,371.6,,F,Dollars,6,Electronic Card Transactions (ANZSIC06) - ECT,Private - Values - Electronic card transactions  A/S/T by industry,Actual,"Furniture, Electrical and Hardware Retailing",,,
1273,ECTM.S1AG1310,2011.03,433.3,,F,Dollars,6,Electronic Card Transactions (ANZSIC06) - ECT,Private - Values - Electronic card transactions  A/S/T by industry,Actual,"Furniture, Electrical and Hardware Retailing",,,
1274,ECTM.S1AG1310,2011.04,420.5,,F,Dollars,6,Electronic Card Transactions (ANZSIC06) - ECT,Private - Values - Electronic card transactions  A/S/T by industry,Actual,"Furniture, Electrical and Hardware Retailing",,,
1275,ECTM.S1AG1310,2011.05,420.6,,F,Dollars,6,Electronic Card Transactions (ANZSIC06) - ECT,Private - Values - Electronic card transactions  A/S/T by industry,Actual,"Furniture, Electrical and Hardware Retailing",,,
1276,ECTM.S1AG1310,2011.06,414.9,,F,Dollars,6,Electronic Card Transactions (ANZSIC06) - ECT,Private - Values - Electronic card transactions  A/S/T by industry,Actual,"Furniture, Electrical and Hardware Retailing",,,
1277,ECTM.S1AG1310,2011.07,428.1,,F,Dollars,6,Electronic Card Transactions (ANZSIC06) - ECT,Private - Values - Electronic card transactions  A/S/T by industry,Actual,"Furniture, Electrical and Hardware Retailing",,,
1278,ECTM.S1AG1310,2011.08,414.5,,F,Dollars,6,Electronic Card Transactions (ANZSIC06) - ECT,Private - Values - Electronic card transactions  A/S/T by industry,Actual,"Furniture, Electrical and Hardware Retailing",,,
1279,ECTM.S1AG1310,2011.09,428.7,,F,Dollars,6,Electronic Card Transactions (ANZSIC06) - ECT,Private - Values - Electronic card transactions  A/S/T by industry,Actual,"Furniture, Electrical and Hardware Retailing",,,
1280,ECTM.S1AG1310,2011.1,467.5,,F,Dollars,6,Electronic Card Transactions (ANZSIC06) - ECT,Private - Values - Electronic card transactions  A/S/T by industry,Actual,"Furniture, Electrical and Hardware Retailing",,,
1281,ECTM.S1AG1310,2011.11,474.7,,F,Dollars,6,Electronic Card Transactions (ANZSIC06) - ECT,Private - Values - Electronic card transactions  A/S/T by industry,Actual,"Furniture, Electrical and Hardware Retailing",,,
1282,ECTM.S1AG1310,2011.12,656.7,,F,Dollars,6,Electronic Card Transactions (ANZSIC06) - ECT,Private - Values - Electronic card transactions  A/S/T by industry,Actual,"Furniture, Electrical and Hardware Retailing",,,
1283,ECTM.S1AG1310,2012.01,445.1,,F,Dollars,6,Electronic Card Transactions (ANZSIC06) - ECT,Private - Values - Electronic card transactions  A/S/T by industry,Actual,"Furniture, Electrical and Hardware Retailing",,,
1284,ECTM.S1AG1310,2012.02,402.2,,F,Dollars,6,Electronic Card Transactions (ANZSIC06) - ECT,Private - Values - Electronic card transactions  A/S/T by industry,Actual,"Furniture, Electrical and Hardware Retailing",,,
1285,ECTM.S1AG1310,2012.03,446.1,,F,Dollars,6,Electronic Card Transactions (ANZSIC06) - ECT,Private - Values - Electronic card transactions  A/S/T by industry,Actual,"Furniture, Electrical and Hardware Retailing",,,
1286,ECTM.S1AG1310,2012.04,429.5,,F,Dollars,6,Electronic Card Transactions (ANZSIC06) - ECT,Private - Values - Electronic card transactions  A/S/T by industry,Actual,"Furniture, Electrical and Hardware Retailing",,,
1287,ECTM.S1AG1310,2012.05,436.2,,F,Dollars,6,Electronic Card Transactions (ANZSIC06) - ECT,Private - Values - Electronic card transactions  A/S/T by industry,Actual,"Furniture, Electrical and Hardware Retailing",,,
1288,ECTM.S1AG1310,2012.06,435.3,,F,Dollars,6,Electronic Card Transactions (ANZSIC06) - ECT,Private - Values - Electronic card transactions  A/S/T by industry,Actual,"Furniture, Electrical and Hardware Retailing",,,
1289,ECTM.S1AG1310,2012.07,435.7,,F,Dollars,6,Electronic Card Transactions (ANZSIC06) - ECT,Private - Values - Electronic card transactions  A/S/T by industry,Actual,"Furniture, Electrical and Hardware Retailing",,,
1290,ECTM.S1AG1310,2012.08,431.2,,F,Dollars,6,Electronic Card Transactions (ANZSIC06) - ECT,Private - Values - Electronic card transactions  A/S/T by industry,Actual,"Furniture, Electrical and Hardware Retailing",,,
1291,ECTM.S1AG1310,2012.09,452.4,,F,Dollars,6,Electronic Card Transactions (ANZSIC06) - ECT,Private - Values - Electronic card transactions  A/S/T by industry,Actual,"Furniture, Electrical and Hardware Retailing",,,
1292,ECTM.S1AG1310,2012.1,495.6,,F,Dollars,6,Electronic Card Transactions (ANZSIC06) - ECT,Private - Values - Electronic card transactions  A/S/T by industry,Actual,"Furniture, Electrical and Hardware Retailing",,,
1293,ECTM.S1AG1310,2012.11,510.8,,F,Dollars,6,Electronic Card Transactions (ANZSIC06) - ECT,Private - Values - Electronic card transactions  A/S/T by industry,Actual,"Furniture, Electrical and Hardware Retailing",,,
1294,ECTM.S1AG1310,2012.12,678.7,,F,Dollars,6,Electronic Card Transactions (ANZSIC06) - ECT,Private - Values - Electronic card transactions  A/S/T by industry,Actual,"Furniture, Electrical and Hardware Retailing",,,
1295,ECTM.S1AG1310,2013.01,466.2,,F,Dollars,6,Electronic Card Transactions (ANZSIC06) - ECT,Private - Values - Electronic card transactions  A/S/T by industry,Actual,"Furniture, Electrical and Hardware Retailing",,,
1296,ECTM.S1AG1310,2013.02,414.9,,F,Dollars,6,Electronic Card Transactions (ANZSIC06) - ECT,Private - Values - Electronic card transactions  A/S/T by industry,Actual,"Furniture, Electrical and Hardware Retailing",,,
1297,ECTM.S1AG1310,2013.03,465.9,,F,Dollars,6,Electronic Card Transactions (ANZSIC06) - ECT,Private - Values - Electronic card transactions  A/S/T by industry,Actual,"Furniture, Electrical and Hardware Retailing",,,
1298,ECTM.S1AG1310,2013.04,466.6,,F,Dollars,6,Electronic Card Transactions (ANZSIC06) - ECT,Private - Values - Electronic card transactions  A/S/T by industry,Actual,"Furniture, Electrical and Hardware Retailing",,,
1299,ECTM.S1AG1310,2013.05,461.8,,F,Dollars,6,Electronic Card Transactions (ANZSIC06) - ECT,Private - Values - Electronic card transactions  A/S/T by industry,Actual,"Furniture, Electrical and Hardware Retailing",,,
1300,ECTM.S1AG1310,2013.06,461.2,,F,Dollars,6,Electronic Card Transactions (ANZSIC06) - ECT,Private - Values - Electronic card transactions  A/S/T by industry,Actual,"Furniture, Electrical and Hardware Retailing",,,
1301,ECTM.S1AG1310,2013.07,455.6,,F,Dollars,6,Electronic Card Transactions (ANZSIC06) - ECT,Private - Values - Electronic card transactions  A/S/T by industry,Actual,"Furniture, Electrical and Hardware Retailing",,,
1302,ECTM.S1AG1310,2013.08,470.1,,F,Dollars,6,Electronic Card Transactions (ANZSIC06) - ECT,Private - Values - Electronic card transactions  A/S/T by industry,Actual,"Furniture, Electrical and Hardware Retailing",,,
1303,ECTM.S1AG1310,2013.09,464.6,,F,Dollars,6,Electronic Card Transactions (ANZSIC06) - ECT,Private - Values - Electronic card transactions  A/S/T by industry,Actual,"Furniture, Electrical and Hardware Retailing",,,
1304,ECTM.S1AG1310,2013.1,538.3,,F,Dollars,6,Electronic Card Transactions (ANZSIC06) - ECT,Private - Values - Electronic card transactions  A/S/T by industry,Actual,"Furniture, Electrical and Hardware Retailing",,,
1305,ECTM.S1AG1310,2013.11,553.4,,F,Dollars,6,Electronic Card Transactions (ANZSIC06) - ECT,Private - Values - Electronic card transactions  A/S/T by industry,Actual,"Furniture, Electrical and Hardware Retailing",,,
1306,ECTM.S1AG1310,2013.12,710.3,,F,Dollars,6,Electronic Card Transactions (ANZSIC06) - ECT,Private - Values - Electronic card transactions  A/S/T by industry,Actual,"Furniture, Electrical and Hardware Retailing",,,
1307,ECTM.S1AG1310,2014.01,487.9,,F,Dollars,6,Electronic Card Transactions (ANZSIC06) - ECT,Private - Values - Electronic card transactions  A/S/T by industry,Actual,"Furniture, Electrical and Hardware Retailing",,,
1308,ECTM.S1AG1310,2014.02,435.4,,F,Dollars,6,Electronic Card Transactions (ANZSIC06) - ECT,Private - Values - Electronic card transactions  A/S/T by industry,Actual,"Furniture, Electrical and Hardware Retailing",,,
1309,ECTM.S1AG1310,2014.03,496.4,,F,Dollars,6,Electronic Card Transactions (ANZSIC06) - ECT,Private - Values - Electronic card transactions  A/S/T by industry,Actual,"Furniture, Electrical and Hardware Retailing",,,
1310,ECTM.S1AG1310,2014.04,476.7,,F,Dollars,6,Electronic Card Transactions (ANZSIC06) - ECT,Private - Values - Electronic card transactions  A/S/T by industry,Actual,"Furniture, Electrical and Hardware Retailing",,,
1311,ECTM.S1AG1310,2014.05,488.2,,F,Dollars,6,Electronic Card Transactions (ANZSIC06) - ECT,Private - Values - Electronic card transactions  A/S/T by industry,Actual,"Furniture, Electrical and Hardware Retailing",,,
1312,ECTM.S1AG1310,2014.06,472.0,,F,Dollars,6,Electronic Card Transactions (ANZSIC06) - ECT,Private - Values - Electronic card transactions  A/S/T by industry,Actual,"Furniture, Electrical and Hardware Retailing",,,
1313,ECTM.S1AG1310,2014.07,478.5,,F,Dollars,6,Electronic Card Transactions (ANZSIC06) - ECT,Private - Values - Electronic card transactions  A/S/T by industry,Actual,"Furniture, Electrical and Hardware Retailing",,,
1314,ECTM.S1AG1310,2014.08,478.1,,F,Dollars,6,Electronic Card Transactions (ANZSIC06) - ECT,Private - Values - Electronic card transactions  A/S/T by industry,Actual,"Furniture, Electrical and Hardware Retailing",,,
1315,ECTM.S1AG1310,2014.09,486.4,,F,Dollars,6,Electronic Card Transactions (ANZSIC06) - ECT,Private - Values - Electronic card transactions  A/S/T by industry,Actual,"Furniture, Electrical and Hardware Retailing",,,
1316,ECTM.S1AG1310,2014.1,569.0,,F,Dollars,6,Electronic Card Transactions (ANZSIC06) - ECT,Private - Values - Electronic card transactions  A/S/T by industry,Actual,"Furniture, Electrical and Hardware Retailing",,,
1317,ECTM.S1AG1310,2014.11,573.6,,F,Dollars,6,Electronic Card Transactions (ANZSIC06) - ECT,Private - Values - Electronic card transactions  A/S/T by industry,Actual,"Furniture, Electrical and Hardware Retailing",,,
1318,ECTM.S1AG1310,2014.12,745.0,,F,Dollars,6,Electronic Card Transactions (ANZSIC06) - ECT,Private - Values - Electronic card transactions  A/S/T by industry,Actual,"Furniture, Electrical and Hardware Retailing",,,
1319,ECTM.S1AG1310,2015.01,530.5,,F,Dollars,6,Electronic Card Transactions (ANZSIC06) - ECT,Private - Values - Electronic card transactions  A/S/T by industry,Actual,"Furniture, Electrical and Hardware Retailing",,,
1320,ECTM.S1AG1310,2015.02,471.2,,F,Dollars,6,Electronic Card Transactions (ANZSIC06) - ECT,Private - Values - Electronic card transactions  A/S/T by industry,Actual,"Furniture, Electrical and Hardware Retailing",,,
1321,ECTM.S1AG1310,2015.03,516.5,,F,Dollars,6,Electronic Card Transactions (ANZSIC06) - ECT,Private - Values - Electronic card transactions  A/S/T by industry,Actual,"Furniture, Electrical and Hardware Retailing",,,
1322,ECTM.S1AG1310,2015.04,498.9,,F,Dollars,6,Electronic Card Transactions (ANZSIC06) - ECT,Private - Values - Electronic card transactions  A/S/T by industry,Actual,"Furniture, Electrical and Hardware Retailing",,,
1323,ECTM.S1AG1310,2015.05,523.1,,F,Dollars,6,Electronic Card Transactions (ANZSIC06) - ECT,Private - Values - Electronic card transactions  A/S/T by industry,Actual,"Furniture, Electrical and Hardware Retailing",,,
1324,ECTM.S1AG1310,2015.06,507.5,,F,Dollars,6,Electronic Card Transactions (ANZSIC06) - ECT,Private - Values - Electronic card transactions  A/S/T by industry,Actual,"Furniture, Electrical and Hardware Retailing",,,
1325,ECTM.S1AG1310,2015.07,513.9,,F,Dollars,6,Electronic Card Transactions (ANZSIC06) - ECT,Private - Values - Electronic card transactions  A/S/T by industry,Actual,"Furniture, Electrical and Hardware Retailing",,,
1326,ECTM.S1AG1310,2015.08,518.1,,F,Dollars,6,Electronic Card Transactions (ANZSIC06) - ECT,Private - Values - Electronic card transactions  A/S/T by industry,Actual,"Furniture, Electrical and Hardware Retailing",,,
1327,ECTM.S1AG1310,2015.09,534.6,,F,Dollars,6,Electronic Card Transactions (ANZSIC06) - ECT,Private - Values - Electronic card transactions  A/S/T by industry,Actual,"Furniture, Electrical and Hardware Retailing",,,
1328,ECTM.S1AG1310,2015.1,625.2,,F,Dollars,6,Electronic Card Transactions (ANZSIC06) - ECT,Private - Values - Electronic card transactions  A/S/T by industry,Actual,"Furniture, Electrical and Hardware Retailing",,,
1329,ECTM.S1AG1310,2015.11,611.3,,F,Dollars,6,Electronic Card Transactions (ANZSIC06) - ECT,Private - Values - Electronic card transactions  A/S/T by industry,Actual,"Furniture, Electrical and Hardware Retailing",,,
1330,ECTM.S1AG1310,2015.12,805.1,,F,Dollars,6,Electronic Card Transactions (ANZSIC06) - ECT,Private - Values - Electronic card transactions  A/S/T by industry,Actual,"Furniture, Electrical and Hardware Retailing",,,
1331,ECTM.S1AG1310,2016.01,566.3,,F,Dollars,6,Electronic Card Transactions (ANZSIC06) - ECT,Private - Values - Electronic card transactions  A/S/T by industry,Actual,"Furniture, Electrical and Hardware Retailing",,,
1332,ECTM.S1AG1310,2016.02,529.6,,F,Dollars,6,Electronic Card Transactions (ANZSIC06) - ECT,Private - Values - Electronic card transactions  A/S/T by industry,Actual,"Furniture, Electrical and Hardware Retailing",,,
1333,ECTM.S1AG1310,2016.03,568.6,,F,Dollars,6,Electronic Card Transactions (ANZSIC06) - ECT,Private - Values - Electronic card transactions  A/S/T by industry,Actual,"Furniture, Electrical and Hardware Retailing",,,
1334,ECTM.S1AG1310,2016.04,565.0,,F,Dollars,6,Electronic Card Transactions (ANZSIC06) - ECT,Private - Values - Electronic card transactions  A/S/T by industry,Actual,"Furniture, Electrical and Hardware Retailing",,,
1335,ECTM.S1AG1310,2016.05,553.8,,F,Dollars,6,Electronic Card Transactions (ANZSIC06) - ECT,Private - Values - Electronic card transactions  A/S/T by industry,Actual,"Furniture, Electrical and Hardware Retailing",,,
1336,ECTM.S1AG1310,2016.06,551.0,,F,Dollars,6,Electronic Card Transactions (ANZSIC06) - ECT,Private - Values - Electronic card transactions  A/S/T by industry,Actual,"Furniture, Electrical and Hardware Retailing",,,
1337,ECTM.S1AG1310,2016.07,560.7,,F,Dollars,6,Electronic Card Transactions (ANZSIC06) - ECT,Private - Values - Electronic card transactions  A/S/T by industry,Actual,"Furniture, Electrical and Hardware Retailing",,,
1338,ECTM.S1AG1310,2016.08,536.0,,F,Dollars,6,Electronic Card Transactions (ANZSIC06) - ECT,Private - Values - Electronic card transactions  A/S/T by industry,Actual,"Furniture, Electrical and Hardware Retailing",,,
1339,ECTM.S1AG1310,2016.09,573.1,,F,Dollars,6,Electronic Card Transactions (ANZSIC06) - ECT,Private - Values - Electronic card transactions  A/S/T by industry,Actual,"Furniture, Electrical and Hardware Retailing",,,
1340,ECTM.S1AG1310,2016.1,648.9,,F,Dollars,6,Electronic Card Transactions (ANZSIC06) - ECT,Private - Values - Electronic card transactions  A/S/T by industry,Actual,"Furniture, Electrical and Hardware Retailing",,,
1341,ECTM.S1AG1310,2016.11,643.9,,F,Dollars,6,Electronic Card Transactions (ANZSIC06) - ECT,Private - Values - Electronic card transactions  A/S/T by industry,Actual,"Furniture, Electrical and Hardware Retailing",,,
1342,ECTM.S1AG1310,2016.12,830.8,,F,Dollars,6,Electronic Card Transactions (ANZSIC06) - ECT,Private - Values - Electronic card transactions  A/S/T by industry,Actual,"Furniture, Electrical and Hardware Retailing",,,
1343,ECTM.S1AG1310,2017.01,592.1,,F,Dollars,6,Electronic Card Transactions (ANZSIC06) - ECT,Private - Values - Electronic card transactions  A/S/T by industry,Actual,"Furniture, Electrical and Hardware Retailing",,,
1344,ECTM.S1AG1310,2017.02,521.3,,F,Dollars,6,Electronic Card Transactions (ANZSIC06) - ECT,Private - Values - Electronic card transactions  A/S/T by industry,Actual,"Furniture, Electrical and Hardware Retailing",,,
1345,ECTM.S1AG1310,2017.03,579.3,,F,Dollars,6,Electronic Card Transactions (ANZSIC06) - ECT,Private - Values - Electronic card transactions  A/S/T by industry,Actual,"Furniture, Electrical and Hardware Retailing",,,
1346,ECTM.S1AG1310,2017.04,565.6,,F,Dollars,6,Electronic Card Transactions (ANZSIC06) - ECT,Private - Values - Electronic card transactions  A/S/T by industry,Actual,"Furniture, Electrical and Hardware Retailing",,,
1347,ECTM.S1AG1310,2017.05,556.2,,F,Dollars,6,Electronic Card Transactions (ANZSIC06) - ECT,Private - Values - Electronic card transactions  A/S/T by industry,Actual,"Furniture, Electrical and Hardware Retailing",,,
1348,ECTM.S1AG1310,2017.06,553.7,,F,Dollars,6,Electronic Card Transactions (ANZSIC06) - ECT,Private - Values - Electronic card transactions  A/S/T by industry,Actual,"Furniture, Electrical and Hardware Retailing",,,
1349,ECTM.S1AG1310,2017.07,549.8,,F,Dollars,6,Electronic Card Transactions (ANZSIC06) - ECT,Private - Values - Electronic card transactions  A/S/T by industry,Actual,"Furniture, Electrical and Hardware Retailing",,,
1350,ECTM.S1AG1310,2017.08,544.1,,F,Dollars,6,Electronic Card Transactions (ANZSIC06) - ECT,Private - Values - Electronic card transactions  A/S/T by industry,Actual,"Furniture, Electrical and Hardware Retailing",,,
1351,ECTM.S1AG1310,2017.09,576.1,,F,Dollars,6,Electronic Card Transactions (ANZSIC06) - ECT,Private - Values - Electronic card transactions  A/S/T by industry,Actual,"Furniture, Electrical and Hardware Retailing",,,
1352,ECTM.S1AG1310,2017.1,652.5,,F,Dollars,6,Electronic Card Transactions (ANZSIC06) - ECT,Private - Values - Electronic card transactions  A/S/T by industry,Actual,"Furniture, Electrical and Hardware Retailing",,,
1353,ECTM.S1AG1310,2017.11,676.4,,F,Dollars,6,Electronic Card Transactions (ANZSIC06) - ECT,Private - Values - Electronic card transactions  A/S/T by industry,Actual,"Furniture, Electrical and Hardware Retailing",,,
1354,ECTM.S1AG1310,2017.12,851.8,,F,Dollars,6,Electronic Card Transactions (ANZSIC06) - ECT,Private - Values - Electronic card transactions  A/S/T by industry,Actual,"Furniture, Electrical and Hardware Retailing",,,
1355,ECTM.S1AG1310,2018.01,595.6,,F,Dollars,6,Electronic Card Transactions (ANZSIC06) - ECT,Private - Values - Electronic card transactions  A/S/T by industry,Actual,"Furniture, Electrical and Hardware Retailing",,,
1356,ECTM.S1AG1310,2018.02,535.4,,F,Dollars,6,Electronic Card Transactions (ANZSIC06) - ECT,Private - Values - Electronic card transactions  A/S/T by industry,Actual,"Furniture, Electrical and Hardware Retailing",,,
1357,ECTM.S1AG1310,2018.03,611.6,,F,Dollars,6,Electronic Card Transactions (ANZSIC06) - ECT,Private - Values - Electronic card transactions  A/S/T by industry,Actual,"Furniture, Electrical and Hardware Retailing",,,
1358,ECTM.S1AG1310,2018.04,572.6,,F,Dollars,6,Electronic Card Transactions (ANZSIC06) - ECT,Private - Values - Electronic card transactions  A/S/T by industry,Actual,"Furniture, Electrical and Hardware Retailing",,,
1359,ECTM.S1AG1310,2018.05,580.5,,F,Dollars,6,Electronic Card Transactions (ANZSIC06) - ECT,Private - Values - Electronic card transactions  A/S/T by industry,Actual,"Furniture, Electrical and Hardware Retailing",,,
1360,ECTM.S1AG1310,2018.06,571.6,,F,Dollars,6,Electronic Card Transactions (ANZSIC06) - ECT,Private - Values - Electronic card transactions  A/S/T by industry,Actual,"Furniture, Electrical and Hardware Retailing",,,
1361,ECTM.S1AG1310,2018.07,555.2,,F,Dollars,6,Electronic Card Transactions (ANZSIC06) - ECT,Private - Values - Electronic card transactions  A/S/T by industry,Actual,"Furniture, Electrical and Hardware Retailing",,,
1362,ECTM.S1AG1310,2018.08,563.9,,F,Dollars,6,Electronic Card Transactions (ANZSIC06) - ECT,Private - Values - Electronic card transactions  A/S/T by industry,Actual,"Furniture, Electrical and Hardware Retailing",,,
1363,ECTM.S1AG1310,2018.09,595.3,,F,Dollars,6,Electronic Card Transactions (ANZSIC06) - ECT,Private - Values - Electronic card transactions  A/S/T by industry,Actual,"Furniture, Electrical and Hardware Retailing",,,
1364,ECTM.S1AG1310,2018.1,674.2,,F,Dollars,6,Electronic Card Transactions (ANZSIC06) - ECT,Private - Values - Electronic card transactions  A/S/T by industry,Actual,"Furniture, Electrical and Hardware Retailing",,,
1365,ECTM.S1AG1310,2018.11,702.3,,F,Dollars,6,Electronic Card Transactions (ANZSIC06) - ECT,Private - Values - Electronic card transactions  A/S/T by industry,Actual,"Furniture, Electrical and Hardware Retailing",,,
1366,ECTM.S1AG1310,2018.12,848.3,,F,Dollars,6,Electronic Card Transactions (ANZSIC06) - ECT,Private - Values - Electronic card transactions  A/S/T by industry,Actual,"Furniture, Electrical and Hardware Retailing",,,
1367,ECTM.S1AG1310,2019.01,614.1,,F,Dollars,6,Electronic Card Transactions (ANZSIC06) - ECT,Private - Values - Electronic card transactions  A/S/T by industry,Actual,"Furniture, Electrical and Hardware Retailing",,,
1368,ECTM.S1AG1310,2019.02,546.5,,F,Dollars,6,Electronic Card Transactions (ANZSIC06) - ECT,Private - Values - Electronic card transactions  A/S/T by industry,Actual,"Furniture, Electrical and Hardware Retailing",,,
1369,ECTM.S1AG1310,2019.03,602.1,,F,Dollars,6,Electronic Card Transactions (ANZSIC06) - ECT,Private - Values - Electronic card transactions  A/S/T by industry,Actual,"Furniture, Electrical and Hardware Retailing",,,
1370,ECTM.S1AG1310,2019.04,585.4,,F,Dollars,6,Electronic Card Transactions (ANZSIC06) - ECT,Private - Values - Electronic card transactions  A/S/T by industry,Actual,"Furniture, Electrical and Hardware Retailing",,,
1371,ECTM.S1AG1310,2019.05,580.6,,F,Dollars,6,Electronic Card Transactions (ANZSIC06) - ECT,Private - Values - Electronic card transactions  A/S/T by industry,Actual,"Furniture, Electrical and Hardware Retailing",,,
1372,ECTM.S1AG1310,2019.06,586.1,,F,Dollars,6,Electronic Card Transactions (ANZSIC06) - ECT,Private - Values - Electronic card transactions  A/S/T by industry,Actual,"Furniture, Electrical and Hardware Retailing",,,
1373,ECTM.S1AG1310,2019.07,567.3,,F,Dollars,6,Electronic Card Transactions (ANZSIC06) - ECT,Private - Values - Electronic card transactions  A/S/T by industry,Actual,"Furniture, Electrical and Hardware Retailing",,,
1374,ECTM.S1AG1310,2019.08,585.9,,F,Dollars,6,Electronic Card Transactions (ANZSIC06) - ECT,Private - Values - Electronic card transactions  A/S/T by industry,Actual,"Furniture, Electrical and Hardware Retailing",,,
1375,ECTM.S1AG1310,2019.09,603.9,,F,Dollars,6,Electronic Card Transactions (ANZSIC06) - ECT,Private - Values - Electronic card transactions  A/S/T by industry,Actual,"Furniture, Electrical and Hardware Retailing",,,
1376,ECTM.S1AG1310,2019.1,674.4,,F,Dollars,6,Electronic Card Transactions (ANZSIC06) - ECT,Private - Values - Electronic card transactions  A/S/T by industry,Actual,"Furniture, Electrical and Hardware Retailing",,,
1377,ECTM.S1AG1310,2019.11,740.7,,F,Dollars,6,Electronic Card Transactions (ANZSIC06) - ECT,Private - Values - Electronic card transactions  A/S/T by industry,Actual,"Furniture, Electrical and Hardware Retailing",,,
1378,ECTM.S1AG1310,2019.12,860.6,,F,Dollars,6,Electronic Card Transactions (ANZSIC06) - ECT,Private - Values - Electronic card transactions  A/S/T by industry,Actual,"Furniture, Electrical and Hardware Retailing",,,
1379,ECTM.S1AG1310,2020.01,621.3,,F,Dollars,6,Electronic Card Transactions (ANZSIC06) - ECT,Private - Values - Electronic card transactions  A/S/T by industry,Actual,"Furniture, Electrical and Hardware Retailing",,,
1380,ECTM.S1AG1310,2020.02,586.1,,F,Dollars,6,Electronic Card Transactions (ANZSIC06) - ECT,Private - Values - Electronic card transactions  A/S/T by industry,Actual,"Furniture, Electrical and Hardware Retailing",,,
1381,ECTM.S1AG1310,2020.03,611.2,,F,Dollars,6,Electronic Card Transactions (ANZSIC06) - ECT,Private - Values - Electronic card transactions  A/S/T by industry,Actual,"Furniture, Electrical and Hardware Retailing",,,
1382,ECTM.S1AG1310,2020.04,137.6,,F,Dollars,6,Electronic Card Transactions (ANZSIC06) - ECT,Private - Values - Electronic card transactions  A/S/T by industry,Actual,"Furniture, Electrical and Hardware Retailing",,,
1383,ECTM.S1AG1310,2020.05,674.0,,F,Dollars,6,Electronic Card Transactions (ANZSIC06) - ECT,Private - Values - Electronic card transactions  A/S/T by industry,Actual,"Furniture, Electrical and Hardware Retailing",,,
1384,ECTM.S1AG1310,2020.06,745.2,,F,Dollars,6,Electronic Card Transactions (ANZSIC06) - ECT,Private - Values - Electronic card transactions  A/S/T by industry,Actual,"Furniture, Electrical and Hardware Retailing",,,
1385,ECTM.S1AG1310,2020.07,709.6,,F,Dollars,6,Electronic Card Transactions (ANZSIC06) - ECT,Private - Values - Electronic card transactions  A/S/T by industry,Actual,"Furniture, Electrical and Hardware Retailing",,,
1386,ECTM.S1SG1310,2007.03,388.8,,R,Dollars,6,Electronic Card Transactions (ANZSIC06) - ECT,Private - Values - Electronic card transactions  A/S/T by industry,Seasonally adjusted,"Furniture, Electrical and Hardware Retailing",,,
1387,ECTM.S1SG1310,2007.04,397.7,,R,Dollars,6,Electronic Card Transactions (ANZSIC06) - ECT,Private - Values - Electronic card transactions  A/S/T by industry,Seasonally adjusted,"Furniture, Electrical and Hardware Retailing",,,
1388,ECTM.S1SG1310,2007.05,394.4,,R,Dollars,6,Electronic Card Transactions (ANZSIC06) - ECT,Private - Values - Electronic card transactions  A/S/T by industry,Seasonally adjusted,"Furniture, Electrical and Hardware Retailing",,,
1389,ECTM.S1SG1310,2007.06,397.7,,R,Dollars,6,Electronic Card Transactions (ANZSIC06) - ECT,Private - Values - Electronic card transactions  A/S/T by industry,Seasonally adjusted,"Furniture, Electrical and Hardware Retailing",,,
1390,ECTM.S1SG1310,2007.07,396.6,,R,Dollars,6,Electronic Card Transactions (ANZSIC06) - ECT,Private - Values - Electronic card transactions  A/S/T by industry,Seasonally adjusted,"Furniture, Electrical and Hardware Retailing",,,
1391,ECTM.S1SG1310,2007.08,394.4,,R,Dollars,6,Electronic Card Transactions (ANZSIC06) - ECT,Private - Values - Electronic card transactions  A/S/T by industry,Seasonally adjusted,"Furniture, Electrical and Hardware Retailing",,,
1392,ECTM.S1SG1310,2007.09,398.7,,R,Dollars,6,Electronic Card Transactions (ANZSIC06) - ECT,Private - Values - Electronic card transactions  A/S/T by industry,Seasonally adjusted,"Furniture, Electrical and Hardware Retailing",,,
1393,ECTM.S1SG1310,2007.1,393.0,,R,Dollars,6,Electronic Card Transactions (ANZSIC06) - ECT,Private - Values - Electronic card transactions  A/S/T by industry,Seasonally adjusted,"Furniture, Electrical and Hardware Retailing",,,
1394,ECTM.S1SG1310,2007.11,401.2,,R,Dollars,6,Electronic Card Transactions (ANZSIC06) - ECT,Private - Values - Electronic card transactions  A/S/T by industry,Seasonally adjusted,"Furniture, Electrical and Hardware Retailing",,,
1395,ECTM.S1SG1310,2007.12,372.8,,R,Dollars,6,Electronic Card Transactions (ANZSIC06) - ECT,Private - Values - Electronic card transactions  A/S/T by industry,Seasonally adjusted,"Furniture, Electrical and Hardware Retailing",,,
1396,ECTM.S1SG1310,2008.01,393.9,,R,Dollars,6,Electronic Card Transactions (ANZSIC06) - ECT,Private - Values - Electronic card transactions  A/S/T by industry,Seasonally adjusted,"Furniture, Electrical and Hardware Retailing",,,
1397,ECTM.S1SG1310,2008.02,397.4,,R,Dollars,6,Electronic Card Transactions (ANZSIC06) - ECT,Private - Values - Electronic card transactions  A/S/T by industry,Seasonally adjusted,"Furniture, Electrical and Hardware Retailing",,,
1398,ECTM.S1SG1310,2008.03,392.9,,R,Dollars,6,Electronic Card Transactions (ANZSIC06) - ECT,Private - Values - Electronic card transactions  A/S/T by industry,Seasonally adjusted,"Furniture, Electrical and Hardware Retailing",,,
1399,ECTM.S1SG1310,2008.04,393.0,,R,Dollars,6,Electronic Card Transactions (ANZSIC06) - ECT,Private - Values - Electronic card transactions  A/S/T by industry,Seasonally adjusted,"Furniture, Electrical and Hardware Retailing",,,
1400,ECTM.S1SG1310,2008.05,390.8,,R,Dollars,6,Electronic Card Transactions (ANZSIC06) - ECT,Private - Values - Electronic card transactions  A/S/T by industry,Seasonally adjusted,"Furniture, Electrical and Hardware Retailing",,,
1401,ECTM.S1SG1310,2008.06,386.3,,R,Dollars,6,Electronic Card Transactions (ANZSIC06) - ECT,Private - Values - Electronic card transactions  A/S/T by industry,Seasonally adjusted,"Furniture, Electrical and Hardware Retailing",,,
1402,ECTM.S1SG1310,2008.07,419.8,,R,Dollars,6,Electronic Card Transactions (ANZSIC06) - ECT,Private - Values - Electronic card transactions  A/S/T by industry,Seasonally adjusted,"Furniture, Electrical and Hardware Retailing",,,
1403,ECTM.S1SG1310,2008.08,419.3,,R,Dollars,6,Electronic Card Transactions (ANZSIC06) - ECT,Private - Values - Electronic card transactions  A/S/T by industry,Seasonally adjusted,"Furniture, Electrical and Hardware Retailing",,,
1404,ECTM.S1SG1310,2008.09,417.1,,R,Dollars,6,Electronic Card Transactions (ANZSIC06) - ECT,Private - Values - Electronic card transactions  A/S/T by industry,Seasonally adjusted,"Furniture, Electrical and Hardware Retailing",,,
1405,ECTM.S1SG1310,2008.1,421.3,,R,Dollars,6,Electronic Card Transactions (ANZSIC06) - ECT,Private - Values - Electronic card transactions  A/S/T by industry,Seasonally adjusted,"Furniture, Electrical and Hardware Retailing",,,
1406,ECTM.S1SG1310,2008.11,412.3,,R,Dollars,6,Electronic Card Transactions (ANZSIC06) - ECT,Private - Values - Electronic card transactions  A/S/T by industry,Seasonally adjusted,"Furniture, Electrical and Hardware Retailing",,,
1407,ECTM.S1SG1310,2008.12,427.3,,R,Dollars,6,Electronic Card Transactions (ANZSIC06) - ECT,Private - Values - Electronic card transactions  A/S/T by industry,Seasonally adjusted,"Furniture, Electrical and Hardware Retailing",,,
1408,ECTM.S1SG1310,2009.01,419.8,,R,Dollars,6,Electronic Card Transactions (ANZSIC06) - ECT,Private - Values - Electronic card transactions  A/S/T by industry,Seasonally adjusted,"Furniture, Electrical and Hardware Retailing",,,
1409,ECTM.S1SG1310,2009.02,428.5,,R,Dollars,6,Electronic Card Transactions (ANZSIC06) - ECT,Private - Values - Electronic card transactions  A/S/T by industry,Seasonally adjusted,"Furniture, Electrical and Hardware Retailing",,,
1410,ECTM.S1SG1310,2009.03,423.6,,R,Dollars,6,Electronic Card Transactions (ANZSIC06) - ECT,Private - Values - Electronic card transactions  A/S/T by industry,Seasonally adjusted,"Furniture, Electrical and Hardware Retailing",,,
1411,ECTM.S1SG1310,2009.04,420.8,,R,Dollars,6,Electronic Card Transactions (ANZSIC06) - ECT,Private - Values - Electronic card transactions  A/S/T by industry,Seasonally adjusted,"Furniture, Electrical and Hardware Retailing",,,
1412,ECTM.S1SG1310,2009.05,425.1,,R,Dollars,6,Electronic Card Transactions (ANZSIC06) - ECT,Private - Values - Electronic card transactions  A/S/T by industry,Seasonally adjusted,"Furniture, Electrical and Hardware Retailing",,,
1413,ECTM.S1SG1310,2009.06,417.5,,R,Dollars,6,Electronic Card Transactions (ANZSIC06) - ECT,Private - Values - Electronic card transactions  A/S/T by industry,Seasonally adjusted,"Furniture, Electrical and Hardware Retailing",,,
1414,ECTM.S1SG1310,2009.07,419.6,,R,Dollars,6,Electronic Card Transactions (ANZSIC06) - ECT,Private - Values - Electronic card transactions  A/S/T by industry,Seasonally adjusted,"Furniture, Electrical and Hardware Retailing",,,
1415,ECTM.S1SG1310,2009.08,425.1,,R,Dollars,6,Electronic Card Transactions (ANZSIC06) - ECT,Private - Values - Electronic card transactions  A/S/T by industry,Seasonally adjusted,"Furniture, Electrical and Hardware Retailing",,,
1416,ECTM.S1SG1310,2009.09,422.7,,R,Dollars,6,Electronic Card Transactions (ANZSIC06) - ECT,Private - Values - Electronic card transactions  A/S/T by industry,Seasonally adjusted,"Furniture, Electrical and Hardware Retailing",,,
1417,ECTM.S1SG1310,2009.1,423.8,,R,Dollars,6,Electronic Card Transactions (ANZSIC06) - ECT,Private - Values - Electronic card transactions  A/S/T by industry,Seasonally adjusted,"Furniture, Electrical and Hardware Retailing",,,
1418,ECTM.S1SG1310,2009.11,431.8,,R,Dollars,6,Electronic Card Transactions (ANZSIC06) - ECT,Private - Values - Electronic card transactions  A/S/T by industry,Seasonally adjusted,"Furniture, Electrical and Hardware Retailing",,,
1419,ECTM.S1SG1310,2009.12,421.6,,R,Dollars,6,Electronic Card Transactions (ANZSIC06) - ECT,Private - Values - Electronic card transactions  A/S/T by industry,Seasonally adjusted,"Furniture, Electrical and Hardware Retailing",,,
1420,ECTM.S1SG1310,2010.01,428.2,,R,Dollars,6,Electronic Card Transactions (ANZSIC06) - ECT,Private - Values - Electronic card transactions  A/S/T by industry,Seasonally adjusted,"Furniture, Electrical and Hardware Retailing",,,
1421,ECTM.S1SG1310,2010.02,428.6,,R,Dollars,6,Electronic Card Transactions (ANZSIC06) - ECT,Private - Values - Electronic card transactions  A/S/T by industry,Seasonally adjusted,"Furniture, Electrical and Hardware Retailing",,,
1422,ECTM.S1SG1310,2010.03,437.7,,R,Dollars,6,Electronic Card Transactions (ANZSIC06) - ECT,Private - Values - Electronic card transactions  A/S/T by industry,Seasonally adjusted,"Furniture, Electrical and Hardware Retailing",,,
1423,ECTM.S1SG1310,2010.04,426.4,,R,Dollars,6,Electronic Card Transactions (ANZSIC06) - ECT,Private - Values - Electronic card transactions  A/S/T by industry,Seasonally adjusted,"Furniture, Electrical and Hardware Retailing",,,
1424,ECTM.S1SG1310,2010.05,435.4,,R,Dollars,6,Electronic Card Transactions (ANZSIC06) - ECT,Private - Values - Electronic card transactions  A/S/T by industry,Seasonally adjusted,"Furniture, Electrical and Hardware Retailing",,,
1425,ECTM.S1SG1310,2010.06,430.1,,R,Dollars,6,Electronic Card Transactions (ANZSIC06) - ECT,Private - Values - Electronic card transactions  A/S/T by industry,Seasonally adjusted,"Furniture, Electrical and Hardware Retailing",,,
1426,ECTM.S1SG1310,2010.07,428.7,,R,Dollars,6,Electronic Card Transactions (ANZSIC06) - ECT,Private - Values - Electronic card transactions  A/S/T by industry,Seasonally adjusted,"Furniture, Electrical and Hardware Retailing",,,
1427,ECTM.S1SG1310,2010.08,430.9,,R,Dollars,6,Electronic Card Transactions (ANZSIC06) - ECT,Private - Values - Electronic card transactions  A/S/T by industry,Seasonally adjusted,"Furniture, Electrical and Hardware Retailing",,,
1428,ECTM.S1SG1310,2010.09,465.7,,R,Dollars,6,Electronic Card Transactions (ANZSIC06) - ECT,Private - Values - Electronic card transactions  A/S/T by industry,Seasonally adjusted,"Furniture, Electrical and Hardware Retailing",,,
1429,ECTM.S1SG1310,2010.1,416.8,,R,Dollars,6,Electronic Card Transactions (ANZSIC06) - ECT,Private - Values - Electronic card transactions  A/S/T by industry,Seasonally adjusted,"Furniture, Electrical and Hardware Retailing",,,
1430,ECTM.S1SG1310,2010.11,426.8,,R,Dollars,6,Electronic Card Transactions (ANZSIC06) - ECT,Private - Values - Electronic card transactions  A/S/T by industry,Seasonally adjusted,"Furniture, Electrical and Hardware Retailing",,,
1431,ECTM.S1SG1310,2010.12,436.7,,R,Dollars,6,Electronic Card Transactions (ANZSIC06) - ECT,Private - Values - Electronic card transactions  A/S/T by industry,Seasonally adjusted,"Furniture, Electrical and Hardware Retailing",,,
1432,ECTM.S1SG1310,2011.01,438.8,,R,Dollars,6,Electronic Card Transactions (ANZSIC06) - ECT,Private - Values - Electronic card transactions  A/S/T by industry,Seasonally adjusted,"Furniture, Electrical and Hardware Retailing",,,
1433,ECTM.S1SG1310,2011.02,432.3,,R,Dollars,6,Electronic Card Transactions (ANZSIC06) - ECT,Private - Values - Electronic card transactions  A/S/T by industry,Seasonally adjusted,"Furniture, Electrical and Hardware Retailing",,,
1434,ECTM.S1SG1310,2011.03,444.0,,R,Dollars,6,Electronic Card Transactions (ANZSIC06) - ECT,Private - Values - Electronic card transactions  A/S/T by industry,Seasonally adjusted,"Furniture, Electrical and Hardware Retailing",,,
1435,ECTM.S1SG1310,2011.04,446.6,,R,Dollars,6,Electronic Card Transactions (ANZSIC06) - ECT,Private - Values - Electronic card transactions  A/S/T by industry,Seasonally adjusted,"Furniture, Electrical and Hardware Retailing",,,
1436,ECTM.S1SG1310,2011.05,448.9,,R,Dollars,6,Electronic Card Transactions (ANZSIC06) - ECT,Private - Values - Electronic card transactions  A/S/T by industry,Seasonally adjusted,"Furniture, Electrical and Hardware Retailing",,,
1437,ECTM.S1SG1310,2011.06,449.9,,R,Dollars,6,Electronic Card Transactions (ANZSIC06) - ECT,Private - Values - Electronic card transactions  A/S/T by industry,Seasonally adjusted,"Furniture, Electrical and Hardware Retailing",,,
1438,ECTM.S1SG1310,2011.07,453.5,,R,Dollars,6,Electronic Card Transactions (ANZSIC06) - ECT,Private - Values - Electronic card transactions  A/S/T by industry,Seasonally adjusted,"Furniture, Electrical and Hardware Retailing",,,
1439,ECTM.S1SG1310,2011.08,445.4,,R,Dollars,6,Electronic Card Transactions (ANZSIC06) - ECT,Private - Values - Electronic card transactions  A/S/T by industry,Seasonally adjusted,"Furniture, Electrical and Hardware Retailing",,,
1440,ECTM.S1SG1310,2011.09,447.1,,R,Dollars,6,Electronic Card Transactions (ANZSIC06) - ECT,Private - Values - Electronic card transactions  A/S/T by industry,Seasonally adjusted,"Furniture, Electrical and Hardware Retailing",,,
1441,ECTM.S1SG1310,2011.1,442.6,,R,Dollars,6,Electronic Card Transactions (ANZSIC06) - ECT,Private - Values - Electronic card transactions  A/S/T by industry,Seasonally adjusted,"Furniture, Electrical and Hardware Retailing",,,
1442,ECTM.S1SG1310,2011.11,448.0,,R,Dollars,6,Electronic Card Transactions (ANZSIC06) - ECT,Private - Values - Electronic card transactions  A/S/T by industry,Seasonally adjusted,"Furniture, Electrical and Hardware Retailing",,,
1443,ECTM.S1SG1310,2011.12,454.7,,R,Dollars,6,Electronic Card Transactions (ANZSIC06) - ECT,Private - Values - Electronic card transactions  A/S/T by industry,Seasonally adjusted,"Furniture, Electrical and Hardware Retailing",,,
1444,ECTM.S1SG1310,2012.01,459.9,,R,Dollars,6,Electronic Card Transactions (ANZSIC06) - ECT,Private - Values - Electronic card transactions  A/S/T by industry,Seasonally adjusted,"Furniture, Electrical and Hardware Retailing",,,
1445,ECTM.S1SG1310,2012.02,453.6,,R,Dollars,6,Electronic Card Transactions (ANZSIC06) - ECT,Private - Values - Electronic card transactions  A/S/T by industry,Seasonally adjusted,"Furniture, Electrical and Hardware Retailing",,,
1446,ECTM.S1SG1310,2012.03,451.7,,R,Dollars,6,Electronic Card Transactions (ANZSIC06) - ECT,Private - Values - Electronic card transactions  A/S/T by industry,Seasonally adjusted,"Furniture, Electrical and Hardware Retailing",,,
1447,ECTM.S1SG1310,2012.04,463.2,,R,Dollars,6,Electronic Card Transactions (ANZSIC06) - ECT,Private - Values - Electronic card transactions  A/S/T by industry,Seasonally adjusted,"Furniture, Electrical and Hardware Retailing",,,
1448,ECTM.S1SG1310,2012.05,460.2,,R,Dollars,6,Electronic Card Transactions (ANZSIC06) - ECT,Private - Values - Electronic card transactions  A/S/T by industry,Seasonally adjusted,"Furniture, Electrical and Hardware Retailing",,,
1449,ECTM.S1SG1310,2012.06,465.1,,R,Dollars,6,Electronic Card Transactions (ANZSIC06) - ECT,Private - Values - Electronic card transactions  A/S/T by industry,Seasonally adjusted,"Furniture, Electrical and Hardware Retailing",,,
1450,ECTM.S1SG1310,2012.07,469.6,,R,Dollars,6,Electronic Card Transactions (ANZSIC06) - ECT,Private - Values - Electronic card transactions  A/S/T by industry,Seasonally adjusted,"Furniture, Electrical and Hardware Retailing",,,
1451,ECTM.S1SG1310,2012.08,463.9,,R,Dollars,6,Electronic Card Transactions (ANZSIC06) - ECT,Private - Values - Electronic card transactions  A/S/T by industry,Seasonally adjusted,"Furniture, Electrical and Hardware Retailing",,,
1452,ECTM.S1SG1310,2012.09,474.2,,R,Dollars,6,Electronic Card Transactions (ANZSIC06) - ECT,Private - Values - Electronic card transactions  A/S/T by industry,Seasonally adjusted,"Furniture, Electrical and Hardware Retailing",,,
1453,ECTM.S1SG1310,2012.1,470.2,,R,Dollars,6,Electronic Card Transactions (ANZSIC06) - ECT,Private - Values - Electronic card transactions  A/S/T by industry,Seasonally adjusted,"Furniture, Electrical and Hardware Retailing",,,
1454,ECTM.S1SG1310,2012.11,476.1,,R,Dollars,6,Electronic Card Transactions (ANZSIC06) - ECT,Private - Values - Electronic card transactions  A/S/T by industry,Seasonally adjusted,"Furniture, Electrical and Hardware Retailing",,,
1455,ECTM.S1SG1310,2012.12,477.3,,R,Dollars,6,Electronic Card Transactions (ANZSIC06) - ECT,Private - Values - Electronic card transactions  A/S/T by industry,Seasonally adjusted,"Furniture, Electrical and Hardware Retailing",,,
1456,ECTM.S1SG1310,2013.01,477.0,,R,Dollars,6,Electronic Card Transactions (ANZSIC06) - ECT,Private - Values - Electronic card transactions  A/S/T by industry,Seasonally adjusted,"Furniture, Electrical and Hardware Retailing",,,
1457,ECTM.S1SG1310,2013.02,481.5,,R,Dollars,6,Electronic Card Transactions (ANZSIC06) - ECT,Private - Values - Electronic card transactions  A/S/T by industry,Seasonally adjusted,"Furniture, Electrical and Hardware Retailing",,,
1458,ECTM.S1SG1310,2013.03,478.3,,R,Dollars,6,Electronic Card Transactions (ANZSIC06) - ECT,Private - Values - Electronic card transactions  A/S/T by industry,Seasonally adjusted,"Furniture, Electrical and Hardware Retailing",,,
1459,ECTM.S1SG1310,2013.04,497.3,,R,Dollars,6,Electronic Card Transactions (ANZSIC06) - ECT,Private - Values - Electronic card transactions  A/S/T by industry,Seasonally adjusted,"Furniture, Electrical and Hardware Retailing",,,
1460,ECTM.S1SG1310,2013.05,488.1,,R,Dollars,6,Electronic Card Transactions (ANZSIC06) - ECT,Private - Values - Electronic card transactions  A/S/T by industry,Seasonally adjusted,"Furniture, Electrical and Hardware Retailing",,,
1461,ECTM.S1SG1310,2013.06,495.5,,R,Dollars,6,Electronic Card Transactions (ANZSIC06) - ECT,Private - Values - Electronic card transactions  A/S/T by industry,Seasonally adjusted,"Furniture, Electrical and Hardware Retailing",,,
1462,ECTM.S1SG1310,2013.07,490.6,,R,Dollars,6,Electronic Card Transactions (ANZSIC06) - ECT,Private - Values - Electronic card transactions  A/S/T by industry,Seasonally adjusted,"Furniture, Electrical and Hardware Retailing",,,
1463,ECTM.S1SG1310,2013.08,501.2,,R,Dollars,6,Electronic Card Transactions (ANZSIC06) - ECT,Private - Values - Electronic card transactions  A/S/T by industry,Seasonally adjusted,"Furniture, Electrical and Hardware Retailing",,,
1464,ECTM.S1SG1310,2013.09,495.3,,R,Dollars,6,Electronic Card Transactions (ANZSIC06) - ECT,Private - Values - Electronic card transactions  A/S/T by industry,Seasonally adjusted,"Furniture, Electrical and Hardware Retailing",,,
1465,ECTM.S1SG1310,2013.1,504.1,,R,Dollars,6,Electronic Card Transactions (ANZSIC06) - ECT,Private - Values - Electronic card transactions  A/S/T by industry,Seasonally adjusted,"Furniture, Electrical and Hardware Retailing",,,
1466,ECTM.S1SG1310,2013.11,509.2,,R,Dollars,6,Electronic Card Transactions (ANZSIC06) - ECT,Private - Values - Electronic card transactions  A/S/T by industry,Seasonally adjusted,"Furniture, Electrical and Hardware Retailing",,,
1467,ECTM.S1SG1310,2013.12,507.2,,R,Dollars,6,Electronic Card Transactions (ANZSIC06) - ECT,Private - Values - Electronic card transactions  A/S/T by industry,Seasonally adjusted,"Furniture, Electrical and Hardware Retailing",,,
1468,ECTM.S1SG1310,2014.01,500.0,,R,Dollars,6,Electronic Card Transactions (ANZSIC06) - ECT,Private - Values - Electronic card transactions  A/S/T by industry,Seasonally adjusted,"Furniture, Electrical and Hardware Retailing",,,
1469,ECTM.S1SG1310,2014.02,502.5,,R,Dollars,6,Electronic Card Transactions (ANZSIC06) - ECT,Private - Values - Electronic card transactions  A/S/T by industry,Seasonally adjusted,"Furniture, Electrical and Hardware Retailing",,,
1470,ECTM.S1SG1310,2014.03,511.8,,R,Dollars,6,Electronic Card Transactions (ANZSIC06) - ECT,Private - Values - Electronic card transactions  A/S/T by industry,Seasonally adjusted,"Furniture, Electrical and Hardware Retailing",,,
1471,ECTM.S1SG1310,2014.04,507.1,,R,Dollars,6,Electronic Card Transactions (ANZSIC06) - ECT,Private - Values - Electronic card transactions  A/S/T by industry,Seasonally adjusted,"Furniture, Electrical and Hardware Retailing",,,
1472,ECTM.S1SG1310,2014.05,509.1,,R,Dollars,6,Electronic Card Transactions (ANZSIC06) - ECT,Private - Values - Electronic card transactions  A/S/T by industry,Seasonally adjusted,"Furniture, Electrical and Hardware Retailing",,,
1473,ECTM.S1SG1310,2014.06,514.5,,R,Dollars,6,Electronic Card Transactions (ANZSIC06) - ECT,Private - Values - Electronic card transactions  A/S/T by industry,Seasonally adjusted,"Furniture, Electrical and Hardware Retailing",,,
1474,ECTM.S1SG1310,2014.07,514.4,,R,Dollars,6,Electronic Card Transactions (ANZSIC06) - ECT,Private - Values - Electronic card transactions  A/S/T by industry,Seasonally adjusted,"Furniture, Electrical and Hardware Retailing",,,
1475,ECTM.S1SG1310,2014.08,517.6,,R,Dollars,6,Electronic Card Transactions (ANZSIC06) - ECT,Private - Values - Electronic card transactions  A/S/T by industry,Seasonally adjusted,"Furniture, Electrical and Hardware Retailing",,,
1476,ECTM.S1SG1310,2014.09,515.4,,R,Dollars,6,Electronic Card Transactions (ANZSIC06) - ECT,Private - Values - Electronic card transactions  A/S/T by industry,Seasonally adjusted,"Furniture, Electrical and Hardware Retailing",,,
1477,ECTM.S1SG1310,2014.1,529.4,,R,Dollars,6,Electronic Card Transactions (ANZSIC06) - ECT,Private - Values - Electronic card transactions  A/S/T by industry,Seasonally adjusted,"Furniture, Electrical and Hardware Retailing",,,
1478,ECTM.S1SG1310,2014.11,528.3,,R,Dollars,6,Electronic Card Transactions (ANZSIC06) - ECT,Private - Values - Electronic card transactions  A/S/T by industry,Seasonally adjusted,"Furniture, Electrical and Hardware Retailing",,,
1479,ECTM.S1SG1310,2014.12,532.5,,R,Dollars,6,Electronic Card Transactions (ANZSIC06) - ECT,Private - Values - Electronic card transactions  A/S/T by industry,Seasonally adjusted,"Furniture, Electrical and Hardware Retailing",,,
1480,ECTM.S1SG1310,2015.01,536.1,,R,Dollars,6,Electronic Card Transactions (ANZSIC06) - ECT,Private - Values - Electronic card transactions  A/S/T by industry,Seasonally adjusted,"Furniture, Electrical and Hardware Retailing",,,
1481,ECTM.S1SG1310,2015.02,541.3,,R,Dollars,6,Electronic Card Transactions (ANZSIC06) - ECT,Private - Values - Electronic card transactions  A/S/T by industry,Seasonally adjusted,"Furniture, Electrical and Hardware Retailing",,,
1482,ECTM.S1SG1310,2015.03,538.0,,R,Dollars,6,Electronic Card Transactions (ANZSIC06) - ECT,Private - Values - Electronic card transactions  A/S/T by industry,Seasonally adjusted,"Furniture, Electrical and Hardware Retailing",,,
1483,ECTM.S1SG1310,2015.04,528.7,,R,Dollars,6,Electronic Card Transactions (ANZSIC06) - ECT,Private - Values - Electronic card transactions  A/S/T by industry,Seasonally adjusted,"Furniture, Electrical and Hardware Retailing",,,
1484,ECTM.S1SG1310,2015.05,552.5,,R,Dollars,6,Electronic Card Transactions (ANZSIC06) - ECT,Private - Values - Electronic card transactions  A/S/T by industry,Seasonally adjusted,"Furniture, Electrical and Hardware Retailing",,,
1485,ECTM.S1SG1310,2015.06,549.8,,R,Dollars,6,Electronic Card Transactions (ANZSIC06) - ECT,Private - Values - Electronic card transactions  A/S/T by industry,Seasonally adjusted,"Furniture, Electrical and Hardware Retailing",,,
1486,ECTM.S1SG1310,2015.07,555.2,,R,Dollars,6,Electronic Card Transactions (ANZSIC06) - ECT,Private - Values - Electronic card transactions  A/S/T by industry,Seasonally adjusted,"Furniture, Electrical and Hardware Retailing",,,
1487,ECTM.S1SG1310,2015.08,564.4,,R,Dollars,6,Electronic Card Transactions (ANZSIC06) - ECT,Private - Values - Electronic card transactions  A/S/T by industry,Seasonally adjusted,"Furniture, Electrical and Hardware Retailing",,,
1488,ECTM.S1SG1310,2015.09,566.5,,R,Dollars,6,Electronic Card Transactions (ANZSIC06) - ECT,Private - Values - Electronic card transactions  A/S/T by industry,Seasonally adjusted,"Furniture, Electrical and Hardware Retailing",,,
1489,ECTM.S1SG1310,2015.1,569.5,,R,Dollars,6,Electronic Card Transactions (ANZSIC06) - ECT,Private - Values - Electronic card transactions  A/S/T by industry,Seasonally adjusted,"Furniture, Electrical and Hardware Retailing",,,
1490,ECTM.S1SG1310,2015.11,567.2,,R,Dollars,6,Electronic Card Transactions (ANZSIC06) - ECT,Private - Values - Electronic card transactions  A/S/T by industry,Seasonally adjusted,"Furniture, Electrical and Hardware Retailing",,,
1491,ECTM.S1SG1310,2015.12,576.0,,R,Dollars,6,Electronic Card Transactions (ANZSIC06) - ECT,Private - Values - Electronic card transactions  A/S/T by industry,Seasonally adjusted,"Furniture, Electrical and Hardware Retailing",,,
1492,ECTM.S1SG1310,2016.01,578.3,,R,Dollars,6,Electronic Card Transactions (ANZSIC06) - ECT,Private - Values - Electronic card transactions  A/S/T by industry,Seasonally adjusted,"Furniture, Electrical and Hardware Retailing",,,
1493,ECTM.S1SG1310,2016.02,586.7,,R,Dollars,6,Electronic Card Transactions (ANZSIC06) - ECT,Private - Values - Electronic card transactions  A/S/T by industry,Seasonally adjusted,"Furniture, Electrical and Hardware Retailing",,,
1494,ECTM.S1SG1310,2016.03,585.4,,R,Dollars,6,Electronic Card Transactions (ANZSIC06) - ECT,Private - Values - Electronic card transactions  A/S/T by industry,Seasonally adjusted,"Furniture, Electrical and Hardware Retailing",,,
1495,ECTM.S1SG1310,2016.04,592.4,,R,Dollars,6,Electronic Card Transactions (ANZSIC06) - ECT,Private - Values - Electronic card transactions  A/S/T by industry,Seasonally adjusted,"Furniture, Electrical and Hardware Retailing",,,
1496,ECTM.S1SG1310,2016.05,594.0,,R,Dollars,6,Electronic Card Transactions (ANZSIC06) - ECT,Private - Values - Electronic card transactions  A/S/T by industry,Seasonally adjusted,"Furniture, Electrical and Hardware Retailing",,,
1497,ECTM.S1SG1310,2016.06,596.2,,R,Dollars,6,Electronic Card Transactions (ANZSIC06) - ECT,Private - Values - Electronic card transactions  A/S/T by industry,Seasonally adjusted,"Furniture, Electrical and Hardware Retailing",,,
1498,ECTM.S1SG1310,2016.07,606.6,,R,Dollars,6,Electronic Card Transactions (ANZSIC06) - ECT,Private - Values - Electronic card transactions  A/S/T by industry,Seasonally adjusted,"Furniture, Electrical and Hardware Retailing",,,
1499,ECTM.S1SG1310,2016.08,589.7,,R,Dollars,6,Electronic Card Transactions (ANZSIC06) - ECT,Private - Values - Electronic card transactions  A/S/T by industry,Seasonally adjusted,"Furniture, Electrical and Hardware Retailing",,,
1500,ECTM.S1SG1310,2016.09,602.0,,R,Dollars,6,Electronic Card Transactions (ANZSIC06) - ECT,Private - Values - Electronic card transactions  A/S/T by industry,Seasonally adjusted,"Furniture, Electrical and Hardware Retailing",,,
1501,ECTM.S1SG1310,2016.1,596.9,,R,Dollars,6,Electronic Card Transactions (ANZSIC06) - ECT,Private - Values - Electronic card transactions  A/S/T by industry,Seasonally adjusted,"Furniture, Electrical and Hardware Retailing",,,
1502,ECTM.S1SG1310,2016.11,588.9,,R,Dollars,6,Electronic Card Transactions (ANZSIC06) - ECT,Private - Values - Electronic card transactions  A/S/T by industry,Seasonally adjusted,"Furniture, Electrical and Hardware Retailing",,,
1503,ECTM.S1SG1310,2016.12,589.4,,R,Dollars,6,Electronic Card Transactions (ANZSIC06) - ECT,Private - Values - Electronic card transactions  A/S/T by industry,Seasonally adjusted,"Furniture, Electrical and Hardware Retailing",,,
1504,ECTM.S1SG1310,2017.01,611.9,,R,Dollars,6,Electronic Card Transactions (ANZSIC06) - ECT,Private - Values - Electronic card transactions  A/S/T by industry,Seasonally adjusted,"Furniture, Electrical and Hardware Retailing",,,
1505,ECTM.S1SG1310,2017.02,595.1,,R,Dollars,6,Electronic Card Transactions (ANZSIC06) - ECT,Private - Values - Electronic card transactions  A/S/T by industry,Seasonally adjusted,"Furniture, Electrical and Hardware Retailing",,,
1506,ECTM.S1SG1310,2017.03,596.3,,R,Dollars,6,Electronic Card Transactions (ANZSIC06) - ECT,Private - Values - Electronic card transactions  A/S/T by industry,Seasonally adjusted,"Furniture, Electrical and Hardware Retailing",,,
1507,ECTM.S1SG1310,2017.04,597.6,,R,Dollars,6,Electronic Card Transactions (ANZSIC06) - ECT,Private - Values - Electronic card transactions  A/S/T by industry,Seasonally adjusted,"Furniture, Electrical and Hardware Retailing",,,
1508,ECTM.S1SG1310,2017.05,595.4,,R,Dollars,6,Electronic Card Transactions (ANZSIC06) - ECT,Private - Values - Electronic card transactions  A/S/T by industry,Seasonally adjusted,"Furniture, Electrical and Hardware Retailing",,,
1509,ECTM.S1SG1310,2017.06,598.1,,R,Dollars,6,Electronic Card Transactions (ANZSIC06) - ECT,Private - Values - Electronic card transactions  A/S/T by industry,Seasonally adjusted,"Furniture, Electrical and Hardware Retailing",,,
1510,ECTM.S1SG1310,2017.07,598.4,,R,Dollars,6,Electronic Card Transactions (ANZSIC06) - ECT,Private - Values - Electronic card transactions  A/S/T by industry,Seasonally adjusted,"Furniture, Electrical and Hardware Retailing",,,
1511,ECTM.S1SG1310,2017.08,596.6,,R,Dollars,6,Electronic Card Transactions (ANZSIC06) - ECT,Private - Values - Electronic card transactions  A/S/T by industry,Seasonally adjusted,"Furniture, Electrical and Hardware Retailing",,,
1512,ECTM.S1SG1310,2017.09,597.8,,R,Dollars,6,Electronic Card Transactions (ANZSIC06) - ECT,Private - Values - Electronic card transactions  A/S/T by industry,Seasonally adjusted,"Furniture, Electrical and Hardware Retailing",,,
1513,ECTM.S1SG1310,2017.1,606.5,,R,Dollars,6,Electronic Card Transactions (ANZSIC06) - ECT,Private - Values - Electronic card transactions  A/S/T by industry,Seasonally adjusted,"Furniture, Electrical and Hardware Retailing",,,
1514,ECTM.S1SG1310,2017.11,611.3,,R,Dollars,6,Electronic Card Transactions (ANZSIC06) - ECT,Private - Values - Electronic card transactions  A/S/T by industry,Seasonally adjusted,"Furniture, Electrical and Hardware Retailing",,,
1515,ECTM.S1SG1310,2017.12,614.8,,R,Dollars,6,Electronic Card Transactions (ANZSIC06) - ECT,Private - Values - Electronic card transactions  A/S/T by industry,Seasonally adjusted,"Furniture, Electrical and Hardware Retailing",,,
1516,ECTM.S1SG1310,2018.01,611.5,,R,Dollars,6,Electronic Card Transactions (ANZSIC06) - ECT,Private - Values - Electronic card transactions  A/S/T by industry,Seasonally adjusted,"Furniture, Electrical and Hardware Retailing",,,
1517,ECTM.S1SG1310,2018.02,610.4,,R,Dollars,6,Electronic Card Transactions (ANZSIC06) - ECT,Private - Values - Electronic card transactions  A/S/T by industry,Seasonally adjusted,"Furniture, Electrical and Hardware Retailing",,,
1518,ECTM.S1SG1310,2018.03,620.7,,R,Dollars,6,Electronic Card Transactions (ANZSIC06) - ECT,Private - Values - Electronic card transactions  A/S/T by industry,Seasonally adjusted,"Furniture, Electrical and Hardware Retailing",,,
1519,ECTM.S1SG1310,2018.04,613.9,,R,Dollars,6,Electronic Card Transactions (ANZSIC06) - ECT,Private - Values - Electronic card transactions  A/S/T by industry,Seasonally adjusted,"Furniture, Electrical and Hardware Retailing",,,
1520,ECTM.S1SG1310,2018.05,619.3,,R,Dollars,6,Electronic Card Transactions (ANZSIC06) - ECT,Private - Values - Electronic card transactions  A/S/T by industry,Seasonally adjusted,"Furniture, Electrical and Hardware Retailing",,,
1521,ECTM.S1SG1310,2018.06,612.1,,R,Dollars,6,Electronic Card Transactions (ANZSIC06) - ECT,Private - Values - Electronic card transactions  A/S/T by industry,Seasonally adjusted,"Furniture, Electrical and Hardware Retailing",,,
1522,ECTM.S1SG1310,2018.07,613.8,,R,Dollars,6,Electronic Card Transactions (ANZSIC06) - ECT,Private - Values - Electronic card transactions  A/S/T by industry,Seasonally adjusted,"Furniture, Electrical and Hardware Retailing",,,
1523,ECTM.S1SG1310,2018.08,618.9,,R,Dollars,6,Electronic Card Transactions (ANZSIC06) - ECT,Private - Values - Electronic card transactions  A/S/T by industry,Seasonally adjusted,"Furniture, Electrical and Hardware Retailing",,,
1524,ECTM.S1SG1310,2018.09,620.6,,R,Dollars,6,Electronic Card Transactions (ANZSIC06) - ECT,Private - Values - Electronic card transactions  A/S/T by industry,Seasonally adjusted,"Furniture, Electrical and Hardware Retailing",,,
1525,ECTM.S1SG1310,2018.1,624.1,,R,Dollars,6,Electronic Card Transactions (ANZSIC06) - ECT,Private - Values - Electronic card transactions  A/S/T by industry,Seasonally adjusted,"Furniture, Electrical and Hardware Retailing",,,
1526,ECTM.S1SG1310,2018.11,627.8,,R,Dollars,6,Electronic Card Transactions (ANZSIC06) - ECT,Private - Values - Electronic card transactions  A/S/T by industry,Seasonally adjusted,"Furniture, Electrical and Hardware Retailing",,,
1527,ECTM.S1SG1310,2018.12,615.7,,R,Dollars,6,Electronic Card Transactions (ANZSIC06) - ECT,Private - Values - Electronic card transactions  A/S/T by industry,Seasonally adjusted,"Furniture, Electrical and Hardware Retailing",,,
1528,ECTM.S1SG1310,2019.01,626.4,,R,Dollars,6,Electronic Card Transactions (ANZSIC06) - ECT,Private - Values - Electronic card transactions  A/S/T by industry,Seasonally adjusted,"Furniture, Electrical and Hardware Retailing",,,
1529,ECTM.S1SG1310,2019.02,623.2,,R,Dollars,6,Electronic Card Transactions (ANZSIC06) - ECT,Private - Values - Electronic card transactions  A/S/T by industry,Seasonally adjusted,"Furniture, Electrical and Hardware Retailing",,,
1530,ECTM.S1SG1310,2019.03,618.0,,R,Dollars,6,Electronic Card Transactions (ANZSIC06) - ECT,Private - Values - Electronic card transactions  A/S/T by industry,Seasonally adjusted,"Furniture, Electrical and Hardware Retailing",,,
1531,ECTM.S1SG1310,2019.04,623.4,,R,Dollars,6,Electronic Card Transactions (ANZSIC06) - ECT,Private - Values - Electronic card transactions  A/S/T by industry,Seasonally adjusted,"Furniture, Electrical and Hardware Retailing",,,
1532,ECTM.S1SG1310,2019.05,621.0,,R,Dollars,6,Electronic Card Transactions (ANZSIC06) - ECT,Private - Values - Electronic card transactions  A/S/T by industry,Seasonally adjusted,"Furniture, Electrical and Hardware Retailing",,,
1533,ECTM.S1SG1310,2019.06,632.0,,R,Dollars,6,Electronic Card Transactions (ANZSIC06) - ECT,Private - Values - Electronic card transactions  A/S/T by industry,Seasonally adjusted,"Furniture, Electrical and Hardware Retailing",,,
1534,ECTM.S1SG1310,2019.07,626.3,,R,Dollars,6,Electronic Card Transactions (ANZSIC06) - ECT,Private - Values - Electronic card transactions  A/S/T by industry,Seasonally adjusted,"Furniture, Electrical and Hardware Retailing",,,
1535,ECTM.S1SG1310,2019.08,633.6,,R,Dollars,6,Electronic Card Transactions (ANZSIC06) - ECT,Private - Values - Electronic card transactions  A/S/T by industry,Seasonally adjusted,"Furniture, Electrical and Hardware Retailing",,,
1536,ECTM.S1SG1310,2019.09,637.4,,R,Dollars,6,Electronic Card Transactions (ANZSIC06) - ECT,Private - Values - Electronic card transactions  A/S/T by industry,Seasonally adjusted,"Furniture, Electrical and Hardware Retailing",,,
1537,ECTM.S1SG1310,2019.1,621.0,,R,Dollars,6,Electronic Card Transactions (ANZSIC06) - ECT,Private - Values - Electronic card transactions  A/S/T by industry,Seasonally adjusted,"Furniture, Electrical and Hardware Retailing",,,
1538,ECTM.S1SG1310,2019.11,652.6,,R,Dollars,6,Electronic Card Transactions (ANZSIC06) - ECT,Private - Values - Electronic card transactions  A/S/T by industry,Seasonally adjusted,"Furniture, Electrical and Hardware Retailing",,,
1539,ECTM.S1SG1310,2019.12,633.4,,R,Dollars,6,Electronic Card Transactions (ANZSIC06) - ECT,Private - Values - Electronic card transactions  A/S/T by industry,Seasonally adjusted,"Furniture, Electrical and Hardware Retailing",,,
1540,ECTM.S1SG1310,2020.01,633.6,,R,Dollars,6,Electronic Card Transactions (ANZSIC06) - ECT,Private - Values - Electronic card transactions  A/S/T by industry,Seasonally adjusted,"Furniture, Electrical and Hardware Retailing",,,
1541,ECTM.S1SG1310,2020.02,638.1,,R,Dollars,6,Electronic Card Transactions (ANZSIC06) - ECT,Private - Values - Electronic card transactions  A/S/T by industry,Seasonally adjusted,"Furniture, Electrical and Hardware Retailing",,,
1542,ECTM.S1SG1310,2020.03,636.6,,R,Dollars,6,Electronic Card Transactions (ANZSIC06) - ECT,Private - Values - Electronic card transactions  A/S/T by industry,Seasonally adjusted,"Furniture, Electrical and Hardware Retailing",,,
1543,ECTM.S1SG1310,2020.04,146.3,,R,Dollars,6,Electronic Card Transactions (ANZSIC06) - ECT,Private - Values - Electronic card transactions  A/S/T by industry,Seasonally adjusted,"Furniture, Electrical and Hardware Retailing",,,
1544,ECTM.S1SG1310,2020.05,719.2,,R,Dollars,6,Electronic Card Transactions (ANZSIC06) - ECT,Private - Values - Electronic card transactions  A/S/T by industry,Seasonally adjusted,"Furniture, Electrical and Hardware Retailing",,,
1545,ECTM.S1SG1310,2020.06,808.1,,R,Dollars,6,Electronic Card Transactions (ANZSIC06) - ECT,Private - Values - Electronic card transactions  A/S/T by industry,Seasonally adjusted,"Furniture, Electrical and Hardware Retailing",,,
1546,ECTM.S1SG1310,2020.07,780.5,,F,Dollars,6,Electronic Card Transactions (ANZSIC06) - ECT,Private - Values - Electronic card transactions  A/S/T by industry,Seasonally adjusted,"Furniture, Electrical and Hardware Retailing",,,
1547,ECTM.S1AG1321,2000.01,11.4,,C,Dollars,6,Electronic Card Transactions (ANZSIC06) - ECT,Private - Values - Electronic card transactions  A/S/T by industry,Actual,Recreational goods,,,
1548,ECTM.S1AG1321,2000.02,10.4,,C,Dollars,6,Electronic Card Transactions (ANZSIC06) - ECT,Private - Values - Electronic card transactions  A/S/T by industry,Actual,Recreational goods,,,
1549,ECTM.S1AG1321,2000.03,12.0,,C,Dollars,6,Electronic Card Transactions (ANZSIC06) - ECT,Private - Values - Electronic card transactions  A/S/T by industry,Actual,Recreational goods,,,
1550,ECTM.S1AG1321,2000.04,13.1,,C,Dollars,6,Electronic Card Transactions (ANZSIC06) - ECT,Private - Values - Electronic card transactions  A/S/T by industry,Actual,Recreational goods,,,
1551,ECTM.S1AG1321,2000.05,12.4,,C,Dollars,6,Electronic Card Transactions (ANZSIC06) - ECT,Private - Values - Electronic card transactions  A/S/T by industry,Actual,Recreational goods,,,
1552,ECTM.S1AG1321,2000.06,12.9,,C,Dollars,6,Electronic Card Transactions (ANZSIC06) - ECT,Private - Values - Electronic card transactions  A/S/T by industry,Actual,Recreational goods,,,
1553,ECTM.S1AG1321,2000.07,12.6,,C,Dollars,6,Electronic Card Transactions (ANZSIC06) - ECT,Private - Values - Electronic card transactions  A/S/T by industry,Actual,Recreational goods,,,
1554,ECTM.S1AG1321,2000.08,13.0,,C,Dollars,6,Electronic Card Transactions (ANZSIC06) - ECT,Private - Values - Electronic card transactions  A/S/T by industry,Actual,Recreational goods,,,
1555,ECTM.S1AG1321,2000.09,14.6,,C,Dollars,6,Electronic Card Transactions (ANZSIC06) - ECT,Private - Values - Electronic card transactions  A/S/T by industry,Actual,Recreational goods,,,
1556,ECTM.S1AG1321,2000.1,15.8,,C,Dollars,6,Electronic Card Transactions (ANZSIC06) - ECT,Private - Values - Electronic card transactions  A/S/T by industry,Actual,Recreational goods,,,
1557,ECTM.S1AG1321,2000.11,16.3,,C,Dollars,6,Electronic Card Transactions (ANZSIC06) - ECT,Private - Values - Electronic card transactions  A/S/T by industry,Actual,Recreational goods,,,
1558,ECTM.S1AG1321,2000.12,29.6,,C,Dollars,6,Electronic Card Transactions (ANZSIC06) - ECT,Private - Values - Electronic card transactions  A/S/T by industry,Actual,Recreational goods,,,
1559,ECTM.S1AG1321,2001.01,16.8,,C,Dollars,6,Electronic Card Transactions (ANZSIC06) - ECT,Private - Values - Electronic card transactions  A/S/T by industry,Actual,Recreational goods,,,
1560,ECTM.S1AG1321,2001.02,15.5,,C,Dollars,6,Electronic Card Transactions (ANZSIC06) - ECT,Private - Values - Electronic card transactions  A/S/T by industry,Actual,Recreational goods,,,
1561,ECTM.S1AG1321,2001.03,17.9,,C,Dollars,6,Electronic Card Transactions (ANZSIC06) - ECT,Private - Values - Electronic card transactions  A/S/T by industry,Actual,Recreational goods,,,
1562,ECTM.S1AG1321,2001.04,18.0,,C,Dollars,6,Electronic Card Transactions (ANZSIC06) - ECT,Private - Values - Electronic card transactions  A/S/T by industry,Actual,Recreational goods,,,
1563,ECTM.S1AG1321,2001.05,16.8,,C,Dollars,6,Electronic Card Transactions (ANZSIC06) - ECT,Private - Values - Electronic card transactions  A/S/T by industry,Actual,Recreational goods,,,
1564,ECTM.S1AG1321,2001.06,16.7,,C,Dollars,6,Electronic Card Transactions (ANZSIC06) - ECT,Private - Values - Electronic card transactions  A/S/T by industry,Actual,Recreational goods,,,
1565,ECTM.S1AG1321,2001.07,18.4,,C,Dollars,6,Electronic Card Transactions (ANZSIC06) - ECT,Private - Values - Electronic card transactions  A/S/T by industry,Actual,Recreational goods,,,
1566,ECTM.S1AG1321,2001.08,73.9,,C,Dollars,6,Electronic Card Transactions (ANZSIC06) - ECT,Private - Values - Electronic card transactions  A/S/T by industry,Actual,Recreational goods,,,
1567,ECTM.S1AG1321,2001.09,74.9,,C,Dollars,6,Electronic Card Transactions (ANZSIC06) - ECT,Private - Values - Electronic card transactions  A/S/T by industry,Actual,Recreational goods,,,
1568,ECTM.S1AG1321,2001.1,79.0,,C,Dollars,6,Electronic Card Transactions (ANZSIC06) - ECT,Private - Values - Electronic card transactions  A/S/T by industry,Actual,Recreational goods,,,
1569,ECTM.S1AG1321,2001.11,90.7,,C,Dollars,6,Electronic Card Transactions (ANZSIC06) - ECT,Private - Values - Electronic card transactions  A/S/T by industry,Actual,Recreational goods,,,
1570,ECTM.S1AG1321,2001.12,149.5,,C,Dollars,6,Electronic Card Transactions (ANZSIC06) - ECT,Private - Values - Electronic card transactions  A/S/T by industry,Actual,Recreational goods,,,
1571,ECTM.S1AG1321,2002.01,86.4,,C,Dollars,6,Electronic Card Transactions (ANZSIC06) - ECT,Private - Values - Electronic card transactions  A/S/T by industry,Actual,Recreational goods,,,
1572,ECTM.S1AG1321,2002.02,77.6,,C,Dollars,6,Electronic Card Transactions (ANZSIC06) - ECT,Private - Values - Electronic card transactions  A/S/T by industry,Actual,Recreational goods,,,
1573,ECTM.S1AG1321,2002.03,89.5,,C,Dollars,6,Electronic Card Transactions (ANZSIC06) - ECT,Private - Values - Electronic card transactions  A/S/T by industry,Actual,Recreational goods,,,
1574,ECTM.S1AG1321,2002.04,79.8,,C,Dollars,6,Electronic Card Transactions (ANZSIC06) - ECT,Private - Values - Electronic card transactions  A/S/T by industry,Actual,Recreational goods,,,
1575,ECTM.S1AG1321,2002.05,76.6,,C,Dollars,6,Electronic Card Transactions (ANZSIC06) - ECT,Private - Values - Electronic card transactions  A/S/T by industry,Actual,Recreational goods,,,
1576,ECTM.S1AG1321,2002.06,76.9,,C,Dollars,6,Electronic Card Transactions (ANZSIC06) - ECT,Private - Values - Electronic card transactions  A/S/T by industry,Actual,Recreational goods,,,
1577,ECTM.S1AG1321,2002.07,81.5,,C,Dollars,6,Electronic Card Transactions (ANZSIC06) - ECT,Private - Values - Electronic card transactions  A/S/T by industry,Actual,Recreational goods,,,
1578,ECTM.S1AG1321,2002.08,25.0,,C,Dollars,6,Electronic Card Transactions (ANZSIC06) - ECT,Private - Values - Electronic card transactions  A/S/T by industry,Actual,Recreational goods,,,
1579,ECTM.S1AG1321,2002.09,23.4,,C,Dollars,6,Electronic Card Transactions (ANZSIC06) - ECT,Private - Values - Electronic card transactions  A/S/T by industry,Actual,Recreational goods,,,
1580,ECTM.S1AG1321,2002.1,86.6,,F,Dollars,6,Electronic Card Transactions (ANZSIC06) - ECT,Private - Values - Electronic card transactions  A/S/T by industry,Actual,Recreational goods,,,
1581,ECTM.S1AG1321,2002.11,98.9,,F,Dollars,6,Electronic Card Transactions (ANZSIC06) - ECT,Private - Values - Electronic card transactions  A/S/T by industry,Actual,Recreational goods,,,
1582,ECTM.S1AG1321,2002.12,160.6,,F,Dollars,6,Electronic Card Transactions (ANZSIC06) - ECT,Private - Values - Electronic card transactions  A/S/T by industry,Actual,Recreational goods,,,
1583,ECTM.S1AG1321,2003.01,93.8,,F,Dollars,6,Electronic Card Transactions (ANZSIC06) - ECT,Private - Values - Electronic card transactions  A/S/T by industry,Actual,Recreational goods,,,
1584,ECTM.S1AG1321,2003.02,85.6,,F,Dollars,6,Electronic Card Transactions (ANZSIC06) - ECT,Private - Values - Electronic card transactions  A/S/T by industry,Actual,Recreational goods,,,
1585,ECTM.S1AG1321,2003.03,95.7,,F,Dollars,6,Electronic Card Transactions (ANZSIC06) - ECT,Private - Values - Electronic card transactions  A/S/T by industry,Actual,Recreational goods,,,
1586,ECTM.S1AG1321,2003.04,89.5,,F,Dollars,6,Electronic Card Transactions (ANZSIC06) - ECT,Private - Values - Electronic card transactions  A/S/T by industry,Actual,Recreational goods,,,
1587,ECTM.S1AG1321,2003.05,88.1,,F,Dollars,6,Electronic Card Transactions (ANZSIC06) - ECT,Private - Values - Electronic card transactions  A/S/T by industry,Actual,Recreational goods,,,
1588,ECTM.S1AG1321,2003.06,79.4,,F,Dollars,6,Electronic Card Transactions (ANZSIC06) - ECT,Private - Values - Electronic card transactions  A/S/T by industry,Actual,Recreational goods,,,
1589,ECTM.S1AG1321,2003.07,90.6,,F,Dollars,6,Electronic Card Transactions (ANZSIC06) - ECT,Private - Values - Electronic card transactions  A/S/T by industry,Actual,Recreational goods,,,
1590,ECTM.S1AG1321,2003.08,85.1,,F,Dollars,6,Electronic Card Transactions (ANZSIC06) - ECT,Private - Values - Electronic card transactions  A/S/T by industry,Actual,Recreational goods,,,
1591,ECTM.S1AG1321,2003.09,89.2,,F,Dollars,6,Electronic Card Transactions (ANZSIC06) - ECT,Private - Values - Electronic card transactions  A/S/T by industry,Actual,Recreational goods,,,
1592,ECTM.S1AG1321,2003.1,92.9,,F,Dollars,6,Electronic Card Transactions (ANZSIC06) - ECT,Private - Values - Electronic card transactions  A/S/T by industry,Actual,Recreational goods,,,
1593,ECTM.S1AG1321,2003.11,103.0,,F,Dollars,6,Electronic Card Transactions (ANZSIC06) - ECT,Private - Values - Electronic card transactions  A/S/T by industry,Actual,Recreational goods,,,
1594,ECTM.S1AG1321,2003.12,171.2,,F,Dollars,6,Electronic Card Transactions (ANZSIC06) - ECT,Private - Values - Electronic card transactions  A/S/T by industry,Actual,Recreational goods,,,
1595,ECTM.S1AG1321,2004.01,93.0,,F,Dollars,6,Electronic Card Transactions (ANZSIC06) - ECT,Private - Values - Electronic card transactions  A/S/T by industry,Actual,Recreational goods,,,
1596,ECTM.S1AG1321,2004.02,86.8,,F,Dollars,6,Electronic Card Transactions (ANZSIC06) - ECT,Private - Values - Electronic card transactions  A/S/T by industry,Actual,Recreational goods,,,
1597,ECTM.S1AG1321,2004.03,94.8,,F,Dollars,6,Electronic Card Transactions (ANZSIC06) - ECT,Private - Values - Electronic card transactions  A/S/T by industry,Actual,Recreational goods,,,
1598,ECTM.S1AG1321,2004.04,90.0,,F,Dollars,6,Electronic Card Transactions (ANZSIC06) - ECT,Private - Values - Electronic card transactions  A/S/T by industry,Actual,Recreational goods,,,
1599,ECTM.S1AG1321,2004.05,83.0,,F,Dollars,6,Electronic Card Transactions (ANZSIC06) - ECT,Private - Values - Electronic card transactions  A/S/T by industry,Actual,Recreational goods,,,
1600,ECTM.S1AG1321,2004.06,79.3,,F,Dollars,6,Electronic Card Transactions (ANZSIC06) - ECT,Private - Values - Electronic card transactions  A/S/T by industry,Actual,Recreational goods,,,
1601,ECTM.S1AG1321,2004.07,90.3,,F,Dollars,6,Electronic Card Transactions (ANZSIC06) - ECT,Private - Values - Electronic card transactions  A/S/T by industry,Actual,Recreational goods,,,
1602,ECTM.S1AG1321,2004.08,84.9,,F,Dollars,6,Electronic Card Transactions (ANZSIC06) - ECT,Private - Values - Electronic card transactions  A/S/T by industry,Actual,Recreational goods,,,
1603,ECTM.S1AG1321,2004.09,88.2,,F,Dollars,6,Electronic Card Transactions (ANZSIC06) - ECT,Private - Values - Electronic card transactions  A/S/T by industry,Actual,Recreational goods,,,
1604,ECTM.S1AG1321,2004.1,90.8,,F,Dollars,6,Electronic Card Transactions (ANZSIC06) - ECT,Private - Values - Electronic card transactions  A/S/T by industry,Actual,Recreational goods,,,
1605,ECTM.S1AG1321,2004.11,105.1,,F,Dollars,6,Electronic Card Transactions (ANZSIC06) - ECT,Private - Values - Electronic card transactions  A/S/T by industry,Actual,Recreational goods,,,
1606,ECTM.S1AG1321,2004.12,172.1,,F,Dollars,6,Electronic Card Transactions (ANZSIC06) - ECT,Private - Values - Electronic card transactions  A/S/T by industry,Actual,Recreational goods,,,
1607,ECTM.S1AG1321,2005.01,96.9,,F,Dollars,6,Electronic Card Transactions (ANZSIC06) - ECT,Private - Values - Electronic card transactions  A/S/T by industry,Actual,Recreational goods,,,
1608,ECTM.S1AG1321,2005.02,93.7,,F,Dollars,6,Electronic Card Transactions (ANZSIC06) - ECT,Private - Values - Electronic card transactions  A/S/T by industry,Actual,Recreational goods,,,
1609,ECTM.S1AG1321,2005.03,105.1,,F,Dollars,6,Electronic Card Transactions (ANZSIC06) - ECT,Private - Values - Electronic card transactions  A/S/T by industry,Actual,Recreational goods,,,
1610,ECTM.S1AG1321,2005.04,98.6,,F,Dollars,6,Electronic Card Transactions (ANZSIC06) - ECT,Private - Values - Electronic card transactions  A/S/T by industry,Actual,Recreational goods,,,
1611,ECTM.S1AG1321,2005.05,93.2,,F,Dollars,6,Electronic Card Transactions (ANZSIC06) - ECT,Private - Values - Electronic card transactions  A/S/T by industry,Actual,Recreational goods,,,
1612,ECTM.S1AG1321,2005.06,87.0,,F,Dollars,6,Electronic Card Transactions (ANZSIC06) - ECT,Private - Values - Electronic card transactions  A/S/T by industry,Actual,Recreational goods,,,
1613,ECTM.S1AG1321,2005.07,97.9,,F,Dollars,6,Electronic Card Transactions (ANZSIC06) - ECT,Private - Values - Electronic card transactions  A/S/T by industry,Actual,Recreational goods,,,
1614,ECTM.S1AG1321,2005.08,92.0,,F,Dollars,6,Electronic Card Transactions (ANZSIC06) - ECT,Private - Values - Electronic card transactions  A/S/T by industry,Actual,Recreational goods,,,
1615,ECTM.S1AG1321,2005.09,96.7,,F,Dollars,6,Electronic Card Transactions (ANZSIC06) - ECT,Private - Values - Electronic card transactions  A/S/T by industry,Actual,Recreational goods,,,
1616,ECTM.S1AG1321,2005.1,98.8,,F,Dollars,6,Electronic Card Transactions (ANZSIC06) - ECT,Private - Values - Electronic card transactions  A/S/T by industry,Actual,Recreational goods,,,
1617,ECTM.S1AG1321,2005.11,116.3,,F,Dollars,6,Electronic Card Transactions (ANZSIC06) - ECT,Private - Values - Electronic card transactions  A/S/T by industry,Actual,Recreational goods,,,
1618,ECTM.S1AG1321,2005.12,182.7,,F,Dollars,6,Electronic Card Transactions (ANZSIC06) - ECT,Private - Values - Electronic card transactions  A/S/T by industry,Actual,Recreational goods,,,
1619,ECTM.S1AG1321,2006.01,104.7,,F,Dollars,6,Electronic Card Transactions (ANZSIC06) - ECT,Private - Values - Electronic card transactions  A/S/T by industry,Actual,Recreational goods,,,
1620,ECTM.S1AG1321,2006.02,102.8,,F,Dollars,6,Electronic Card Transactions (ANZSIC06) - ECT,Private - Values - Electronic card transactions  A/S/T by industry,Actual,Recreational goods,,,
1621,ECTM.S1AG1321,2006.03,116.0,,F,Dollars,6,Electronic Card Transactions (ANZSIC06) - ECT,Private - Values - Electronic card transactions  A/S/T by industry,Actual,Recreational goods,,,
1622,ECTM.S1AG1321,2006.04,102.8,,F,Dollars,6,Electronic Card Transactions (ANZSIC06) - ECT,Private - Values - Electronic card transactions  A/S/T by industry,Actual,Recreational goods,,,
1623,ECTM.S1AG1321,2006.05,103.3,,F,Dollars,6,Electronic Card Transactions (ANZSIC06) - ECT,Private - Values - Electronic card transactions  A/S/T by industry,Actual,Recreational goods,,,
1624,ECTM.S1AG1321,2006.06,96.9,,F,Dollars,6,Electronic Card Transactions (ANZSIC06) - ECT,Private - Values - Electronic card transactions  A/S/T by industry,Actual,Recreational goods,,,
1625,ECTM.S1AG1321,2006.07,103.6,,F,Dollars,6,Electronic Card Transactions (ANZSIC06) - ECT,Private - Values - Electronic card transactions  A/S/T by industry,Actual,Recreational goods,,,
1626,ECTM.S1AG1321,2006.08,101.0,,F,Dollars,6,Electronic Card Transactions (ANZSIC06) - ECT,Private - Values - Electronic card transactions  A/S/T by industry,Actual,Recreational goods,,,
1627,ECTM.S1AG1321,2006.09,104.4,,F,Dollars,6,Electronic Card Transactions (ANZSIC06) - ECT,Private - Values - Electronic card transactions  A/S/T by industry,Actual,Recreational goods,,,
1628,ECTM.S1AG1321,2006.1,110.8,,F,Dollars,6,Electronic Card Transactions (ANZSIC06) - ECT,Private - Values - Electronic card transactions  A/S/T by industry,Actual,Recreational goods,,,
1629,ECTM.S1AG1321,2006.11,120.0,,F,Dollars,6,Electronic Card Transactions (ANZSIC06) - ECT,Private - Values - Electronic card transactions  A/S/T by industry,Actual,Recreational goods,,,
1630,ECTM.S1AG1321,2006.12,196.8,,F,Dollars,6,Electronic Card Transactions (ANZSIC06) - ECT,Private - Values - Electronic card transactions  A/S/T by industry,Actual,Recreational goods,,,
1631,ECTM.S1AG1321,2007.01,112.0,,F,Dollars,6,Electronic Card Transactions (ANZSIC06) - ECT,Private - Values - Electronic card transactions  A/S/T by industry,Actual,Recreational goods,,,
1632,ECTM.S1AG1321,2007.02,109.3,,F,Dollars,6,Electronic Card Transactions (ANZSIC06) - ECT,Private - Values - Electronic card transactions  A/S/T by industry,Actual,Recreational goods,,,
1633,ECTM.S1AG1321,2007.03,121.3,,F,Dollars,6,Electronic Card Transactions (ANZSIC06) - ECT,Private - Values - Electronic card transactions  A/S/T by industry,Actual,Recreational goods,,,
1634,ECTM.S1AG1321,2007.04,105.9,,F,Dollars,6,Electronic Card Transactions (ANZSIC06) - ECT,Private - Values - Electronic card transactions  A/S/T by industry,Actual,Recreational goods,,,
1635,ECTM.S1AG1321,2007.05,109.4,,F,Dollars,6,Electronic Card Transactions (ANZSIC06) - ECT,Private - Values - Electronic card transactions  A/S/T by industry,Actual,Recreational goods,,,
1636,ECTM.S1AG1321,2007.06,104.1,,F,Dollars,6,Electronic Card Transactions (ANZSIC06) - ECT,Private - Values - Electronic card transactions  A/S/T by industry,Actual,Recreational goods,,,
1637,ECTM.S1AG1321,2007.07,105.7,,F,Dollars,6,Electronic Card Transactions (ANZSIC06) - ECT,Private - Values - Electronic card transactions  A/S/T by industry,Actual,Recreational goods,,,
1638,ECTM.S1AG1321,2007.08,106.3,,F,Dollars,6,Electronic Card Transactions (ANZSIC06) - ECT,Private - Values - Electronic card transactions  A/S/T by industry,Actual,Recreational goods,,,
1639,ECTM.S1AG1321,2007.09,104.7,,F,Dollars,6,Electronic Card Transactions (ANZSIC06) - ECT,Private - Values - Electronic card transactions  A/S/T by industry,Actual,Recreational goods,,,
1640,ECTM.S1AG1321,2007.1,114.7,,F,Dollars,6,Electronic Card Transactions (ANZSIC06) - ECT,Private - Values - Electronic card transactions  A/S/T by industry,Actual,Recreational goods,,,
1641,ECTM.S1AG1321,2007.11,126.9,,F,Dollars,6,Electronic Card Transactions (ANZSIC06) - ECT,Private - Values - Electronic card transactions  A/S/T by industry,Actual,Recreational goods,,,
1642,ECTM.S1AG1321,2007.12,202.0,,F,Dollars,6,Electronic Card Transactions (ANZSIC06) - ECT,Private - Values - Electronic card transactions  A/S/T by industry,Actual,Recreational goods,,,
1643,ECTM.S1AG1321,2008.01,119.3,,F,Dollars,6,Electronic Card Transactions (ANZSIC06) - ECT,Private - Values - Electronic card transactions  A/S/T by industry,Actual,Recreational goods,,,
1644,ECTM.S1AG1321,2008.02,117.5,,F,Dollars,6,Electronic Card Transactions (ANZSIC06) - ECT,Private - Values - Electronic card transactions  A/S/T by industry,Actual,Recreational goods,,,
1645,ECTM.S1AG1321,2008.03,117.9,,F,Dollars,6,Electronic Card Transactions (ANZSIC06) - ECT,Private - Values - Electronic card transactions  A/S/T by industry,Actual,Recreational goods,,,
1646,ECTM.S1AG1321,2008.04,110.6,,F,Dollars,6,Electronic Card Transactions (ANZSIC06) - ECT,Private - Values - Electronic card transactions  A/S/T by industry,Actual,Recreational goods,,,
1647,ECTM.S1AG1321,2008.05,110.3,,F,Dollars,6,Electronic Card Transactions (ANZSIC06) - ECT,Private - Values - Electronic card transactions  A/S/T by industry,Actual,Recreational goods,,,
1648,ECTM.S1AG1321,2008.06,96.3,,F,Dollars,6,Electronic Card Transactions (ANZSIC06) - ECT,Private - Values - Electronic card transactions  A/S/T by industry,Actual,Recreational goods,,,
1649,ECTM.S1AG1321,2008.07,107.1,,F,Dollars,6,Electronic Card Transactions (ANZSIC06) - ECT,Private - Values - Electronic card transactions  A/S/T by industry,Actual,Recreational goods,,,
1650,ECTM.S1AG1321,2008.08,101.7,,F,Dollars,6,Electronic Card Transactions (ANZSIC06) - ECT,Private - Values - Electronic card transactions  A/S/T by industry,Actual,Recreational goods,,,
1651,ECTM.S1AG1321,2008.09,106.1,,F,Dollars,6,Electronic Card Transactions (ANZSIC06) - ECT,Private - Values - Electronic card transactions  A/S/T by industry,Actual,Recreational goods,,,
1652,ECTM.S1AG1321,2008.1,115.5,,F,Dollars,6,Electronic Card Transactions (ANZSIC06) - ECT,Private - Values - Electronic card transactions  A/S/T by industry,Actual,Recreational goods,,,
1653,ECTM.S1AG1321,2008.11,126.2,,F,Dollars,6,Electronic Card Transactions (ANZSIC06) - ECT,Private - Values - Electronic card transactions  A/S/T by industry,Actual,Recreational goods,,,
1654,ECTM.S1AG1321,2008.12,198.1,,F,Dollars,6,Electronic Card Transactions (ANZSIC06) - ECT,Private - Values - Electronic card transactions  A/S/T by industry,Actual,Recreational goods,,,
1655,ECTM.S1AG1321,2009.01,122.2,,F,Dollars,6,Electronic Card Transactions (ANZSIC06) - ECT,Private - Values - Electronic card transactions  A/S/T by industry,Actual,Recreational goods,,,
1656,ECTM.S1AG1321,2009.02,111.7,,F,Dollars,6,Electronic Card Transactions (ANZSIC06) - ECT,Private - Values - Electronic card transactions  A/S/T by industry,Actual,Recreational goods,,,
1657,ECTM.S1AG1321,2009.03,123.2,,F,Dollars,6,Electronic Card Transactions (ANZSIC06) - ECT,Private - Values - Electronic card transactions  A/S/T by industry,Actual,Recreational goods,,,
1658,ECTM.S1AG1321,2009.04,110.6,,F,Dollars,6,Electronic Card Transactions (ANZSIC06) - ECT,Private - Values - Electronic card transactions  A/S/T by industry,Actual,Recreational goods,,,
1659,ECTM.S1AG1321,2009.05,109.6,,F,Dollars,6,Electronic Card Transactions (ANZSIC06) - ECT,Private - Values - Electronic card transactions  A/S/T by industry,Actual,Recreational goods,,,
1660,ECTM.S1AG1321,2009.06,97.5,,F,Dollars,6,Electronic Card Transactions (ANZSIC06) - ECT,Private - Values - Electronic card transactions  A/S/T by industry,Actual,Recreational goods,,,
1661,ECTM.S1AG1321,2009.07,114.0,,F,Dollars,6,Electronic Card Transactions (ANZSIC06) - ECT,Private - Values - Electronic card transactions  A/S/T by industry,Actual,Recreational goods,,,
1662,ECTM.S1AG1321,2009.08,104.1,,F,Dollars,6,Electronic Card Transactions (ANZSIC06) - ECT,Private - Values - Electronic card transactions  A/S/T by industry,Actual,Recreational goods,,,
1663,ECTM.S1AG1321,2009.09,107.0,,F,Dollars,6,Electronic Card Transactions (ANZSIC06) - ECT,Private - Values - Electronic card transactions  A/S/T by industry,Actual,Recreational goods,,,
1664,ECTM.S1AG1321,2009.1,111.7,,F,Dollars,6,Electronic Card Transactions (ANZSIC06) - ECT,Private - Values - Electronic card transactions  A/S/T by industry,Actual,Recreational goods,,,
1665,ECTM.S1AG1321,2009.11,124.5,,F,Dollars,6,Electronic Card Transactions (ANZSIC06) - ECT,Private - Values - Electronic card transactions  A/S/T by industry,Actual,Recreational goods,,,
1666,ECTM.S1AG1321,2009.12,193.6,,F,Dollars,6,Electronic Card Transactions (ANZSIC06) - ECT,Private - Values - Electronic card transactions  A/S/T by industry,Actual,Recreational goods,,,
1667,ECTM.S1AG1321,2010.01,115.6,,F,Dollars,6,Electronic Card Transactions (ANZSIC06) - ECT,Private - Values - Electronic card transactions  A/S/T by industry,Actual,Recreational goods,,,
1668,ECTM.S1AG1321,2010.02,109.2,,F,Dollars,6,Electronic Card Transactions (ANZSIC06) - ECT,Private - Values - Electronic card transactions  A/S/T by industry,Actual,Recreational goods,,,
1669,ECTM.S1AG1321,2010.03,122.5,,F,Dollars,6,Electronic Card Transactions (ANZSIC06) - ECT,Private - Values - Electronic card transactions  A/S/T by industry,Actual,Recreational goods,,,
1670,ECTM.S1AG1321,2010.04,107.6,,F,Dollars,6,Electronic Card Transactions (ANZSIC06) - ECT,Private - Values - Electronic card transactions  A/S/T by industry,Actual,Recreational goods,,,
1671,ECTM.S1AG1321,2010.05,100.5,,F,Dollars,6,Electronic Card Transactions (ANZSIC06) - ECT,Private - Values - Electronic card transactions  A/S/T by industry,Actual,Recreational goods,,,
1672,ECTM.S1AG1321,2010.06,98.8,,F,Dollars,6,Electronic Card Transactions (ANZSIC06) - ECT,Private - Values - Electronic card transactions  A/S/T by industry,Actual,Recreational goods,,,
1673,ECTM.S1AG1321,2010.07,114.3,,F,Dollars,6,Electronic Card Transactions (ANZSIC06) - ECT,Private - Values - Electronic card transactions  A/S/T by industry,Actual,Recreational goods,,,
1674,ECTM.S1AG1321,2010.08,98.3,,F,Dollars,6,Electronic Card Transactions (ANZSIC06) - ECT,Private - Values - Electronic card transactions  A/S/T by industry,Actual,Recreational goods,,,
1675,ECTM.S1AG1321,2010.09,102.9,,F,Dollars,6,Electronic Card Transactions (ANZSIC06) - ECT,Private - Values - Electronic card transactions  A/S/T by industry,Actual,Recreational goods,,,
1676,ECTM.S1AG1321,2010.1,107.3,,F,Dollars,6,Electronic Card Transactions (ANZSIC06) - ECT,Private - Values - Electronic card transactions  A/S/T by industry,Actual,Recreational goods,,,
1677,ECTM.S1AG1321,2010.11,124.6,,F,Dollars,6,Electronic Card Transactions (ANZSIC06) - ECT,Private - Values - Electronic card transactions  A/S/T by industry,Actual,Recreational goods,,,
1678,ECTM.S1AG1321,2010.12,196.0,,F,Dollars,6,Electronic Card Transactions (ANZSIC06) - ECT,Private - Values - Electronic card transactions  A/S/T by industry,Actual,Recreational goods,,,
1679,ECTM.S1AG1321,2011.01,113.6,,F,Dollars,6,Electronic Card Transactions (ANZSIC06) - ECT,Private - Values - Electronic card transactions  A/S/T by industry,Actual,Recreational goods,,,
1680,ECTM.S1AG1321,2011.02,105.2,,F,Dollars,6,Electronic Card Transactions (ANZSIC06) - ECT,Private - Values - Electronic card transactions  A/S/T by industry,Actual,Recreational goods,,,
1681,ECTM.S1AG1321,2011.03,118.8,,F,Dollars,6,Electronic Card Transactions (ANZSIC06) - ECT,Private - Values - Electronic card transactions  A/S/T by industry,Actual,Recreational goods,,,
1682,ECTM.S1AG1321,2011.04,106.8,,F,Dollars,6,Electronic Card Transactions (ANZSIC06) - ECT,Private - Values - Electronic card transactions  A/S/T by industry,Actual,Recreational goods,,,
1683,ECTM.S1AG1321,2011.05,103.0,,F,Dollars,6,Electronic Card Transactions (ANZSIC06) - ECT,Private - Values - Electronic card transactions  A/S/T by industry,Actual,Recreational goods,,,
1684,ECTM.S1AG1321,2011.06,94.0,,F,Dollars,6,Electronic Card Transactions (ANZSIC06) - ECT,Private - Values - Electronic card transactions  A/S/T by industry,Actual,Recreational goods,,,
1685,ECTM.S1AG1321,2011.07,108.8,,F,Dollars,6,Electronic Card Transactions (ANZSIC06) - ECT,Private - Values - Electronic card transactions  A/S/T by industry,Actual,Recreational goods,,,
1686,ECTM.S1AG1321,2011.08,97.3,,F,Dollars,6,Electronic Card Transactions (ANZSIC06) - ECT,Private - Values - Electronic card transactions  A/S/T by industry,Actual,Recreational goods,,,
1687,ECTM.S1AG1321,2011.09,102.2,,F,Dollars,6,Electronic Card Transactions (ANZSIC06) - ECT,Private - Values - Electronic card transactions  A/S/T by industry,Actual,Recreational goods,,,
1688,ECTM.S1AG1321,2011.1,107.5,,F,Dollars,6,Electronic Card Transactions (ANZSIC06) - ECT,Private - Values - Electronic card transactions  A/S/T by industry,Actual,Recreational goods,,,
1689,ECTM.S1AG1321,2011.11,122.6,,F,Dollars,6,Electronic Card Transactions (ANZSIC06) - ECT,Private - Values - Electronic card transactions  A/S/T by industry,Actual,Recreational goods,,,
1690,ECTM.S1AG1321,2011.12,198.6,,F,Dollars,6,Electronic Card Transactions (ANZSIC06) - ECT,Private - Values - Electronic card transactions  A/S/T by industry,Actual,Recreational goods,,,
1691,ECTM.S1AG1321,2012.01,116.0,,F,Dollars,6,Electronic Card Transactions (ANZSIC06) - ECT,Private - Values - Electronic card transactions  A/S/T by industry,Actual,Recreational goods,,,
1692,ECTM.S1AG1321,2012.02,113.7,,F,Dollars,6,Electronic Card Transactions (ANZSIC06) - ECT,Private - Values - Electronic card transactions  A/S/T by industry,Actual,Recreational goods,,,
1693,ECTM.S1AG1321,2012.03,118.3,,F,Dollars,6,Electronic Card Transactions (ANZSIC06) - ECT,Private - Values - Electronic card transactions  A/S/T by industry,Actual,Recreational goods,,,
1694,ECTM.S1AG1321,2012.04,103.3,,F,Dollars,6,Electronic Card Transactions (ANZSIC06) - ECT,Private - Values - Electronic card transactions  A/S/T by industry,Actual,Recreational goods,,,
1695,ECTM.S1AG1321,2012.05,107.4,,F,Dollars,6,Electronic Card Transactions (ANZSIC06) - ECT,Private - Values - Electronic card transactions  A/S/T by industry,Actual,Recreational goods,,,
1696,ECTM.S1AG1321,2012.06,101.8,,F,Dollars,6,Electronic Card Transactions (ANZSIC06) - ECT,Private - Values - Electronic card transactions  A/S/T by industry,Actual,Recreational goods,,,
1697,ECTM.S1AG1321,2012.07,106.8,,F,Dollars,6,Electronic Card Transactions (ANZSIC06) - ECT,Private - Values - Electronic card transactions  A/S/T by industry,Actual,Recreational goods,,,
1698,ECTM.S1AG1321,2012.08,101.1,,F,Dollars,6,Electronic Card Transactions (ANZSIC06) - ECT,Private - Values - Electronic card transactions  A/S/T by industry,Actual,Recreational goods,,,
1699,ECTM.S1AG1321,2012.09,99.9,,F,Dollars,6,Electronic Card Transactions (ANZSIC06) - ECT,Private - Values - Electronic card transactions  A/S/T by industry,Actual,Recreational goods,,,
1700,ECTM.S1AG1321,2012.1,108.6,,F,Dollars,6,Electronic Card Transactions (ANZSIC06) - ECT,Private - Values - Electronic card transactions  A/S/T by industry,Actual,Recreational goods,,,
1701,ECTM.S1AG1321,2012.11,123.0,,F,Dollars,6,Electronic Card Transactions (ANZSIC06) - ECT,Private - Values - Electronic card transactions  A/S/T by industry,Actual,Recreational goods,,,
1702,ECTM.S1AG1321,2012.12,195.0,,F,Dollars,6,Electronic Card Transactions (ANZSIC06) - ECT,Private - Values - Electronic card transactions  A/S/T by industry,Actual,Recreational goods,,,
1703,ECTM.S1AG1321,2013.01,116.1,,F,Dollars,6,Electronic Card Transactions (ANZSIC06) - ECT,Private - Values - Electronic card transactions  A/S/T by industry,Actual,Recreational goods,,,
1704,ECTM.S1AG1321,2013.02,108.5,,F,Dollars,6,Electronic Card Transactions (ANZSIC06) - ECT,Private - Values - Electronic card transactions  A/S/T by industry,Actual,Recreational goods,,,
1705,ECTM.S1AG1321,2013.03,116.1,,F,Dollars,6,Electronic Card Transactions (ANZSIC06) - ECT,Private - Values - Electronic card transactions  A/S/T by industry,Actual,Recreational goods,,,
1706,ECTM.S1AG1321,2013.04,103.0,,F,Dollars,6,Electronic Card Transactions (ANZSIC06) - ECT,Private - Values - Electronic card transactions  A/S/T by industry,Actual,Recreational goods,,,
1707,ECTM.S1AG1321,2013.05,106.2,,F,Dollars,6,Electronic Card Transactions (ANZSIC06) - ECT,Private - Values - Electronic card transactions  A/S/T by industry,Actual,Recreational goods,,,
1708,ECTM.S1AG1321,2013.06,96.4,,F,Dollars,6,Electronic Card Transactions (ANZSIC06) - ECT,Private - Values - Electronic card transactions  A/S/T by industry,Actual,Recreational goods,,,
1709,ECTM.S1AG1321,2013.07,110.3,,F,Dollars,6,Electronic Card Transactions (ANZSIC06) - ECT,Private - Values - Electronic card transactions  A/S/T by industry,Actual,Recreational goods,,,
1710,ECTM.S1AG1321,2013.08,102.5,,F,Dollars,6,Electronic Card Transactions (ANZSIC06) - ECT,Private - Values - Electronic card transactions  A/S/T by industry,Actual,Recreational goods,,,
1711,ECTM.S1AG1321,2013.09,96.7,,F,Dollars,6,Electronic Card Transactions (ANZSIC06) - ECT,Private - Values - Electronic card transactions  A/S/T by industry,Actual,Recreational goods,,,
1712,ECTM.S1AG1321,2013.1,111.4,,F,Dollars,6,Electronic Card Transactions (ANZSIC06) - ECT,Private - Values - Electronic card transactions  A/S/T by industry,Actual,Recreational goods,,,
1713,ECTM.S1AG1321,2013.11,127.9,,F,Dollars,6,Electronic Card Transactions (ANZSIC06) - ECT,Private - Values - Electronic card transactions  A/S/T by industry,Actual,Recreational goods,,,
1714,ECTM.S1AG1321,2013.12,199.2,,F,Dollars,6,Electronic Card Transactions (ANZSIC06) - ECT,Private - Values - Electronic card transactions  A/S/T by industry,Actual,Recreational goods,,,
1715,ECTM.S1AG1321,2014.01,118.2,,F,Dollars,6,Electronic Card Transactions (ANZSIC06) - ECT,Private - Values - Electronic card transactions  A/S/T by industry,Actual,Recreational goods,,,
1716,ECTM.S1AG1321,2014.02,108.2,,F,Dollars,6,Electronic Card Transactions (ANZSIC06) - ECT,Private - Values - Electronic card transactions  A/S/T by industry,Actual,Recreational goods,,,
1717,ECTM.S1AG1321,2014.03,116.4,,F,Dollars,6,Electronic Card Transactions (ANZSIC06) - ECT,Private - Values - Electronic card transactions  A/S/T by industry,Actual,Recreational goods,,,
1718,ECTM.S1AG1321,2014.04,106.2,,F,Dollars,6,Electronic Card Transactions (ANZSIC06) - ECT,Private - Values - Electronic card transactions  A/S/T by industry,Actual,Recreational goods,,,
1719,ECTM.S1AG1321,2014.05,110.9,,F,Dollars,6,Electronic Card Transactions (ANZSIC06) - ECT,Private - Values - Electronic card transactions  A/S/T by industry,Actual,Recreational goods,,,
1720,ECTM.S1AG1321,2014.06,94.4,,F,Dollars,6,Electronic Card Transactions (ANZSIC06) - ECT,Private - Values - Electronic card transactions  A/S/T by industry,Actual,Recreational goods,,,
1721,ECTM.S1AG1321,2014.07,108.8,,F,Dollars,6,Electronic Card Transactions (ANZSIC06) - ECT,Private - Values - Electronic card transactions  A/S/T by industry,Actual,Recreational goods,,,
1722,ECTM.S1AG1321,2014.08,103.6,,F,Dollars,6,Electronic Card Transactions (ANZSIC06) - ECT,Private - Values - Electronic card transactions  A/S/T by industry,Actual,Recreational goods,,,
1723,ECTM.S1AG1321,2014.09,102.7,,F,Dollars,6,Electronic Card Transactions (ANZSIC06) - ECT,Private - Values - Electronic card transactions  A/S/T by industry,Actual,Recreational goods,,,
1724,ECTM.S1AG1321,2014.1,114.2,,F,Dollars,6,Electronic Card Transactions (ANZSIC06) - ECT,Private - Values - Electronic card transactions  A/S/T by industry,Actual,Recreational goods,,,
1725,ECTM.S1AG1321,2014.11,126.1,,F,Dollars,6,Electronic Card Transactions (ANZSIC06) - ECT,Private - Values - Electronic card transactions  A/S/T by industry,Actual,Recreational goods,,,
1726,ECTM.S1AG1321,2014.12,207.2,,F,Dollars,6,Electronic Card Transactions (ANZSIC06) - ECT,Private - Values - Electronic card transactions  A/S/T by industry,Actual,Recreational goods,,,
1727,ECTM.S1AG1321,2015.01,124.4,,F,Dollars,6,Electronic Card Transactions (ANZSIC06) - ECT,Private - Values - Electronic card transactions  A/S/T by industry,Actual,Recreational goods,,,
1728,ECTM.S1AG1321,2015.02,112.6,,F,Dollars,6,Electronic Card Transactions (ANZSIC06) - ECT,Private - Values - Electronic card transactions  A/S/T by industry,Actual,Recreational goods,,,
1729,ECTM.S1AG1321,2015.03,123.6,,F,Dollars,6,Electronic Card Transactions (ANZSIC06) - ECT,Private - Values - Electronic card transactions  A/S/T by industry,Actual,Recreational goods,,,
1730,ECTM.S1AG1321,2015.04,114.8,,F,Dollars,6,Electronic Card Transactions (ANZSIC06) - ECT,Private - Values - Electronic card transactions  A/S/T by industry,Actual,Recreational goods,,,
1731,ECTM.S1AG1321,2015.05,103.7,,F,Dollars,6,Electronic Card Transactions (ANZSIC06) - ECT,Private - Values - Electronic card transactions  A/S/T by industry,Actual,Recreational goods,,,
1732,ECTM.S1AG1321,2015.06,94.7,,F,Dollars,6,Electronic Card Transactions (ANZSIC06) - ECT,Private - Values - Electronic card transactions  A/S/T by industry,Actual,Recreational goods,,,
1733,ECTM.S1AG1321,2015.07,107.0,,F,Dollars,6,Electronic Card Transactions (ANZSIC06) - ECT,Private - Values - Electronic card transactions  A/S/T by industry,Actual,Recreational goods,,,
1734,ECTM.S1AG1321,2015.08,98.2,,F,Dollars,6,Electronic Card Transactions (ANZSIC06) - ECT,Private - Values - Electronic card transactions  A/S/T by industry,Actual,Recreational goods,,,
1735,ECTM.S1AG1321,2015.09,102.5,,F,Dollars,6,Electronic Card Transactions (ANZSIC06) - ECT,Private - Values - Electronic card transactions  A/S/T by industry,Actual,Recreational goods,,,
1736,ECTM.S1AG1321,2015.1,114.1,,F,Dollars,6,Electronic Card Transactions (ANZSIC06) - ECT,Private - Values - Electronic card transactions  A/S/T by industry,Actual,Recreational goods,,,
1737,ECTM.S1AG1321,2015.11,123.9,,F,Dollars,6,Electronic Card Transactions (ANZSIC06) - ECT,Private - Values - Electronic card transactions  A/S/T by industry,Actual,Recreational goods,,,
1738,ECTM.S1AG1321,2015.12,208.7,,F,Dollars,6,Electronic Card Transactions (ANZSIC06) - ECT,Private - Values - Electronic card transactions  A/S/T by industry,Actual,Recreational goods,,,
1739,ECTM.S1AG1321,2016.01,122.1,,F,Dollars,6,Electronic Card Transactions (ANZSIC06) - ECT,Private - Values - Electronic card transactions  A/S/T by industry,Actual,Recreational goods,,,
1740,ECTM.S1AG1321,2016.02,114.7,,F,Dollars,6,Electronic Card Transactions (ANZSIC06) - ECT,Private - Values - Electronic card transactions  A/S/T by industry,Actual,Recreational goods,,,
1741,ECTM.S1AG1321,2016.03,119.4,,F,Dollars,6,Electronic Card Transactions (ANZSIC06) - ECT,Private - Values - Electronic card transactions  A/S/T by industry,Actual,Recreational goods,,,
1742,ECTM.S1AG1321,2016.04,113.2,,F,Dollars,6,Electronic Card Transactions (ANZSIC06) - ECT,Private - Values - Electronic card transactions  A/S/T by industry,Actual,Recreational goods,,,
1743,ECTM.S1AG1321,2016.05,109.6,,F,Dollars,6,Electronic Card Transactions (ANZSIC06) - ECT,Private - Values - Electronic card transactions  A/S/T by industry,Actual,Recreational goods,,,
1744,ECTM.S1AG1321,2016.06,99.4,,F,Dollars,6,Electronic Card Transactions (ANZSIC06) - ECT,Private - Values - Electronic card transactions  A/S/T by industry,Actual,Recreational goods,,,
1745,ECTM.S1AG1321,2016.07,109.6,,F,Dollars,6,Electronic Card Transactions (ANZSIC06) - ECT,Private - Values - Electronic card transactions  A/S/T by industry,Actual,Recreational goods,,,
1746,ECTM.S1AG1321,2016.08,101.7,,F,Dollars,6,Electronic Card Transactions (ANZSIC06) - ECT,Private - Values - Electronic card transactions  A/S/T by industry,Actual,Recreational goods,,,
1747,ECTM.S1AG1321,2016.09,108.2,,F,Dollars,6,Electronic Card Transactions (ANZSIC06) - ECT,Private - Values - Electronic card transactions  A/S/T by industry,Actual,Recreational goods,,,
1748,ECTM.S1AG1321,2016.1,118.0,,F,Dollars,6,Electronic Card Transactions (ANZSIC06) - ECT,Private - Values - Electronic card transactions  A/S/T by industry,Actual,Recreational goods,,,
1749,ECTM.S1AG1321,2016.11,130.5,,F,Dollars,6,Electronic Card Transactions (ANZSIC06) - ECT,Private - Values - Electronic card transactions  A/S/T by industry,Actual,Recreational goods,,,
1750,ECTM.S1AG1321,2016.12,225.1,,F,Dollars,6,Electronic Card Transactions (ANZSIC06) - ECT,Private - Values - Electronic card transactions  A/S/T by industry,Actual,Recreational goods,,,
1751,ECTM.S1AG1321,2017.01,132.8,,F,Dollars,6,Electronic Card Transactions (ANZSIC06) - ECT,Private - Values - Electronic card transactions  A/S/T by industry,Actual,Recreational goods,,,
1752,ECTM.S1AG1321,2017.02,115.7,,F,Dollars,6,Electronic Card Transactions (ANZSIC06) - ECT,Private - Values - Electronic card transactions  A/S/T by industry,Actual,Recreational goods,,,
1753,ECTM.S1AG1321,2017.03,126.3,,F,Dollars,6,Electronic Card Transactions (ANZSIC06) - ECT,Private - Values - Electronic card transactions  A/S/T by industry,Actual,Recreational goods,,,
1754,ECTM.S1AG1321,2017.04,114.7,,F,Dollars,6,Electronic Card Transactions (ANZSIC06) - ECT,Private - Values - Electronic card transactions  A/S/T by industry,Actual,Recreational goods,,,
1755,ECTM.S1AG1321,2017.05,113.6,,F,Dollars,6,Electronic Card Transactions (ANZSIC06) - ECT,Private - Values - Electronic card transactions  A/S/T by industry,Actual,Recreational goods,,,
1756,ECTM.S1AG1321,2017.06,103.0,,F,Dollars,6,Electronic Card Transactions (ANZSIC06) - ECT,Private - Values - Electronic card transactions  A/S/T by industry,Actual,Recreational goods,,,
1757,ECTM.S1AG1321,2017.07,114.2,,F,Dollars,6,Electronic Card Transactions (ANZSIC06) - ECT,Private - Values - Electronic card transactions  A/S/T by industry,Actual,Recreational goods,,,
1758,ECTM.S1AG1321,2017.08,106.5,,F,Dollars,6,Electronic Card Transactions (ANZSIC06) - ECT,Private - Values - Electronic card transactions  A/S/T by industry,Actual,Recreational goods,,,
1759,ECTM.S1AG1321,2017.09,109.4,,F,Dollars,6,Electronic Card Transactions (ANZSIC06) - ECT,Private - Values - Electronic card transactions  A/S/T by industry,Actual,Recreational goods,,,
1760,ECTM.S1AG1321,2017.1,120.7,,F,Dollars,6,Electronic Card Transactions (ANZSIC06) - ECT,Private - Values - Electronic card transactions  A/S/T by industry,Actual,Recreational goods,,,
1761,ECTM.S1AG1321,2017.11,137.3,,F,Dollars,6,Electronic Card Transactions (ANZSIC06) - ECT,Private - Values - Electronic card transactions  A/S/T by industry,Actual,Recreational goods,,,
1762,ECTM.S1AG1321,2017.12,231.4,,F,Dollars,6,Electronic Card Transactions (ANZSIC06) - ECT,Private - Values - Electronic card transactions  A/S/T by industry,Actual,Recreational goods,,,
1763,ECTM.S1AG1321,2018.01,132.0,,F,Dollars,6,Electronic Card Transactions (ANZSIC06) - ECT,Private - Values - Electronic card transactions  A/S/T by industry,Actual,Recreational goods,,,
1764,ECTM.S1AG1321,2018.02,115.5,,F,Dollars,6,Electronic Card Transactions (ANZSIC06) - ECT,Private - Values - Electronic card transactions  A/S/T by industry,Actual,Recreational goods,,,
1765,ECTM.S1AG1321,2018.03,125.6,,F,Dollars,6,Electronic Card Transactions (ANZSIC06) - ECT,Private - Values - Electronic card transactions  A/S/T by industry,Actual,Recreational goods,,,
1766,ECTM.S1AG1321,2018.04,116.3,,F,Dollars,6,Electronic Card Transactions (ANZSIC06) - ECT,Private - Values - Electronic card transactions  A/S/T by industry,Actual,Recreational goods,,,
1767,ECTM.S1AG1321,2018.05,115.5,,F,Dollars,6,Electronic Card Transactions (ANZSIC06) - ECT,Private - Values - Electronic card transactions  A/S/T by industry,Actual,Recreational goods,,,
1768,ECTM.S1AG1321,2018.06,107.2,,F,Dollars,6,Electronic Card Transactions (ANZSIC06) - ECT,Private - Values - Electronic card transactions  A/S/T by industry,Actual,Recreational goods,,,
1769,ECTM.S1AG1321,2018.07,113.8,,F,Dollars,6,Electronic Card Transactions (ANZSIC06) - ECT,Private - Values - Electronic card transactions  A/S/T by industry,Actual,Recreational goods,,,
1770,ECTM.S1AG1321,2018.08,110.2,,F,Dollars,6,Electronic Card Transactions (ANZSIC06) - ECT,Private - Values - Electronic card transactions  A/S/T by industry,Actual,Recreational goods,,,
1771,ECTM.S1AG1321,2018.09,111.8,,F,Dollars,6,Electronic Card Transactions (ANZSIC06) - ECT,Private - Values - Electronic card transactions  A/S/T by industry,Actual,Recreational goods,,,
1772,ECTM.S1AG1321,2018.1,128.8,,F,Dollars,6,Electronic Card Transactions (ANZSIC06) - ECT,Private - Values - Electronic card transactions  A/S/T by industry,Actual,Recreational goods,,,
1773,ECTM.S1AG1321,2018.11,145.1,,F,Dollars,6,Electronic Card Transactions (ANZSIC06) - ECT,Private - Values - Electronic card transactions  A/S/T by industry,Actual,Recreational goods,,,
1774,ECTM.S1AG1321,2018.12,230.5,,F,Dollars,6,Electronic Card Transactions (ANZSIC06) - ECT,Private - Values - Electronic card transactions  A/S/T by industry,Actual,Recreational goods,,,
1775,ECTM.S1AG1321,2019.01,138.9,,F,Dollars,6,Electronic Card Transactions (ANZSIC06) - ECT,Private - Values - Electronic card transactions  A/S/T by industry,Actual,Recreational goods,,,
1776,ECTM.S1AG1321,2019.02,120.2,,F,Dollars,6,Electronic Card Transactions (ANZSIC06) - ECT,Private - Values - Electronic card transactions  A/S/T by industry,Actual,Recreational goods,,,
1777,ECTM.S1AG1321,2019.03,130.0,,F,Dollars,6,Electronic Card Transactions (ANZSIC06) - ECT,Private - Values - Electronic card transactions  A/S/T by industry,Actual,Recreational goods,,,
1778,ECTM.S1AG1321,2019.04,125.7,,F,Dollars,6,Electronic Card Transactions (ANZSIC06) - ECT,Private - Values - Electronic card transactions  A/S/T by industry,Actual,Recreational goods,,,
1779,ECTM.S1AG1321,2019.05,122.8,,F,Dollars,6,Electronic Card Transactions (ANZSIC06) - ECT,Private - Values - Electronic card transactions  A/S/T by industry,Actual,Recreational goods,,,
1780,ECTM.S1AG1321,2019.06,111.1,,F,Dollars,6,Electronic Card Transactions (ANZSIC06) - ECT,Private - Values - Electronic card transactions  A/S/T by industry,Actual,Recreational goods,,,
1781,ECTM.S1AG1321,2019.07,118.9,,F,Dollars,6,Electronic Card Transactions (ANZSIC06) - ECT,Private - Values - Electronic card transactions  A/S/T by industry,Actual,Recreational goods,,,
1782,ECTM.S1AG1321,2019.08,119.5,,F,Dollars,6,Electronic Card Transactions (ANZSIC06) - ECT,Private - Values - Electronic card transactions  A/S/T by industry,Actual,Recreational goods,,,
1783,ECTM.S1AG1321,2019.09,115.5,,F,Dollars,6,Electronic Card Transactions (ANZSIC06) - ECT,Private - Values - Electronic card transactions  A/S/T by industry,Actual,Recreational goods,,,
1784,ECTM.S1AG1321,2019.1,133.1,,F,Dollars,6,Electronic Card Transactions (ANZSIC06) - ECT,Private - Values - Electronic card transactions  A/S/T by industry,Actual,Recreational goods,,,
1785,ECTM.S1AG1321,2019.11,164.4,,F,Dollars,6,Electronic Card Transactions (ANZSIC06) - ECT,Private - Values - Electronic card transactions  A/S/T by industry,Actual,Recreational goods,,,
1786,ECTM.S1AG1321,2019.12,259.0,,F,Dollars,6,Electronic Card Transactions (ANZSIC06) - ECT,Private - Values - Electronic card transactions  A/S/T by industry,Actual,Recreational goods,,,
1787,ECTM.S1AG1321,2020.01,157.9,,F,Dollars,6,Electronic Card Transactions (ANZSIC06) - ECT,Private - Values - Electronic card transactions  A/S/T by industry,Actual,Recreational goods,,,
1788,ECTM.S1AG1321,2020.02,143.8,,F,Dollars,6,Electronic Card Transactions (ANZSIC06) - ECT,Private - Values - Electronic card transactions  A/S/T by industry,Actual,Recreational goods,,,
1789,ECTM.S1AG1321,2020.03,131.8,,F,Dollars,6,Electronic Card Transactions (ANZSIC06) - ECT,Private - Values - Electronic card transactions  A/S/T by industry,Actual,Recreational goods,,,
1790,ECTM.S1AG1321,2020.04,24.9,,F,Dollars,6,Electronic Card Transactions (ANZSIC06) - ECT,Private - Values - Electronic card transactions  A/S/T by industry,Actual,Recreational goods,,,
1791,ECTM.S1AG1321,2020.05,144.1,,F,Dollars,6,Electronic Card Transactions (ANZSIC06) - ECT,Private - Values - Electronic card transactions  A/S/T by industry,Actual,Recreational goods,,,
1792,ECTM.S1AG1321,2020.06,152.6,,F,Dollars,6,Electronic Card Transactions (ANZSIC06) - ECT,Private - Values - Electronic card transactions  A/S/T by industry,Actual,Recreational goods,,,
1793,ECTM.S1AG1321,2020.07,152.9,,F,Dollars,6,Electronic Card Transactions (ANZSIC06) - ECT,Private - Values - Electronic card transactions  A/S/T by industry,Actual,Recreational goods,,,
1794,ECTM.S1SG1321,2007.03,116.5,,R,Dollars,6,Electronic Card Transactions (ANZSIC06) - ECT,Private - Values - Electronic card transactions  A/S/T by industry,Seasonally adjusted,Recreational goods,,,
1795,ECTM.S1SG1321,2007.04,117.5,,R,Dollars,6,Electronic Card Transactions (ANZSIC06) - ECT,Private - Values - Electronic card transactions  A/S/T by industry,Seasonally adjusted,Recreational goods,,,
1796,ECTM.S1SG1321,2007.05,119.4,,R,Dollars,6,Electronic Card Transactions (ANZSIC06) - ECT,Private - Values - Electronic card transactions  A/S/T by industry,Seasonally adjusted,Recreational goods,,,
1797,ECTM.S1SG1321,2007.06,121.7,,R,Dollars,6,Electronic Card Transactions (ANZSIC06) - ECT,Private - Values - Electronic card transactions  A/S/T by industry,Seasonally adjusted,Recreational goods,,,
1798,ECTM.S1SG1321,2007.07,116.5,,R,Dollars,6,Electronic Card Transactions (ANZSIC06) - ECT,Private - Values - Electronic card transactions  A/S/T by industry,Seasonally adjusted,Recreational goods,,,
1799,ECTM.S1SG1321,2007.08,120.8,,R,Dollars,6,Electronic Card Transactions (ANZSIC06) - ECT,Private - Values - Electronic card transactions  A/S/T by industry,Seasonally adjusted,Recreational goods,,,
1800,ECTM.S1SG1321,2007.09,118.8,,R,Dollars,6,Electronic Card Transactions (ANZSIC06) - ECT,Private - Values - Electronic card transactions  A/S/T by industry,Seasonally adjusted,Recreational goods,,,
1801,ECTM.S1SG1321,2007.1,121.5,,R,Dollars,6,Electronic Card Transactions (ANZSIC06) - ECT,Private - Values - Electronic card transactions  A/S/T by industry,Seasonally adjusted,Recreational goods,,,
1802,ECTM.S1SG1321,2007.11,117.8,,R,Dollars,6,Electronic Card Transactions (ANZSIC06) - ECT,Private - Values - Electronic card transactions  A/S/T by industry,Seasonally adjusted,Recreational goods,,,
1803,ECTM.S1SG1321,2007.12,122.4,,R,Dollars,6,Electronic Card Transactions (ANZSIC06) - ECT,Private - Values - Electronic card transactions  A/S/T by industry,Seasonally adjusted,Recreational goods,,,
1804,ECTM.S1SG1321,2008.01,119.8,,R,Dollars,6,Electronic Card Transactions (ANZSIC06) - ECT,Private - Values - Electronic card transactions  A/S/T by industry,Seasonally adjusted,Recreational goods,,,
1805,ECTM.S1SG1321,2008.02,120.4,,R,Dollars,6,Electronic Card Transactions (ANZSIC06) - ECT,Private - Values - Electronic card transactions  A/S/T by industry,Seasonally adjusted,Recreational goods,,,
1806,ECTM.S1SG1321,2008.03,116.5,,R,Dollars,6,Electronic Card Transactions (ANZSIC06) - ECT,Private - Values - Electronic card transactions  A/S/T by industry,Seasonally adjusted,Recreational goods,,,
1807,ECTM.S1SG1321,2008.04,120.0,,R,Dollars,6,Electronic Card Transactions (ANZSIC06) - ECT,Private - Values - Electronic card transactions  A/S/T by industry,Seasonally adjusted,Recreational goods,,,
1808,ECTM.S1SG1321,2008.05,118.5,,R,Dollars,6,Electronic Card Transactions (ANZSIC06) - ECT,Private - Values - Electronic card transactions  A/S/T by industry,Seasonally adjusted,Recreational goods,,,
1809,ECTM.S1SG1321,2008.06,117.1,,R,Dollars,6,Electronic Card Transactions (ANZSIC06) - ECT,Private - Values - Electronic card transactions  A/S/T by industry,Seasonally adjusted,Recreational goods,,,
1810,ECTM.S1SG1321,2008.07,115.4,,R,Dollars,6,Electronic Card Transactions (ANZSIC06) - ECT,Private - Values - Electronic card transactions  A/S/T by industry,Seasonally adjusted,Recreational goods,,,
1811,ECTM.S1SG1321,2008.08,116.9,,R,Dollars,6,Electronic Card Transactions (ANZSIC06) - ECT,Private - Values - Electronic card transactions  A/S/T by industry,Seasonally adjusted,Recreational goods,,,
1812,ECTM.S1SG1321,2008.09,119.4,,R,Dollars,6,Electronic Card Transactions (ANZSIC06) - ECT,Private - Values - Electronic card transactions  A/S/T by industry,Seasonally adjusted,Recreational goods,,,
1813,ECTM.S1SG1321,2008.1,121.1,,R,Dollars,6,Electronic Card Transactions (ANZSIC06) - ECT,Private - Values - Electronic card transactions  A/S/T by industry,Seasonally adjusted,Recreational goods,,,
1814,ECTM.S1SG1321,2008.11,119.5,,R,Dollars,6,Electronic Card Transactions (ANZSIC06) - ECT,Private - Values - Electronic card transactions  A/S/T by industry,Seasonally adjusted,Recreational goods,,,
1815,ECTM.S1SG1321,2008.12,118.5,,R,Dollars,6,Electronic Card Transactions (ANZSIC06) - ECT,Private - Values - Electronic card transactions  A/S/T by industry,Seasonally adjusted,Recreational goods,,,
1816,ECTM.S1SG1321,2009.01,120.6,,R,Dollars,6,Electronic Card Transactions (ANZSIC06) - ECT,Private - Values - Electronic card transactions  A/S/T by industry,Seasonally adjusted,Recreational goods,,,
1817,ECTM.S1SG1321,2009.02,120.0,,R,Dollars,6,Electronic Card Transactions (ANZSIC06) - ECT,Private - Values - Electronic card transactions  A/S/T by industry,Seasonally adjusted,Recreational goods,,,
1818,ECTM.S1SG1321,2009.03,122.1,,R,Dollars,6,Electronic Card Transactions (ANZSIC06) - ECT,Private - Values - Electronic card transactions  A/S/T by industry,Seasonally adjusted,Recreational goods,,,
1819,ECTM.S1SG1321,2009.04,120.7,,R,Dollars,6,Electronic Card Transactions (ANZSIC06) - ECT,Private - Values - Electronic card transactions  A/S/T by industry,Seasonally adjusted,Recreational goods,,,
1820,ECTM.S1SG1321,2009.05,119.4,,R,Dollars,6,Electronic Card Transactions (ANZSIC06) - ECT,Private - Values - Electronic card transactions  A/S/T by industry,Seasonally adjusted,Recreational goods,,,
1821,ECTM.S1SG1321,2009.06,116.6,,R,Dollars,6,Electronic Card Transactions (ANZSIC06) - ECT,Private - Values - Electronic card transactions  A/S/T by industry,Seasonally adjusted,Recreational goods,,,
1822,ECTM.S1SG1321,2009.07,121.1,,R,Dollars,6,Electronic Card Transactions (ANZSIC06) - ECT,Private - Values - Electronic card transactions  A/S/T by industry,Seasonally adjusted,Recreational goods,,,
1823,ECTM.S1SG1321,2009.08,121.9,,R,Dollars,6,Electronic Card Transactions (ANZSIC06) - ECT,Private - Values - Electronic card transactions  A/S/T by industry,Seasonally adjusted,Recreational goods,,,
1824,ECTM.S1SG1321,2009.09,120.1,,R,Dollars,6,Electronic Card Transactions (ANZSIC06) - ECT,Private - Values - Electronic card transactions  A/S/T by industry,Seasonally adjusted,Recreational goods,,,
1825,ECTM.S1SG1321,2009.1,116.6,,R,Dollars,6,Electronic Card Transactions (ANZSIC06) - ECT,Private - Values - Electronic card transactions  A/S/T by industry,Seasonally adjusted,Recreational goods,,,
1826,ECTM.S1SG1321,2009.11,119.0,,R,Dollars,6,Electronic Card Transactions (ANZSIC06) - ECT,Private - Values - Electronic card transactions  A/S/T by industry,Seasonally adjusted,Recreational goods,,,
1827,ECTM.S1SG1321,2009.12,115.4,,R,Dollars,6,Electronic Card Transactions (ANZSIC06) - ECT,Private - Values - Electronic card transactions  A/S/T by industry,Seasonally adjusted,Recreational goods,,,
1828,ECTM.S1SG1321,2010.01,115.4,,R,Dollars,6,Electronic Card Transactions (ANZSIC06) - ECT,Private - Values - Electronic card transactions  A/S/T by industry,Seasonally adjusted,Recreational goods,,,
1829,ECTM.S1SG1321,2010.02,117.2,,R,Dollars,6,Electronic Card Transactions (ANZSIC06) - ECT,Private - Values - Electronic card transactions  A/S/T by industry,Seasonally adjusted,Recreational goods,,,
1830,ECTM.S1SG1321,2010.03,119.4,,R,Dollars,6,Electronic Card Transactions (ANZSIC06) - ECT,Private - Values - Electronic card transactions  A/S/T by industry,Seasonally adjusted,Recreational goods,,,
1831,ECTM.S1SG1321,2010.04,116.5,,R,Dollars,6,Electronic Card Transactions (ANZSIC06) - ECT,Private - Values - Electronic card transactions  A/S/T by industry,Seasonally adjusted,Recreational goods,,,
1832,ECTM.S1SG1321,2010.05,111.2,,R,Dollars,6,Electronic Card Transactions (ANZSIC06) - ECT,Private - Values - Electronic card transactions  A/S/T by industry,Seasonally adjusted,Recreational goods,,,
1833,ECTM.S1SG1321,2010.06,118.1,,R,Dollars,6,Electronic Card Transactions (ANZSIC06) - ECT,Private - Values - Electronic card transactions  A/S/T by industry,Seasonally adjusted,Recreational goods,,,
1834,ECTM.S1SG1321,2010.07,119.9,,R,Dollars,6,Electronic Card Transactions (ANZSIC06) - ECT,Private - Values - Electronic card transactions  A/S/T by industry,Seasonally adjusted,Recreational goods,,,
1835,ECTM.S1SG1321,2010.08,115.9,,R,Dollars,6,Electronic Card Transactions (ANZSIC06) - ECT,Private - Values - Electronic card transactions  A/S/T by industry,Seasonally adjusted,Recreational goods,,,
1836,ECTM.S1SG1321,2010.09,116.5,,R,Dollars,6,Electronic Card Transactions (ANZSIC06) - ECT,Private - Values - Electronic card transactions  A/S/T by industry,Seasonally adjusted,Recreational goods,,,
1837,ECTM.S1SG1321,2010.1,113.9,,R,Dollars,6,Electronic Card Transactions (ANZSIC06) - ECT,Private - Values - Electronic card transactions  A/S/T by industry,Seasonally adjusted,Recreational goods,,,
1838,ECTM.S1SG1321,2010.11,116.9,,R,Dollars,6,Electronic Card Transactions (ANZSIC06) - ECT,Private - Values - Electronic card transactions  A/S/T by industry,Seasonally adjusted,Recreational goods,,,
1839,ECTM.S1SG1321,2010.12,115.3,,R,Dollars,6,Electronic Card Transactions (ANZSIC06) - ECT,Private - Values - Electronic card transactions  A/S/T by industry,Seasonally adjusted,Recreational goods,,,
1840,ECTM.S1SG1321,2011.01,115.0,,R,Dollars,6,Electronic Card Transactions (ANZSIC06) - ECT,Private - Values - Electronic card transactions  A/S/T by industry,Seasonally adjusted,Recreational goods,,,
1841,ECTM.S1SG1321,2011.02,112.7,,R,Dollars,6,Electronic Card Transactions (ANZSIC06) - ECT,Private - Values - Electronic card transactions  A/S/T by industry,Seasonally adjusted,Recreational goods,,,
1842,ECTM.S1SG1321,2011.03,115.9,,R,Dollars,6,Electronic Card Transactions (ANZSIC06) - ECT,Private - Values - Electronic card transactions  A/S/T by industry,Seasonally adjusted,Recreational goods,,,
1843,ECTM.S1SG1321,2011.04,115.1,,R,Dollars,6,Electronic Card Transactions (ANZSIC06) - ECT,Private - Values - Electronic card transactions  A/S/T by industry,Seasonally adjusted,Recreational goods,,,
1844,ECTM.S1SG1321,2011.05,114.5,,R,Dollars,6,Electronic Card Transactions (ANZSIC06) - ECT,Private - Values - Electronic card transactions  A/S/T by industry,Seasonally adjusted,Recreational goods,,,
1845,ECTM.S1SG1321,2011.06,113.2,,R,Dollars,6,Electronic Card Transactions (ANZSIC06) - ECT,Private - Values - Electronic card transactions  A/S/T by industry,Seasonally adjusted,Recreational goods,,,
1846,ECTM.S1SG1321,2011.07,115.7,,R,Dollars,6,Electronic Card Transactions (ANZSIC06) - ECT,Private - Values - Electronic card transactions  A/S/T by industry,Seasonally adjusted,Recreational goods,,,
1847,ECTM.S1SG1321,2011.08,113.2,,R,Dollars,6,Electronic Card Transactions (ANZSIC06) - ECT,Private - Values - Electronic card transactions  A/S/T by industry,Seasonally adjusted,Recreational goods,,,
1848,ECTM.S1SG1321,2011.09,114.9,,R,Dollars,6,Electronic Card Transactions (ANZSIC06) - ECT,Private - Values - Electronic card transactions  A/S/T by industry,Seasonally adjusted,Recreational goods,,,
1849,ECTM.S1SG1321,2011.1,116.0,,R,Dollars,6,Electronic Card Transactions (ANZSIC06) - ECT,Private - Values - Electronic card transactions  A/S/T by industry,Seasonally adjusted,Recreational goods,,,
1850,ECTM.S1SG1321,2011.11,114.6,,R,Dollars,6,Electronic Card Transactions (ANZSIC06) - ECT,Private - Values - Electronic card transactions  A/S/T by industry,Seasonally adjusted,Recreational goods,,,
1851,ECTM.S1SG1321,2011.12,115.3,,R,Dollars,6,Electronic Card Transactions (ANZSIC06) - ECT,Private - Values - Electronic card transactions  A/S/T by industry,Seasonally adjusted,Recreational goods,,,
1852,ECTM.S1SG1321,2012.01,117.5,,R,Dollars,6,Electronic Card Transactions (ANZSIC06) - ECT,Private - Values - Electronic card transactions  A/S/T by industry,Seasonally adjusted,Recreational goods,,,
1853,ECTM.S1SG1321,2012.02,117.5,,R,Dollars,6,Electronic Card Transactions (ANZSIC06) - ECT,Private - Values - Electronic card transactions  A/S/T by industry,Seasonally adjusted,Recreational goods,,,
1854,ECTM.S1SG1321,2012.03,114.0,,R,Dollars,6,Electronic Card Transactions (ANZSIC06) - ECT,Private - Values - Electronic card transactions  A/S/T by industry,Seasonally adjusted,Recreational goods,,,
1855,ECTM.S1SG1321,2012.04,116.1,,R,Dollars,6,Electronic Card Transactions (ANZSIC06) - ECT,Private - Values - Electronic card transactions  A/S/T by industry,Seasonally adjusted,Recreational goods,,,
1856,ECTM.S1SG1321,2012.05,117.0,,R,Dollars,6,Electronic Card Transactions (ANZSIC06) - ECT,Private - Values - Electronic card transactions  A/S/T by industry,Seasonally adjusted,Recreational goods,,,
1857,ECTM.S1SG1321,2012.06,120.5,,R,Dollars,6,Electronic Card Transactions (ANZSIC06) - ECT,Private - Values - Electronic card transactions  A/S/T by industry,Seasonally adjusted,Recreational goods,,,
1858,ECTM.S1SG1321,2012.07,116.1,,R,Dollars,6,Electronic Card Transactions (ANZSIC06) - ECT,Private - Values - Electronic card transactions  A/S/T by industry,Seasonally adjusted,Recreational goods,,,
1859,ECTM.S1SG1321,2012.08,116.5,,R,Dollars,6,Electronic Card Transactions (ANZSIC06) - ECT,Private - Values - Electronic card transactions  A/S/T by industry,Seasonally adjusted,Recreational goods,,,
1860,ECTM.S1SG1321,2012.09,115.3,,R,Dollars,6,Electronic Card Transactions (ANZSIC06) - ECT,Private - Values - Electronic card transactions  A/S/T by industry,Seasonally adjusted,Recreational goods,,,
1861,ECTM.S1SG1321,2012.1,115.5,,R,Dollars,6,Electronic Card Transactions (ANZSIC06) - ECT,Private - Values - Electronic card transactions  A/S/T by industry,Seasonally adjusted,Recreational goods,,,
1862,ECTM.S1SG1321,2012.11,114.3,,R,Dollars,6,Electronic Card Transactions (ANZSIC06) - ECT,Private - Values - Electronic card transactions  A/S/T by industry,Seasonally adjusted,Recreational goods,,,
1863,ECTM.S1SG1321,2012.12,115.6,,R,Dollars,6,Electronic Card Transactions (ANZSIC06) - ECT,Private - Values - Electronic card transactions  A/S/T by industry,Seasonally adjusted,Recreational goods,,,
1864,ECTM.S1SG1321,2013.01,114.9,,R,Dollars,6,Electronic Card Transactions (ANZSIC06) - ECT,Private - Values - Electronic card transactions  A/S/T by industry,Seasonally adjusted,Recreational goods,,,
1865,ECTM.S1SG1321,2013.02,115.9,,R,Dollars,6,Electronic Card Transactions (ANZSIC06) - ECT,Private - Values - Electronic card transactions  A/S/T by industry,Seasonally adjusted,Recreational goods,,,
1866,ECTM.S1SG1321,2013.03,114.3,,R,Dollars,6,Electronic Card Transactions (ANZSIC06) - ECT,Private - Values - Electronic card transactions  A/S/T by industry,Seasonally adjusted,Recreational goods,,,
1867,ECTM.S1SG1321,2013.04,113.5,,R,Dollars,6,Electronic Card Transactions (ANZSIC06) - ECT,Private - Values - Electronic card transactions  A/S/T by industry,Seasonally adjusted,Recreational goods,,,
1868,ECTM.S1SG1321,2013.05,114.3,,R,Dollars,6,Electronic Card Transactions (ANZSIC06) - ECT,Private - Values - Electronic card transactions  A/S/T by industry,Seasonally adjusted,Recreational goods,,,
1869,ECTM.S1SG1321,2013.06,118.0,,R,Dollars,6,Electronic Card Transactions (ANZSIC06) - ECT,Private - Values - Electronic card transactions  A/S/T by industry,Seasonally adjusted,Recreational goods,,,
1870,ECTM.S1SG1321,2013.07,119.0,,R,Dollars,6,Electronic Card Transactions (ANZSIC06) - ECT,Private - Values - Electronic card transactions  A/S/T by industry,Seasonally adjusted,Recreational goods,,,
1871,ECTM.S1SG1321,2013.08,117.8,,R,Dollars,6,Electronic Card Transactions (ANZSIC06) - ECT,Private - Values - Electronic card transactions  A/S/T by industry,Seasonally adjusted,Recreational goods,,,
1872,ECTM.S1SG1321,2013.09,113.3,,R,Dollars,6,Electronic Card Transactions (ANZSIC06) - ECT,Private - Values - Electronic card transactions  A/S/T by industry,Seasonally adjusted,Recreational goods,,,
1873,ECTM.S1SG1321,2013.1,117.7,,R,Dollars,6,Electronic Card Transactions (ANZSIC06) - ECT,Private - Values - Electronic card transactions  A/S/T by industry,Seasonally adjusted,Recreational goods,,,
1874,ECTM.S1SG1321,2013.11,117.9,,R,Dollars,6,Electronic Card Transactions (ANZSIC06) - ECT,Private - Values - Electronic card transactions  A/S/T by industry,Seasonally adjusted,Recreational goods,,,
1875,ECTM.S1SG1321,2013.12,117.5,,R,Dollars,6,Electronic Card Transactions (ANZSIC06) - ECT,Private - Values - Electronic card transactions  A/S/T by industry,Seasonally adjusted,Recreational goods,,,
1876,ECTM.S1SG1321,2014.01,115.4,,R,Dollars,6,Electronic Card Transactions (ANZSIC06) - ECT,Private - Values - Electronic card transactions  A/S/T by industry,Seasonally adjusted,Recreational goods,,,
1877,ECTM.S1SG1321,2014.02,115.7,,R,Dollars,6,Electronic Card Transactions (ANZSIC06) - ECT,Private - Values - Electronic card transactions  A/S/T by industry,Seasonally adjusted,Recreational goods,,,
1878,ECTM.S1SG1321,2014.03,117.0,,R,Dollars,6,Electronic Card Transactions (ANZSIC06) - ECT,Private - Values - Electronic card transactions  A/S/T by industry,Seasonally adjusted,Recreational goods,,,
1879,ECTM.S1SG1321,2014.04,116.3,,R,Dollars,6,Electronic Card Transactions (ANZSIC06) - ECT,Private - Values - Electronic card transactions  A/S/T by industry,Seasonally adjusted,Recreational goods,,,
1880,ECTM.S1SG1321,2014.05,118.8,,R,Dollars,6,Electronic Card Transactions (ANZSIC06) - ECT,Private - Values - Electronic card transactions  A/S/T by industry,Seasonally adjusted,Recreational goods,,,
1881,ECTM.S1SG1321,2014.06,117.4,,R,Dollars,6,Electronic Card Transactions (ANZSIC06) - ECT,Private - Values - Electronic card transactions  A/S/T by industry,Seasonally adjusted,Recreational goods,,,
1882,ECTM.S1SG1321,2014.07,118.3,,R,Dollars,6,Electronic Card Transactions (ANZSIC06) - ECT,Private - Values - Electronic card transactions  A/S/T by industry,Seasonally adjusted,Recreational goods,,,
1883,ECTM.S1SG1321,2014.08,121.4,,R,Dollars,6,Electronic Card Transactions (ANZSIC06) - ECT,Private - Values - Electronic card transactions  A/S/T by industry,Seasonally adjusted,Recreational goods,,,
1884,ECTM.S1SG1321,2014.09,118.7,,R,Dollars,6,Electronic Card Transactions (ANZSIC06) - ECT,Private - Values - Electronic card transactions  A/S/T by industry,Seasonally adjusted,Recreational goods,,,
1885,ECTM.S1SG1321,2014.1,119.1,,R,Dollars,6,Electronic Card Transactions (ANZSIC06) - ECT,Private - Values - Electronic card transactions  A/S/T by industry,Seasonally adjusted,Recreational goods,,,
1886,ECTM.S1SG1321,2014.11,119.6,,R,Dollars,6,Electronic Card Transactions (ANZSIC06) - ECT,Private - Values - Electronic card transactions  A/S/T by industry,Seasonally adjusted,Recreational goods,,,
1887,ECTM.S1SG1321,2014.12,119.0,,R,Dollars,6,Electronic Card Transactions (ANZSIC06) - ECT,Private - Values - Electronic card transactions  A/S/T by industry,Seasonally adjusted,Recreational goods,,,
1888,ECTM.S1SG1321,2015.01,120.1,,R,Dollars,6,Electronic Card Transactions (ANZSIC06) - ECT,Private - Values - Electronic card transactions  A/S/T by industry,Seasonally adjusted,Recreational goods,,,
1889,ECTM.S1SG1321,2015.02,120.7,,R,Dollars,6,Electronic Card Transactions (ANZSIC06) - ECT,Private - Values - Electronic card transactions  A/S/T by industry,Seasonally adjusted,Recreational goods,,,
1890,ECTM.S1SG1321,2015.03,125.6,,R,Dollars,6,Electronic Card Transactions (ANZSIC06) - ECT,Private - Values - Electronic card transactions  A/S/T by industry,Seasonally adjusted,Recreational goods,,,
1891,ECTM.S1SG1321,2015.04,125.8,,R,Dollars,6,Electronic Card Transactions (ANZSIC06) - ECT,Private - Values - Electronic card transactions  A/S/T by industry,Seasonally adjusted,Recreational goods,,,
1892,ECTM.S1SG1321,2015.05,112.9,,R,Dollars,6,Electronic Card Transactions (ANZSIC06) - ECT,Private - Values - Electronic card transactions  A/S/T by industry,Seasonally adjusted,Recreational goods,,,
1893,ECTM.S1SG1321,2015.06,116.1,,R,Dollars,6,Electronic Card Transactions (ANZSIC06) - ECT,Private - Values - Electronic card transactions  A/S/T by industry,Seasonally adjusted,Recreational goods,,,
1894,ECTM.S1SG1321,2015.07,116.3,,R,Dollars,6,Electronic Card Transactions (ANZSIC06) - ECT,Private - Values - Electronic card transactions  A/S/T by industry,Seasonally adjusted,Recreational goods,,,
1895,ECTM.S1SG1321,2015.08,117.5,,R,Dollars,6,Electronic Card Transactions (ANZSIC06) - ECT,Private - Values - Electronic card transactions  A/S/T by industry,Seasonally adjusted,Recreational goods,,,
1896,ECTM.S1SG1321,2015.09,118.5,,R,Dollars,6,Electronic Card Transactions (ANZSIC06) - ECT,Private - Values - Electronic card transactions  A/S/T by industry,Seasonally adjusted,Recreational goods,,,
1897,ECTM.S1SG1321,2015.1,117.5,,R,Dollars,6,Electronic Card Transactions (ANZSIC06) - ECT,Private - Values - Electronic card transactions  A/S/T by industry,Seasonally adjusted,Recreational goods,,,
1898,ECTM.S1SG1321,2015.11,118.4,,R,Dollars,6,Electronic Card Transactions (ANZSIC06) - ECT,Private - Values - Electronic card transactions  A/S/T by industry,Seasonally adjusted,Recreational goods,,,
1899,ECTM.S1SG1321,2015.12,118.7,,R,Dollars,6,Electronic Card Transactions (ANZSIC06) - ECT,Private - Values - Electronic card transactions  A/S/T by industry,Seasonally adjusted,Recreational goods,,,
1900,ECTM.S1SG1321,2016.01,118.9,,R,Dollars,6,Electronic Card Transactions (ANZSIC06) - ECT,Private - Values - Electronic card transactions  A/S/T by industry,Seasonally adjusted,Recreational goods,,,
1901,ECTM.S1SG1321,2016.02,119.8,,R,Dollars,6,Electronic Card Transactions (ANZSIC06) - ECT,Private - Values - Electronic card transactions  A/S/T by industry,Seasonally adjusted,Recreational goods,,,
1902,ECTM.S1SG1321,2016.03,119.7,,R,Dollars,6,Electronic Card Transactions (ANZSIC06) - ECT,Private - Values - Electronic card transactions  A/S/T by industry,Seasonally adjusted,Recreational goods,,,
1903,ECTM.S1SG1321,2016.04,120.8,,R,Dollars,6,Electronic Card Transactions (ANZSIC06) - ECT,Private - Values - Electronic card transactions  A/S/T by industry,Seasonally adjusted,Recreational goods,,,
1904,ECTM.S1SG1321,2016.05,122.2,,R,Dollars,6,Electronic Card Transactions (ANZSIC06) - ECT,Private - Values - Electronic card transactions  A/S/T by industry,Seasonally adjusted,Recreational goods,,,
1905,ECTM.S1SG1321,2016.06,122.3,,R,Dollars,6,Electronic Card Transactions (ANZSIC06) - ECT,Private - Values - Electronic card transactions  A/S/T by industry,Seasonally adjusted,Recreational goods,,,
1906,ECTM.S1SG1321,2016.07,120.9,,R,Dollars,6,Electronic Card Transactions (ANZSIC06) - ECT,Private - Values - Electronic card transactions  A/S/T by industry,Seasonally adjusted,Recreational goods,,,
1907,ECTM.S1SG1321,2016.08,120.8,,R,Dollars,6,Electronic Card Transactions (ANZSIC06) - ECT,Private - Values - Electronic card transactions  A/S/T by industry,Seasonally adjusted,Recreational goods,,,
1908,ECTM.S1SG1321,2016.09,124.7,,R,Dollars,6,Electronic Card Transactions (ANZSIC06) - ECT,Private - Values - Electronic card transactions  A/S/T by industry,Seasonally adjusted,Recreational goods,,,
1909,ECTM.S1SG1321,2016.1,124.8,,R,Dollars,6,Electronic Card Transactions (ANZSIC06) - ECT,Private - Values - Electronic card transactions  A/S/T by industry,Seasonally adjusted,Recreational goods,,,
1910,ECTM.S1SG1321,2016.11,121.4,,R,Dollars,6,Electronic Card Transactions (ANZSIC06) - ECT,Private - Values - Electronic card transactions  A/S/T by industry,Seasonally adjusted,Recreational goods,,,
1911,ECTM.S1SG1321,2016.12,125.1,,R,Dollars,6,Electronic Card Transactions (ANZSIC06) - ECT,Private - Values - Electronic card transactions  A/S/T by industry,Seasonally adjusted,Recreational goods,,,
1912,ECTM.S1SG1321,2017.01,131.1,,R,Dollars,6,Electronic Card Transactions (ANZSIC06) - ECT,Private - Values - Electronic card transactions  A/S/T by industry,Seasonally adjusted,Recreational goods,,,
1913,ECTM.S1SG1321,2017.02,125.7,,R,Dollars,6,Electronic Card Transactions (ANZSIC06) - ECT,Private - Values - Electronic card transactions  A/S/T by industry,Seasonally adjusted,Recreational goods,,,
1914,ECTM.S1SG1321,2017.03,126.4,,R,Dollars,6,Electronic Card Transactions (ANZSIC06) - ECT,Private - Values - Electronic card transactions  A/S/T by industry,Seasonally adjusted,Recreational goods,,,
1915,ECTM.S1SG1321,2017.04,125.3,,R,Dollars,6,Electronic Card Transactions (ANZSIC06) - ECT,Private - Values - Electronic card transactions  A/S/T by industry,Seasonally adjusted,Recreational goods,,,
1916,ECTM.S1SG1321,2017.05,125.1,,R,Dollars,6,Electronic Card Transactions (ANZSIC06) - ECT,Private - Values - Electronic card transactions  A/S/T by industry,Seasonally adjusted,Recreational goods,,,
1917,ECTM.S1SG1321,2017.06,125.3,,R,Dollars,6,Electronic Card Transactions (ANZSIC06) - ECT,Private - Values - Electronic card transactions  A/S/T by industry,Seasonally adjusted,Recreational goods,,,
1918,ECTM.S1SG1321,2017.07,128.3,,R,Dollars,6,Electronic Card Transactions (ANZSIC06) - ECT,Private - Values - Electronic card transactions  A/S/T by industry,Seasonally adjusted,Recreational goods,,,
1919,ECTM.S1SG1321,2017.08,126.7,,R,Dollars,6,Electronic Card Transactions (ANZSIC06) - ECT,Private - Values - Electronic card transactions  A/S/T by industry,Seasonally adjusted,Recreational goods,,,
1920,ECTM.S1SG1321,2017.09,125.5,,R,Dollars,6,Electronic Card Transactions (ANZSIC06) - ECT,Private - Values - Electronic card transactions  A/S/T by industry,Seasonally adjusted,Recreational goods,,,
1921,ECTM.S1SG1321,2017.1,127.9,,R,Dollars,6,Electronic Card Transactions (ANZSIC06) - ECT,Private - Values - Electronic card transactions  A/S/T by industry,Seasonally adjusted,Recreational goods,,,
1922,ECTM.S1SG1321,2017.11,127.7,,R,Dollars,6,Electronic Card Transactions (ANZSIC06) - ECT,Private - Values - Electronic card transactions  A/S/T by industry,Seasonally adjusted,Recreational goods,,,
1923,ECTM.S1SG1321,2017.12,129.9,,R,Dollars,6,Electronic Card Transactions (ANZSIC06) - ECT,Private - Values - Electronic card transactions  A/S/T by industry,Seasonally adjusted,Recreational goods,,,
1924,ECTM.S1SG1321,2018.01,127.4,,R,Dollars,6,Electronic Card Transactions (ANZSIC06) - ECT,Private - Values - Electronic card transactions  A/S/T by industry,Seasonally adjusted,Recreational goods,,,
1925,ECTM.S1SG1321,2018.02,126.3,,R,Dollars,6,Electronic Card Transactions (ANZSIC06) - ECT,Private - Values - Electronic card transactions  A/S/T by industry,Seasonally adjusted,Recreational goods,,,
1926,ECTM.S1SG1321,2018.03,125.6,,R,Dollars,6,Electronic Card Transactions (ANZSIC06) - ECT,Private - Values - Electronic card transactions  A/S/T by industry,Seasonally adjusted,Recreational goods,,,
1927,ECTM.S1SG1321,2018.04,127.9,,R,Dollars,6,Electronic Card Transactions (ANZSIC06) - ECT,Private - Values - Electronic card transactions  A/S/T by industry,Seasonally adjusted,Recreational goods,,,
1928,ECTM.S1SG1321,2018.05,127.5,,R,Dollars,6,Electronic Card Transactions (ANZSIC06) - ECT,Private - Values - Electronic card transactions  A/S/T by industry,Seasonally adjusted,Recreational goods,,,
1929,ECTM.S1SG1321,2018.06,128.9,,R,Dollars,6,Electronic Card Transactions (ANZSIC06) - ECT,Private - Values - Electronic card transactions  A/S/T by industry,Seasonally adjusted,Recreational goods,,,
1930,ECTM.S1SG1321,2018.07,128.4,,R,Dollars,6,Electronic Card Transactions (ANZSIC06) - ECT,Private - Values - Electronic card transactions  A/S/T by industry,Seasonally adjusted,Recreational goods,,,
1931,ECTM.S1SG1321,2018.08,130.0,,R,Dollars,6,Electronic Card Transactions (ANZSIC06) - ECT,Private - Values - Electronic card transactions  A/S/T by industry,Seasonally adjusted,Recreational goods,,,
1932,ECTM.S1SG1321,2018.09,132.7,,R,Dollars,6,Electronic Card Transactions (ANZSIC06) - ECT,Private - Values - Electronic card transactions  A/S/T by industry,Seasonally adjusted,Recreational goods,,,
1933,ECTM.S1SG1321,2018.1,134.4,,R,Dollars,6,Electronic Card Transactions (ANZSIC06) - ECT,Private - Values - Electronic card transactions  A/S/T by industry,Seasonally adjusted,Recreational goods,,,
1934,ECTM.S1SG1321,2018.11,132.8,,R,Dollars,6,Electronic Card Transactions (ANZSIC06) - ECT,Private - Values - Electronic card transactions  A/S/T by industry,Seasonally adjusted,Recreational goods,,,
1935,ECTM.S1SG1321,2018.12,131.0,,R,Dollars,6,Electronic Card Transactions (ANZSIC06) - ECT,Private - Values - Electronic card transactions  A/S/T by industry,Seasonally adjusted,Recreational goods,,,
1936,ECTM.S1SG1321,2019.01,133.5,,R,Dollars,6,Electronic Card Transactions (ANZSIC06) - ECT,Private - Values - Electronic card transactions  A/S/T by industry,Seasonally adjusted,Recreational goods,,,
1937,ECTM.S1SG1321,2019.02,132.1,,R,Dollars,6,Electronic Card Transactions (ANZSIC06) - ECT,Private - Values - Electronic card transactions  A/S/T by industry,Seasonally adjusted,Recreational goods,,,
1938,ECTM.S1SG1321,2019.03,132.7,,R,Dollars,6,Electronic Card Transactions (ANZSIC06) - ECT,Private - Values - Electronic card transactions  A/S/T by industry,Seasonally adjusted,Recreational goods,,,
1939,ECTM.S1SG1321,2019.04,135.3,,R,Dollars,6,Electronic Card Transactions (ANZSIC06) - ECT,Private - Values - Electronic card transactions  A/S/T by industry,Seasonally adjusted,Recreational goods,,,
1940,ECTM.S1SG1321,2019.05,134.8,,R,Dollars,6,Electronic Card Transactions (ANZSIC06) - ECT,Private - Values - Electronic card transactions  A/S/T by industry,Seasonally adjusted,Recreational goods,,,
1941,ECTM.S1SG1321,2019.06,137.1,,R,Dollars,6,Electronic Card Transactions (ANZSIC06) - ECT,Private - Values - Electronic card transactions  A/S/T by industry,Seasonally adjusted,Recreational goods,,,
1942,ECTM.S1SG1321,2019.07,131.7,,R,Dollars,6,Electronic Card Transactions (ANZSIC06) - ECT,Private - Values - Electronic card transactions  A/S/T by industry,Seasonally adjusted,Recreational goods,,,
1943,ECTM.S1SG1321,2019.08,140.1,,R,Dollars,6,Electronic Card Transactions (ANZSIC06) - ECT,Private - Values - Electronic card transactions  A/S/T by industry,Seasonally adjusted,Recreational goods,,,
1944,ECTM.S1SG1321,2019.09,138.9,,R,Dollars,6,Electronic Card Transactions (ANZSIC06) - ECT,Private - Values - Electronic card transactions  A/S/T by industry,Seasonally adjusted,Recreational goods,,,
1945,ECTM.S1SG1321,2019.1,138.9,,R,Dollars,6,Electronic Card Transactions (ANZSIC06) - ECT,Private - Values - Electronic card transactions  A/S/T by industry,Seasonally adjusted,Recreational goods,,,
1946,ECTM.S1SG1321,2019.11,148.8,,R,Dollars,6,Electronic Card Transactions (ANZSIC06) - ECT,Private - Values - Electronic card transactions  A/S/T by industry,Seasonally adjusted,Recreational goods,,,
1947,ECTM.S1SG1321,2019.12,147.8,,R,Dollars,6,Electronic Card Transactions (ANZSIC06) - ECT,Private - Values - Electronic card transactions  A/S/T by industry,Seasonally adjusted,Recreational goods,,,
1948,ECTM.S1SG1321,2020.01,149.9,,R,Dollars,6,Electronic Card Transactions (ANZSIC06) - ECT,Private - Values - Electronic card transactions  A/S/T by industry,Seasonally adjusted,Recreational goods,,,
1949,ECTM.S1SG1321,2020.02,152.0,,R,Dollars,6,Electronic Card Transactions (ANZSIC06) - ECT,Private - Values - Electronic card transactions  A/S/T by industry,Seasonally adjusted,Recreational goods,,,
1950,ECTM.S1SG1321,2020.03,137.6,,R,Dollars,6,Electronic Card Transactions (ANZSIC06) - ECT,Private - Values - Electronic card transactions  A/S/T by industry,Seasonally adjusted,Recreational goods,,,
1951,ECTM.S1SG1321,2020.04,26.8,,R,Dollars,6,Electronic Card Transactions (ANZSIC06) - ECT,Private - Values - Electronic card transactions  A/S/T by industry,Seasonally adjusted,Recreational goods,,,
1952,ECTM.S1SG1321,2020.05,159.7,,R,Dollars,6,Electronic Card Transactions (ANZSIC06) - ECT,Private - Values - Electronic card transactions  A/S/T by industry,Seasonally adjusted,Recreational goods,,,
1953,ECTM.S1SG1321,2020.06,186.4,,R,Dollars,6,Electronic Card Transactions (ANZSIC06) - ECT,Private - Values - Electronic card transactions  A/S/T by industry,Seasonally adjusted,Recreational goods,,,
1954,ECTM.S1SG1321,2020.07,167.3,,F,Dollars,6,Electronic Card Transactions (ANZSIC06) - ECT,Private - Values - Electronic card transactions  A/S/T by industry,Seasonally adjusted,Recreational goods,,,
1955,ECTM.S1AG1330,2000.01,41.2,,C,Dollars,6,Electronic Card Transactions (ANZSIC06) - ECT,Private - Values - Electronic card transactions  A/S/T by industry,Actual,Department stores,,,
1956,ECTM.S1AG1330,2000.02,40.5,,C,Dollars,6,Electronic Card Transactions (ANZSIC06) - ECT,Private - Values - Electronic card transactions  A/S/T by industry,Actual,Department stores,,,
1957,ECTM.S1AG1330,2000.03,44.3,,C,Dollars,6,Electronic Card Transactions (ANZSIC06) - ECT,Private - Values - Electronic card transactions  A/S/T by industry,Actual,Department stores,,,
1958,ECTM.S1AG1330,2000.04,49.7,,C,Dollars,6,Electronic Card Transactions (ANZSIC06) - ECT,Private - Values - Electronic card transactions  A/S/T by industry,Actual,Department stores,,,
1959,ECTM.S1AG1330,2000.05,47.2,,C,Dollars,6,Electronic Card Transactions (ANZSIC06) - ECT,Private - Values - Electronic card transactions  A/S/T by industry,Actual,Department stores,,,
1960,ECTM.S1AG1330,2000.06,51.1,,C,Dollars,6,Electronic Card Transactions (ANZSIC06) - ECT,Private - Values - Electronic card transactions  A/S/T by industry,Actual,Department stores,,,
1961,ECTM.S1AG1330,2000.07,46.3,,C,Dollars,6,Electronic Card Transactions (ANZSIC06) - ECT,Private - Values - Electronic card transactions  A/S/T by industry,Actual,Department stores,,,
1962,ECTM.S1AG1330,2000.08,47.1,,C,Dollars,6,Electronic Card Transactions (ANZSIC06) - ECT,Private - Values - Electronic card transactions  A/S/T by industry,Actual,Department stores,,,
1963,ECTM.S1AG1330,2000.09,46.8,,C,Dollars,6,Electronic Card Transactions (ANZSIC06) - ECT,Private - Values - Electronic card transactions  A/S/T by industry,Actual,Department stores,,,
1964,ECTM.S1AG1330,2000.1,50.0,,C,Dollars,6,Electronic Card Transactions (ANZSIC06) - ECT,Private - Values - Electronic card transactions  A/S/T by industry,Actual,Department stores,,,
1965,ECTM.S1AG1330,2000.11,52.8,,C,Dollars,6,Electronic Card Transactions (ANZSIC06) - ECT,Private - Values - Electronic card transactions  A/S/T by industry,Actual,Department stores,,,
1966,ECTM.S1AG1330,2000.12,93.2,,C,Dollars,6,Electronic Card Transactions (ANZSIC06) - ECT,Private - Values - Electronic card transactions  A/S/T by industry,Actual,Department stores,,,
1967,ECTM.S1AG1330,2001.01,49.1,,C,Dollars,6,Electronic Card Transactions (ANZSIC06) - ECT,Private - Values - Electronic card transactions  A/S/T by industry,Actual,Department stores,,,
1968,ECTM.S1AG1330,2001.02,43.8,,C,Dollars,6,Electronic Card Transactions (ANZSIC06) - ECT,Private - Values - Electronic card transactions  A/S/T by industry,Actual,Department stores,,,
1969,ECTM.S1AG1330,2001.03,48.3,,C,Dollars,6,Electronic Card Transactions (ANZSIC06) - ECT,Private - Values - Electronic card transactions  A/S/T by industry,Actual,Department stores,,,
1970,ECTM.S1AG1330,2001.04,59.5,,C,Dollars,6,Electronic Card Transactions (ANZSIC06) - ECT,Private - Values - Electronic card transactions  A/S/T by industry,Actual,Department stores,,,
1971,ECTM.S1AG1330,2001.05,57.0,,C,Dollars,6,Electronic Card Transactions (ANZSIC06) - ECT,Private - Values - Electronic card transactions  A/S/T by industry,Actual,Department stores,,,
1972,ECTM.S1AG1330,2001.06,55.4,,C,Dollars,6,Electronic Card Transactions (ANZSIC06) - ECT,Private - Values - Electronic card transactions  A/S/T by industry,Actual,Department stores,,,
1973,ECTM.S1AG1330,2001.07,55.1,,C,Dollars,6,Electronic Card Transactions (ANZSIC06) - ECT,Private - Values - Electronic card transactions  A/S/T by industry,Actual,Department stores,,,
1974,ECTM.S1AG1330,2001.08,137.7,,C,Dollars,6,Electronic Card Transactions (ANZSIC06) - ECT,Private - Values - Electronic card transactions  A/S/T by industry,Actual,Department stores,,,
1975,ECTM.S1AG1330,2001.09,134.2,,C,Dollars,6,Electronic Card Transactions (ANZSIC06) - ECT,Private - Values - Electronic card transactions  A/S/T by industry,Actual,Department stores,,,
1976,ECTM.S1AG1330,2001.1,149.4,,C,Dollars,6,Electronic Card Transactions (ANZSIC06) - ECT,Private - Values - Electronic card transactions  A/S/T by industry,Actual,Department stores,,,
1977,ECTM.S1AG1330,2001.11,175.3,,C,Dollars,6,Electronic Card Transactions (ANZSIC06) - ECT,Private - Values - Electronic card transactions  A/S/T by industry,Actual,Department stores,,,
1978,ECTM.S1AG1330,2001.12,318.3,,C,Dollars,6,Electronic Card Transactions (ANZSIC06) - ECT,Private - Values - Electronic card transactions  A/S/T by industry,Actual,Department stores,,,
1979,ECTM.S1AG1330,2002.01,159.7,,C,Dollars,6,Electronic Card Transactions (ANZSIC06) - ECT,Private - Values - Electronic card transactions  A/S/T by industry,Actual,Department stores,,,
1980,ECTM.S1AG1330,2002.02,142.3,,C,Dollars,6,Electronic Card Transactions (ANZSIC06) - ECT,Private - Values - Electronic card transactions  A/S/T by industry,Actual,Department stores,,,
1981,ECTM.S1AG1330,2002.03,151.9,,C,Dollars,6,Electronic Card Transactions (ANZSIC06) - ECT,Private - Values - Electronic card transactions  A/S/T by industry,Actual,Department stores,,,
1982,ECTM.S1AG1330,2002.04,169.8,,C,Dollars,6,Electronic Card Transactions (ANZSIC06) - ECT,Private - Values - Electronic card transactions  A/S/T by industry,Actual,Department stores,,,
1983,ECTM.S1AG1330,2002.05,164.5,,C,Dollars,6,Electronic Card Transactions (ANZSIC06) - ECT,Private - Values - Electronic card transactions  A/S/T by industry,Actual,Department stores,,,
1984,ECTM.S1AG1330,2002.06,167.8,,C,Dollars,6,Electronic Card Transactions (ANZSIC06) - ECT,Private - Values - Electronic card transactions  A/S/T by industry,Actual,Department stores,,,
1985,ECTM.S1AG1330,2002.07,163.0,,C,Dollars,6,Electronic Card Transactions (ANZSIC06) - ECT,Private - Values - Electronic card transactions  A/S/T by industry,Actual,Department stores,,,
1986,ECTM.S1AG1330,2002.08,57.9,,C,Dollars,6,Electronic Card Transactions (ANZSIC06) - ECT,Private - Values - Electronic card transactions  A/S/T by industry,Actual,Department stores,,,
1987,ECTM.S1AG1330,2002.09,62.0,,C,Dollars,6,Electronic Card Transactions (ANZSIC06) - ECT,Private - Values - Electronic card transactions  A/S/T by industry,Actual,Department stores,,,
1988,ECTM.S1AG1330,2002.1,175.5,,F,Dollars,6,Electronic Card Transactions (ANZSIC06) - ECT,Private - Values - Electronic card transactions  A/S/T by industry,Actual,Department stores,,,
1989,ECTM.S1AG1330,2002.11,187.5,,F,Dollars,6,Electronic Card Transactions (ANZSIC06) - ECT,Private - Values - Electronic card transactions  A/S/T by industry,Actual,Department stores,,,
1990,ECTM.S1AG1330,2002.12,321.8,,F,Dollars,6,Electronic Card Transactions (ANZSIC06) - ECT,Private - Values - Electronic card transactions  A/S/T by industry,Actual,Department stores,,,
1991,ECTM.S1AG1330,2003.01,171.0,,F,Dollars,6,Electronic Card Transactions (ANZSIC06) - ECT,Private - Values - Electronic card transactions  A/S/T by industry,Actual,Department stores,,,
1992,ECTM.S1AG1330,2003.02,146.5,,F,Dollars,6,Electronic Card Transactions (ANZSIC06) - ECT,Private - Values - Electronic card transactions  A/S/T by industry,Actual,Department stores,,,
1993,ECTM.S1AG1330,2003.03,159.7,,F,Dollars,6,Electronic Card Transactions (ANZSIC06) - ECT,Private - Values - Electronic card transactions  A/S/T by industry,Actual,Department stores,,,
1994,ECTM.S1AG1330,2003.04,180.8,,F,Dollars,6,Electronic Card Transactions (ANZSIC06) - ECT,Private - Values - Electronic card transactions  A/S/T by industry,Actual,Department stores,,,
1995,ECTM.S1AG1330,2003.05,183.8,,F,Dollars,6,Electronic Card Transactions (ANZSIC06) - ECT,Private - Values - Electronic card transactions  A/S/T by industry,Actual,Department stores,,,
1996,ECTM.S1AG1330,2003.06,175.0,,F,Dollars,6,Electronic Card Transactions (ANZSIC06) - ECT,Private - Values - Electronic card transactions  A/S/T by industry,Actual,Department stores,,,
1997,ECTM.S1AG1330,2003.07,180.1,,F,Dollars,6,Electronic Card Transactions (ANZSIC06) - ECT,Private - Values - Electronic card transactions  A/S/T by industry,Actual,Department stores,,,
1998,ECTM.S1AG1330,2003.08,165.0,,F,Dollars,6,Electronic Card Transactions (ANZSIC06) - ECT,Private - Values - Electronic card transactions  A/S/T by industry,Actual,Department stores,,,
1999,ECTM.S1AG1330,2003.09,148.8,,F,Dollars,6,Electronic Card Transactions (ANZSIC06) - ECT,Private - Values - Electronic card transactions  A/S/T by industry,Actual,Department stores,,,
2000,ECTM.S1AG1330,2003.1,173.6,,F,Dollars,6,Electronic Card Transactions (ANZSIC06) - ECT,Private - Values - Electronic card transactions  A/S/T by industry,Actual,Department stores,,,
2001,ECTM.S1AG1330,2003.11,195.8,,F,Dollars,6,Electronic Card Transactions (ANZSIC06) - ECT,Private - Values - Electronic card transactions  A/S/T by industry,Actual,Department stores,,,
2002,ECTM.S1AG1330,2003.12,321.6,,F,Dollars,6,Electronic Card Transactions (ANZSIC06) - ECT,Private - Values - Electronic card transactions  A/S/T by industry,Actual,Department stores,,,
2003,ECTM.S1AG1330,2004.01,177.9,,F,Dollars,6,Electronic Card Transactions (ANZSIC06) - ECT,Private - Values - Electronic card transactions  A/S/T by industry,Actual,Department stores,,,
2004,ECTM.S1AG1330,2004.02,159.7,,F,Dollars,6,Electronic Card Transactions (ANZSIC06) - ECT,Private - Values - Electronic card transactions  A/S/T by industry,Actual,Department stores,,,
2005,ECTM.S1AG1330,2004.03,165.3,,F,Dollars,6,Electronic Card Transactions (ANZSIC06) - ECT,Private - Values - Electronic card transactions  A/S/T by industry,Actual,Department stores,,,
2006,ECTM.S1AG1330,2004.04,182.8,,F,Dollars,6,Electronic Card Transactions (ANZSIC06) - ECT,Private - Values - Electronic card transactions  A/S/T by industry,Actual,Department stores,,,
2007,ECTM.S1AG1330,2004.05,180.0,,F,Dollars,6,Electronic Card Transactions (ANZSIC06) - ECT,Private - Values - Electronic card transactions  A/S/T by industry,Actual,Department stores,,,
2008,ECTM.S1AG1330,2004.06,172.9,,F,Dollars,6,Electronic Card Transactions (ANZSIC06) - ECT,Private - Values - Electronic card transactions  A/S/T by industry,Actual,Department stores,,,
2009,ECTM.S1AG1330,2004.07,181.9,,F,Dollars,6,Electronic Card Transactions (ANZSIC06) - ECT,Private - Values - Electronic card transactions  A/S/T by industry,Actual,Department stores,,,
2010,ECTM.S1AG1330,2004.08,172.8,,F,Dollars,6,Electronic Card Transactions (ANZSIC06) - ECT,Private - Values - Electronic card transactions  A/S/T by industry,Actual,Department stores,,,
2011,ECTM.S1AG1330,2004.09,162.6,,F,Dollars,6,Electronic Card Transactions (ANZSIC06) - ECT,Private - Values - Electronic card transactions  A/S/T by industry,Actual,Department stores,,,
2012,ECTM.S1AG1330,2004.1,182.0,,F,Dollars,6,Electronic Card Transactions (ANZSIC06) - ECT,Private - Values - Electronic card transactions  A/S/T by industry,Actual,Department stores,,,
2013,ECTM.S1AG1330,2004.11,197.1,,F,Dollars,6,Electronic Card Transactions (ANZSIC06) - ECT,Private - Values - Electronic card transactions  A/S/T by industry,Actual,Department stores,,,
2014,ECTM.S1AG1330,2004.12,328.7,,F,Dollars,6,Electronic Card Transactions (ANZSIC06) - ECT,Private - Values - Electronic card transactions  A/S/T by industry,Actual,Department stores,,,
2015,ECTM.S1AG1330,2005.01,190.4,,F,Dollars,6,Electronic Card Transactions (ANZSIC06) - ECT,Private - Values - Electronic card transactions  A/S/T by industry,Actual,Department stores,,,
2016,ECTM.S1AG1330,2005.02,164.6,,F,Dollars,6,Electronic Card Transactions (ANZSIC06) - ECT,Private - Values - Electronic card transactions  A/S/T by industry,Actual,Department stores,,,
2017,ECTM.S1AG1330,2005.03,188.2,,F,Dollars,6,Electronic Card Transactions (ANZSIC06) - ECT,Private - Values - Electronic card transactions  A/S/T by industry,Actual,Department stores,,,
2018,ECTM.S1AG1330,2005.04,197.2,,F,Dollars,6,Electronic Card Transactions (ANZSIC06) - ECT,Private - Values - Electronic card transactions  A/S/T by industry,Actual,Department stores,,,
2019,ECTM.S1AG1330,2005.05,190.7,,F,Dollars,6,Electronic Card Transactions (ANZSIC06) - ECT,Private - Values - Electronic card transactions  A/S/T by industry,Actual,Department stores,,,
2020,ECTM.S1AG1330,2005.06,198.5,,F,Dollars,6,Electronic Card Transactions (ANZSIC06) - ECT,Private - Values - Electronic card transactions  A/S/T by industry,Actual,Department stores,,,
2021,ECTM.S1AG1330,2005.07,203.2,,F,Dollars,6,Electronic Card Transactions (ANZSIC06) - ECT,Private - Values - Electronic card transactions  A/S/T by industry,Actual,Department stores,,,
2022,ECTM.S1AG1330,2005.08,181.0,,F,Dollars,6,Electronic Card Transactions (ANZSIC06) - ECT,Private - Values - Electronic card transactions  A/S/T by industry,Actual,Department stores,,,
2023,ECTM.S1AG1330,2005.09,189.3,,F,Dollars,6,Electronic Card Transactions (ANZSIC06) - ECT,Private - Values - Electronic card transactions  A/S/T by industry,Actual,Department stores,,,
2024,ECTM.S1AG1330,2005.1,212.1,,F,Dollars,6,Electronic Card Transactions (ANZSIC06) - ECT,Private - Values - Electronic card transactions  A/S/T by industry,Actual,Department stores,,,
2025,ECTM.S1AG1330,2005.11,222.9,,F,Dollars,6,Electronic Card Transactions (ANZSIC06) - ECT,Private - Values - Electronic card transactions  A/S/T by industry,Actual,Department stores,,,
2026,ECTM.S1AG1330,2005.12,380.6,,F,Dollars,6,Electronic Card Transactions (ANZSIC06) - ECT,Private - Values - Electronic card transactions  A/S/T by industry,Actual,Department stores,,,
2027,ECTM.S1AG1330,2006.01,206.0,,F,Dollars,6,Electronic Card Transactions (ANZSIC06) - ECT,Private - Values - Electronic card transactions  A/S/T by industry,Actual,Department stores,,,
2028,ECTM.S1AG1330,2006.02,186.8,,F,Dollars,6,Electronic Card Transactions (ANZSIC06) - ECT,Private - Values - Electronic card transactions  A/S/T by industry,Actual,Department stores,,,
2029,ECTM.S1AG1330,2006.03,207.0,,F,Dollars,6,Electronic Card Transactions (ANZSIC06) - ECT,Private - Values - Electronic card transactions  A/S/T by industry,Actual,Department stores,,,
2030,ECTM.S1AG1330,2006.04,214.5,,F,Dollars,6,Electronic Card Transactions (ANZSIC06) - ECT,Private - Values - Electronic card transactions  A/S/T by industry,Actual,Department stores,,,
2031,ECTM.S1AG1330,2006.05,217.9,,F,Dollars,6,Electronic Card Transactions (ANZSIC06) - ECT,Private - Values - Electronic card transactions  A/S/T by industry,Actual,Department stores,,,
2032,ECTM.S1AG1330,2006.06,225.0,,F,Dollars,6,Electronic Card Transactions (ANZSIC06) - ECT,Private - Values - Electronic card transactions  A/S/T by industry,Actual,Department stores,,,
2033,ECTM.S1AG1330,2006.07,210.5,,F,Dollars,6,Electronic Card Transactions (ANZSIC06) - ECT,Private - Values - Electronic card transactions  A/S/T by industry,Actual,Department stores,,,
2034,ECTM.S1AG1330,2006.08,193.7,,F,Dollars,6,Electronic Card Transactions (ANZSIC06) - ECT,Private - Values - Electronic card transactions  A/S/T by industry,Actual,Department stores,,,
2035,ECTM.S1AG1330,2006.09,202.7,,F,Dollars,6,Electronic Card Transactions (ANZSIC06) - ECT,Private - Values - Electronic card transactions  A/S/T by industry,Actual,Department stores,,,
2036,ECTM.S1AG1330,2006.1,225.5,,F,Dollars,6,Electronic Card Transactions (ANZSIC06) - ECT,Private - Values - Electronic card transactions  A/S/T by industry,Actual,Department stores,,,
2037,ECTM.S1AG1330,2006.11,243.9,,F,Dollars,6,Electronic Card Transactions (ANZSIC06) - ECT,Private - Values - Electronic card transactions  A/S/T by industry,Actual,Department stores,,,
2038,ECTM.S1AG1330,2006.12,417.0,,F,Dollars,6,Electronic Card Transactions (ANZSIC06) - ECT,Private - Values - Electronic card transactions  A/S/T by industry,Actual,Department stores,,,
2039,ECTM.S1AG1330,2007.01,220.5,,F,Dollars,6,Electronic Card Transactions (ANZSIC06) - ECT,Private - Values - Electronic card transactions  A/S/T by industry,Actual,Department stores,,,
2040,ECTM.S1AG1330,2007.02,206.9,,F,Dollars,6,Electronic Card Transactions (ANZSIC06) - ECT,Private - Values - Electronic card transactions  A/S/T by industry,Actual,Department stores,,,
2041,ECTM.S1AG1330,2007.03,228.7,,F,Dollars,6,Electronic Card Transactions (ANZSIC06) - ECT,Private - Values - Electronic card transactions  A/S/T by industry,Actual,Department stores,,,
2042,ECTM.S1AG1330,2007.04,239.4,,F,Dollars,6,Electronic Card Transactions (ANZSIC06) - ECT,Private - Values - Electronic card transactions  A/S/T by industry,Actual,Department stores,,,
2043,ECTM.S1AG1330,2007.05,218.7,,F,Dollars,6,Electronic Card Transactions (ANZSIC06) - ECT,Private - Values - Electronic card transactions  A/S/T by industry,Actual,Department stores,,,
2044,ECTM.S1AG1330,2007.06,235.3,,F,Dollars,6,Electronic Card Transactions (ANZSIC06) - ECT,Private - Values - Electronic card transactions  A/S/T by industry,Actual,Department stores,,,
2045,ECTM.S1AG1330,2007.07,226.9,,F,Dollars,6,Electronic Card Transactions (ANZSIC06) - ECT,Private - Values - Electronic card transactions  A/S/T by industry,Actual,Department stores,,,
2046,ECTM.S1AG1330,2007.08,211.1,,F,Dollars,6,Electronic Card Transactions (ANZSIC06) - ECT,Private - Values - Electronic card transactions  A/S/T by industry,Actual,Department stores,,,
2047,ECTM.S1AG1330,2007.09,223.0,,F,Dollars,6,Electronic Card Transactions (ANZSIC06) - ECT,Private - Values - Electronic card transactions  A/S/T by industry,Actual,Department stores,,,
2048,ECTM.S1AG1330,2007.1,234.9,,F,Dollars,6,Electronic Card Transactions (ANZSIC06) - ECT,Private - Values - Electronic card transactions  A/S/T by industry,Actual,Department stores,,,
2049,ECTM.S1AG1330,2007.11,260.0,,F,Dollars,6,Electronic Card Transactions (ANZSIC06) - ECT,Private - Values - Electronic card transactions  A/S/T by industry,Actual,Department stores,,,
2050,ECTM.S1AG1330,2007.12,433.3,,F,Dollars,6,Electronic Card Transactions (ANZSIC06) - ECT,Private - Values - Electronic card transactions  A/S/T by industry,Actual,Department stores,,,
2051,ECTM.S1AG1330,2008.01,222.6,,F,Dollars,6,Electronic Card Transactions (ANZSIC06) - ECT,Private - Values - Electronic card transactions  A/S/T by industry,Actual,Department stores,,,
2052,ECTM.S1AG1330,2008.02,218.1,,F,Dollars,6,Electronic Card Transactions (ANZSIC06) - ECT,Private - Values - Electronic card transactions  A/S/T by industry,Actual,Department stores,,,
2053,ECTM.S1AG1330,2008.03,223.2,,F,Dollars,6,Electronic Card Transactions (ANZSIC06) - ECT,Private - Values - Electronic card transactions  A/S/T by industry,Actual,Department stores,,,
2054,ECTM.S1AG1330,2008.04,223.4,,F,Dollars,6,Electronic Card Transactions (ANZSIC06) - ECT,Private - Values - Electronic card transactions  A/S/T by industry,Actual,Department stores,,,
2055,ECTM.S1AG1330,2008.05,233.7,,F,Dollars,6,Electronic Card Transactions (ANZSIC06) - ECT,Private - Values - Electronic card transactions  A/S/T by industry,Actual,Department stores,,,
2056,ECTM.S1AG1330,2008.06,212.6,,F,Dollars,6,Electronic Card Transactions (ANZSIC06) - ECT,Private - Values - Electronic card transactions  A/S/T by industry,Actual,Department stores,,,
2057,ECTM.S1AG1330,2008.07,192.7,,F,Dollars,6,Electronic Card Transactions (ANZSIC06) - ECT,Private - Values - Electronic card transactions  A/S/T by industry,Actual,Department stores,,,
2058,ECTM.S1AG1330,2008.08,180.2,,F,Dollars,6,Electronic Card Transactions (ANZSIC06) - ECT,Private - Values - Electronic card transactions  A/S/T by industry,Actual,Department stores,,,
2059,ECTM.S1AG1330,2008.09,176.2,,F,Dollars,6,Electronic Card Transactions (ANZSIC06) - ECT,Private - Values - Electronic card transactions  A/S/T by industry,Actual,Department stores,,,
2060,ECTM.S1AG1330,2008.1,200.6,,F,Dollars,6,Electronic Card Transactions (ANZSIC06) - ECT,Private - Values - Electronic card transactions  A/S/T by industry,Actual,Department stores,,,
2061,ECTM.S1AG1330,2008.11,228.1,,F,Dollars,6,Electronic Card Transactions (ANZSIC06) - ECT,Private - Values - Electronic card transactions  A/S/T by industry,Actual,Department stores,,,
2062,ECTM.S1AG1330,2008.12,370.8,,F,Dollars,6,Electronic Card Transactions (ANZSIC06) - ECT,Private - Values - Electronic card transactions  A/S/T by industry,Actual,Department stores,,,
2063,ECTM.S1AG1330,2009.01,199.0,,F,Dollars,6,Electronic Card Transactions (ANZSIC06) - ECT,Private - Values - Electronic card transactions  A/S/T by industry,Actual,Department stores,,,
2064,ECTM.S1AG1330,2009.02,174.3,,F,Dollars,6,Electronic Card Transactions (ANZSIC06) - ECT,Private - Values - Electronic card transactions  A/S/T by industry,Actual,Department stores,,,
2065,ECTM.S1AG1330,2009.03,183.6,,F,Dollars,6,Electronic Card Transactions (ANZSIC06) - ECT,Private - Values - Electronic card transactions  A/S/T by industry,Actual,Department stores,,,
2066,ECTM.S1AG1330,2009.04,205.4,,F,Dollars,6,Electronic Card Transactions (ANZSIC06) - ECT,Private - Values - Electronic card transactions  A/S/T by industry,Actual,Department stores,,,
2067,ECTM.S1AG1330,2009.05,213.7,,F,Dollars,6,Electronic Card Transactions (ANZSIC06) - ECT,Private - Values - Electronic card transactions  A/S/T by industry,Actual,Department stores,,,
2068,ECTM.S1AG1330,2009.06,187.6,,F,Dollars,6,Electronic Card Transactions (ANZSIC06) - ECT,Private - Values - Electronic card transactions  A/S/T by industry,Actual,Department stores,,,
2069,ECTM.S1AG1330,2009.07,197.5,,F,Dollars,6,Electronic Card Transactions (ANZSIC06) - ECT,Private - Values - Electronic card transactions  A/S/T by industry,Actual,Department stores,,,
2070,ECTM.S1AG1330,2009.08,178.7,,F,Dollars,6,Electronic Card Transactions (ANZSIC06) - ECT,Private - Values - Electronic card transactions  A/S/T by industry,Actual,Department stores,,,
2071,ECTM.S1AG1330,2009.09,182.0,,F,Dollars,6,Electronic Card Transactions (ANZSIC06) - ECT,Private - Values - Electronic card transactions  A/S/T by industry,Actual,Department stores,,,
2072,ECTM.S1AG1330,2009.1,206.1,,F,Dollars,6,Electronic Card Transactions (ANZSIC06) - ECT,Private - Values - Electronic card transactions  A/S/T by industry,Actual,Department stores,,,
2073,ECTM.S1AG1330,2009.11,225.6,,F,Dollars,6,Electronic Card Transactions (ANZSIC06) - ECT,Private - Values - Electronic card transactions  A/S/T by industry,Actual,Department stores,,,
2074,ECTM.S1AG1330,2009.12,375.3,,F,Dollars,6,Electronic Card Transactions (ANZSIC06) - ECT,Private - Values - Electronic card transactions  A/S/T by industry,Actual,Department stores,,,
2075,ECTM.S1AG1330,2010.01,204.7,,F,Dollars,6,Electronic Card Transactions (ANZSIC06) - ECT,Private - Values - Electronic card transactions  A/S/T by industry,Actual,Department stores,,,
2076,ECTM.S1AG1330,2010.02,172.0,,F,Dollars,6,Electronic Card Transactions (ANZSIC06) - ECT,Private - Values - Electronic card transactions  A/S/T by industry,Actual,Department stores,,,
2077,ECTM.S1AG1330,2010.03,196.8,,F,Dollars,6,Electronic Card Transactions (ANZSIC06) - ECT,Private - Values - Electronic card transactions  A/S/T by industry,Actual,Department stores,,,
2078,ECTM.S1AG1330,2010.04,197.8,,F,Dollars,6,Electronic Card Transactions (ANZSIC06) - ECT,Private - Values - Electronic card transactions  A/S/T by industry,Actual,Department stores,,,
2079,ECTM.S1AG1330,2010.05,205.7,,F,Dollars,6,Electronic Card Transactions (ANZSIC06) - ECT,Private - Values - Electronic card transactions  A/S/T by industry,Actual,Department stores,,,
2080,ECTM.S1AG1330,2010.06,189.3,,F,Dollars,6,Electronic Card Transactions (ANZSIC06) - ECT,Private - Values - Electronic card transactions  A/S/T by industry,Actual,Department stores,,,
2081,ECTM.S1AG1330,2010.07,200.5,,F,Dollars,6,Electronic Card Transactions (ANZSIC06) - ECT,Private - Values - Electronic card transactions  A/S/T by industry,Actual,Department stores,,,
2082,ECTM.S1AG1330,2010.08,178.7,,F,Dollars,6,Electronic Card Transactions (ANZSIC06) - ECT,Private - Values - Electronic card transactions  A/S/T by industry,Actual,Department stores,,,
2083,ECTM.S1AG1330,2010.09,187.8,,F,Dollars,6,Electronic Card Transactions (ANZSIC06) - ECT,Private - Values - Electronic card transactions  A/S/T by industry,Actual,Department stores,,,
2084,ECTM.S1AG1330,2010.1,208.0,,F,Dollars,6,Electronic Card Transactions (ANZSIC06) - ECT,Private - Values - Electronic card transactions  A/S/T by industry,Actual,Department stores,,,
2085,ECTM.S1AG1330,2010.11,237.7,,F,Dollars,6,Electronic Card Transactions (ANZSIC06) - ECT,Private - Values - Electronic card transactions  A/S/T by industry,Actual,Department stores,,,
2086,ECTM.S1AG1330,2010.12,388.8,,F,Dollars,6,Electronic Card Transactions (ANZSIC06) - ECT,Private - Values - Electronic card transactions  A/S/T by industry,Actual,Department stores,,,
2087,ECTM.S1AG1330,2011.01,204.9,,F,Dollars,6,Electronic Card Transactions (ANZSIC06) - ECT,Private - Values - Electronic card transactions  A/S/T by industry,Actual,Department stores,,,
2088,ECTM.S1AG1330,2011.02,169.6,,F,Dollars,6,Electronic Card Transactions (ANZSIC06) - ECT,Private - Values - Electronic card transactions  A/S/T by industry,Actual,Department stores,,,
2089,ECTM.S1AG1330,2011.03,201.9,,F,Dollars,6,Electronic Card Transactions (ANZSIC06) - ECT,Private - Values - Electronic card transactions  A/S/T by industry,Actual,Department stores,,,
2090,ECTM.S1AG1330,2011.04,218.5,,F,Dollars,6,Electronic Card Transactions (ANZSIC06) - ECT,Private - Values - Electronic card transactions  A/S/T by industry,Actual,Department stores,,,
2091,ECTM.S1AG1330,2011.05,204.2,,F,Dollars,6,Electronic Card Transactions (ANZSIC06) - ECT,Private - Values - Electronic card transactions  A/S/T by industry,Actual,Department stores,,,
2092,ECTM.S1AG1330,2011.06,210.5,,F,Dollars,6,Electronic Card Transactions (ANZSIC06) - ECT,Private - Values - Electronic card transactions  A/S/T by industry,Actual,Department stores,,,
2093,ECTM.S1AG1330,2011.07,219.5,,F,Dollars,6,Electronic Card Transactions (ANZSIC06) - ECT,Private - Values - Electronic card transactions  A/S/T by industry,Actual,Department stores,,,
2094,ECTM.S1AG1330,2011.08,188.3,,F,Dollars,6,Electronic Card Transactions (ANZSIC06) - ECT,Private - Values - Electronic card transactions  A/S/T by industry,Actual,Department stores,,,
2095,ECTM.S1AG1330,2011.09,196.8,,F,Dollars,6,Electronic Card Transactions (ANZSIC06) - ECT,Private - Values - Electronic card transactions  A/S/T by industry,Actual,Department stores,,,
2096,ECTM.S1AG1330,2011.1,225.8,,F,Dollars,6,Electronic Card Transactions (ANZSIC06) - ECT,Private - Values - Electronic card transactions  A/S/T by industry,Actual,Department stores,,,
2097,ECTM.S1AG1330,2011.11,254.7,,F,Dollars,6,Electronic Card Transactions (ANZSIC06) - ECT,Private - Values - Electronic card transactions  A/S/T by industry,Actual,Department stores,,,
2098,ECTM.S1AG1330,2011.12,413.4,,F,Dollars,6,Electronic Card Transactions (ANZSIC06) - ECT,Private - Values - Electronic card transactions  A/S/T by industry,Actual,Department stores,,,
2099,ECTM.S1AG1330,2012.01,212.9,,F,Dollars,6,Electronic Card Transactions (ANZSIC06) - ECT,Private - Values - Electronic card transactions  A/S/T by industry,Actual,Department stores,,,
2100,ECTM.S1AG1330,2012.02,196.5,,F,Dollars,6,Electronic Card Transactions (ANZSIC06) - ECT,Private - Values - Electronic card transactions  A/S/T by industry,Actual,Department stores,,,
2101,ECTM.S1AG1330,2012.03,217.5,,F,Dollars,6,Electronic Card Transactions (ANZSIC06) - ECT,Private - Values - Electronic card transactions  A/S/T by industry,Actual,Department stores,,,
2102,ECTM.S1AG1330,2012.04,214.1,,F,Dollars,6,Electronic Card Transactions (ANZSIC06) - ECT,Private - Values - Electronic card transactions  A/S/T by industry,Actual,Department stores,,,
2103,ECTM.S1AG1330,2012.05,225.5,,F,Dollars,6,Electronic Card Transactions (ANZSIC06) - ECT,Private - Values - Electronic card transactions  A/S/T by industry,Actual,Department stores,,,
2104,ECTM.S1AG1330,2012.06,219.7,,F,Dollars,6,Electronic Card Transactions (ANZSIC06) - ECT,Private - Values - Electronic card transactions  A/S/T by industry,Actual,Department stores,,,
2105,ECTM.S1AG1330,2012.07,213.4,,F,Dollars,6,Electronic Card Transactions (ANZSIC06) - ECT,Private - Values - Electronic card transactions  A/S/T by industry,Actual,Department stores,,,
2106,ECTM.S1AG1330,2012.08,204.7,,F,Dollars,6,Electronic Card Transactions (ANZSIC06) - ECT,Private - Values - Electronic card transactions  A/S/T by industry,Actual,Department stores,,,
2107,ECTM.S1AG1330,2012.09,197.7,,F,Dollars,6,Electronic Card Transactions (ANZSIC06) - ECT,Private - Values - Electronic card transactions  A/S/T by industry,Actual,Department stores,,,
2108,ECTM.S1AG1330,2012.1,223.9,,F,Dollars,6,Electronic Card Transactions (ANZSIC06) - ECT,Private - Values - Electronic card transactions  A/S/T by industry,Actual,Department stores,,,
2109,ECTM.S1AG1330,2012.11,267.3,,F,Dollars,6,Electronic Card Transactions (ANZSIC06) - ECT,Private - Values - Electronic card transactions  A/S/T by industry,Actual,Department stores,,,
2110,ECTM.S1AG1330,2012.12,407.3,,F,Dollars,6,Electronic Card Transactions (ANZSIC06) - ECT,Private - Values - Electronic card transactions  A/S/T by industry,Actual,Department stores,,,
2111,ECTM.S1AG1330,2013.01,214.4,,F,Dollars,6,Electronic Card Transactions (ANZSIC06) - ECT,Private - Values - Electronic card transactions  A/S/T by industry,Actual,Department stores,,,
2112,ECTM.S1AG1330,2013.02,183.2,,F,Dollars,6,Electronic Card Transactions (ANZSIC06) - ECT,Private - Values - Electronic card transactions  A/S/T by industry,Actual,Department stores,,,
2113,ECTM.S1AG1330,2013.03,209.4,,F,Dollars,6,Electronic Card Transactions (ANZSIC06) - ECT,Private - Values - Electronic card transactions  A/S/T by industry,Actual,Department stores,,,
2114,ECTM.S1AG1330,2013.04,215.1,,F,Dollars,6,Electronic Card Transactions (ANZSIC06) - ECT,Private - Values - Electronic card transactions  A/S/T by industry,Actual,Department stores,,,
2115,ECTM.S1AG1330,2013.05,226.5,,F,Dollars,6,Electronic Card Transactions (ANZSIC06) - ECT,Private - Values - Electronic card transactions  A/S/T by industry,Actual,Department stores,,,
2116,ECTM.S1AG1330,2013.06,216.7,,F,Dollars,6,Electronic Card Transactions (ANZSIC06) - ECT,Private - Values - Electronic card transactions  A/S/T by industry,Actual,Department stores,,,
2117,ECTM.S1AG1330,2013.07,203.9,,F,Dollars,6,Electronic Card Transactions (ANZSIC06) - ECT,Private - Values - Electronic card transactions  A/S/T by industry,Actual,Department stores,,,
2118,ECTM.S1AG1330,2013.08,201.8,,F,Dollars,6,Electronic Card Transactions (ANZSIC06) - ECT,Private - Values - Electronic card transactions  A/S/T by industry,Actual,Department stores,,,
2119,ECTM.S1AG1330,2013.09,189.3,,F,Dollars,6,Electronic Card Transactions (ANZSIC06) - ECT,Private - Values - Electronic card transactions  A/S/T by industry,Actual,Department stores,,,
2120,ECTM.S1AG1330,2013.1,224.3,,F,Dollars,6,Electronic Card Transactions (ANZSIC06) - ECT,Private - Values - Electronic card transactions  A/S/T by industry,Actual,Department stores,,,
2121,ECTM.S1AG1330,2013.11,260.0,,F,Dollars,6,Electronic Card Transactions (ANZSIC06) - ECT,Private - Values - Electronic card transactions  A/S/T by industry,Actual,Department stores,,,
2122,ECTM.S1AG1330,2013.12,419.9,,F,Dollars,6,Electronic Card Transactions (ANZSIC06) - ECT,Private - Values - Electronic card transactions  A/S/T by industry,Actual,Department stores,,,
2123,ECTM.S1AG1330,2014.01,220.9,,F,Dollars,6,Electronic Card Transactions (ANZSIC06) - ECT,Private - Values - Electronic card transactions  A/S/T by industry,Actual,Department stores,,,
2124,ECTM.S1AG1330,2014.02,190.9,,F,Dollars,6,Electronic Card Transactions (ANZSIC06) - ECT,Private - Values - Electronic card transactions  A/S/T by industry,Actual,Department stores,,,
2125,ECTM.S1AG1330,2014.03,211.5,,F,Dollars,6,Electronic Card Transactions (ANZSIC06) - ECT,Private - Values - Electronic card transactions  A/S/T by industry,Actual,Department stores,,,
2126,ECTM.S1AG1330,2014.04,221.6,,F,Dollars,6,Electronic Card Transactions (ANZSIC06) - ECT,Private - Values - Electronic card transactions  A/S/T by industry,Actual,Department stores,,,
2127,ECTM.S1AG1330,2014.05,236.3,,F,Dollars,6,Electronic Card Transactions (ANZSIC06) - ECT,Private - Values - Electronic card transactions  A/S/T by industry,Actual,Department stores,,,
2128,ECTM.S1AG1330,2014.06,209.7,,F,Dollars,6,Electronic Card Transactions (ANZSIC06) - ECT,Private - Values - Electronic card transactions  A/S/T by industry,Actual,Department stores,,,
2129,ECTM.S1AG1330,2014.07,218.1,,F,Dollars,6,Electronic Card Transactions (ANZSIC06) - ECT,Private - Values - Electronic card transactions  A/S/T by industry,Actual,Department stores,,,
2130,ECTM.S1AG1330,2014.08,202.8,,F,Dollars,6,Electronic Card Transactions (ANZSIC06) - ECT,Private - Values - Electronic card transactions  A/S/T by industry,Actual,Department stores,,,
2131,ECTM.S1AG1330,2014.09,204.8,,F,Dollars,6,Electronic Card Transactions (ANZSIC06) - ECT,Private - Values - Electronic card transactions  A/S/T by industry,Actual,Department stores,,,
2132,ECTM.S1AG1330,2014.1,230.7,,F,Dollars,6,Electronic Card Transactions (ANZSIC06) - ECT,Private - Values - Electronic card transactions  A/S/T by industry,Actual,Department stores,,,
2133,ECTM.S1AG1330,2014.11,267.8,,F,Dollars,6,Electronic Card Transactions (ANZSIC06) - ECT,Private - Values - Electronic card transactions  A/S/T by industry,Actual,Department stores,,,
2134,ECTM.S1AG1330,2014.12,432.6,,F,Dollars,6,Electronic Card Transactions (ANZSIC06) - ECT,Private - Values - Electronic card transactions  A/S/T by industry,Actual,Department stores,,,
2135,ECTM.S1AG1330,2015.01,235.5,,F,Dollars,6,Electronic Card Transactions (ANZSIC06) - ECT,Private - Values - Electronic card transactions  A/S/T by industry,Actual,Department stores,,,
2136,ECTM.S1AG1330,2015.02,203.9,,F,Dollars,6,Electronic Card Transactions (ANZSIC06) - ECT,Private - Values - Electronic card transactions  A/S/T by industry,Actual,Department stores,,,
2137,ECTM.S1AG1330,2015.03,226.0,,F,Dollars,6,Electronic Card Transactions (ANZSIC06) - ECT,Private - Values - Electronic card transactions  A/S/T by industry,Actual,Department stores,,,
2138,ECTM.S1AG1330,2015.04,233.8,,F,Dollars,6,Electronic Card Transactions (ANZSIC06) - ECT,Private - Values - Electronic card transactions  A/S/T by industry,Actual,Department stores,,,
2139,ECTM.S1AG1330,2015.05,251.1,,F,Dollars,6,Electronic Card Transactions (ANZSIC06) - ECT,Private - Values - Electronic card transactions  A/S/T by industry,Actual,Department stores,,,
2140,ECTM.S1AG1330,2015.06,224.5,,F,Dollars,6,Electronic Card Transactions (ANZSIC06) - ECT,Private - Values - Electronic card transactions  A/S/T by industry,Actual,Department stores,,,
2141,ECTM.S1AG1330,2015.07,234.6,,F,Dollars,6,Electronic Card Transactions (ANZSIC06) - ECT,Private - Values - Electronic card transactions  A/S/T by industry,Actual,Department stores,,,
2142,ECTM.S1AG1330,2015.08,219.5,,F,Dollars,6,Electronic Card Transactions (ANZSIC06) - ECT,Private - Values - Electronic card transactions  A/S/T by industry,Actual,Department stores,,,
2143,ECTM.S1AG1330,2015.09,229.5,,F,Dollars,6,Electronic Card Transactions (ANZSIC06) - ECT,Private - Values - Electronic card transactions  A/S/T by industry,Actual,Department stores,,,
2144,ECTM.S1AG1330,2015.1,252.9,,F,Dollars,6,Electronic Card Transactions (ANZSIC06) - ECT,Private - Values - Electronic card transactions  A/S/T by industry,Actual,Department stores,,,
2145,ECTM.S1AG1330,2015.11,286.6,,F,Dollars,6,Electronic Card Transactions (ANZSIC06) - ECT,Private - Values - Electronic card transactions  A/S/T by industry,Actual,Department stores,,,
2146,ECTM.S1AG1330,2015.12,452.5,,F,Dollars,6,Electronic Card Transactions (ANZSIC06) - ECT,Private - Values - Electronic card transactions  A/S/T by industry,Actual,Department stores,,,
2147,ECTM.S1AG1330,2016.01,243.3,,F,Dollars,6,Electronic Card Transactions (ANZSIC06) - ECT,Private - Values - Electronic card transactions  A/S/T by industry,Actual,Department stores,,,
2148,ECTM.S1AG1330,2016.02,220.6,,F,Dollars,6,Electronic Card Transactions (ANZSIC06) - ECT,Private - Values - Electronic card transactions  A/S/T by industry,Actual,Department stores,,,
2149,ECTM.S1AG1330,2016.03,238.7,,F,Dollars,6,Electronic Card Transactions (ANZSIC06) - ECT,Private - Values - Electronic card transactions  A/S/T by industry,Actual,Department stores,,,
2150,ECTM.S1AG1330,2016.04,242.8,,F,Dollars,6,Electronic Card Transactions (ANZSIC06) - ECT,Private - Values - Electronic card transactions  A/S/T by industry,Actual,Department stores,,,
2151,ECTM.S1AG1330,2016.05,249.7,,F,Dollars,6,Electronic Card Transactions (ANZSIC06) - ECT,Private - Values - Electronic card transactions  A/S/T by industry,Actual,Department stores,,,
2152,ECTM.S1AG1330,2016.06,241.5,,F,Dollars,6,Electronic Card Transactions (ANZSIC06) - ECT,Private - Values - Electronic card transactions  A/S/T by industry,Actual,Department stores,,,
2153,ECTM.S1AG1330,2016.07,242.3,,F,Dollars,6,Electronic Card Transactions (ANZSIC06) - ECT,Private - Values - Electronic card transactions  A/S/T by industry,Actual,Department stores,,,
2154,ECTM.S1AG1330,2016.08,219.1,,F,Dollars,6,Electronic Card Transactions (ANZSIC06) - ECT,Private - Values - Electronic card transactions  A/S/T by industry,Actual,Department stores,,,
2155,ECTM.S1AG1330,2016.09,233.2,,F,Dollars,6,Electronic Card Transactions (ANZSIC06) - ECT,Private - Values - Electronic card transactions  A/S/T by industry,Actual,Department stores,,,
2156,ECTM.S1AG1330,2016.1,243.6,,F,Dollars,6,Electronic Card Transactions (ANZSIC06) - ECT,Private - Values - Electronic card transactions  A/S/T by industry,Actual,Department stores,,,
2157,ECTM.S1AG1330,2016.11,277.4,,F,Dollars,6,Electronic Card Transactions (ANZSIC06) - ECT,Private - Values - Electronic card transactions  A/S/T by industry,Actual,Department stores,,,
2158,ECTM.S1AG1330,2016.12,445.0,,F,Dollars,6,Electronic Card Transactions (ANZSIC06) - ECT,Private - Values - Electronic card transactions  A/S/T by industry,Actual,Department stores,,,
2159,ECTM.S1AG1330,2017.01,260.7,,F,Dollars,6,Electronic Card Transactions (ANZSIC06) - ECT,Private - Values - Electronic card transactions  A/S/T by industry,Actual,Department stores,,,
2160,ECTM.S1AG1330,2017.02,231.4,,F,Dollars,6,Electronic Card Transactions (ANZSIC06) - ECT,Private - Values - Electronic card transactions  A/S/T by industry,Actual,Department stores,,,
2161,ECTM.S1AG1330,2017.03,258.6,,F,Dollars,6,Electronic Card Transactions (ANZSIC06) - ECT,Private - Values - Electronic card transactions  A/S/T by industry,Actual,Department stores,,,
2162,ECTM.S1AG1330,2017.04,274.5,,F,Dollars,6,Electronic Card Transactions (ANZSIC06) - ECT,Private - Values - Electronic card transactions  A/S/T by industry,Actual,Department stores,,,
2163,ECTM.S1AG1330,2017.05,289.3,,F,Dollars,6,Electronic Card Transactions (ANZSIC06) - ECT,Private - Values - Electronic card transactions  A/S/T by industry,Actual,Department stores,,,
2164,ECTM.S1AG1330,2017.06,263.6,,F,Dollars,6,Electronic Card Transactions (ANZSIC06) - ECT,Private - Values - Electronic card transactions  A/S/T by industry,Actual,Department stores,,,
2165,ECTM.S1AG1330,2017.07,274.3,,F,Dollars,6,Electronic Card Transactions (ANZSIC06) - ECT,Private - Values - Electronic card transactions  A/S/T by industry,Actual,Department stores,,,
2166,ECTM.S1AG1330,2017.08,246.7,,F,Dollars,6,Electronic Card Transactions (ANZSIC06) - ECT,Private - Values - Electronic card transactions  A/S/T by industry,Actual,Department stores,,,
2167,ECTM.S1AG1330,2017.09,252.9,,F,Dollars,6,Electronic Card Transactions (ANZSIC06) - ECT,Private - Values - Electronic card transactions  A/S/T by industry,Actual,Department stores,,,
2168,ECTM.S1AG1330,2017.1,275.4,,F,Dollars,6,Electronic Card Transactions (ANZSIC06) - ECT,Private - Values - Electronic card transactions  A/S/T by industry,Actual,Department stores,,,
2169,ECTM.S1AG1330,2017.11,320.0,,F,Dollars,6,Electronic Card Transactions (ANZSIC06) - ECT,Private - Values - Electronic card transactions  A/S/T by industry,Actual,Department stores,,,
2170,ECTM.S1AG1330,2017.12,488.7,,F,Dollars,6,Electronic Card Transactions (ANZSIC06) - ECT,Private - Values - Electronic card transactions  A/S/T by industry,Actual,Department stores,,,
2171,ECTM.S1AG1330,2018.01,252.3,,F,Dollars,6,Electronic Card Transactions (ANZSIC06) - ECT,Private - Values - Electronic card transactions  A/S/T by industry,Actual,Department stores,,,
2172,ECTM.S1AG1330,2018.02,225.0,,F,Dollars,6,Electronic Card Transactions (ANZSIC06) - ECT,Private - Values - Electronic card transactions  A/S/T by industry,Actual,Department stores,,,
2173,ECTM.S1AG1330,2018.03,267.0,,F,Dollars,6,Electronic Card Transactions (ANZSIC06) - ECT,Private - Values - Electronic card transactions  A/S/T by industry,Actual,Department stores,,,
2174,ECTM.S1AG1330,2018.04,263.8,,F,Dollars,6,Electronic Card Transactions (ANZSIC06) - ECT,Private - Values - Electronic card transactions  A/S/T by industry,Actual,Department stores,,,
2175,ECTM.S1AG1330,2018.05,274.6,,F,Dollars,6,Electronic Card Transactions (ANZSIC06) - ECT,Private - Values - Electronic card transactions  A/S/T by industry,Actual,Department stores,,,
2176,ECTM.S1AG1330,2018.06,275.6,,F,Dollars,6,Electronic Card Transactions (ANZSIC06) - ECT,Private - Values - Electronic card transactions  A/S/T by industry,Actual,Department stores,,,
2177,ECTM.S1AG1330,2018.07,268.9,,F,Dollars,6,Electronic Card Transactions (ANZSIC06) - ECT,Private - Values - Electronic card transactions  A/S/T by industry,Actual,Department stores,,,
2178,ECTM.S1AG1330,2018.08,260.0,,F,Dollars,6,Electronic Card Transactions (ANZSIC06) - ECT,Private - Values - Electronic card transactions  A/S/T by industry,Actual,Department stores,,,
2179,ECTM.S1AG1330,2018.09,267.5,,F,Dollars,6,Electronic Card Transactions (ANZSIC06) - ECT,Private - Values - Electronic card transactions  A/S/T by industry,Actual,Department stores,,,
2180,ECTM.S1AG1330,2018.1,290.0,,F,Dollars,6,Electronic Card Transactions (ANZSIC06) - ECT,Private - Values - Electronic card transactions  A/S/T by industry,Actual,Department stores,,,
2181,ECTM.S1AG1330,2018.11,345.1,,F,Dollars,6,Electronic Card Transactions (ANZSIC06) - ECT,Private - Values - Electronic card transactions  A/S/T by industry,Actual,Department stores,,,
2182,ECTM.S1AG1330,2018.12,509.4,,F,Dollars,6,Electronic Card Transactions (ANZSIC06) - ECT,Private - Values - Electronic card transactions  A/S/T by industry,Actual,Department stores,,,
2183,ECTM.S1AG1330,2019.01,283.2,,F,Dollars,6,Electronic Card Transactions (ANZSIC06) - ECT,Private - Values - Electronic card transactions  A/S/T by industry,Actual,Department stores,,,
2184,ECTM.S1AG1330,2019.02,250.2,,F,Dollars,6,Electronic Card Transactions (ANZSIC06) - ECT,Private - Values - Electronic card transactions  A/S/T by industry,Actual,Department stores,,,
2185,ECTM.S1AG1330,2019.03,270.9,,F,Dollars,6,Electronic Card Transactions (ANZSIC06) - ECT,Private - Values - Electronic card transactions  A/S/T by industry,Actual,Department stores,,,
2186,ECTM.S1AG1330,2019.04,294.1,,F,Dollars,6,Electronic Card Transactions (ANZSIC06) - ECT,Private - Values - Electronic card transactions  A/S/T by industry,Actual,Department stores,,,
2187,ECTM.S1AG1330,2019.05,295.1,,F,Dollars,6,Electronic Card Transactions (ANZSIC06) - ECT,Private - Values - Electronic card transactions  A/S/T by industry,Actual,Department stores,,,
2188,ECTM.S1AG1330,2019.06,293.5,,F,Dollars,6,Electronic Card Transactions (ANZSIC06) - ECT,Private - Values - Electronic card transactions  A/S/T by industry,Actual,Department stores,,,
2189,ECTM.S1AG1330,2019.07,293.5,,F,Dollars,6,Electronic Card Transactions (ANZSIC06) - ECT,Private - Values - Electronic card transactions  A/S/T by industry,Actual,Department stores,,,
2190,ECTM.S1AG1330,2019.08,286.4,,F,Dollars,6,Electronic Card Transactions (ANZSIC06) - ECT,Private - Values - Electronic card transactions  A/S/T by industry,Actual,Department stores,,,
2191,ECTM.S1AG1330,2019.09,276.5,,F,Dollars,6,Electronic Card Transactions (ANZSIC06) - ECT,Private - Values - Electronic card transactions  A/S/T by industry,Actual,Department stores,,,
2192,ECTM.S1AG1330,2019.1,314.2,,F,Dollars,6,Electronic Card Transactions (ANZSIC06) - ECT,Private - Values - Electronic card transactions  A/S/T by industry,Actual,Department stores,,,
2193,ECTM.S1AG1330,2019.11,381.4,,F,Dollars,6,Electronic Card Transactions (ANZSIC06) - ECT,Private - Values - Electronic card transactions  A/S/T by industry,Actual,Department stores,,,
2194,ECTM.S1AG1330,2019.12,533.0,,F,Dollars,6,Electronic Card Transactions (ANZSIC06) - ECT,Private - Values - Electronic card transactions  A/S/T by industry,Actual,Department stores,,,
2195,ECTM.S1AG1330,2020.01,297.4,,F,Dollars,6,Electronic Card Transactions (ANZSIC06) - ECT,Private - Values - Electronic card transactions  A/S/T by industry,Actual,Department stores,,,
2196,ECTM.S1AG1330,2020.02,286.3,,F,Dollars,6,Electronic Card Transactions (ANZSIC06) - ECT,Private - Values - Electronic card transactions  A/S/T by industry,Actual,Department stores,,,
2197,ECTM.S1AG1330,2020.03,266.2,,F,Dollars,6,Electronic Card Transactions (ANZSIC06) - ECT,Private - Values - Electronic card transactions  A/S/T by industry,Actual,Department stores,,,
2198,ECTM.S1AG1330,2020.04,93.3,,F,Dollars,6,Electronic Card Transactions (ANZSIC06) - ECT,Private - Values - Electronic card transactions  A/S/T by industry,Actual,Department stores,,,
2199,ECTM.S1AG1330,2020.05,326.0,,F,Dollars,6,Electronic Card Transactions (ANZSIC06) - ECT,Private - Values - Electronic card transactions  A/S/T by industry,Actual,Department stores,,,
2200,ECTM.S1AG1330,2020.06,351.6,,F,Dollars,6,Electronic Card Transactions (ANZSIC06) - ECT,Private - Values - Electronic card transactions  A/S/T by industry,Actual,Department stores,,,
2201,ECTM.S1AG1330,2020.07,334.5,,F,Dollars,6,Electronic Card Transactions (ANZSIC06) - ECT,Private - Values - Electronic card transactions  A/S/T by industry,Actual,Department stores,,,
2202,ECTM.S1SG1330,2007.03,243.0,,R,Dollars,6,Electronic Card Transactions (ANZSIC06) - ECT,Private - Values - Electronic card transactions  A/S/T by industry,Seasonally adjusted,Department stores,,,
2203,ECTM.S1SG1330,2007.04,250.4,,R,Dollars,6,Electronic Card Transactions (ANZSIC06) - ECT,Private - Values - Electronic card transactions  A/S/T by industry,Seasonally adjusted,Department stores,,,
2204,ECTM.S1SG1330,2007.05,222.7,,R,Dollars,6,Electronic Card Transactions (ANZSIC06) - ECT,Private - Values - Electronic card transactions  A/S/T by industry,Seasonally adjusted,Department stores,,,
2205,ECTM.S1SG1330,2007.06,252.3,,R,Dollars,6,Electronic Card Transactions (ANZSIC06) - ECT,Private - Values - Electronic card transactions  A/S/T by industry,Seasonally adjusted,Department stores,,,
2206,ECTM.S1SG1330,2007.07,251.8,,R,Dollars,6,Electronic Card Transactions (ANZSIC06) - ECT,Private - Values - Electronic card transactions  A/S/T by industry,Seasonally adjusted,Department stores,,,
2207,ECTM.S1SG1330,2007.08,251.0,,R,Dollars,6,Electronic Card Transactions (ANZSIC06) - ECT,Private - Values - Electronic card transactions  A/S/T by industry,Seasonally adjusted,Department stores,,,
2208,ECTM.S1SG1330,2007.09,256.1,,R,Dollars,6,Electronic Card Transactions (ANZSIC06) - ECT,Private - Values - Electronic card transactions  A/S/T by industry,Seasonally adjusted,Department stores,,,
2209,ECTM.S1SG1330,2007.1,249.2,,R,Dollars,6,Electronic Card Transactions (ANZSIC06) - ECT,Private - Values - Electronic card transactions  A/S/T by industry,Seasonally adjusted,Department stores,,,
2210,ECTM.S1SG1330,2007.11,240.3,,R,Dollars,6,Electronic Card Transactions (ANZSIC06) - ECT,Private - Values - Electronic card transactions  A/S/T by industry,Seasonally adjusted,Department stores,,,
2211,ECTM.S1SG1330,2007.12,241.9,,R,Dollars,6,Electronic Card Transactions (ANZSIC06) - ECT,Private - Values - Electronic card transactions  A/S/T by industry,Seasonally adjusted,Department stores,,,
2212,ECTM.S1SG1330,2008.01,238.9,,R,Dollars,6,Electronic Card Transactions (ANZSIC06) - ECT,Private - Values - Electronic card transactions  A/S/T by industry,Seasonally adjusted,Department stores,,,
2213,ECTM.S1SG1330,2008.02,255.1,,R,Dollars,6,Electronic Card Transactions (ANZSIC06) - ECT,Private - Values - Electronic card transactions  A/S/T by industry,Seasonally adjusted,Department stores,,,
2214,ECTM.S1SG1330,2008.03,240.8,,R,Dollars,6,Electronic Card Transactions (ANZSIC06) - ECT,Private - Values - Electronic card transactions  A/S/T by industry,Seasonally adjusted,Department stores,,,
2215,ECTM.S1SG1330,2008.04,232.9,,R,Dollars,6,Electronic Card Transactions (ANZSIC06) - ECT,Private - Values - Electronic card transactions  A/S/T by industry,Seasonally adjusted,Department stores,,,
2216,ECTM.S1SG1330,2008.05,231.9,,R,Dollars,6,Electronic Card Transactions (ANZSIC06) - ECT,Private - Values - Electronic card transactions  A/S/T by industry,Seasonally adjusted,Department stores,,,
2217,ECTM.S1SG1330,2008.06,235.8,,R,Dollars,6,Electronic Card Transactions (ANZSIC06) - ECT,Private - Values - Electronic card transactions  A/S/T by industry,Seasonally adjusted,Department stores,,,
2218,ECTM.S1SG1330,2008.07,210.8,,R,Dollars,6,Electronic Card Transactions (ANZSIC06) - ECT,Private - Values - Electronic card transactions  A/S/T by industry,Seasonally adjusted,Department stores,,,
2219,ECTM.S1SG1330,2008.08,212.6,,R,Dollars,6,Electronic Card Transactions (ANZSIC06) - ECT,Private - Values - Electronic card transactions  A/S/T by industry,Seasonally adjusted,Department stores,,,
2220,ECTM.S1SG1330,2008.09,206.4,,R,Dollars,6,Electronic Card Transactions (ANZSIC06) - ECT,Private - Values - Electronic card transactions  A/S/T by industry,Seasonally adjusted,Department stores,,,
2221,ECTM.S1SG1330,2008.1,209.2,,R,Dollars,6,Electronic Card Transactions (ANZSIC06) - ECT,Private - Values - Electronic card transactions  A/S/T by industry,Seasonally adjusted,Department stores,,,
2222,ECTM.S1SG1330,2008.11,209.3,,R,Dollars,6,Electronic Card Transactions (ANZSIC06) - ECT,Private - Values - Electronic card transactions  A/S/T by industry,Seasonally adjusted,Department stores,,,
2223,ECTM.S1SG1330,2008.12,210.2,,R,Dollars,6,Electronic Card Transactions (ANZSIC06) - ECT,Private - Values - Electronic card transactions  A/S/T by industry,Seasonally adjusted,Department stores,,,
2224,ECTM.S1SG1330,2009.01,207.7,,R,Dollars,6,Electronic Card Transactions (ANZSIC06) - ECT,Private - Values - Electronic card transactions  A/S/T by industry,Seasonally adjusted,Department stores,,,
2225,ECTM.S1SG1330,2009.02,212.5,,R,Dollars,6,Electronic Card Transactions (ANZSIC06) - ECT,Private - Values - Electronic card transactions  A/S/T by industry,Seasonally adjusted,Department stores,,,
2226,ECTM.S1SG1330,2009.03,202.7,,R,Dollars,6,Electronic Card Transactions (ANZSIC06) - ECT,Private - Values - Electronic card transactions  A/S/T by industry,Seasonally adjusted,Department stores,,,
2227,ECTM.S1SG1330,2009.04,214.0,,R,Dollars,6,Electronic Card Transactions (ANZSIC06) - ECT,Private - Values - Electronic card transactions  A/S/T by industry,Seasonally adjusted,Department stores,,,
2228,ECTM.S1SG1330,2009.05,213.9,,R,Dollars,6,Electronic Card Transactions (ANZSIC06) - ECT,Private - Values - Electronic card transactions  A/S/T by industry,Seasonally adjusted,Department stores,,,
2229,ECTM.S1SG1330,2009.06,207.8,,R,Dollars,6,Electronic Card Transactions (ANZSIC06) - ECT,Private - Values - Electronic card transactions  A/S/T by industry,Seasonally adjusted,Department stores,,,
2230,ECTM.S1SG1330,2009.07,212.6,,R,Dollars,6,Electronic Card Transactions (ANZSIC06) - ECT,Private - Values - Electronic card transactions  A/S/T by industry,Seasonally adjusted,Department stores,,,
2231,ECTM.S1SG1330,2009.08,212.1,,R,Dollars,6,Electronic Card Transactions (ANZSIC06) - ECT,Private - Values - Electronic card transactions  A/S/T by industry,Seasonally adjusted,Department stores,,,
2232,ECTM.S1SG1330,2009.09,212.8,,R,Dollars,6,Electronic Card Transactions (ANZSIC06) - ECT,Private - Values - Electronic card transactions  A/S/T by industry,Seasonally adjusted,Department stores,,,
2233,ECTM.S1SG1330,2009.1,211.1,,R,Dollars,6,Electronic Card Transactions (ANZSIC06) - ECT,Private - Values - Electronic card transactions  A/S/T by industry,Seasonally adjusted,Department stores,,,
2234,ECTM.S1SG1330,2009.11,209.4,,R,Dollars,6,Electronic Card Transactions (ANZSIC06) - ECT,Private - Values - Electronic card transactions  A/S/T by industry,Seasonally adjusted,Department stores,,,
2235,ECTM.S1SG1330,2009.12,212.6,,R,Dollars,6,Electronic Card Transactions (ANZSIC06) - ECT,Private - Values - Electronic card transactions  A/S/T by industry,Seasonally adjusted,Department stores,,,
2236,ECTM.S1SG1330,2010.01,215.0,,R,Dollars,6,Electronic Card Transactions (ANZSIC06) - ECT,Private - Values - Electronic card transactions  A/S/T by industry,Seasonally adjusted,Department stores,,,
2237,ECTM.S1SG1330,2010.02,210.4,,R,Dollars,6,Electronic Card Transactions (ANZSIC06) - ECT,Private - Values - Electronic card transactions  A/S/T by industry,Seasonally adjusted,Department stores,,,
2238,ECTM.S1SG1330,2010.03,215.9,,R,Dollars,6,Electronic Card Transactions (ANZSIC06) - ECT,Private - Values - Electronic card transactions  A/S/T by industry,Seasonally adjusted,Department stores,,,
2239,ECTM.S1SG1330,2010.04,206.2,,R,Dollars,6,Electronic Card Transactions (ANZSIC06) - ECT,Private - Values - Electronic card transactions  A/S/T by industry,Seasonally adjusted,Department stores,,,
2240,ECTM.S1SG1330,2010.05,208.4,,R,Dollars,6,Electronic Card Transactions (ANZSIC06) - ECT,Private - Values - Electronic card transactions  A/S/T by industry,Seasonally adjusted,Department stores,,,
2241,ECTM.S1SG1330,2010.06,208.3,,R,Dollars,6,Electronic Card Transactions (ANZSIC06) - ECT,Private - Values - Electronic card transactions  A/S/T by industry,Seasonally adjusted,Department stores,,,
2242,ECTM.S1SG1330,2010.07,212.3,,R,Dollars,6,Electronic Card Transactions (ANZSIC06) - ECT,Private - Values - Electronic card transactions  A/S/T by industry,Seasonally adjusted,Department stores,,,
2243,ECTM.S1SG1330,2010.08,216.2,,R,Dollars,6,Electronic Card Transactions (ANZSIC06) - ECT,Private - Values - Electronic card transactions  A/S/T by industry,Seasonally adjusted,Department stores,,,
2244,ECTM.S1SG1330,2010.09,219.3,,R,Dollars,6,Electronic Card Transactions (ANZSIC06) - ECT,Private - Values - Electronic card transactions  A/S/T by industry,Seasonally adjusted,Department stores,,,
2245,ECTM.S1SG1330,2010.1,213.5,,R,Dollars,6,Electronic Card Transactions (ANZSIC06) - ECT,Private - Values - Electronic card transactions  A/S/T by industry,Seasonally adjusted,Department stores,,,
2246,ECTM.S1SG1330,2010.11,218.9,,R,Dollars,6,Electronic Card Transactions (ANZSIC06) - ECT,Private - Values - Electronic card transactions  A/S/T by industry,Seasonally adjusted,Department stores,,,
2247,ECTM.S1SG1330,2010.12,217.7,,R,Dollars,6,Electronic Card Transactions (ANZSIC06) - ECT,Private - Values - Electronic card transactions  A/S/T by industry,Seasonally adjusted,Department stores,,,
2248,ECTM.S1SG1330,2011.01,217.1,,R,Dollars,6,Electronic Card Transactions (ANZSIC06) - ECT,Private - Values - Electronic card transactions  A/S/T by industry,Seasonally adjusted,Department stores,,,
2249,ECTM.S1SG1330,2011.02,208.2,,R,Dollars,6,Electronic Card Transactions (ANZSIC06) - ECT,Private - Values - Electronic card transactions  A/S/T by industry,Seasonally adjusted,Department stores,,,
2250,ECTM.S1SG1330,2011.03,221.5,,R,Dollars,6,Electronic Card Transactions (ANZSIC06) - ECT,Private - Values - Electronic card transactions  A/S/T by industry,Seasonally adjusted,Department stores,,,
2251,ECTM.S1SG1330,2011.04,225.3,,R,Dollars,6,Electronic Card Transactions (ANZSIC06) - ECT,Private - Values - Electronic card transactions  A/S/T by industry,Seasonally adjusted,Department stores,,,
2252,ECTM.S1SG1330,2011.05,212.3,,R,Dollars,6,Electronic Card Transactions (ANZSIC06) - ECT,Private - Values - Electronic card transactions  A/S/T by industry,Seasonally adjusted,Department stores,,,
2253,ECTM.S1SG1330,2011.06,230.0,,R,Dollars,6,Electronic Card Transactions (ANZSIC06) - ECT,Private - Values - Electronic card transactions  A/S/T by industry,Seasonally adjusted,Department stores,,,
2254,ECTM.S1SG1330,2011.07,233.9,,R,Dollars,6,Electronic Card Transactions (ANZSIC06) - ECT,Private - Values - Electronic card transactions  A/S/T by industry,Seasonally adjusted,Department stores,,,
2255,ECTM.S1SG1330,2011.08,224.4,,R,Dollars,6,Electronic Card Transactions (ANZSIC06) - ECT,Private - Values - Electronic card transactions  A/S/T by industry,Seasonally adjusted,Department stores,,,
2256,ECTM.S1SG1330,2011.09,229.6,,R,Dollars,6,Electronic Card Transactions (ANZSIC06) - ECT,Private - Values - Electronic card transactions  A/S/T by industry,Seasonally adjusted,Department stores,,,
2257,ECTM.S1SG1330,2011.1,233.4,,R,Dollars,6,Electronic Card Transactions (ANZSIC06) - ECT,Private - Values - Electronic card transactions  A/S/T by industry,Seasonally adjusted,Department stores,,,
2258,ECTM.S1SG1330,2011.11,231.8,,R,Dollars,6,Electronic Card Transactions (ANZSIC06) - ECT,Private - Values - Electronic card transactions  A/S/T by industry,Seasonally adjusted,Department stores,,,
2259,ECTM.S1SG1330,2011.12,228.3,,R,Dollars,6,Electronic Card Transactions (ANZSIC06) - ECT,Private - Values - Electronic card transactions  A/S/T by industry,Seasonally adjusted,Department stores,,,
2260,ECTM.S1SG1330,2012.01,231.0,,R,Dollars,6,Electronic Card Transactions (ANZSIC06) - ECT,Private - Values - Electronic card transactions  A/S/T by industry,Seasonally adjusted,Department stores,,,
2261,ECTM.S1SG1330,2012.02,233.3,,R,Dollars,6,Electronic Card Transactions (ANZSIC06) - ECT,Private - Values - Electronic card transactions  A/S/T by industry,Seasonally adjusted,Department stores,,,
2262,ECTM.S1SG1330,2012.03,233.0,,R,Dollars,6,Electronic Card Transactions (ANZSIC06) - ECT,Private - Values - Electronic card transactions  A/S/T by industry,Seasonally adjusted,Department stores,,,
2263,ECTM.S1SG1330,2012.04,229.0,,R,Dollars,6,Electronic Card Transactions (ANZSIC06) - ECT,Private - Values - Electronic card transactions  A/S/T by industry,Seasonally adjusted,Department stores,,,
2264,ECTM.S1SG1330,2012.05,231.9,,R,Dollars,6,Electronic Card Transactions (ANZSIC06) - ECT,Private - Values - Electronic card transactions  A/S/T by industry,Seasonally adjusted,Department stores,,,
2265,ECTM.S1SG1330,2012.06,234.6,,R,Dollars,6,Electronic Card Transactions (ANZSIC06) - ECT,Private - Values - Electronic card transactions  A/S/T by industry,Seasonally adjusted,Department stores,,,
2266,ECTM.S1SG1330,2012.07,235.1,,R,Dollars,6,Electronic Card Transactions (ANZSIC06) - ECT,Private - Values - Electronic card transactions  A/S/T by industry,Seasonally adjusted,Department stores,,,
2267,ECTM.S1SG1330,2012.08,239.3,,R,Dollars,6,Electronic Card Transactions (ANZSIC06) - ECT,Private - Values - Electronic card transactions  A/S/T by industry,Seasonally adjusted,Department stores,,,
2268,ECTM.S1SG1330,2012.09,229.5,,R,Dollars,6,Electronic Card Transactions (ANZSIC06) - ECT,Private - Values - Electronic card transactions  A/S/T by industry,Seasonally adjusted,Department stores,,,
2269,ECTM.S1SG1330,2012.1,234.2,,R,Dollars,6,Electronic Card Transactions (ANZSIC06) - ECT,Private - Values - Electronic card transactions  A/S/T by industry,Seasonally adjusted,Department stores,,,
2270,ECTM.S1SG1330,2012.11,240.2,,R,Dollars,6,Electronic Card Transactions (ANZSIC06) - ECT,Private - Values - Electronic card transactions  A/S/T by industry,Seasonally adjusted,Department stores,,,
2271,ECTM.S1SG1330,2012.12,228.9,,R,Dollars,6,Electronic Card Transactions (ANZSIC06) - ECT,Private - Values - Electronic card transactions  A/S/T by industry,Seasonally adjusted,Department stores,,,
2272,ECTM.S1SG1330,2013.01,230.3,,R,Dollars,6,Electronic Card Transactions (ANZSIC06) - ECT,Private - Values - Electronic card transactions  A/S/T by industry,Seasonally adjusted,Department stores,,,
2273,ECTM.S1SG1330,2013.02,225.3,,R,Dollars,6,Electronic Card Transactions (ANZSIC06) - ECT,Private - Values - Electronic card transactions  A/S/T by industry,Seasonally adjusted,Department stores,,,
2274,ECTM.S1SG1330,2013.03,225.9,,R,Dollars,6,Electronic Card Transactions (ANZSIC06) - ECT,Private - Values - Electronic card transactions  A/S/T by industry,Seasonally adjusted,Department stores,,,
2275,ECTM.S1SG1330,2013.04,230.9,,R,Dollars,6,Electronic Card Transactions (ANZSIC06) - ECT,Private - Values - Electronic card transactions  A/S/T by industry,Seasonally adjusted,Department stores,,,
2276,ECTM.S1SG1330,2013.05,229.7,,R,Dollars,6,Electronic Card Transactions (ANZSIC06) - ECT,Private - Values - Electronic card transactions  A/S/T by industry,Seasonally adjusted,Department stores,,,
2277,ECTM.S1SG1330,2013.06,234.3,,R,Dollars,6,Electronic Card Transactions (ANZSIC06) - ECT,Private - Values - Electronic card transactions  A/S/T by industry,Seasonally adjusted,Department stores,,,
2278,ECTM.S1SG1330,2013.07,223.0,,R,Dollars,6,Electronic Card Transactions (ANZSIC06) - ECT,Private - Values - Electronic card transactions  A/S/T by industry,Seasonally adjusted,Department stores,,,
2279,ECTM.S1SG1330,2013.08,231.8,,R,Dollars,6,Electronic Card Transactions (ANZSIC06) - ECT,Private - Values - Electronic card transactions  A/S/T by industry,Seasonally adjusted,Department stores,,,
2280,ECTM.S1SG1330,2013.09,223.1,,R,Dollars,6,Electronic Card Transactions (ANZSIC06) - ECT,Private - Values - Electronic card transactions  A/S/T by industry,Seasonally adjusted,Department stores,,,
2281,ECTM.S1SG1330,2013.1,234.6,,R,Dollars,6,Electronic Card Transactions (ANZSIC06) - ECT,Private - Values - Electronic card transactions  A/S/T by industry,Seasonally adjusted,Department stores,,,
2282,ECTM.S1SG1330,2013.11,229.4,,R,Dollars,6,Electronic Card Transactions (ANZSIC06) - ECT,Private - Values - Electronic card transactions  A/S/T by industry,Seasonally adjusted,Department stores,,,
2283,ECTM.S1SG1330,2013.12,242.1,,R,Dollars,6,Electronic Card Transactions (ANZSIC06) - ECT,Private - Values - Electronic card transactions  A/S/T by industry,Seasonally adjusted,Department stores,,,
2284,ECTM.S1SG1330,2014.01,234.9,,R,Dollars,6,Electronic Card Transactions (ANZSIC06) - ECT,Private - Values - Electronic card transactions  A/S/T by industry,Seasonally adjusted,Department stores,,,
2285,ECTM.S1SG1330,2014.02,234.0,,R,Dollars,6,Electronic Card Transactions (ANZSIC06) - ECT,Private - Values - Electronic card transactions  A/S/T by industry,Seasonally adjusted,Department stores,,,
2286,ECTM.S1SG1330,2014.03,230.7,,R,Dollars,6,Electronic Card Transactions (ANZSIC06) - ECT,Private - Values - Electronic card transactions  A/S/T by industry,Seasonally adjusted,Department stores,,,
2287,ECTM.S1SG1330,2014.04,237.0,,R,Dollars,6,Electronic Card Transactions (ANZSIC06) - ECT,Private - Values - Electronic card transactions  A/S/T by industry,Seasonally adjusted,Department stores,,,
2288,ECTM.S1SG1330,2014.05,235.2,,R,Dollars,6,Electronic Card Transactions (ANZSIC06) - ECT,Private - Values - Electronic card transactions  A/S/T by industry,Seasonally adjusted,Department stores,,,
2289,ECTM.S1SG1330,2014.06,231.4,,R,Dollars,6,Electronic Card Transactions (ANZSIC06) - ECT,Private - Values - Electronic card transactions  A/S/T by industry,Seasonally adjusted,Department stores,,,
2290,ECTM.S1SG1330,2014.07,237.9,,R,Dollars,6,Electronic Card Transactions (ANZSIC06) - ECT,Private - Values - Electronic card transactions  A/S/T by industry,Seasonally adjusted,Department stores,,,
2291,ECTM.S1SG1330,2014.08,234.0,,R,Dollars,6,Electronic Card Transactions (ANZSIC06) - ECT,Private - Values - Electronic card transactions  A/S/T by industry,Seasonally adjusted,Department stores,,,
2292,ECTM.S1SG1330,2014.09,239.7,,R,Dollars,6,Electronic Card Transactions (ANZSIC06) - ECT,Private - Values - Electronic card transactions  A/S/T by industry,Seasonally adjusted,Department stores,,,
2293,ECTM.S1SG1330,2014.1,238.5,,R,Dollars,6,Electronic Card Transactions (ANZSIC06) - ECT,Private - Values - Electronic card transactions  A/S/T by industry,Seasonally adjusted,Department stores,,,
2294,ECTM.S1SG1330,2014.11,239.6,,R,Dollars,6,Electronic Card Transactions (ANZSIC06) - ECT,Private - Values - Electronic card transactions  A/S/T by industry,Seasonally adjusted,Department stores,,,
2295,ECTM.S1SG1330,2014.12,248.1,,R,Dollars,6,Electronic Card Transactions (ANZSIC06) - ECT,Private - Values - Electronic card transactions  A/S/T by industry,Seasonally adjusted,Department stores,,,
2296,ECTM.S1SG1330,2015.01,247.8,,R,Dollars,6,Electronic Card Transactions (ANZSIC06) - ECT,Private - Values - Electronic card transactions  A/S/T by industry,Seasonally adjusted,Department stores,,,
2297,ECTM.S1SG1330,2015.02,249.2,,R,Dollars,6,Electronic Card Transactions (ANZSIC06) - ECT,Private - Values - Electronic card transactions  A/S/T by industry,Seasonally adjusted,Department stores,,,
2298,ECTM.S1SG1330,2015.03,251.8,,R,Dollars,6,Electronic Card Transactions (ANZSIC06) - ECT,Private - Values - Electronic card transactions  A/S/T by industry,Seasonally adjusted,Department stores,,,
2299,ECTM.S1SG1330,2015.04,249.0,,R,Dollars,6,Electronic Card Transactions (ANZSIC06) - ECT,Private - Values - Electronic card transactions  A/S/T by industry,Seasonally adjusted,Department stores,,,
2300,ECTM.S1SG1330,2015.05,251.3,,R,Dollars,6,Electronic Card Transactions (ANZSIC06) - ECT,Private - Values - Electronic card transactions  A/S/T by industry,Seasonally adjusted,Department stores,,,
2301,ECTM.S1SG1330,2015.06,247.8,,R,Dollars,6,Electronic Card Transactions (ANZSIC06) - ECT,Private - Values - Electronic card transactions  A/S/T by industry,Seasonally adjusted,Department stores,,,
2302,ECTM.S1SG1330,2015.07,252.0,,R,Dollars,6,Electronic Card Transactions (ANZSIC06) - ECT,Private - Values - Electronic card transactions  A/S/T by industry,Seasonally adjusted,Department stores,,,
2303,ECTM.S1SG1330,2015.08,255.1,,R,Dollars,6,Electronic Card Transactions (ANZSIC06) - ECT,Private - Values - Electronic card transactions  A/S/T by industry,Seasonally adjusted,Department stores,,,
2304,ECTM.S1SG1330,2015.09,264.8,,R,Dollars,6,Electronic Card Transactions (ANZSIC06) - ECT,Private - Values - Electronic card transactions  A/S/T by industry,Seasonally adjusted,Department stores,,,
2305,ECTM.S1SG1330,2015.1,258.1,,R,Dollars,6,Electronic Card Transactions (ANZSIC06) - ECT,Private - Values - Electronic card transactions  A/S/T by industry,Seasonally adjusted,Department stores,,,
2306,ECTM.S1SG1330,2015.11,261.1,,R,Dollars,6,Electronic Card Transactions (ANZSIC06) - ECT,Private - Values - Electronic card transactions  A/S/T by industry,Seasonally adjusted,Department stores,,,
2307,ECTM.S1SG1330,2015.12,260.8,,R,Dollars,6,Electronic Card Transactions (ANZSIC06) - ECT,Private - Values - Electronic card transactions  A/S/T by industry,Seasonally adjusted,Department stores,,,
2308,ECTM.S1SG1330,2016.01,258.7,,R,Dollars,6,Electronic Card Transactions (ANZSIC06) - ECT,Private - Values - Electronic card transactions  A/S/T by industry,Seasonally adjusted,Department stores,,,
2309,ECTM.S1SG1330,2016.02,261.0,,R,Dollars,6,Electronic Card Transactions (ANZSIC06) - ECT,Private - Values - Electronic card transactions  A/S/T by industry,Seasonally adjusted,Department stores,,,
2310,ECTM.S1SG1330,2016.03,262.2,,R,Dollars,6,Electronic Card Transactions (ANZSIC06) - ECT,Private - Values - Electronic card transactions  A/S/T by industry,Seasonally adjusted,Department stores,,,
2311,ECTM.S1SG1330,2016.04,252.6,,R,Dollars,6,Electronic Card Transactions (ANZSIC06) - ECT,Private - Values - Electronic card transactions  A/S/T by industry,Seasonally adjusted,Department stores,,,
2312,ECTM.S1SG1330,2016.05,258.9,,R,Dollars,6,Electronic Card Transactions (ANZSIC06) - ECT,Private - Values - Electronic card transactions  A/S/T by industry,Seasonally adjusted,Department stores,,,
2313,ECTM.S1SG1330,2016.06,263.3,,R,Dollars,6,Electronic Card Transactions (ANZSIC06) - ECT,Private - Values - Electronic card transactions  A/S/T by industry,Seasonally adjusted,Department stores,,,
2314,ECTM.S1SG1330,2016.07,257.1,,R,Dollars,6,Electronic Card Transactions (ANZSIC06) - ECT,Private - Values - Electronic card transactions  A/S/T by industry,Seasonally adjusted,Department stores,,,
2315,ECTM.S1SG1330,2016.08,257.3,,R,Dollars,6,Electronic Card Transactions (ANZSIC06) - ECT,Private - Values - Electronic card transactions  A/S/T by industry,Seasonally adjusted,Department stores,,,
2316,ECTM.S1SG1330,2016.09,264.6,,R,Dollars,6,Electronic Card Transactions (ANZSIC06) - ECT,Private - Values - Electronic card transactions  A/S/T by industry,Seasonally adjusted,Department stores,,,
2317,ECTM.S1SG1330,2016.1,252.1,,R,Dollars,6,Electronic Card Transactions (ANZSIC06) - ECT,Private - Values - Electronic card transactions  A/S/T by industry,Seasonally adjusted,Department stores,,,
2318,ECTM.S1SG1330,2016.11,249.8,,R,Dollars,6,Electronic Card Transactions (ANZSIC06) - ECT,Private - Values - Electronic card transactions  A/S/T by industry,Seasonally adjusted,Department stores,,,
2319,ECTM.S1SG1330,2016.12,252.2,,R,Dollars,6,Electronic Card Transactions (ANZSIC06) - ECT,Private - Values - Electronic card transactions  A/S/T by industry,Seasonally adjusted,Department stores,,,
2320,ECTM.S1SG1330,2017.01,288.0,,R,Dollars,6,Electronic Card Transactions (ANZSIC06) - ECT,Private - Values - Electronic card transactions  A/S/T by industry,Seasonally adjusted,Department stores,,,
2321,ECTM.S1SG1330,2017.02,282.1,,R,Dollars,6,Electronic Card Transactions (ANZSIC06) - ECT,Private - Values - Electronic card transactions  A/S/T by industry,Seasonally adjusted,Department stores,,,
2322,ECTM.S1SG1330,2017.03,279.9,,R,Dollars,6,Electronic Card Transactions (ANZSIC06) - ECT,Private - Values - Electronic card transactions  A/S/T by industry,Seasonally adjusted,Department stores,,,
2323,ECTM.S1SG1330,2017.04,289.1,,R,Dollars,6,Electronic Card Transactions (ANZSIC06) - ECT,Private - Values - Electronic card transactions  A/S/T by industry,Seasonally adjusted,Department stores,,,
2324,ECTM.S1SG1330,2017.05,298.6,,R,Dollars,6,Electronic Card Transactions (ANZSIC06) - ECT,Private - Values - Electronic card transactions  A/S/T by industry,Seasonally adjusted,Department stores,,,
2325,ECTM.S1SG1330,2017.06,285.2,,R,Dollars,6,Electronic Card Transactions (ANZSIC06) - ECT,Private - Values - Electronic card transactions  A/S/T by industry,Seasonally adjusted,Department stores,,,
2326,ECTM.S1SG1330,2017.07,292.5,,R,Dollars,6,Electronic Card Transactions (ANZSIC06) - ECT,Private - Values - Electronic card transactions  A/S/T by industry,Seasonally adjusted,Department stores,,,
2327,ECTM.S1SG1330,2017.08,287.4,,R,Dollars,6,Electronic Card Transactions (ANZSIC06) - ECT,Private - Values - Electronic card transactions  A/S/T by industry,Seasonally adjusted,Department stores,,,
2328,ECTM.S1SG1330,2017.09,281.1,,R,Dollars,6,Electronic Card Transactions (ANZSIC06) - ECT,Private - Values - Electronic card transactions  A/S/T by industry,Seasonally adjusted,Department stores,,,
2329,ECTM.S1SG1330,2017.1,290.9,,R,Dollars,6,Electronic Card Transactions (ANZSIC06) - ECT,Private - Values - Electronic card transactions  A/S/T by industry,Seasonally adjusted,Department stores,,,
2330,ECTM.S1SG1330,2017.11,284.5,,R,Dollars,6,Electronic Card Transactions (ANZSIC06) - ECT,Private - Values - Electronic card transactions  A/S/T by industry,Seasonally adjusted,Department stores,,,
2331,ECTM.S1SG1330,2017.12,282.0,,R,Dollars,6,Electronic Card Transactions (ANZSIC06) - ECT,Private - Values - Electronic card transactions  A/S/T by industry,Seasonally adjusted,Department stores,,,
2332,ECTM.S1SG1330,2018.01,276.8,,R,Dollars,6,Electronic Card Transactions (ANZSIC06) - ECT,Private - Values - Electronic card transactions  A/S/T by industry,Seasonally adjusted,Department stores,,,
2333,ECTM.S1SG1330,2018.02,274.2,,R,Dollars,6,Electronic Card Transactions (ANZSIC06) - ECT,Private - Values - Electronic card transactions  A/S/T by industry,Seasonally adjusted,Department stores,,,
2334,ECTM.S1SG1330,2018.03,285.5,,R,Dollars,6,Electronic Card Transactions (ANZSIC06) - ECT,Private - Values - Electronic card transactions  A/S/T by industry,Seasonally adjusted,Department stores,,,
2335,ECTM.S1SG1330,2018.04,282.4,,R,Dollars,6,Electronic Card Transactions (ANZSIC06) - ECT,Private - Values - Electronic card transactions  A/S/T by industry,Seasonally adjusted,Department stores,,,
2336,ECTM.S1SG1330,2018.05,284.0,,R,Dollars,6,Electronic Card Transactions (ANZSIC06) - ECT,Private - Values - Electronic card transactions  A/S/T by industry,Seasonally adjusted,Department stores,,,
2337,ECTM.S1SG1330,2018.06,292.2,,R,Dollars,6,Electronic Card Transactions (ANZSIC06) - ECT,Private - Values - Electronic card transactions  A/S/T by industry,Seasonally adjusted,Department stores,,,
2338,ECTM.S1SG1330,2018.07,292.9,,R,Dollars,6,Electronic Card Transactions (ANZSIC06) - ECT,Private - Values - Electronic card transactions  A/S/T by industry,Seasonally adjusted,Department stores,,,
2339,ECTM.S1SG1330,2018.08,297.4,,R,Dollars,6,Electronic Card Transactions (ANZSIC06) - ECT,Private - Values - Electronic card transactions  A/S/T by industry,Seasonally adjusted,Department stores,,,
2340,ECTM.S1SG1330,2018.09,302.0,,R,Dollars,6,Electronic Card Transactions (ANZSIC06) - ECT,Private - Values - Electronic card transactions  A/S/T by industry,Seasonally adjusted,Department stores,,,
2341,ECTM.S1SG1330,2018.1,301.5,,R,Dollars,6,Electronic Card Transactions (ANZSIC06) - ECT,Private - Values - Electronic card transactions  A/S/T by industry,Seasonally adjusted,Department stores,,,
2342,ECTM.S1SG1330,2018.11,303.7,,R,Dollars,6,Electronic Card Transactions (ANZSIC06) - ECT,Private - Values - Electronic card transactions  A/S/T by industry,Seasonally adjusted,Department stores,,,
2343,ECTM.S1SG1330,2018.12,299.1,,R,Dollars,6,Electronic Card Transactions (ANZSIC06) - ECT,Private - Values - Electronic card transactions  A/S/T by industry,Seasonally adjusted,Department stores,,,
2344,ECTM.S1SG1330,2019.01,310.5,,R,Dollars,6,Electronic Card Transactions (ANZSIC06) - ECT,Private - Values - Electronic card transactions  A/S/T by industry,Seasonally adjusted,Department stores,,,
2345,ECTM.S1SG1330,2019.02,305.2,,R,Dollars,6,Electronic Card Transactions (ANZSIC06) - ECT,Private - Values - Electronic card transactions  A/S/T by industry,Seasonally adjusted,Department stores,,,
2346,ECTM.S1SG1330,2019.03,292.5,,R,Dollars,6,Electronic Card Transactions (ANZSIC06) - ECT,Private - Values - Electronic card transactions  A/S/T by industry,Seasonally adjusted,Department stores,,,
2347,ECTM.S1SG1330,2019.04,313.8,,R,Dollars,6,Electronic Card Transactions (ANZSIC06) - ECT,Private - Values - Electronic card transactions  A/S/T by industry,Seasonally adjusted,Department stores,,,
2348,ECTM.S1SG1330,2019.05,302.6,,R,Dollars,6,Electronic Card Transactions (ANZSIC06) - ECT,Private - Values - Electronic card transactions  A/S/T by industry,Seasonally adjusted,Department stores,,,
2349,ECTM.S1SG1330,2019.06,314.6,,R,Dollars,6,Electronic Card Transactions (ANZSIC06) - ECT,Private - Values - Electronic card transactions  A/S/T by industry,Seasonally adjusted,Department stores,,,
2350,ECTM.S1SG1330,2019.07,316.2,,R,Dollars,6,Electronic Card Transactions (ANZSIC06) - ECT,Private - Values - Electronic card transactions  A/S/T by industry,Seasonally adjusted,Department stores,,,
2351,ECTM.S1SG1330,2019.08,321.7,,R,Dollars,6,Electronic Card Transactions (ANZSIC06) - ECT,Private - Values - Electronic card transactions  A/S/T by industry,Seasonally adjusted,Department stores,,,
2352,ECTM.S1SG1330,2019.09,318.7,,R,Dollars,6,Electronic Card Transactions (ANZSIC06) - ECT,Private - Values - Electronic card transactions  A/S/T by industry,Seasonally adjusted,Department stores,,,
2353,ECTM.S1SG1330,2019.1,324.4,,R,Dollars,6,Electronic Card Transactions (ANZSIC06) - ECT,Private - Values - Electronic card transactions  A/S/T by industry,Seasonally adjusted,Department stores,,,
2354,ECTM.S1SG1330,2019.11,329.0,,R,Dollars,6,Electronic Card Transactions (ANZSIC06) - ECT,Private - Values - Electronic card transactions  A/S/T by industry,Seasonally adjusted,Department stores,,,
2355,ECTM.S1SG1330,2019.12,321.6,,R,Dollars,6,Electronic Card Transactions (ANZSIC06) - ECT,Private - Values - Electronic card transactions  A/S/T by industry,Seasonally adjusted,Department stores,,,
2356,ECTM.S1SG1330,2020.01,321.5,,R,Dollars,6,Electronic Card Transactions (ANZSIC06) - ECT,Private - Values - Electronic card transactions  A/S/T by industry,Seasonally adjusted,Department stores,,,
2357,ECTM.S1SG1330,2020.02,332.3,,R,Dollars,6,Electronic Card Transactions (ANZSIC06) - ECT,Private - Values - Electronic card transactions  A/S/T by industry,Seasonally adjusted,Department stores,,,
2358,ECTM.S1SG1330,2020.03,298.0,,R,Dollars,6,Electronic Card Transactions (ANZSIC06) - ECT,Private - Values - Electronic card transactions  A/S/T by industry,Seasonally adjusted,Department stores,,,
2359,ECTM.S1SG1330,2020.04,98.2,,R,Dollars,6,Electronic Card Transactions (ANZSIC06) - ECT,Private - Values - Electronic card transactions  A/S/T by industry,Seasonally adjusted,Department stores,,,
2360,ECTM.S1SG1330,2020.05,332.9,,R,Dollars,6,Electronic Card Transactions (ANZSIC06) - ECT,Private - Values - Electronic card transactions  A/S/T by industry,Seasonally adjusted,Department stores,,,
2361,ECTM.S1SG1330,2020.06,384.1,,R,Dollars,6,Electronic Card Transactions (ANZSIC06) - ECT,Private - Values - Electronic card transactions  A/S/T by industry,Seasonally adjusted,Department stores,,,
2362,ECTM.S1SG1330,2020.07,354.6,,F,Dollars,6,Electronic Card Transactions (ANZSIC06) - ECT,Private - Values - Electronic card transactions  A/S/T by industry,Seasonally adjusted,Department stores,,,
2363,ECTM.S1AG1340,2000.01,16.9,,C,Dollars,6,Electronic Card Transactions (ANZSIC06) - ECT,Private - Values - Electronic card transactions  A/S/T by industry,Actual,Pharmaceutical and other store-based retailing,,,
2364,ECTM.S1AG1340,2000.02,18.5,,C,Dollars,6,Electronic Card Transactions (ANZSIC06) - ECT,Private - Values - Electronic card transactions  A/S/T by industry,Actual,Pharmaceutical and other store-based retailing,,,
2365,ECTM.S1AG1340,2000.03,20.6,,C,Dollars,6,Electronic Card Transactions (ANZSIC06) - ECT,Private - Values - Electronic card transactions  A/S/T by industry,Actual,Pharmaceutical and other store-based retailing,,,
2366,ECTM.S1AG1340,2000.04,19.1,,C,Dollars,6,Electronic Card Transactions (ANZSIC06) - ECT,Private - Values - Electronic card transactions  A/S/T by industry,Actual,Pharmaceutical and other store-based retailing,,,
2367,ECTM.S1AG1340,2000.05,19.7,,C,Dollars,6,Electronic Card Transactions (ANZSIC06) - ECT,Private - Values - Electronic card transactions  A/S/T by industry,Actual,Pharmaceutical and other store-based retailing,,,
2368,ECTM.S1AG1340,2000.06,18.5,,C,Dollars,6,Electronic Card Transactions (ANZSIC06) - ECT,Private - Values - Electronic card transactions  A/S/T by industry,Actual,Pharmaceutical and other store-based retailing,,,
2369,ECTM.S1AG1340,2000.07,18.2,,C,Dollars,6,Electronic Card Transactions (ANZSIC06) - ECT,Private - Values - Electronic card transactions  A/S/T by industry,Actual,Pharmaceutical and other store-based retailing,,,
2370,ECTM.S1AG1340,2000.08,20.3,,C,Dollars,6,Electronic Card Transactions (ANZSIC06) - ECT,Private - Values - Electronic card transactions  A/S/T by industry,Actual,Pharmaceutical and other store-based retailing,,,
2371,ECTM.S1AG1340,2000.09,19.7,,C,Dollars,6,Electronic Card Transactions (ANZSIC06) - ECT,Private - Values - Electronic card transactions  A/S/T by industry,Actual,Pharmaceutical and other store-based retailing,,,
2372,ECTM.S1AG1340,2000.1,21.9,,C,Dollars,6,Electronic Card Transactions (ANZSIC06) - ECT,Private - Values - Electronic card transactions  A/S/T by industry,Actual,Pharmaceutical and other store-based retailing,,,
2373,ECTM.S1AG1340,2000.11,26.3,,C,Dollars,6,Electronic Card Transactions (ANZSIC06) - ECT,Private - Values - Electronic card transactions  A/S/T by industry,Actual,Pharmaceutical and other store-based retailing,,,
2374,ECTM.S1AG1340,2000.12,38.0,,C,Dollars,6,Electronic Card Transactions (ANZSIC06) - ECT,Private - Values - Electronic card transactions  A/S/T by industry,Actual,Pharmaceutical and other store-based retailing,,,
2375,ECTM.S1AG1340,2001.01,24.7,,C,Dollars,6,Electronic Card Transactions (ANZSIC06) - ECT,Private - Values - Electronic card transactions  A/S/T by industry,Actual,Pharmaceutical and other store-based retailing,,,
2376,ECTM.S1AG1340,2001.02,23.6,,C,Dollars,6,Electronic Card Transactions (ANZSIC06) - ECT,Private - Values - Electronic card transactions  A/S/T by industry,Actual,Pharmaceutical and other store-based retailing,,,
2377,ECTM.S1AG1340,2001.03,29.7,,C,Dollars,6,Electronic Card Transactions (ANZSIC06) - ECT,Private - Values - Electronic card transactions  A/S/T by industry,Actual,Pharmaceutical and other store-based retailing,,,
2378,ECTM.S1AG1340,2001.04,29.4,,C,Dollars,6,Electronic Card Transactions (ANZSIC06) - ECT,Private - Values - Electronic card transactions  A/S/T by industry,Actual,Pharmaceutical and other store-based retailing,,,
2379,ECTM.S1AG1340,2001.05,29.1,,C,Dollars,6,Electronic Card Transactions (ANZSIC06) - ECT,Private - Values - Electronic card transactions  A/S/T by industry,Actual,Pharmaceutical and other store-based retailing,,,
2380,ECTM.S1AG1340,2001.06,28.3,,C,Dollars,6,Electronic Card Transactions (ANZSIC06) - ECT,Private - Values - Electronic card transactions  A/S/T by industry,Actual,Pharmaceutical and other store-based retailing,,,
2381,ECTM.S1AG1340,2001.07,28.2,,C,Dollars,6,Electronic Card Transactions (ANZSIC06) - ECT,Private - Values - Electronic card transactions  A/S/T by industry,Actual,Pharmaceutical and other store-based retailing,,,
2382,ECTM.S1AG1340,2001.08,133.2,,C,Dollars,6,Electronic Card Transactions (ANZSIC06) - ECT,Private - Values - Electronic card transactions  A/S/T by industry,Actual,Pharmaceutical and other store-based retailing,,,
2383,ECTM.S1AG1340,2001.09,123.3,,C,Dollars,6,Electronic Card Transactions (ANZSIC06) - ECT,Private - Values - Electronic card transactions  A/S/T by industry,Actual,Pharmaceutical and other store-based retailing,,,
2384,ECTM.S1AG1340,2001.1,128.4,,C,Dollars,6,Electronic Card Transactions (ANZSIC06) - ECT,Private - Values - Electronic card transactions  A/S/T by industry,Actual,Pharmaceutical and other store-based retailing,,,
2385,ECTM.S1AG1340,2001.11,139.1,,C,Dollars,6,Electronic Card Transactions (ANZSIC06) - ECT,Private - Values - Electronic card transactions  A/S/T by industry,Actual,Pharmaceutical and other store-based retailing,,,
2386,ECTM.S1AG1340,2001.12,193.7,,C,Dollars,6,Electronic Card Transactions (ANZSIC06) - ECT,Private - Values - Electronic card transactions  A/S/T by industry,Actual,Pharmaceutical and other store-based retailing,,,
2387,ECTM.S1AG1340,2002.01,131.7,,C,Dollars,6,Electronic Card Transactions (ANZSIC06) - ECT,Private - Values - Electronic card transactions  A/S/T by industry,Actual,Pharmaceutical and other store-based retailing,,,
2388,ECTM.S1AG1340,2002.02,129.3,,C,Dollars,6,Electronic Card Transactions (ANZSIC06) - ECT,Private - Values - Electronic card transactions  A/S/T by industry,Actual,Pharmaceutical and other store-based retailing,,,
2389,ECTM.S1AG1340,2002.03,137.3,,C,Dollars,6,Electronic Card Transactions (ANZSIC06) - ECT,Private - Values - Electronic card transactions  A/S/T by industry,Actual,Pharmaceutical and other store-based retailing,,,
2390,ECTM.S1AG1340,2002.04,129.3,,C,Dollars,6,Electronic Card Transactions (ANZSIC06) - ECT,Private - Values - Electronic card transactions  A/S/T by industry,Actual,Pharmaceutical and other store-based retailing,,,
2391,ECTM.S1AG1340,2002.05,134.0,,C,Dollars,6,Electronic Card Transactions (ANZSIC06) - ECT,Private - Values - Electronic card transactions  A/S/T by industry,Actual,Pharmaceutical and other store-based retailing,,,
2392,ECTM.S1AG1340,2002.06,128.3,,C,Dollars,6,Electronic Card Transactions (ANZSIC06) - ECT,Private - Values - Electronic card transactions  A/S/T by industry,Actual,Pharmaceutical and other store-based retailing,,,
2393,ECTM.S1AG1340,2002.07,140.2,,C,Dollars,6,Electronic Card Transactions (ANZSIC06) - ECT,Private - Values - Electronic card transactions  A/S/T by industry,Actual,Pharmaceutical and other store-based retailing,,,
2394,ECTM.S1AG1340,2002.08,31.4,,C,Dollars,6,Electronic Card Transactions (ANZSIC06) - ECT,Private - Values - Electronic card transactions  A/S/T by industry,Actual,Pharmaceutical and other store-based retailing,,,
2395,ECTM.S1AG1340,2002.09,32.5,,C,Dollars,6,Electronic Card Transactions (ANZSIC06) - ECT,Private - Values - Electronic card transactions  A/S/T by industry,Actual,Pharmaceutical and other store-based retailing,,,
2396,ECTM.S1AG1340,2002.1,159.6,,F,Dollars,6,Electronic Card Transactions (ANZSIC06) - ECT,Private - Values - Electronic card transactions  A/S/T by industry,Actual,Pharmaceutical and other store-based retailing,,,
2397,ECTM.S1AG1340,2002.11,161.2,,F,Dollars,6,Electronic Card Transactions (ANZSIC06) - ECT,Private - Values - Electronic card transactions  A/S/T by industry,Actual,Pharmaceutical and other store-based retailing,,,
2398,ECTM.S1AG1340,2002.12,216.4,,F,Dollars,6,Electronic Card Transactions (ANZSIC06) - ECT,Private - Values - Electronic card transactions  A/S/T by industry,Actual,Pharmaceutical and other store-based retailing,,,
2399,ECTM.S1AG1340,2003.01,141.6,,F,Dollars,6,Electronic Card Transactions (ANZSIC06) - ECT,Private - Values - Electronic card transactions  A/S/T by industry,Actual,Pharmaceutical and other store-based retailing,,,
2400,ECTM.S1AG1340,2003.02,141.2,,F,Dollars,6,Electronic Card Transactions (ANZSIC06) - ECT,Private - Values - Electronic card transactions  A/S/T by industry,Actual,Pharmaceutical and other store-based retailing,,,
2401,ECTM.S1AG1340,2003.03,147.4,,F,Dollars,6,Electronic Card Transactions (ANZSIC06) - ECT,Private - Values - Electronic card transactions  A/S/T by industry,Actual,Pharmaceutical and other store-based retailing,,,
2402,ECTM.S1AG1340,2003.04,140.0,,F,Dollars,6,Electronic Card Transactions (ANZSIC06) - ECT,Private - Values - Electronic card transactions  A/S/T by industry,Actual,Pharmaceutical and other store-based retailing,,,
2403,ECTM.S1AG1340,2003.05,147.2,,F,Dollars,6,Electronic Card Transactions (ANZSIC06) - ECT,Private - Values - Electronic card transactions  A/S/T by industry,Actual,Pharmaceutical and other store-based retailing,,,
2404,ECTM.S1AG1340,2003.06,133.9,,F,Dollars,6,Electronic Card Transactions (ANZSIC06) - ECT,Private - Values - Electronic card transactions  A/S/T by industry,Actual,Pharmaceutical and other store-based retailing,,,
2405,ECTM.S1AG1340,2003.07,148.8,,F,Dollars,6,Electronic Card Transactions (ANZSIC06) - ECT,Private - Values - Electronic card transactions  A/S/T by industry,Actual,Pharmaceutical and other store-based retailing,,,
2406,ECTM.S1AG1340,2003.08,148.0,,F,Dollars,6,Electronic Card Transactions (ANZSIC06) - ECT,Private - Values - Electronic card transactions  A/S/T by industry,Actual,Pharmaceutical and other store-based retailing,,,
2407,ECTM.S1AG1340,2003.09,145.9,,F,Dollars,6,Electronic Card Transactions (ANZSIC06) - ECT,Private - Values - Electronic card transactions  A/S/T by industry,Actual,Pharmaceutical and other store-based retailing,,,
2408,ECTM.S1AG1340,2003.1,159.4,,F,Dollars,6,Electronic Card Transactions (ANZSIC06) - ECT,Private - Values - Electronic card transactions  A/S/T by industry,Actual,Pharmaceutical and other store-based retailing,,,
2409,ECTM.S1AG1340,2003.11,170.2,,F,Dollars,6,Electronic Card Transactions (ANZSIC06) - ECT,Private - Values - Electronic card transactions  A/S/T by industry,Actual,Pharmaceutical and other store-based retailing,,,
2410,ECTM.S1AG1340,2003.12,232.6,,F,Dollars,6,Electronic Card Transactions (ANZSIC06) - ECT,Private - Values - Electronic card transactions  A/S/T by industry,Actual,Pharmaceutical and other store-based retailing,,,
2411,ECTM.S1AG1340,2004.01,152.4,,F,Dollars,6,Electronic Card Transactions (ANZSIC06) - ECT,Private - Values - Electronic card transactions  A/S/T by industry,Actual,Pharmaceutical and other store-based retailing,,,
2412,ECTM.S1AG1340,2004.02,149.6,,F,Dollars,6,Electronic Card Transactions (ANZSIC06) - ECT,Private - Values - Electronic card transactions  A/S/T by industry,Actual,Pharmaceutical and other store-based retailing,,,
2413,ECTM.S1AG1340,2004.03,162.7,,F,Dollars,6,Electronic Card Transactions (ANZSIC06) - ECT,Private - Values - Electronic card transactions  A/S/T by industry,Actual,Pharmaceutical and other store-based retailing,,,
2414,ECTM.S1AG1340,2004.04,152.9,,F,Dollars,6,Electronic Card Transactions (ANZSIC06) - ECT,Private - Values - Electronic card transactions  A/S/T by industry,Actual,Pharmaceutical and other store-based retailing,,,
2415,ECTM.S1AG1340,2004.05,156.8,,F,Dollars,6,Electronic Card Transactions (ANZSIC06) - ECT,Private - Values - Electronic card transactions  A/S/T by industry,Actual,Pharmaceutical and other store-based retailing,,,
2416,ECTM.S1AG1340,2004.06,149.3,,F,Dollars,6,Electronic Card Transactions (ANZSIC06) - ECT,Private - Values - Electronic card transactions  A/S/T by industry,Actual,Pharmaceutical and other store-based retailing,,,
2417,ECTM.S1AG1340,2004.07,160.3,,F,Dollars,6,Electronic Card Transactions (ANZSIC06) - ECT,Private - Values - Electronic card transactions  A/S/T by industry,Actual,Pharmaceutical and other store-based retailing,,,
2418,ECTM.S1AG1340,2004.08,157.8,,F,Dollars,6,Electronic Card Transactions (ANZSIC06) - ECT,Private - Values - Electronic card transactions  A/S/T by industry,Actual,Pharmaceutical and other store-based retailing,,,
2419,ECTM.S1AG1340,2004.09,159.7,,F,Dollars,6,Electronic Card Transactions (ANZSIC06) - ECT,Private - Values - Electronic card transactions  A/S/T by industry,Actual,Pharmaceutical and other store-based retailing,,,
2420,ECTM.S1AG1340,2004.1,162.4,,F,Dollars,6,Electronic Card Transactions (ANZSIC06) - ECT,Private - Values - Electronic card transactions  A/S/T by industry,Actual,Pharmaceutical and other store-based retailing,,,
2421,ECTM.S1AG1340,2004.11,179.4,,F,Dollars,6,Electronic Card Transactions (ANZSIC06) - ECT,Private - Values - Electronic card transactions  A/S/T by industry,Actual,Pharmaceutical and other store-based retailing,,,
2422,ECTM.S1AG1340,2004.12,243.8,,F,Dollars,6,Electronic Card Transactions (ANZSIC06) - ECT,Private - Values - Electronic card transactions  A/S/T by industry,Actual,Pharmaceutical and other store-based retailing,,,
2423,ECTM.S1AG1340,2005.01,150.7,,F,Dollars,6,Electronic Card Transactions (ANZSIC06) - ECT,Private - Values - Electronic card transactions  A/S/T by industry,Actual,Pharmaceutical and other store-based retailing,,,
2424,ECTM.S1AG1340,2005.02,157.8,,F,Dollars,6,Electronic Card Transactions (ANZSIC06) - ECT,Private - Values - Electronic card transactions  A/S/T by industry,Actual,Pharmaceutical and other store-based retailing,,,
2425,ECTM.S1AG1340,2005.03,164.2,,F,Dollars,6,Electronic Card Transactions (ANZSIC06) - ECT,Private - Values - Electronic card transactions  A/S/T by industry,Actual,Pharmaceutical and other store-based retailing,,,
2426,ECTM.S1AG1340,2005.04,161.1,,F,Dollars,6,Electronic Card Transactions (ANZSIC06) - ECT,Private - Values - Electronic card transactions  A/S/T by industry,Actual,Pharmaceutical and other store-based retailing,,,
2427,ECTM.S1AG1340,2005.05,160.3,,F,Dollars,6,Electronic Card Transactions (ANZSIC06) - ECT,Private - Values - Electronic card transactions  A/S/T by industry,Actual,Pharmaceutical and other store-based retailing,,,
2428,ECTM.S1AG1340,2005.06,153.9,,F,Dollars,6,Electronic Card Transactions (ANZSIC06) - ECT,Private - Values - Electronic card transactions  A/S/T by industry,Actual,Pharmaceutical and other store-based retailing,,,
2429,ECTM.S1AG1340,2005.07,162.8,,F,Dollars,6,Electronic Card Transactions (ANZSIC06) - ECT,Private - Values - Electronic card transactions  A/S/T by industry,Actual,Pharmaceutical and other store-based retailing,,,
2430,ECTM.S1AG1340,2005.08,165.6,,F,Dollars,6,Electronic Card Transactions (ANZSIC06) - ECT,Private - Values - Electronic card transactions  A/S/T by industry,Actual,Pharmaceutical and other store-based retailing,,,
2431,ECTM.S1AG1340,2005.09,161.5,,F,Dollars,6,Electronic Card Transactions (ANZSIC06) - ECT,Private - Values - Electronic card transactions  A/S/T by industry,Actual,Pharmaceutical and other store-based retailing,,,
2432,ECTM.S1AG1340,2005.1,167.8,,F,Dollars,6,Electronic Card Transactions (ANZSIC06) - ECT,Private - Values - Electronic card transactions  A/S/T by industry,Actual,Pharmaceutical and other store-based retailing,,,
2433,ECTM.S1AG1340,2005.11,185.4,,F,Dollars,6,Electronic Card Transactions (ANZSIC06) - ECT,Private - Values - Electronic card transactions  A/S/T by industry,Actual,Pharmaceutical and other store-based retailing,,,
2434,ECTM.S1AG1340,2005.12,244.0,,F,Dollars,6,Electronic Card Transactions (ANZSIC06) - ECT,Private - Values - Electronic card transactions  A/S/T by industry,Actual,Pharmaceutical and other store-based retailing,,,
2435,ECTM.S1AG1340,2006.01,158.5,,F,Dollars,6,Electronic Card Transactions (ANZSIC06) - ECT,Private - Values - Electronic card transactions  A/S/T by industry,Actual,Pharmaceutical and other store-based retailing,,,
2436,ECTM.S1AG1340,2006.02,156.7,,F,Dollars,6,Electronic Card Transactions (ANZSIC06) - ECT,Private - Values - Electronic card transactions  A/S/T by industry,Actual,Pharmaceutical and other store-based retailing,,,
2437,ECTM.S1AG1340,2006.03,177.8,,F,Dollars,6,Electronic Card Transactions (ANZSIC06) - ECT,Private - Values - Electronic card transactions  A/S/T by industry,Actual,Pharmaceutical and other store-based retailing,,,
2438,ECTM.S1AG1340,2006.04,162.9,,F,Dollars,6,Electronic Card Transactions (ANZSIC06) - ECT,Private - Values - Electronic card transactions  A/S/T by industry,Actual,Pharmaceutical and other store-based retailing,,,
2439,ECTM.S1AG1340,2006.05,173.6,,F,Dollars,6,Electronic Card Transactions (ANZSIC06) - ECT,Private - Values - Electronic card transactions  A/S/T by industry,Actual,Pharmaceutical and other store-based retailing,,,
2440,ECTM.S1AG1340,2006.06,160.9,,F,Dollars,6,Electronic Card Transactions (ANZSIC06) - ECT,Private - Values - Electronic card transactions  A/S/T by industry,Actual,Pharmaceutical and other store-based retailing,,,
2441,ECTM.S1AG1340,2006.07,171.0,,F,Dollars,6,Electronic Card Transactions (ANZSIC06) - ECT,Private - Values - Electronic card transactions  A/S/T by industry,Actual,Pharmaceutical and other store-based retailing,,,
2442,ECTM.S1AG1340,2006.08,174.4,,F,Dollars,6,Electronic Card Transactions (ANZSIC06) - ECT,Private - Values - Electronic card transactions  A/S/T by industry,Actual,Pharmaceutical and other store-based retailing,,,
2443,ECTM.S1AG1340,2006.09,173.9,,F,Dollars,6,Electronic Card Transactions (ANZSIC06) - ECT,Private - Values - Electronic card transactions  A/S/T by industry,Actual,Pharmaceutical and other store-based retailing,,,
2444,ECTM.S1AG1340,2006.1,175.9,,F,Dollars,6,Electronic Card Transactions (ANZSIC06) - ECT,Private - Values - Electronic card transactions  A/S/T by industry,Actual,Pharmaceutical and other store-based retailing,,,
2445,ECTM.S1AG1340,2006.11,195.8,,F,Dollars,6,Electronic Card Transactions (ANZSIC06) - ECT,Private - Values - Electronic card transactions  A/S/T by industry,Actual,Pharmaceutical and other store-based retailing,,,
2446,ECTM.S1AG1340,2006.12,267.4,,F,Dollars,6,Electronic Card Transactions (ANZSIC06) - ECT,Private - Values - Electronic card transactions  A/S/T by industry,Actual,Pharmaceutical and other store-based retailing,,,
2447,ECTM.S1AG1340,2007.01,171.9,,F,Dollars,6,Electronic Card Transactions (ANZSIC06) - ECT,Private - Values - Electronic card transactions  A/S/T by industry,Actual,Pharmaceutical and other store-based retailing,,,
2448,ECTM.S1AG1340,2007.02,169.7,,F,Dollars,6,Electronic Card Transactions (ANZSIC06) - ECT,Private - Values - Electronic card transactions  A/S/T by industry,Actual,Pharmaceutical and other store-based retailing,,,
2449,ECTM.S1AG1340,2007.03,184.1,,F,Dollars,6,Electronic Card Transactions (ANZSIC06) - ECT,Private - Values - Electronic card transactions  A/S/T by industry,Actual,Pharmaceutical and other store-based retailing,,,
2450,ECTM.S1AG1340,2007.04,166.8,,F,Dollars,6,Electronic Card Transactions (ANZSIC06) - ECT,Private - Values - Electronic card transactions  A/S/T by industry,Actual,Pharmaceutical and other store-based retailing,,,
2451,ECTM.S1AG1340,2007.05,179.6,,F,Dollars,6,Electronic Card Transactions (ANZSIC06) - ECT,Private - Values - Electronic card transactions  A/S/T by industry,Actual,Pharmaceutical and other store-based retailing,,,
2452,ECTM.S1AG1340,2007.06,167.1,,F,Dollars,6,Electronic Card Transactions (ANZSIC06) - ECT,Private - Values - Electronic card transactions  A/S/T by industry,Actual,Pharmaceutical and other store-based retailing,,,
2453,ECTM.S1AG1340,2007.07,171.1,,F,Dollars,6,Electronic Card Transactions (ANZSIC06) - ECT,Private - Values - Electronic card transactions  A/S/T by industry,Actual,Pharmaceutical and other store-based retailing,,,
2454,ECTM.S1AG1340,2007.08,179.8,,F,Dollars,6,Electronic Card Transactions (ANZSIC06) - ECT,Private - Values - Electronic card transactions  A/S/T by industry,Actual,Pharmaceutical and other store-based retailing,,,
2455,ECTM.S1AG1340,2007.09,172.5,,F,Dollars,6,Electronic Card Transactions (ANZSIC06) - ECT,Private - Values - Electronic card transactions  A/S/T by industry,Actual,Pharmaceutical and other store-based retailing,,,
2456,ECTM.S1AG1340,2007.1,185.6,,F,Dollars,6,Electronic Card Transactions (ANZSIC06) - ECT,Private - Values - Electronic card transactions  A/S/T by industry,Actual,Pharmaceutical and other store-based retailing,,,
2457,ECTM.S1AG1340,2007.11,204.5,,F,Dollars,6,Electronic Card Transactions (ANZSIC06) - ECT,Private - Values - Electronic card transactions  A/S/T by industry,Actual,Pharmaceutical and other store-based retailing,,,
2458,ECTM.S1AG1340,2007.12,269.1,,F,Dollars,6,Electronic Card Transactions (ANZSIC06) - ECT,Private - Values - Electronic card transactions  A/S/T by industry,Actual,Pharmaceutical and other store-based retailing,,,
2459,ECTM.S1AG1340,2008.01,173.6,,F,Dollars,6,Electronic Card Transactions (ANZSIC06) - ECT,Private - Values - Electronic card transactions  A/S/T by industry,Actual,Pharmaceutical and other store-based retailing,,,
2460,ECTM.S1AG1340,2008.02,178.0,,F,Dollars,6,Electronic Card Transactions (ANZSIC06) - ECT,Private - Values - Electronic card transactions  A/S/T by industry,Actual,Pharmaceutical and other store-based retailing,,,
2461,ECTM.S1AG1340,2008.03,176.9,,F,Dollars,6,Electronic Card Transactions (ANZSIC06) - ECT,Private - Values - Electronic card transactions  A/S/T by industry,Actual,Pharmaceutical and other store-based retailing,,,
2462,ECTM.S1AG1340,2008.04,172.9,,F,Dollars,6,Electronic Card Transactions (ANZSIC06) - ECT,Private - Values - Electronic card transactions  A/S/T by industry,Actual,Pharmaceutical and other store-based retailing,,,
2463,ECTM.S1AG1340,2008.05,179.9,,F,Dollars,6,Electronic Card Transactions (ANZSIC06) - ECT,Private - Values - Electronic card transactions  A/S/T by industry,Actual,Pharmaceutical and other store-based retailing,,,
2464,ECTM.S1AG1340,2008.06,161.0,,F,Dollars,6,Electronic Card Transactions (ANZSIC06) - ECT,Private - Values - Electronic card transactions  A/S/T by industry,Actual,Pharmaceutical and other store-based retailing,,,
2465,ECTM.S1AG1340,2008.07,174.6,,F,Dollars,6,Electronic Card Transactions (ANZSIC06) - ECT,Private - Values - Electronic card transactions  A/S/T by industry,Actual,Pharmaceutical and other store-based retailing,,,
2466,ECTM.S1AG1340,2008.08,176.6,,F,Dollars,6,Electronic Card Transactions (ANZSIC06) - ECT,Private - Values - Electronic card transactions  A/S/T by industry,Actual,Pharmaceutical and other store-based retailing,,,
2467,ECTM.S1AG1340,2008.09,172.4,,F,Dollars,6,Electronic Card Transactions (ANZSIC06) - ECT,Private - Values - Electronic card transactions  A/S/T by industry,Actual,Pharmaceutical and other store-based retailing,,,
2468,ECTM.S1AG1340,2008.1,184.2,,F,Dollars,6,Electronic Card Transactions (ANZSIC06) - ECT,Private - Values - Electronic card transactions  A/S/T by industry,Actual,Pharmaceutical and other store-based retailing,,,
2469,ECTM.S1AG1340,2008.11,196.4,,F,Dollars,6,Electronic Card Transactions (ANZSIC06) - ECT,Private - Values - Electronic card transactions  A/S/T by industry,Actual,Pharmaceutical and other store-based retailing,,,
2470,ECTM.S1AG1340,2008.12,276.6,,F,Dollars,6,Electronic Card Transactions (ANZSIC06) - ECT,Private - Values - Electronic card transactions  A/S/T by industry,Actual,Pharmaceutical and other store-based retailing,,,
2471,ECTM.S1AG1340,2009.01,179.1,,F,Dollars,6,Electronic Card Transactions (ANZSIC06) - ECT,Private - Values - Electronic card transactions  A/S/T by industry,Actual,Pharmaceutical and other store-based retailing,,,
2472,ECTM.S1AG1340,2009.02,174.6,,F,Dollars,6,Electronic Card Transactions (ANZSIC06) - ECT,Private - Values - Electronic card transactions  A/S/T by industry,Actual,Pharmaceutical and other store-based retailing,,,
2473,ECTM.S1AG1340,2009.03,184.3,,F,Dollars,6,Electronic Card Transactions (ANZSIC06) - ECT,Private - Values - Electronic card transactions  A/S/T by industry,Actual,Pharmaceutical and other store-based retailing,,,
2474,ECTM.S1AG1340,2009.04,173.8,,F,Dollars,6,Electronic Card Transactions (ANZSIC06) - ECT,Private - Values - Electronic card transactions  A/S/T by industry,Actual,Pharmaceutical and other store-based retailing,,,
2475,ECTM.S1AG1340,2009.05,179.3,,F,Dollars,6,Electronic Card Transactions (ANZSIC06) - ECT,Private - Values - Electronic card transactions  A/S/T by industry,Actual,Pharmaceutical and other store-based retailing,,,
2476,ECTM.S1AG1340,2009.06,164.8,,F,Dollars,6,Electronic Card Transactions (ANZSIC06) - ECT,Private - Values - Electronic card transactions  A/S/T by industry,Actual,Pharmaceutical and other store-based retailing,,,
2477,ECTM.S1AG1340,2009.07,178.1,,F,Dollars,6,Electronic Card Transactions (ANZSIC06) - ECT,Private - Values - Electronic card transactions  A/S/T by industry,Actual,Pharmaceutical and other store-based retailing,,,
2478,ECTM.S1AG1340,2009.08,173.6,,F,Dollars,6,Electronic Card Transactions (ANZSIC06) - ECT,Private - Values - Electronic card transactions  A/S/T by industry,Actual,Pharmaceutical and other store-based retailing,,,
2479,ECTM.S1AG1340,2009.09,174.6,,F,Dollars,6,Electronic Card Transactions (ANZSIC06) - ECT,Private - Values - Electronic card transactions  A/S/T by industry,Actual,Pharmaceutical and other store-based retailing,,,
2480,ECTM.S1AG1340,2009.1,183.6,,F,Dollars,6,Electronic Card Transactions (ANZSIC06) - ECT,Private - Values - Electronic card transactions  A/S/T by industry,Actual,Pharmaceutical and other store-based retailing,,,
2481,ECTM.S1AG1340,2009.11,196.4,,F,Dollars,6,Electronic Card Transactions (ANZSIC06) - ECT,Private - Values - Electronic card transactions  A/S/T by industry,Actual,Pharmaceutical and other store-based retailing,,,
2482,ECTM.S1AG1340,2009.12,274.6,,F,Dollars,6,Electronic Card Transactions (ANZSIC06) - ECT,Private - Values - Electronic card transactions  A/S/T by industry,Actual,Pharmaceutical and other store-based retailing,,,
2483,ECTM.S1AG1340,2010.01,174.9,,F,Dollars,6,Electronic Card Transactions (ANZSIC06) - ECT,Private - Values - Electronic card transactions  A/S/T by industry,Actual,Pharmaceutical and other store-based retailing,,,
2484,ECTM.S1AG1340,2010.02,171.1,,F,Dollars,6,Electronic Card Transactions (ANZSIC06) - ECT,Private - Values - Electronic card transactions  A/S/T by industry,Actual,Pharmaceutical and other store-based retailing,,,
2485,ECTM.S1AG1340,2010.03,185.7,,F,Dollars,6,Electronic Card Transactions (ANZSIC06) - ECT,Private - Values - Electronic card transactions  A/S/T by industry,Actual,Pharmaceutical and other store-based retailing,,,
2486,ECTM.S1AG1340,2010.04,170.7,,F,Dollars,6,Electronic Card Transactions (ANZSIC06) - ECT,Private - Values - Electronic card transactions  A/S/T by industry,Actual,Pharmaceutical and other store-based retailing,,,
2487,ECTM.S1AG1340,2010.05,176.1,,F,Dollars,6,Electronic Card Transactions (ANZSIC06) - ECT,Private - Values - Electronic card transactions  A/S/T by industry,Actual,Pharmaceutical and other store-based retailing,,,
2488,ECTM.S1AG1340,2010.06,166.1,,F,Dollars,6,Electronic Card Transactions (ANZSIC06) - ECT,Private - Values - Electronic card transactions  A/S/T by industry,Actual,Pharmaceutical and other store-based retailing,,,
2489,ECTM.S1AG1340,2010.07,176.2,,F,Dollars,6,Electronic Card Transactions (ANZSIC06) - ECT,Private - Values - Electronic card transactions  A/S/T by industry,Actual,Pharmaceutical and other store-based retailing,,,
2490,ECTM.S1AG1340,2010.08,171.2,,F,Dollars,6,Electronic Card Transactions (ANZSIC06) - ECT,Private - Values - Electronic card transactions  A/S/T by industry,Actual,Pharmaceutical and other store-based retailing,,,
2491,ECTM.S1AG1340,2010.09,170.2,,F,Dollars,6,Electronic Card Transactions (ANZSIC06) - ECT,Private - Values - Electronic card transactions  A/S/T by industry,Actual,Pharmaceutical and other store-based retailing,,,
2492,ECTM.S1AG1340,2010.1,177.7,,F,Dollars,6,Electronic Card Transactions (ANZSIC06) - ECT,Private - Values - Electronic card transactions  A/S/T by industry,Actual,Pharmaceutical and other store-based retailing,,,
2493,ECTM.S1AG1340,2010.11,196.9,,F,Dollars,6,Electronic Card Transactions (ANZSIC06) - ECT,Private - Values - Electronic card transactions  A/S/T by industry,Actual,Pharmaceutical and other store-based retailing,,,
2494,ECTM.S1AG1340,2010.12,266.7,,F,Dollars,6,Electronic Card Transactions (ANZSIC06) - ECT,Private - Values - Electronic card transactions  A/S/T by industry,Actual,Pharmaceutical and other store-based retailing,,,
2495,ECTM.S1AG1340,2011.01,174.2,,F,Dollars,6,Electronic Card Transactions (ANZSIC06) - ECT,Private - Values - Electronic card transactions  A/S/T by industry,Actual,Pharmaceutical and other store-based retailing,,,
2496,ECTM.S1AG1340,2011.02,169.6,,F,Dollars,6,Electronic Card Transactions (ANZSIC06) - ECT,Private - Values - Electronic card transactions  A/S/T by industry,Actual,Pharmaceutical and other store-based retailing,,,
2497,ECTM.S1AG1340,2011.03,178.6,,F,Dollars,6,Electronic Card Transactions (ANZSIC06) - ECT,Private - Values - Electronic card transactions  A/S/T by industry,Actual,Pharmaceutical and other store-based retailing,,,
2498,ECTM.S1AG1340,2011.04,168.3,,F,Dollars,6,Electronic Card Transactions (ANZSIC06) - ECT,Private - Values - Electronic card transactions  A/S/T by industry,Actual,Pharmaceutical and other store-based retailing,,,
2499,ECTM.S1AG1340,2011.05,172.1,,F,Dollars,6,Electronic Card Transactions (ANZSIC06) - ECT,Private - Values - Electronic card transactions  A/S/T by industry,Actual,Pharmaceutical and other store-based retailing,,,
2500,ECTM.S1AG1340,2011.06,159.8,,F,Dollars,6,Electronic Card Transactions (ANZSIC06) - ECT,Private - Values - Electronic card transactions  A/S/T by industry,Actual,Pharmaceutical and other store-based retailing,,,
2501,ECTM.S1AG1340,2011.07,173.7,,F,Dollars,6,Electronic Card Transactions (ANZSIC06) - ECT,Private - Values - Electronic card transactions  A/S/T by industry,Actual,Pharmaceutical and other store-based retailing,,,
2502,ECTM.S1AG1340,2011.08,171.3,,F,Dollars,6,Electronic Card Transactions (ANZSIC06) - ECT,Private - Values - Electronic card transactions  A/S/T by industry,Actual,Pharmaceutical and other store-based retailing,,,
2503,ECTM.S1AG1340,2011.09,172.8,,F,Dollars,6,Electronic Card Transactions (ANZSIC06) - ECT,Private - Values - Electronic card transactions  A/S/T by industry,Actual,Pharmaceutical and other store-based retailing,,,
2504,ECTM.S1AG1340,2011.1,178.9,,F,Dollars,6,Electronic Card Transactions (ANZSIC06) - ECT,Private - Values - Electronic card transactions  A/S/T by industry,Actual,Pharmaceutical and other store-based retailing,,,
2505,ECTM.S1AG1340,2011.11,194.7,,F,Dollars,6,Electronic Card Transactions (ANZSIC06) - ECT,Private - Values - Electronic card transactions  A/S/T by industry,Actual,Pharmaceutical and other store-based retailing,,,
2506,ECTM.S1AG1340,2011.12,262.5,,F,Dollars,6,Electronic Card Transactions (ANZSIC06) - ECT,Private - Values - Electronic card transactions  A/S/T by industry,Actual,Pharmaceutical and other store-based retailing,,,
2507,ECTM.S1AG1340,2012.01,171.7,,F,Dollars,6,Electronic Card Transactions (ANZSIC06) - ECT,Private - Values - Electronic card transactions  A/S/T by industry,Actual,Pharmaceutical and other store-based retailing,,,
2508,ECTM.S1AG1340,2012.02,175.0,,F,Dollars,6,Electronic Card Transactions (ANZSIC06) - ECT,Private - Values - Electronic card transactions  A/S/T by industry,Actual,Pharmaceutical and other store-based retailing,,,
2509,ECTM.S1AG1340,2012.03,184.2,,F,Dollars,6,Electronic Card Transactions (ANZSIC06) - ECT,Private - Values - Electronic card transactions  A/S/T by industry,Actual,Pharmaceutical and other store-based retailing,,,
2510,ECTM.S1AG1340,2012.04,165.1,,F,Dollars,6,Electronic Card Transactions (ANZSIC06) - ECT,Private - Values - Electronic card transactions  A/S/T by industry,Actual,Pharmaceutical and other store-based retailing,,,
2511,ECTM.S1AG1340,2012.05,178.1,,F,Dollars,6,Electronic Card Transactions (ANZSIC06) - ECT,Private - Values - Electronic card transactions  A/S/T by industry,Actual,Pharmaceutical and other store-based retailing,,,
2512,ECTM.S1AG1340,2012.06,165.5,,F,Dollars,6,Electronic Card Transactions (ANZSIC06) - ECT,Private - Values - Electronic card transactions  A/S/T by industry,Actual,Pharmaceutical and other store-based retailing,,,
2513,ECTM.S1AG1340,2012.07,171.5,,F,Dollars,6,Electronic Card Transactions (ANZSIC06) - ECT,Private - Values - Electronic card transactions  A/S/T by industry,Actual,Pharmaceutical and other store-based retailing,,,
2514,ECTM.S1AG1340,2012.08,178.6,,F,Dollars,6,Electronic Card Transactions (ANZSIC06) - ECT,Private - Values - Electronic card transactions  A/S/T by industry,Actual,Pharmaceutical and other store-based retailing,,,
2515,ECTM.S1AG1340,2012.09,169.1,,F,Dollars,6,Electronic Card Transactions (ANZSIC06) - ECT,Private - Values - Electronic card transactions  A/S/T by industry,Actual,Pharmaceutical and other store-based retailing,,,
2516,ECTM.S1AG1340,2012.1,181.8,,F,Dollars,6,Electronic Card Transactions (ANZSIC06) - ECT,Private - Values - Electronic card transactions  A/S/T by industry,Actual,Pharmaceutical and other store-based retailing,,,
2517,ECTM.S1AG1340,2012.11,207.5,,F,Dollars,6,Electronic Card Transactions (ANZSIC06) - ECT,Private - Values - Electronic card transactions  A/S/T by industry,Actual,Pharmaceutical and other store-based retailing,,,
2518,ECTM.S1AG1340,2012.12,305.4,,F,Dollars,6,Electronic Card Transactions (ANZSIC06) - ECT,Private - Values - Electronic card transactions  A/S/T by industry,Actual,Pharmaceutical and other store-based retailing,,,
2519,ECTM.S1AG1340,2013.01,198.0,,F,Dollars,6,Electronic Card Transactions (ANZSIC06) - ECT,Private - Values - Electronic card transactions  A/S/T by industry,Actual,Pharmaceutical and other store-based retailing,,,
2520,ECTM.S1AG1340,2013.02,198.3,,F,Dollars,6,Electronic Card Transactions (ANZSIC06) - ECT,Private - Values - Electronic card transactions  A/S/T by industry,Actual,Pharmaceutical and other store-based retailing,,,
2521,ECTM.S1AG1340,2013.03,209.9,,F,Dollars,6,Electronic Card Transactions (ANZSIC06) - ECT,Private - Values - Electronic card transactions  A/S/T by industry,Actual,Pharmaceutical and other store-based retailing,,,
2522,ECTM.S1AG1340,2013.04,202.6,,F,Dollars,6,Electronic Card Transactions (ANZSIC06) - ECT,Private - Values - Electronic card transactions  A/S/T by industry,Actual,Pharmaceutical and other store-based retailing,,,
2523,ECTM.S1AG1340,2013.05,215.6,,F,Dollars,6,Electronic Card Transactions (ANZSIC06) - ECT,Private - Values - Electronic card transactions  A/S/T by industry,Actual,Pharmaceutical and other store-based retailing,,,
2524,ECTM.S1AG1340,2013.06,190.6,,F,Dollars,6,Electronic Card Transactions (ANZSIC06) - ECT,Private - Values - Electronic card transactions  A/S/T by industry,Actual,Pharmaceutical and other store-based retailing,,,
2525,ECTM.S1AG1340,2013.07,217.0,,F,Dollars,6,Electronic Card Transactions (ANZSIC06) - ECT,Private - Values - Electronic card transactions  A/S/T by industry,Actual,Pharmaceutical and other store-based retailing,,,
2526,ECTM.S1AG1340,2013.08,218.8,,F,Dollars,6,Electronic Card Transactions (ANZSIC06) - ECT,Private - Values - Electronic card transactions  A/S/T by industry,Actual,Pharmaceutical and other store-based retailing,,,
2527,ECTM.S1AG1340,2013.09,203.9,,F,Dollars,6,Electronic Card Transactions (ANZSIC06) - ECT,Private - Values - Electronic card transactions  A/S/T by industry,Actual,Pharmaceutical and other store-based retailing,,,
2528,ECTM.S1AG1340,2013.1,213.4,,F,Dollars,6,Electronic Card Transactions (ANZSIC06) - ECT,Private - Values - Electronic card transactions  A/S/T by industry,Actual,Pharmaceutical and other store-based retailing,,,
2529,ECTM.S1AG1340,2013.11,236.1,,F,Dollars,6,Electronic Card Transactions (ANZSIC06) - ECT,Private - Values - Electronic card transactions  A/S/T by industry,Actual,Pharmaceutical and other store-based retailing,,,
2530,ECTM.S1AG1340,2013.12,311.2,,F,Dollars,6,Electronic Card Transactions (ANZSIC06) - ECT,Private - Values - Electronic card transactions  A/S/T by industry,Actual,Pharmaceutical and other store-based retailing,,,
2531,ECTM.S1AG1340,2014.01,205.9,,F,Dollars,6,Electronic Card Transactions (ANZSIC06) - ECT,Private - Values - Electronic card transactions  A/S/T by industry,Actual,Pharmaceutical and other store-based retailing,,,
2532,ECTM.S1AG1340,2014.02,204.1,,F,Dollars,6,Electronic Card Transactions (ANZSIC06) - ECT,Private - Values - Electronic card transactions  A/S/T by industry,Actual,Pharmaceutical and other store-based retailing,,,
2533,ECTM.S1AG1340,2014.03,216.1,,F,Dollars,6,Electronic Card Transactions (ANZSIC06) - ECT,Private - Values - Electronic card transactions  A/S/T by industry,Actual,Pharmaceutical and other store-based retailing,,,
2534,ECTM.S1AG1340,2014.04,205.4,,F,Dollars,6,Electronic Card Transactions (ANZSIC06) - ECT,Private - Values - Electronic card transactions  A/S/T by industry,Actual,Pharmaceutical and other store-based retailing,,,
2535,ECTM.S1AG1340,2014.05,221.2,,F,Dollars,6,Electronic Card Transactions (ANZSIC06) - ECT,Private - Values - Electronic card transactions  A/S/T by industry,Actual,Pharmaceutical and other store-based retailing,,,
2536,ECTM.S1AG1340,2014.06,194.6,,F,Dollars,6,Electronic Card Transactions (ANZSIC06) - ECT,Private - Values - Electronic card transactions  A/S/T by industry,Actual,Pharmaceutical and other store-based retailing,,,
2537,ECTM.S1AG1340,2014.07,215.9,,F,Dollars,6,Electronic Card Transactions (ANZSIC06) - ECT,Private - Values - Electronic card transactions  A/S/T by industry,Actual,Pharmaceutical and other store-based retailing,,,
2538,ECTM.S1AG1340,2014.08,212.3,,F,Dollars,6,Electronic Card Transactions (ANZSIC06) - ECT,Private - Values - Electronic card transactions  A/S/T by industry,Actual,Pharmaceutical and other store-based retailing,,,
2539,ECTM.S1AG1340,2014.09,205.8,,F,Dollars,6,Electronic Card Transactions (ANZSIC06) - ECT,Private - Values - Electronic card transactions  A/S/T by industry,Actual,Pharmaceutical and other store-based retailing,,,
2540,ECTM.S1AG1340,2014.1,226.4,,F,Dollars,6,Electronic Card Transactions (ANZSIC06) - ECT,Private - Values - Electronic card transactions  A/S/T by industry,Actual,Pharmaceutical and other store-based retailing,,,
2541,ECTM.S1AG1340,2014.11,244.0,,F,Dollars,6,Electronic Card Transactions (ANZSIC06) - ECT,Private - Values - Electronic card transactions  A/S/T by industry,Actual,Pharmaceutical and other store-based retailing,,,
2542,ECTM.S1AG1340,2014.12,331.5,,F,Dollars,6,Electronic Card Transactions (ANZSIC06) - ECT,Private - Values - Electronic card transactions  A/S/T by industry,Actual,Pharmaceutical and other store-based retailing,,,
2543,ECTM.S1AG1340,2015.01,218.3,,F,Dollars,6,Electronic Card Transactions (ANZSIC06) - ECT,Private - Values - Electronic card transactions  A/S/T by industry,Actual,Pharmaceutical and other store-based retailing,,,
2544,ECTM.S1AG1340,2015.02,213.5,,F,Dollars,6,Electronic Card Transactions (ANZSIC06) - ECT,Private - Values - Electronic card transactions  A/S/T by industry,Actual,Pharmaceutical and other store-based retailing,,,
2545,ECTM.S1AG1340,2015.03,230.3,,F,Dollars,6,Electronic Card Transactions (ANZSIC06) - ECT,Private - Values - Electronic card transactions  A/S/T by industry,Actual,Pharmaceutical and other store-based retailing,,,
2546,ECTM.S1AG1340,2015.04,215.0,,F,Dollars,6,Electronic Card Transactions (ANZSIC06) - ECT,Private - Values - Electronic card transactions  A/S/T by industry,Actual,Pharmaceutical and other store-based retailing,,,
2547,ECTM.S1AG1340,2015.05,226.8,,F,Dollars,6,Electronic Card Transactions (ANZSIC06) - ECT,Private - Values - Electronic card transactions  A/S/T by industry,Actual,Pharmaceutical and other store-based retailing,,,
2548,ECTM.S1AG1340,2015.06,210.2,,F,Dollars,6,Electronic Card Transactions (ANZSIC06) - ECT,Private - Values - Electronic card transactions  A/S/T by industry,Actual,Pharmaceutical and other store-based retailing,,,
2549,ECTM.S1AG1340,2015.07,219.8,,F,Dollars,6,Electronic Card Transactions (ANZSIC06) - ECT,Private - Values - Electronic card transactions  A/S/T by industry,Actual,Pharmaceutical and other store-based retailing,,,
2550,ECTM.S1AG1340,2015.08,219.5,,F,Dollars,6,Electronic Card Transactions (ANZSIC06) - ECT,Private - Values - Electronic card transactions  A/S/T by industry,Actual,Pharmaceutical and other store-based retailing,,,
2551,ECTM.S1AG1340,2015.09,213.9,,F,Dollars,6,Electronic Card Transactions (ANZSIC06) - ECT,Private - Values - Electronic card transactions  A/S/T by industry,Actual,Pharmaceutical and other store-based retailing,,,
2552,ECTM.S1AG1340,2015.1,234.2,,F,Dollars,6,Electronic Card Transactions (ANZSIC06) - ECT,Private - Values - Electronic card transactions  A/S/T by industry,Actual,Pharmaceutical and other store-based retailing,,,
2553,ECTM.S1AG1340,2015.11,250.8,,F,Dollars,6,Electronic Card Transactions (ANZSIC06) - ECT,Private - Values - Electronic card transactions  A/S/T by industry,Actual,Pharmaceutical and other store-based retailing,,,
2554,ECTM.S1AG1340,2015.12,343.4,,F,Dollars,6,Electronic Card Transactions (ANZSIC06) - ECT,Private - Values - Electronic card transactions  A/S/T by industry,Actual,Pharmaceutical and other store-based retailing,,,
2555,ECTM.S1AG1340,2016.01,220.9,,F,Dollars,6,Electronic Card Transactions (ANZSIC06) - ECT,Private - Values - Electronic card transactions  A/S/T by industry,Actual,Pharmaceutical and other store-based retailing,,,
2556,ECTM.S1AG1340,2016.02,224.4,,F,Dollars,6,Electronic Card Transactions (ANZSIC06) - ECT,Private - Values - Electronic card transactions  A/S/T by industry,Actual,Pharmaceutical and other store-based retailing,,,
2557,ECTM.S1AG1340,2016.03,237.4,,F,Dollars,6,Electronic Card Transactions (ANZSIC06) - ECT,Private - Values - Electronic card transactions  A/S/T by industry,Actual,Pharmaceutical and other store-based retailing,,,
2558,ECTM.S1AG1340,2016.04,232.7,,F,Dollars,6,Electronic Card Transactions (ANZSIC06) - ECT,Private - Values - Electronic card transactions  A/S/T by industry,Actual,Pharmaceutical and other store-based retailing,,,
2559,ECTM.S1AG1340,2016.05,231.8,,F,Dollars,6,Electronic Card Transactions (ANZSIC06) - ECT,Private - Values - Electronic card transactions  A/S/T by industry,Actual,Pharmaceutical and other store-based retailing,,,
2560,ECTM.S1AG1340,2016.06,220.9,,F,Dollars,6,Electronic Card Transactions (ANZSIC06) - ECT,Private - Values - Electronic card transactions  A/S/T by industry,Actual,Pharmaceutical and other store-based retailing,,,
2561,ECTM.S1AG1340,2016.07,232.9,,F,Dollars,6,Electronic Card Transactions (ANZSIC06) - ECT,Private - Values - Electronic card transactions  A/S/T by industry,Actual,Pharmaceutical and other store-based retailing,,,
2562,ECTM.S1AG1340,2016.08,228.1,,F,Dollars,6,Electronic Card Transactions (ANZSIC06) - ECT,Private - Values - Electronic card transactions  A/S/T by industry,Actual,Pharmaceutical and other store-based retailing,,,
2563,ECTM.S1AG1340,2016.09,226.6,,F,Dollars,6,Electronic Card Transactions (ANZSIC06) - ECT,Private - Values - Electronic card transactions  A/S/T by industry,Actual,Pharmaceutical and other store-based retailing,,,
2564,ECTM.S1AG1340,2016.1,239.5,,F,Dollars,6,Electronic Card Transactions (ANZSIC06) - ECT,Private - Values - Electronic card transactions  A/S/T by industry,Actual,Pharmaceutical and other store-based retailing,,,
2565,ECTM.S1AG1340,2016.11,263.6,,F,Dollars,6,Electronic Card Transactions (ANZSIC06) - ECT,Private - Values - Electronic card transactions  A/S/T by industry,Actual,Pharmaceutical and other store-based retailing,,,
2566,ECTM.S1AG1340,2016.12,360.8,,F,Dollars,6,Electronic Card Transactions (ANZSIC06) - ECT,Private - Values - Electronic card transactions  A/S/T by industry,Actual,Pharmaceutical and other store-based retailing,,,
2567,ECTM.S1AG1340,2017.01,240.9,,F,Dollars,6,Electronic Card Transactions (ANZSIC06) - ECT,Private - Values - Electronic card transactions  A/S/T by industry,Actual,Pharmaceutical and other store-based retailing,,,
2568,ECTM.S1AG1340,2017.02,238.3,,F,Dollars,6,Electronic Card Transactions (ANZSIC06) - ECT,Private - Values - Electronic card transactions  A/S/T by industry,Actual,Pharmaceutical and other store-based retailing,,,
2569,ECTM.S1AG1340,2017.03,261.4,,F,Dollars,6,Electronic Card Transactions (ANZSIC06) - ECT,Private - Values - Electronic card transactions  A/S/T by industry,Actual,Pharmaceutical and other store-based retailing,,,
2570,ECTM.S1AG1340,2017.04,241.5,,F,Dollars,6,Electronic Card Transactions (ANZSIC06) - ECT,Private - Values - Electronic card transactions  A/S/T by industry,Actual,Pharmaceutical and other store-based retailing,,,
2571,ECTM.S1AG1340,2017.05,257.7,,F,Dollars,6,Electronic Card Transactions (ANZSIC06) - ECT,Private - Values - Electronic card transactions  A/S/T by industry,Actual,Pharmaceutical and other store-based retailing,,,
2572,ECTM.S1AG1340,2017.06,246.3,,F,Dollars,6,Electronic Card Transactions (ANZSIC06) - ECT,Private - Values - Electronic card transactions  A/S/T by industry,Actual,Pharmaceutical and other store-based retailing,,,
2573,ECTM.S1AG1340,2017.07,256.3,,F,Dollars,6,Electronic Card Transactions (ANZSIC06) - ECT,Private - Values - Electronic card transactions  A/S/T by industry,Actual,Pharmaceutical and other store-based retailing,,,
2574,ECTM.S1AG1340,2017.08,253.8,,F,Dollars,6,Electronic Card Transactions (ANZSIC06) - ECT,Private - Values - Electronic card transactions  A/S/T by industry,Actual,Pharmaceutical and other store-based retailing,,,
2575,ECTM.S1AG1340,2017.09,248.5,,F,Dollars,6,Electronic Card Transactions (ANZSIC06) - ECT,Private - Values - Electronic card transactions  A/S/T by industry,Actual,Pharmaceutical and other store-based retailing,,,
2576,ECTM.S1AG1340,2017.1,265.0,,F,Dollars,6,Electronic Card Transactions (ANZSIC06) - ECT,Private - Values - Electronic card transactions  A/S/T by industry,Actual,Pharmaceutical and other store-based retailing,,,
2577,ECTM.S1AG1340,2017.11,303.5,,F,Dollars,6,Electronic Card Transactions (ANZSIC06) - ECT,Private - Values - Electronic card transactions  A/S/T by industry,Actual,Pharmaceutical and other store-based retailing,,,
2578,ECTM.S1AG1340,2017.12,410.6,,F,Dollars,6,Electronic Card Transactions (ANZSIC06) - ECT,Private - Values - Electronic card transactions  A/S/T by industry,Actual,Pharmaceutical and other store-based retailing,,,
2579,ECTM.S1AG1340,2018.01,290.0,,F,Dollars,6,Electronic Card Transactions (ANZSIC06) - ECT,Private - Values - Electronic card transactions  A/S/T by industry,Actual,Pharmaceutical and other store-based retailing,,,
2580,ECTM.S1AG1340,2018.02,277.6,,F,Dollars,6,Electronic Card Transactions (ANZSIC06) - ECT,Private - Values - Electronic card transactions  A/S/T by industry,Actual,Pharmaceutical and other store-based retailing,,,
2581,ECTM.S1AG1340,2018.03,302.6,,F,Dollars,6,Electronic Card Transactions (ANZSIC06) - ECT,Private - Values - Electronic card transactions  A/S/T by industry,Actual,Pharmaceutical and other store-based retailing,,,
2582,ECTM.S1AG1340,2018.04,282.0,,F,Dollars,6,Electronic Card Transactions (ANZSIC06) - ECT,Private - Values - Electronic card transactions  A/S/T by industry,Actual,Pharmaceutical and other store-based retailing,,,
2583,ECTM.S1AG1340,2018.05,297.6,,F,Dollars,6,Electronic Card Transactions (ANZSIC06) - ECT,Private - Values - Electronic card transactions  A/S/T by industry,Actual,Pharmaceutical and other store-based retailing,,,
2584,ECTM.S1AG1340,2018.06,282.6,,F,Dollars,6,Electronic Card Transactions (ANZSIC06) - ECT,Private - Values - Electronic card transactions  A/S/T by industry,Actual,Pharmaceutical and other store-based retailing,,,
2585,ECTM.S1AG1340,2018.07,291.9,,F,Dollars,6,Electronic Card Transactions (ANZSIC06) - ECT,Private - Values - Electronic card transactions  A/S/T by industry,Actual,Pharmaceutical and other store-based retailing,,,
2586,ECTM.S1AG1340,2018.08,293.6,,F,Dollars,6,Electronic Card Transactions (ANZSIC06) - ECT,Private - Values - Electronic card transactions  A/S/T by industry,Actual,Pharmaceutical and other store-based retailing,,,
2587,ECTM.S1AG1340,2018.09,285.8,,F,Dollars,6,Electronic Card Transactions (ANZSIC06) - ECT,Private - Values - Electronic card transactions  A/S/T by industry,Actual,Pharmaceutical and other store-based retailing,,,
2588,ECTM.S1AG1340,2018.1,309.0,,F,Dollars,6,Electronic Card Transactions (ANZSIC06) - ECT,Private - Values - Electronic card transactions  A/S/T by industry,Actual,Pharmaceutical and other store-based retailing,,,
2589,ECTM.S1AG1340,2018.11,342.4,,F,Dollars,6,Electronic Card Transactions (ANZSIC06) - ECT,Private - Values - Electronic card transactions  A/S/T by industry,Actual,Pharmaceutical and other store-based retailing,,,
2590,ECTM.S1AG1340,2018.12,431.3,,F,Dollars,6,Electronic Card Transactions (ANZSIC06) - ECT,Private - Values - Electronic card transactions  A/S/T by industry,Actual,Pharmaceutical and other store-based retailing,,,
2591,ECTM.S1AG1340,2019.01,315.6,,F,Dollars,6,Electronic Card Transactions (ANZSIC06) - ECT,Private - Values - Electronic card transactions  A/S/T by industry,Actual,Pharmaceutical and other store-based retailing,,,
2592,ECTM.S1AG1340,2019.02,297.1,,F,Dollars,6,Electronic Card Transactions (ANZSIC06) - ECT,Private - Values - Electronic card transactions  A/S/T by industry,Actual,Pharmaceutical and other store-based retailing,,,
2593,ECTM.S1AG1340,2019.03,316.3,,F,Dollars,6,Electronic Card Transactions (ANZSIC06) - ECT,Private - Values - Electronic card transactions  A/S/T by industry,Actual,Pharmaceutical and other store-based retailing,,,
2594,ECTM.S1AG1340,2019.04,300.7,,F,Dollars,6,Electronic Card Transactions (ANZSIC06) - ECT,Private - Values - Electronic card transactions  A/S/T by industry,Actual,Pharmaceutical and other store-based retailing,,,
2595,ECTM.S1AG1340,2019.05,318.4,,F,Dollars,6,Electronic Card Transactions (ANZSIC06) - ECT,Private - Values - Electronic card transactions  A/S/T by industry,Actual,Pharmaceutical and other store-based retailing,,,
2596,ECTM.S1AG1340,2019.06,294.5,,F,Dollars,6,Electronic Card Transactions (ANZSIC06) - ECT,Private - Values - Electronic card transactions  A/S/T by industry,Actual,Pharmaceutical and other store-based retailing,,,
2597,ECTM.S1AG1340,2019.07,307.9,,F,Dollars,6,Electronic Card Transactions (ANZSIC06) - ECT,Private - Values - Electronic card transactions  A/S/T by industry,Actual,Pharmaceutical and other store-based retailing,,,
2598,ECTM.S1AG1340,2019.08,311.0,,F,Dollars,6,Electronic Card Transactions (ANZSIC06) - ECT,Private - Values - Electronic card transactions  A/S/T by industry,Actual,Pharmaceutical and other store-based retailing,,,
2599,ECTM.S1AG1340,2019.09,299.0,,F,Dollars,6,Electronic Card Transactions (ANZSIC06) - ECT,Private - Values - Electronic card transactions  A/S/T by industry,Actual,Pharmaceutical and other store-based retailing,,,
2600,ECTM.S1AG1340,2019.1,322.5,,F,Dollars,6,Electronic Card Transactions (ANZSIC06) - ECT,Private - Values - Electronic card transactions  A/S/T by industry,Actual,Pharmaceutical and other store-based retailing,,,
2601,ECTM.S1AG1340,2019.11,389.5,,F,Dollars,6,Electronic Card Transactions (ANZSIC06) - ECT,Private - Values - Electronic card transactions  A/S/T by industry,Actual,Pharmaceutical and other store-based retailing,,,
2602,ECTM.S1AG1340,2019.12,506.6,,F,Dollars,6,Electronic Card Transactions (ANZSIC06) - ECT,Private - Values - Electronic card transactions  A/S/T by industry,Actual,Pharmaceutical and other store-based retailing,,,
2603,ECTM.S1AG1340,2020.01,357.3,,F,Dollars,6,Electronic Card Transactions (ANZSIC06) - ECT,Private - Values - Electronic card transactions  A/S/T by industry,Actual,Pharmaceutical and other store-based retailing,,,
2604,ECTM.S1AG1340,2020.02,342.9,,F,Dollars,6,Electronic Card Transactions (ANZSIC06) - ECT,Private - Values - Electronic card transactions  A/S/T by industry,Actual,Pharmaceutical and other store-based retailing,,,
2605,ECTM.S1AG1340,2020.03,339.9,,F,Dollars,6,Electronic Card Transactions (ANZSIC06) - ECT,Private - Values - Electronic card transactions  A/S/T by industry,Actual,Pharmaceutical and other store-based retailing,,,
2606,ECTM.S1AG1340,2020.04,107.0,,F,Dollars,6,Electronic Card Transactions (ANZSIC06) - ECT,Private - Values - Electronic card transactions  A/S/T by industry,Actual,Pharmaceutical and other store-based retailing,,,
2607,ECTM.S1AG1340,2020.05,295.2,,F,Dollars,6,Electronic Card Transactions (ANZSIC06) - ECT,Private - Values - Electronic card transactions  A/S/T by industry,Actual,Pharmaceutical and other store-based retailing,,,
2608,ECTM.S1AG1340,2020.06,346.2,,F,Dollars,6,Electronic Card Transactions (ANZSIC06) - ECT,Private - Values - Electronic card transactions  A/S/T by industry,Actual,Pharmaceutical and other store-based retailing,,,
2609,ECTM.S1AG1340,2020.07,349.5,,F,Dollars,6,Electronic Card Transactions (ANZSIC06) - ECT,Private - Values - Electronic card transactions  A/S/T by industry,Actual,Pharmaceutical and other store-based retailing,,,
2610,ECTM.S1SG1340,2007.03,184.3,,R,Dollars,6,Electronic Card Transactions (ANZSIC06) - ECT,Private - Values - Electronic card transactions  A/S/T by industry,Seasonally adjusted,Pharmaceutical and other store-based retailing,,,
2611,ECTM.S1SG1340,2007.04,182.8,,R,Dollars,6,Electronic Card Transactions (ANZSIC06) - ECT,Private - Values - Electronic card transactions  A/S/T by industry,Seasonally adjusted,Pharmaceutical and other store-based retailing,,,
2612,ECTM.S1SG1340,2007.05,185.9,,R,Dollars,6,Electronic Card Transactions (ANZSIC06) - ECT,Private - Values - Electronic card transactions  A/S/T by industry,Seasonally adjusted,Pharmaceutical and other store-based retailing,,,
2613,ECTM.S1SG1340,2007.06,185.9,,R,Dollars,6,Electronic Card Transactions (ANZSIC06) - ECT,Private - Values - Electronic card transactions  A/S/T by industry,Seasonally adjusted,Pharmaceutical and other store-based retailing,,,
2614,ECTM.S1SG1340,2007.07,184.0,,R,Dollars,6,Electronic Card Transactions (ANZSIC06) - ECT,Private - Values - Electronic card transactions  A/S/T by industry,Seasonally adjusted,Pharmaceutical and other store-based retailing,,,
2615,ECTM.S1SG1340,2007.08,187.6,,R,Dollars,6,Electronic Card Transactions (ANZSIC06) - ECT,Private - Values - Electronic card transactions  A/S/T by industry,Seasonally adjusted,Pharmaceutical and other store-based retailing,,,
2616,ECTM.S1SG1340,2007.09,187.4,,R,Dollars,6,Electronic Card Transactions (ANZSIC06) - ECT,Private - Values - Electronic card transactions  A/S/T by industry,Seasonally adjusted,Pharmaceutical and other store-based retailing,,,
2617,ECTM.S1SG1340,2007.1,188.1,,R,Dollars,6,Electronic Card Transactions (ANZSIC06) - ECT,Private - Values - Electronic card transactions  A/S/T by industry,Seasonally adjusted,Pharmaceutical and other store-based retailing,,,
2618,ECTM.S1SG1340,2007.11,188.6,,R,Dollars,6,Electronic Card Transactions (ANZSIC06) - ECT,Private - Values - Electronic card transactions  A/S/T by industry,Seasonally adjusted,Pharmaceutical and other store-based retailing,,,
2619,ECTM.S1SG1340,2007.12,185.0,,R,Dollars,6,Electronic Card Transactions (ANZSIC06) - ECT,Private - Values - Electronic card transactions  A/S/T by industry,Seasonally adjusted,Pharmaceutical and other store-based retailing,,,
2620,ECTM.S1SG1340,2008.01,183.2,,R,Dollars,6,Electronic Card Transactions (ANZSIC06) - ECT,Private - Values - Electronic card transactions  A/S/T by industry,Seasonally adjusted,Pharmaceutical and other store-based retailing,,,
2621,ECTM.S1SG1340,2008.02,183.5,,R,Dollars,6,Electronic Card Transactions (ANZSIC06) - ECT,Private - Values - Electronic card transactions  A/S/T by industry,Seasonally adjusted,Pharmaceutical and other store-based retailing,,,
2622,ECTM.S1SG1340,2008.03,181.0,,R,Dollars,6,Electronic Card Transactions (ANZSIC06) - ECT,Private - Values - Electronic card transactions  A/S/T by industry,Seasonally adjusted,Pharmaceutical and other store-based retailing,,,
2623,ECTM.S1SG1340,2008.04,186.4,,R,Dollars,6,Electronic Card Transactions (ANZSIC06) - ECT,Private - Values - Electronic card transactions  A/S/T by industry,Seasonally adjusted,Pharmaceutical and other store-based retailing,,,
2624,ECTM.S1SG1340,2008.05,184.2,,R,Dollars,6,Electronic Card Transactions (ANZSIC06) - ECT,Private - Values - Electronic card transactions  A/S/T by industry,Seasonally adjusted,Pharmaceutical and other store-based retailing,,,
2625,ECTM.S1SG1340,2008.06,184.2,,R,Dollars,6,Electronic Card Transactions (ANZSIC06) - ECT,Private - Values - Electronic card transactions  A/S/T by industry,Seasonally adjusted,Pharmaceutical and other store-based retailing,,,
2626,ECTM.S1SG1340,2008.07,184.9,,R,Dollars,6,Electronic Card Transactions (ANZSIC06) - ECT,Private - Values - Electronic card transactions  A/S/T by industry,Seasonally adjusted,Pharmaceutical and other store-based retailing,,,
2627,ECTM.S1SG1340,2008.08,186.5,,R,Dollars,6,Electronic Card Transactions (ANZSIC06) - ECT,Private - Values - Electronic card transactions  A/S/T by industry,Seasonally adjusted,Pharmaceutical and other store-based retailing,,,
2628,ECTM.S1SG1340,2008.09,184.1,,R,Dollars,6,Electronic Card Transactions (ANZSIC06) - ECT,Private - Values - Electronic card transactions  A/S/T by industry,Seasonally adjusted,Pharmaceutical and other store-based retailing,,,
2629,ECTM.S1SG1340,2008.1,186.1,,R,Dollars,6,Electronic Card Transactions (ANZSIC06) - ECT,Private - Values - Electronic card transactions  A/S/T by industry,Seasonally adjusted,Pharmaceutical and other store-based retailing,,,
2630,ECTM.S1SG1340,2008.11,184.9,,R,Dollars,6,Electronic Card Transactions (ANZSIC06) - ECT,Private - Values - Electronic card transactions  A/S/T by industry,Seasonally adjusted,Pharmaceutical and other store-based retailing,,,
2631,ECTM.S1SG1340,2008.12,187.8,,R,Dollars,6,Electronic Card Transactions (ANZSIC06) - ECT,Private - Values - Electronic card transactions  A/S/T by industry,Seasonally adjusted,Pharmaceutical and other store-based retailing,,,
2632,ECTM.S1SG1340,2009.01,186.5,,R,Dollars,6,Electronic Card Transactions (ANZSIC06) - ECT,Private - Values - Electronic card transactions  A/S/T by industry,Seasonally adjusted,Pharmaceutical and other store-based retailing,,,
2633,ECTM.S1SG1340,2009.02,188.1,,R,Dollars,6,Electronic Card Transactions (ANZSIC06) - ECT,Private - Values - Electronic card transactions  A/S/T by industry,Seasonally adjusted,Pharmaceutical and other store-based retailing,,,
2634,ECTM.S1SG1340,2009.03,188.7,,R,Dollars,6,Electronic Card Transactions (ANZSIC06) - ECT,Private - Values - Electronic card transactions  A/S/T by industry,Seasonally adjusted,Pharmaceutical and other store-based retailing,,,
2635,ECTM.S1SG1340,2009.04,188.3,,R,Dollars,6,Electronic Card Transactions (ANZSIC06) - ECT,Private - Values - Electronic card transactions  A/S/T by industry,Seasonally adjusted,Pharmaceutical and other store-based retailing,,,
2636,ECTM.S1SG1340,2009.05,186.2,,R,Dollars,6,Electronic Card Transactions (ANZSIC06) - ECT,Private - Values - Electronic card transactions  A/S/T by industry,Seasonally adjusted,Pharmaceutical and other store-based retailing,,,
2637,ECTM.S1SG1340,2009.06,184.7,,R,Dollars,6,Electronic Card Transactions (ANZSIC06) - ECT,Private - Values - Electronic card transactions  A/S/T by industry,Seasonally adjusted,Pharmaceutical and other store-based retailing,,,
2638,ECTM.S1SG1340,2009.07,186.7,,R,Dollars,6,Electronic Card Transactions (ANZSIC06) - ECT,Private - Values - Electronic card transactions  A/S/T by industry,Seasonally adjusted,Pharmaceutical and other store-based retailing,,,
2639,ECTM.S1SG1340,2009.08,184.9,,R,Dollars,6,Electronic Card Transactions (ANZSIC06) - ECT,Private - Values - Electronic card transactions  A/S/T by industry,Seasonally adjusted,Pharmaceutical and other store-based retailing,,,
2640,ECTM.S1SG1340,2009.09,186.9,,R,Dollars,6,Electronic Card Transactions (ANZSIC06) - ECT,Private - Values - Electronic card transactions  A/S/T by industry,Seasonally adjusted,Pharmaceutical and other store-based retailing,,,
2641,ECTM.S1SG1340,2009.1,184.8,,R,Dollars,6,Electronic Card Transactions (ANZSIC06) - ECT,Private - Values - Electronic card transactions  A/S/T by industry,Seasonally adjusted,Pharmaceutical and other store-based retailing,,,
2642,ECTM.S1SG1340,2009.11,185.9,,R,Dollars,6,Electronic Card Transactions (ANZSIC06) - ECT,Private - Values - Electronic card transactions  A/S/T by industry,Seasonally adjusted,Pharmaceutical and other store-based retailing,,,
2643,ECTM.S1SG1340,2009.12,187.8,,R,Dollars,6,Electronic Card Transactions (ANZSIC06) - ECT,Private - Values - Electronic card transactions  A/S/T by industry,Seasonally adjusted,Pharmaceutical and other store-based retailing,,,
2644,ECTM.S1SG1340,2010.01,184.3,,R,Dollars,6,Electronic Card Transactions (ANZSIC06) - ECT,Private - Values - Electronic card transactions  A/S/T by industry,Seasonally adjusted,Pharmaceutical and other store-based retailing,,,
2645,ECTM.S1SG1340,2010.02,184.0,,R,Dollars,6,Electronic Card Transactions (ANZSIC06) - ECT,Private - Values - Electronic card transactions  A/S/T by industry,Seasonally adjusted,Pharmaceutical and other store-based retailing,,,
2646,ECTM.S1SG1340,2010.03,186.5,,R,Dollars,6,Electronic Card Transactions (ANZSIC06) - ECT,Private - Values - Electronic card transactions  A/S/T by industry,Seasonally adjusted,Pharmaceutical and other store-based retailing,,,
2647,ECTM.S1SG1340,2010.04,183.3,,R,Dollars,6,Electronic Card Transactions (ANZSIC06) - ECT,Private - Values - Electronic card transactions  A/S/T by industry,Seasonally adjusted,Pharmaceutical and other store-based retailing,,,
2648,ECTM.S1SG1340,2010.05,184.1,,R,Dollars,6,Electronic Card Transactions (ANZSIC06) - ECT,Private - Values - Electronic card transactions  A/S/T by industry,Seasonally adjusted,Pharmaceutical and other store-based retailing,,,
2649,ECTM.S1SG1340,2010.06,186.6,,R,Dollars,6,Electronic Card Transactions (ANZSIC06) - ECT,Private - Values - Electronic card transactions  A/S/T by industry,Seasonally adjusted,Pharmaceutical and other store-based retailing,,,
2650,ECTM.S1SG1340,2010.07,183.2,,R,Dollars,6,Electronic Card Transactions (ANZSIC06) - ECT,Private - Values - Electronic card transactions  A/S/T by industry,Seasonally adjusted,Pharmaceutical and other store-based retailing,,,
2651,ECTM.S1SG1340,2010.08,182.7,,R,Dollars,6,Electronic Card Transactions (ANZSIC06) - ECT,Private - Values - Electronic card transactions  A/S/T by industry,Seasonally adjusted,Pharmaceutical and other store-based retailing,,,
2652,ECTM.S1SG1340,2010.09,183.1,,R,Dollars,6,Electronic Card Transactions (ANZSIC06) - ECT,Private - Values - Electronic card transactions  A/S/T by industry,Seasonally adjusted,Pharmaceutical and other store-based retailing,,,
2653,ECTM.S1SG1340,2010.1,181.8,,R,Dollars,6,Electronic Card Transactions (ANZSIC06) - ECT,Private - Values - Electronic card transactions  A/S/T by industry,Seasonally adjusted,Pharmaceutical and other store-based retailing,,,
2654,ECTM.S1SG1340,2010.11,183.5,,R,Dollars,6,Electronic Card Transactions (ANZSIC06) - ECT,Private - Values - Electronic card transactions  A/S/T by industry,Seasonally adjusted,Pharmaceutical and other store-based retailing,,,
2655,ECTM.S1SG1340,2010.12,181.9,,R,Dollars,6,Electronic Card Transactions (ANZSIC06) - ECT,Private - Values - Electronic card transactions  A/S/T by industry,Seasonally adjusted,Pharmaceutical and other store-based retailing,,,
2656,ECTM.S1SG1340,2011.01,184.6,,R,Dollars,6,Electronic Card Transactions (ANZSIC06) - ECT,Private - Values - Electronic card transactions  A/S/T by industry,Seasonally adjusted,Pharmaceutical and other store-based retailing,,,
2657,ECTM.S1SG1340,2011.02,182.1,,R,Dollars,6,Electronic Card Transactions (ANZSIC06) - ECT,Private - Values - Electronic card transactions  A/S/T by industry,Seasonally adjusted,Pharmaceutical and other store-based retailing,,,
2658,ECTM.S1SG1340,2011.03,179.8,,R,Dollars,6,Electronic Card Transactions (ANZSIC06) - ECT,Private - Values - Electronic card transactions  A/S/T by industry,Seasonally adjusted,Pharmaceutical and other store-based retailing,,,
2659,ECTM.S1SG1340,2011.04,179.6,,R,Dollars,6,Electronic Card Transactions (ANZSIC06) - ECT,Private - Values - Electronic card transactions  A/S/T by industry,Seasonally adjusted,Pharmaceutical and other store-based retailing,,,
2660,ECTM.S1SG1340,2011.05,179.6,,R,Dollars,6,Electronic Card Transactions (ANZSIC06) - ECT,Private - Values - Electronic card transactions  A/S/T by industry,Seasonally adjusted,Pharmaceutical and other store-based retailing,,,
2661,ECTM.S1SG1340,2011.06,180.1,,R,Dollars,6,Electronic Card Transactions (ANZSIC06) - ECT,Private - Values - Electronic card transactions  A/S/T by industry,Seasonally adjusted,Pharmaceutical and other store-based retailing,,,
2662,ECTM.S1SG1340,2011.07,182.6,,R,Dollars,6,Electronic Card Transactions (ANZSIC06) - ECT,Private - Values - Electronic card transactions  A/S/T by industry,Seasonally adjusted,Pharmaceutical and other store-based retailing,,,
2663,ECTM.S1SG1340,2011.08,179.6,,R,Dollars,6,Electronic Card Transactions (ANZSIC06) - ECT,Private - Values - Electronic card transactions  A/S/T by industry,Seasonally adjusted,Pharmaceutical and other store-based retailing,,,
2664,ECTM.S1SG1340,2011.09,184.9,,R,Dollars,6,Electronic Card Transactions (ANZSIC06) - ECT,Private - Values - Electronic card transactions  A/S/T by industry,Seasonally adjusted,Pharmaceutical and other store-based retailing,,,
2665,ECTM.S1SG1340,2011.1,184.6,,R,Dollars,6,Electronic Card Transactions (ANZSIC06) - ECT,Private - Values - Electronic card transactions  A/S/T by industry,Seasonally adjusted,Pharmaceutical and other store-based retailing,,,
2666,ECTM.S1SG1340,2011.11,182.2,,R,Dollars,6,Electronic Card Transactions (ANZSIC06) - ECT,Private - Values - Electronic card transactions  A/S/T by industry,Seasonally adjusted,Pharmaceutical and other store-based retailing,,,
2667,ECTM.S1SG1340,2011.12,179.0,,R,Dollars,6,Electronic Card Transactions (ANZSIC06) - ECT,Private - Values - Electronic card transactions  A/S/T by industry,Seasonally adjusted,Pharmaceutical and other store-based retailing,,,
2668,ECTM.S1SG1340,2012.01,182.3,,R,Dollars,6,Electronic Card Transactions (ANZSIC06) - ECT,Private - Values - Electronic card transactions  A/S/T by industry,Seasonally adjusted,Pharmaceutical and other store-based retailing,,,
2669,ECTM.S1SG1340,2012.02,180.9,,R,Dollars,6,Electronic Card Transactions (ANZSIC06) - ECT,Private - Values - Electronic card transactions  A/S/T by industry,Seasonally adjusted,Pharmaceutical and other store-based retailing,,,
2670,ECTM.S1SG1340,2012.03,183.0,,R,Dollars,6,Electronic Card Transactions (ANZSIC06) - ECT,Private - Values - Electronic card transactions  A/S/T by industry,Seasonally adjusted,Pharmaceutical and other store-based retailing,,,
2671,ECTM.S1SG1340,2012.04,181.1,,R,Dollars,6,Electronic Card Transactions (ANZSIC06) - ECT,Private - Values - Electronic card transactions  A/S/T by industry,Seasonally adjusted,Pharmaceutical and other store-based retailing,,,
2672,ECTM.S1SG1340,2012.05,182.8,,R,Dollars,6,Electronic Card Transactions (ANZSIC06) - ECT,Private - Values - Electronic card transactions  A/S/T by industry,Seasonally adjusted,Pharmaceutical and other store-based retailing,,,
2673,ECTM.S1SG1340,2012.06,183.5,,R,Dollars,6,Electronic Card Transactions (ANZSIC06) - ECT,Private - Values - Electronic card transactions  A/S/T by industry,Seasonally adjusted,Pharmaceutical and other store-based retailing,,,
2674,ECTM.S1SG1340,2012.07,181.6,,R,Dollars,6,Electronic Card Transactions (ANZSIC06) - ECT,Private - Values - Electronic card transactions  A/S/T by industry,Seasonally adjusted,Pharmaceutical and other store-based retailing,,,
2675,ECTM.S1SG1340,2012.08,186.3,,R,Dollars,6,Electronic Card Transactions (ANZSIC06) - ECT,Private - Values - Electronic card transactions  A/S/T by industry,Seasonally adjusted,Pharmaceutical and other store-based retailing,,,
2676,ECTM.S1SG1340,2012.09,185.2,,R,Dollars,6,Electronic Card Transactions (ANZSIC06) - ECT,Private - Values - Electronic card transactions  A/S/T by industry,Seasonally adjusted,Pharmaceutical and other store-based retailing,,,
2677,ECTM.S1SG1340,2012.1,184.9,,R,Dollars,6,Electronic Card Transactions (ANZSIC06) - ECT,Private - Values - Electronic card transactions  A/S/T by industry,Seasonally adjusted,Pharmaceutical and other store-based retailing,,,
2678,ECTM.S1SG1340,2012.11,193.3,,R,Dollars,6,Electronic Card Transactions (ANZSIC06) - ECT,Private - Values - Electronic card transactions  A/S/T by industry,Seasonally adjusted,Pharmaceutical and other store-based retailing,,,
2679,ECTM.S1SG1340,2012.12,213.8,,R,Dollars,6,Electronic Card Transactions (ANZSIC06) - ECT,Private - Values - Electronic card transactions  A/S/T by industry,Seasonally adjusted,Pharmaceutical and other store-based retailing,,,
2680,ECTM.S1SG1340,2013.01,208.1,,R,Dollars,6,Electronic Card Transactions (ANZSIC06) - ECT,Private - Values - Electronic card transactions  A/S/T by industry,Seasonally adjusted,Pharmaceutical and other store-based retailing,,,
2681,ECTM.S1SG1340,2013.02,212.6,,R,Dollars,6,Electronic Card Transactions (ANZSIC06) - ECT,Private - Values - Electronic card transactions  A/S/T by industry,Seasonally adjusted,Pharmaceutical and other store-based retailing,,,
2682,ECTM.S1SG1340,2013.03,211.2,,R,Dollars,6,Electronic Card Transactions (ANZSIC06) - ECT,Private - Values - Electronic card transactions  A/S/T by industry,Seasonally adjusted,Pharmaceutical and other store-based retailing,,,
2683,ECTM.S1SG1340,2013.04,217.4,,R,Dollars,6,Electronic Card Transactions (ANZSIC06) - ECT,Private - Values - Electronic card transactions  A/S/T by industry,Seasonally adjusted,Pharmaceutical and other store-based retailing,,,
2684,ECTM.S1SG1340,2013.05,218.7,,R,Dollars,6,Electronic Card Transactions (ANZSIC06) - ECT,Private - Values - Electronic card transactions  A/S/T by industry,Seasonally adjusted,Pharmaceutical and other store-based retailing,,,
2685,ECTM.S1SG1340,2013.06,216.4,,R,Dollars,6,Electronic Card Transactions (ANZSIC06) - ECT,Private - Values - Electronic card transactions  A/S/T by industry,Seasonally adjusted,Pharmaceutical and other store-based retailing,,,
2686,ECTM.S1SG1340,2013.07,225.7,,R,Dollars,6,Electronic Card Transactions (ANZSIC06) - ECT,Private - Values - Electronic card transactions  A/S/T by industry,Seasonally adjusted,Pharmaceutical and other store-based retailing,,,
2687,ECTM.S1SG1340,2013.08,227.3,,R,Dollars,6,Electronic Card Transactions (ANZSIC06) - ECT,Private - Values - Electronic card transactions  A/S/T by industry,Seasonally adjusted,Pharmaceutical and other store-based retailing,,,
2688,ECTM.S1SG1340,2013.09,225.2,,R,Dollars,6,Electronic Card Transactions (ANZSIC06) - ECT,Private - Values - Electronic card transactions  A/S/T by industry,Seasonally adjusted,Pharmaceutical and other store-based retailing,,,
2689,ECTM.S1SG1340,2013.1,217.8,,R,Dollars,6,Electronic Card Transactions (ANZSIC06) - ECT,Private - Values - Electronic card transactions  A/S/T by industry,Seasonally adjusted,Pharmaceutical and other store-based retailing,,,
2690,ECTM.S1SG1340,2013.11,218.6,,R,Dollars,6,Electronic Card Transactions (ANZSIC06) - ECT,Private - Values - Electronic card transactions  A/S/T by industry,Seasonally adjusted,Pharmaceutical and other store-based retailing,,,
2691,ECTM.S1SG1340,2013.12,218.8,,R,Dollars,6,Electronic Card Transactions (ANZSIC06) - ECT,Private - Values - Electronic card transactions  A/S/T by industry,Seasonally adjusted,Pharmaceutical and other store-based retailing,,,
2692,ECTM.S1SG1340,2014.01,215.2,,R,Dollars,6,Electronic Card Transactions (ANZSIC06) - ECT,Private - Values - Electronic card transactions  A/S/T by industry,Seasonally adjusted,Pharmaceutical and other store-based retailing,,,
2693,ECTM.S1SG1340,2014.02,218.9,,R,Dollars,6,Electronic Card Transactions (ANZSIC06) - ECT,Private - Values - Electronic card transactions  A/S/T by industry,Seasonally adjusted,Pharmaceutical and other store-based retailing,,,
2694,ECTM.S1SG1340,2014.03,218.7,,R,Dollars,6,Electronic Card Transactions (ANZSIC06) - ECT,Private - Values - Electronic card transactions  A/S/T by industry,Seasonally adjusted,Pharmaceutical and other store-based retailing,,,
2695,ECTM.S1SG1340,2014.04,220.0,,R,Dollars,6,Electronic Card Transactions (ANZSIC06) - ECT,Private - Values - Electronic card transactions  A/S/T by industry,Seasonally adjusted,Pharmaceutical and other store-based retailing,,,
2696,ECTM.S1SG1340,2014.05,223.1,,R,Dollars,6,Electronic Card Transactions (ANZSIC06) - ECT,Private - Values - Electronic card transactions  A/S/T by industry,Seasonally adjusted,Pharmaceutical and other store-based retailing,,,
2697,ECTM.S1SG1340,2014.06,220.5,,R,Dollars,6,Electronic Card Transactions (ANZSIC06) - ECT,Private - Values - Electronic card transactions  A/S/T by industry,Seasonally adjusted,Pharmaceutical and other store-based retailing,,,
2698,ECTM.S1SG1340,2014.07,225.3,,R,Dollars,6,Electronic Card Transactions (ANZSIC06) - ECT,Private - Values - Electronic card transactions  A/S/T by industry,Seasonally adjusted,Pharmaceutical and other store-based retailing,,,
2699,ECTM.S1SG1340,2014.08,224.4,,R,Dollars,6,Electronic Card Transactions (ANZSIC06) - ECT,Private - Values - Electronic card transactions  A/S/T by industry,Seasonally adjusted,Pharmaceutical and other store-based retailing,,,
2700,ECTM.S1SG1340,2014.09,224.1,,R,Dollars,6,Electronic Card Transactions (ANZSIC06) - ECT,Private - Values - Electronic card transactions  A/S/T by industry,Seasonally adjusted,Pharmaceutical and other store-based retailing,,,
2701,ECTM.S1SG1340,2014.1,229.9,,R,Dollars,6,Electronic Card Transactions (ANZSIC06) - ECT,Private - Values - Electronic card transactions  A/S/T by industry,Seasonally adjusted,Pharmaceutical and other store-based retailing,,,
2702,ECTM.S1SG1340,2014.11,231.7,,R,Dollars,6,Electronic Card Transactions (ANZSIC06) - ECT,Private - Values - Electronic card transactions  A/S/T by industry,Seasonally adjusted,Pharmaceutical and other store-based retailing,,,
2703,ECTM.S1SG1340,2014.12,229.4,,R,Dollars,6,Electronic Card Transactions (ANZSIC06) - ECT,Private - Values - Electronic card transactions  A/S/T by industry,Seasonally adjusted,Pharmaceutical and other store-based retailing,,,
2704,ECTM.S1SG1340,2015.01,227.0,,R,Dollars,6,Electronic Card Transactions (ANZSIC06) - ECT,Private - Values - Electronic card transactions  A/S/T by industry,Seasonally adjusted,Pharmaceutical and other store-based retailing,,,
2705,ECTM.S1SG1340,2015.02,229.3,,R,Dollars,6,Electronic Card Transactions (ANZSIC06) - ECT,Private - Values - Electronic card transactions  A/S/T by industry,Seasonally adjusted,Pharmaceutical and other store-based retailing,,,
2706,ECTM.S1SG1340,2015.03,233.1,,R,Dollars,6,Electronic Card Transactions (ANZSIC06) - ECT,Private - Values - Electronic card transactions  A/S/T by industry,Seasonally adjusted,Pharmaceutical and other store-based retailing,,,
2707,ECTM.S1SG1340,2015.04,230.5,,R,Dollars,6,Electronic Card Transactions (ANZSIC06) - ECT,Private - Values - Electronic card transactions  A/S/T by industry,Seasonally adjusted,Pharmaceutical and other store-based retailing,,,
2708,ECTM.S1SG1340,2015.05,232.1,,R,Dollars,6,Electronic Card Transactions (ANZSIC06) - ECT,Private - Values - Electronic card transactions  A/S/T by industry,Seasonally adjusted,Pharmaceutical and other store-based retailing,,,
2709,ECTM.S1SG1340,2015.06,232.3,,R,Dollars,6,Electronic Card Transactions (ANZSIC06) - ECT,Private - Values - Electronic card transactions  A/S/T by industry,Seasonally adjusted,Pharmaceutical and other store-based retailing,,,
2710,ECTM.S1SG1340,2015.07,227.9,,R,Dollars,6,Electronic Card Transactions (ANZSIC06) - ECT,Private - Values - Electronic card transactions  A/S/T by industry,Seasonally adjusted,Pharmaceutical and other store-based retailing,,,
2711,ECTM.S1SG1340,2015.08,235.1,,R,Dollars,6,Electronic Card Transactions (ANZSIC06) - ECT,Private - Values - Electronic card transactions  A/S/T by industry,Seasonally adjusted,Pharmaceutical and other store-based retailing,,,
2712,ECTM.S1SG1340,2015.09,234.5,,R,Dollars,6,Electronic Card Transactions (ANZSIC06) - ECT,Private - Values - Electronic card transactions  A/S/T by industry,Seasonally adjusted,Pharmaceutical and other store-based retailing,,,
2713,ECTM.S1SG1340,2015.1,237.2,,R,Dollars,6,Electronic Card Transactions (ANZSIC06) - ECT,Private - Values - Electronic card transactions  A/S/T by industry,Seasonally adjusted,Pharmaceutical and other store-based retailing,,,
2714,ECTM.S1SG1340,2015.11,238.4,,R,Dollars,6,Electronic Card Transactions (ANZSIC06) - ECT,Private - Values - Electronic card transactions  A/S/T by industry,Seasonally adjusted,Pharmaceutical and other store-based retailing,,,
2715,ECTM.S1SG1340,2015.12,238.9,,R,Dollars,6,Electronic Card Transactions (ANZSIC06) - ECT,Private - Values - Electronic card transactions  A/S/T by industry,Seasonally adjusted,Pharmaceutical and other store-based retailing,,,
2716,ECTM.S1SG1340,2016.01,231.8,,R,Dollars,6,Electronic Card Transactions (ANZSIC06) - ECT,Private - Values - Electronic card transactions  A/S/T by industry,Seasonally adjusted,Pharmaceutical and other store-based retailing,,,
2717,ECTM.S1SG1340,2016.02,232.3,,R,Dollars,6,Electronic Card Transactions (ANZSIC06) - ECT,Private - Values - Electronic card transactions  A/S/T by industry,Seasonally adjusted,Pharmaceutical and other store-based retailing,,,
2718,ECTM.S1SG1340,2016.03,236.9,,R,Dollars,6,Electronic Card Transactions (ANZSIC06) - ECT,Private - Values - Electronic card transactions  A/S/T by industry,Seasonally adjusted,Pharmaceutical and other store-based retailing,,,
2719,ECTM.S1SG1340,2016.04,245.1,,R,Dollars,6,Electronic Card Transactions (ANZSIC06) - ECT,Private - Values - Electronic card transactions  A/S/T by industry,Seasonally adjusted,Pharmaceutical and other store-based retailing,,,
2720,ECTM.S1SG1340,2016.05,239.8,,R,Dollars,6,Electronic Card Transactions (ANZSIC06) - ECT,Private - Values - Electronic card transactions  A/S/T by industry,Seasonally adjusted,Pharmaceutical and other store-based retailing,,,
2721,ECTM.S1SG1340,2016.06,244.2,,R,Dollars,6,Electronic Card Transactions (ANZSIC06) - ECT,Private - Values - Electronic card transactions  A/S/T by industry,Seasonally adjusted,Pharmaceutical and other store-based retailing,,,
2722,ECTM.S1SG1340,2016.07,244.8,,R,Dollars,6,Electronic Card Transactions (ANZSIC06) - ECT,Private - Values - Electronic card transactions  A/S/T by industry,Seasonally adjusted,Pharmaceutical and other store-based retailing,,,
2723,ECTM.S1SG1340,2016.08,242.2,,R,Dollars,6,Electronic Card Transactions (ANZSIC06) - ECT,Private - Values - Electronic card transactions  A/S/T by industry,Seasonally adjusted,Pharmaceutical and other store-based retailing,,,
2724,ECTM.S1SG1340,2016.09,248.0,,R,Dollars,6,Electronic Card Transactions (ANZSIC06) - ECT,Private - Values - Electronic card transactions  A/S/T by industry,Seasonally adjusted,Pharmaceutical and other store-based retailing,,,
2725,ECTM.S1SG1340,2016.1,248.7,,R,Dollars,6,Electronic Card Transactions (ANZSIC06) - ECT,Private - Values - Electronic card transactions  A/S/T by industry,Seasonally adjusted,Pharmaceutical and other store-based retailing,,,
2726,ECTM.S1SG1340,2016.11,245.6,,R,Dollars,6,Electronic Card Transactions (ANZSIC06) - ECT,Private - Values - Electronic card transactions  A/S/T by industry,Seasonally adjusted,Pharmaceutical and other store-based retailing,,,
2727,ECTM.S1SG1340,2016.12,248.3,,R,Dollars,6,Electronic Card Transactions (ANZSIC06) - ECT,Private - Values - Electronic card transactions  A/S/T by industry,Seasonally adjusted,Pharmaceutical and other store-based retailing,,,
2728,ECTM.S1SG1340,2017.01,252.7,,R,Dollars,6,Electronic Card Transactions (ANZSIC06) - ECT,Private - Values - Electronic card transactions  A/S/T by industry,Seasonally adjusted,Pharmaceutical and other store-based retailing,,,
2729,ECTM.S1SG1340,2017.02,256.4,,R,Dollars,6,Electronic Card Transactions (ANZSIC06) - ECT,Private - Values - Electronic card transactions  A/S/T by industry,Seasonally adjusted,Pharmaceutical and other store-based retailing,,,
2730,ECTM.S1SG1340,2017.03,259.2,,R,Dollars,6,Electronic Card Transactions (ANZSIC06) - ECT,Private - Values - Electronic card transactions  A/S/T by industry,Seasonally adjusted,Pharmaceutical and other store-based retailing,,,
2731,ECTM.S1SG1340,2017.04,260.6,,R,Dollars,6,Electronic Card Transactions (ANZSIC06) - ECT,Private - Values - Electronic card transactions  A/S/T by industry,Seasonally adjusted,Pharmaceutical and other store-based retailing,,,
2732,ECTM.S1SG1340,2017.05,262.2,,R,Dollars,6,Electronic Card Transactions (ANZSIC06) - ECT,Private - Values - Electronic card transactions  A/S/T by industry,Seasonally adjusted,Pharmaceutical and other store-based retailing,,,
2733,ECTM.S1SG1340,2017.06,268.4,,R,Dollars,6,Electronic Card Transactions (ANZSIC06) - ECT,Private - Values - Electronic card transactions  A/S/T by industry,Seasonally adjusted,Pharmaceutical and other store-based retailing,,,
2734,ECTM.S1SG1340,2017.07,272.8,,R,Dollars,6,Electronic Card Transactions (ANZSIC06) - ECT,Private - Values - Electronic card transactions  A/S/T by industry,Seasonally adjusted,Pharmaceutical and other store-based retailing,,,
2735,ECTM.S1SG1340,2017.08,272.5,,R,Dollars,6,Electronic Card Transactions (ANZSIC06) - ECT,Private - Values - Electronic card transactions  A/S/T by industry,Seasonally adjusted,Pharmaceutical and other store-based retailing,,,
2736,ECTM.S1SG1340,2017.09,270.9,,R,Dollars,6,Electronic Card Transactions (ANZSIC06) - ECT,Private - Values - Electronic card transactions  A/S/T by industry,Seasonally adjusted,Pharmaceutical and other store-based retailing,,,
2737,ECTM.S1SG1340,2017.1,276.4,,R,Dollars,6,Electronic Card Transactions (ANZSIC06) - ECT,Private - Values - Electronic card transactions  A/S/T by industry,Seasonally adjusted,Pharmaceutical and other store-based retailing,,,
2738,ECTM.S1SG1340,2017.11,283.5,,R,Dollars,6,Electronic Card Transactions (ANZSIC06) - ECT,Private - Values - Electronic card transactions  A/S/T by industry,Seasonally adjusted,Pharmaceutical and other store-based retailing,,,
2739,ECTM.S1SG1340,2017.12,286.8,,R,Dollars,6,Electronic Card Transactions (ANZSIC06) - ECT,Private - Values - Electronic card transactions  A/S/T by industry,Seasonally adjusted,Pharmaceutical and other store-based retailing,,,
2740,ECTM.S1SG1340,2018.01,295.6,,R,Dollars,6,Electronic Card Transactions (ANZSIC06) - ECT,Private - Values - Electronic card transactions  A/S/T by industry,Seasonally adjusted,Pharmaceutical and other store-based retailing,,,
2741,ECTM.S1SG1340,2018.02,298.6,,R,Dollars,6,Electronic Card Transactions (ANZSIC06) - ECT,Private - Values - Electronic card transactions  A/S/T by industry,Seasonally adjusted,Pharmaceutical and other store-based retailing,,,
2742,ECTM.S1SG1340,2018.03,299.1,,R,Dollars,6,Electronic Card Transactions (ANZSIC06) - ECT,Private - Values - Electronic card transactions  A/S/T by industry,Seasonally adjusted,Pharmaceutical and other store-based retailing,,,
2743,ECTM.S1SG1340,2018.04,305.0,,R,Dollars,6,Electronic Card Transactions (ANZSIC06) - ECT,Private - Values - Electronic card transactions  A/S/T by industry,Seasonally adjusted,Pharmaceutical and other store-based retailing,,,
2744,ECTM.S1SG1340,2018.05,304.5,,R,Dollars,6,Electronic Card Transactions (ANZSIC06) - ECT,Private - Values - Electronic card transactions  A/S/T by industry,Seasonally adjusted,Pharmaceutical and other store-based retailing,,,
2745,ECTM.S1SG1340,2018.06,304.9,,R,Dollars,6,Electronic Card Transactions (ANZSIC06) - ECT,Private - Values - Electronic card transactions  A/S/T by industry,Seasonally adjusted,Pharmaceutical and other store-based retailing,,,
2746,ECTM.S1SG1340,2018.07,313.0,,R,Dollars,6,Electronic Card Transactions (ANZSIC06) - ECT,Private - Values - Electronic card transactions  A/S/T by industry,Seasonally adjusted,Pharmaceutical and other store-based retailing,,,
2747,ECTM.S1SG1340,2018.08,314.2,,R,Dollars,6,Electronic Card Transactions (ANZSIC06) - ECT,Private - Values - Electronic card transactions  A/S/T by industry,Seasonally adjusted,Pharmaceutical and other store-based retailing,,,
2748,ECTM.S1SG1340,2018.09,320.5,,R,Dollars,6,Electronic Card Transactions (ANZSIC06) - ECT,Private - Values - Electronic card transactions  A/S/T by industry,Seasonally adjusted,Pharmaceutical and other store-based retailing,,,
2749,ECTM.S1SG1340,2018.1,318.1,,R,Dollars,6,Electronic Card Transactions (ANZSIC06) - ECT,Private - Values - Electronic card transactions  A/S/T by industry,Seasonally adjusted,Pharmaceutical and other store-based retailing,,,
2750,ECTM.S1SG1340,2018.11,316.3,,R,Dollars,6,Electronic Card Transactions (ANZSIC06) - ECT,Private - Values - Electronic card transactions  A/S/T by industry,Seasonally adjusted,Pharmaceutical and other store-based retailing,,,
2751,ECTM.S1SG1340,2018.12,303.1,,R,Dollars,6,Electronic Card Transactions (ANZSIC06) - ECT,Private - Values - Electronic card transactions  A/S/T by industry,Seasonally adjusted,Pharmaceutical and other store-based retailing,,,
2752,ECTM.S1SG1340,2019.01,320.2,,R,Dollars,6,Electronic Card Transactions (ANZSIC06) - ECT,Private - Values - Electronic card transactions  A/S/T by industry,Seasonally adjusted,Pharmaceutical and other store-based retailing,,,
2753,ECTM.S1SG1340,2019.02,319.6,,R,Dollars,6,Electronic Card Transactions (ANZSIC06) - ECT,Private - Values - Electronic card transactions  A/S/T by industry,Seasonally adjusted,Pharmaceutical and other store-based retailing,,,
2754,ECTM.S1SG1340,2019.03,318.1,,R,Dollars,6,Electronic Card Transactions (ANZSIC06) - ECT,Private - Values - Electronic card transactions  A/S/T by industry,Seasonally adjusted,Pharmaceutical and other store-based retailing,,,
2755,ECTM.S1SG1340,2019.04,318.9,,R,Dollars,6,Electronic Card Transactions (ANZSIC06) - ECT,Private - Values - Electronic card transactions  A/S/T by industry,Seasonally adjusted,Pharmaceutical and other store-based retailing,,,
2756,ECTM.S1SG1340,2019.05,323.6,,R,Dollars,6,Electronic Card Transactions (ANZSIC06) - ECT,Private - Values - Electronic card transactions  A/S/T by industry,Seasonally adjusted,Pharmaceutical and other store-based retailing,,,
2757,ECTM.S1SG1340,2019.06,325.8,,R,Dollars,6,Electronic Card Transactions (ANZSIC06) - ECT,Private - Values - Electronic card transactions  A/S/T by industry,Seasonally adjusted,Pharmaceutical and other store-based retailing,,,
2758,ECTM.S1SG1340,2019.07,326.0,,R,Dollars,6,Electronic Card Transactions (ANZSIC06) - ECT,Private - Values - Electronic card transactions  A/S/T by industry,Seasonally adjusted,Pharmaceutical and other store-based retailing,,,
2759,ECTM.S1SG1340,2019.08,332.3,,R,Dollars,6,Electronic Card Transactions (ANZSIC06) - ECT,Private - Values - Electronic card transactions  A/S/T by industry,Seasonally adjusted,Pharmaceutical and other store-based retailing,,,
2760,ECTM.S1SG1340,2019.09,336.4,,R,Dollars,6,Electronic Card Transactions (ANZSIC06) - ECT,Private - Values - Electronic card transactions  A/S/T by industry,Seasonally adjusted,Pharmaceutical and other store-based retailing,,,
2761,ECTM.S1SG1340,2019.1,334.1,,R,Dollars,6,Electronic Card Transactions (ANZSIC06) - ECT,Private - Values - Electronic card transactions  A/S/T by industry,Seasonally adjusted,Pharmaceutical and other store-based retailing,,,
2762,ECTM.S1SG1340,2019.11,356.6,,R,Dollars,6,Electronic Card Transactions (ANZSIC06) - ECT,Private - Values - Electronic card transactions  A/S/T by industry,Seasonally adjusted,Pharmaceutical and other store-based retailing,,,
2763,ECTM.S1SG1340,2019.12,356.5,,R,Dollars,6,Electronic Card Transactions (ANZSIC06) - ECT,Private - Values - Electronic card transactions  A/S/T by industry,Seasonally adjusted,Pharmaceutical and other store-based retailing,,,
2764,ECTM.S1SG1340,2020.01,358.1,,R,Dollars,6,Electronic Card Transactions (ANZSIC06) - ECT,Private - Values - Electronic card transactions  A/S/T by industry,Seasonally adjusted,Pharmaceutical and other store-based retailing,,,
2765,ECTM.S1SG1340,2020.02,354.5,,R,Dollars,6,Electronic Card Transactions (ANZSIC06) - ECT,Private - Values - Electronic card transactions  A/S/T by industry,Seasonally adjusted,Pharmaceutical and other store-based retailing,,,
2766,ECTM.S1SG1340,2020.03,345.4,,R,Dollars,6,Electronic Card Transactions (ANZSIC06) - ECT,Private - Values - Electronic card transactions  A/S/T by industry,Seasonally adjusted,Pharmaceutical and other store-based retailing,,,
2767,ECTM.S1SG1340,2020.04,114.2,,R,Dollars,6,Electronic Card Transactions (ANZSIC06) - ECT,Private - Values - Electronic card transactions  A/S/T by industry,Seasonally adjusted,Pharmaceutical and other store-based retailing,,,
2768,ECTM.S1SG1340,2020.05,303.2,,R,Dollars,6,Electronic Card Transactions (ANZSIC06) - ECT,Private - Values - Electronic card transactions  A/S/T by industry,Seasonally adjusted,Pharmaceutical and other store-based retailing,,,
2769,ECTM.S1SG1340,2020.06,376.3,,R,Dollars,6,Electronic Card Transactions (ANZSIC06) - ECT,Private - Values - Electronic card transactions  A/S/T by industry,Seasonally adjusted,Pharmaceutical and other store-based retailing,,,
2770,ECTM.S1SG1340,2020.07,370.5,,F,Dollars,6,Electronic Card Transactions (ANZSIC06) - ECT,Private - Values - Electronic card transactions  A/S/T by industry,Seasonally adjusted,Pharmaceutical and other store-based retailing,,,
2771,ECTM.S1AH2110,2000.01,22.5,,C,Dollars,6,Electronic Card Transactions (ANZSIC06) - ECT,Private - Values - Electronic card transactions  A/S/T by industry,Actual,Accommodation,,,
2772,ECTM.S1AH2110,2000.02,23.3,,C,Dollars,6,Electronic Card Transactions (ANZSIC06) - ECT,Private - Values - Electronic card transactions  A/S/T by industry,Actual,Accommodation,,,
2773,ECTM.S1AH2110,2000.03,23.6,,C,Dollars,6,Electronic Card Transactions (ANZSIC06) - ECT,Private - Values - Electronic card transactions  A/S/T by industry,Actual,Accommodation,,,
2774,ECTM.S1AH2110,2000.04,21.6,,C,Dollars,6,Electronic Card Transactions (ANZSIC06) - ECT,Private - Values - Electronic card transactions  A/S/T by industry,Actual,Accommodation,,,
2775,ECTM.S1AH2110,2000.05,16.5,,C,Dollars,6,Electronic Card Transactions (ANZSIC06) - ECT,Private - Values - Electronic card transactions  A/S/T by industry,Actual,Accommodation,,,
2776,ECTM.S1AH2110,2000.06,15.5,,C,Dollars,6,Electronic Card Transactions (ANZSIC06) - ECT,Private - Values - Electronic card transactions  A/S/T by industry,Actual,Accommodation,,,
2777,ECTM.S1AH2110,2000.07,19.9,,C,Dollars,6,Electronic Card Transactions (ANZSIC06) - ECT,Private - Values - Electronic card transactions  A/S/T by industry,Actual,Accommodation,,,
2778,ECTM.S1AH2110,2000.08,18.4,,C,Dollars,6,Electronic Card Transactions (ANZSIC06) - ECT,Private - Values - Electronic card transactions  A/S/T by industry,Actual,Accommodation,,,
2779,ECTM.S1AH2110,2000.09,18.5,,C,Dollars,6,Electronic Card Transactions (ANZSIC06) - ECT,Private - Values - Electronic card transactions  A/S/T by industry,Actual,Accommodation,,,
2780,ECTM.S1AH2110,2000.1,22.1,,C,Dollars,6,Electronic Card Transactions (ANZSIC06) - ECT,Private - Values - Electronic card transactions  A/S/T by industry,Actual,Accommodation,,,
2781,ECTM.S1AH2110,2000.11,23.3,,C,Dollars,6,Electronic Card Transactions (ANZSIC06) - ECT,Private - Values - Electronic card transactions  A/S/T by industry,Actual,Accommodation,,,
2782,ECTM.S1AH2110,2000.12,25.1,,C,Dollars,6,Electronic Card Transactions (ANZSIC06) - ECT,Private - Values - Electronic card transactions  A/S/T by industry,Actual,Accommodation,,,
2783,ECTM.S1AH2110,2001.01,29.7,,C,Dollars,6,Electronic Card Transactions (ANZSIC06) - ECT,Private - Values - Electronic card transactions  A/S/T by industry,Actual,Accommodation,,,
2784,ECTM.S1AH2110,2001.02,28.0,,C,Dollars,6,Electronic Card Transactions (ANZSIC06) - ECT,Private - Values - Electronic card transactions  A/S/T by industry,Actual,Accommodation,,,
2785,ECTM.S1AH2110,2001.03,29.6,,C,Dollars,6,Electronic Card Transactions (ANZSIC06) - ECT,Private - Values - Electronic card transactions  A/S/T by industry,Actual,Accommodation,,,
2786,ECTM.S1AH2110,2001.04,25.8,,C,Dollars,6,Electronic Card Transactions (ANZSIC06) - ECT,Private - Values - Electronic card transactions  A/S/T by industry,Actual,Accommodation,,,
2787,ECTM.S1AH2110,2001.05,21.6,,C,Dollars,6,Electronic Card Transactions (ANZSIC06) - ECT,Private - Values - Electronic card transactions  A/S/T by industry,Actual,Accommodation,,,
2788,ECTM.S1AH2110,2001.06,20.5,,C,Dollars,6,Electronic Card Transactions (ANZSIC06) - ECT,Private - Values - Electronic card transactions  A/S/T by industry,Actual,Accommodation,,,
2789,ECTM.S1AH2110,2001.07,25.7,,C,Dollars,6,Electronic Card Transactions (ANZSIC06) - ECT,Private - Values - Electronic card transactions  A/S/T by industry,Actual,Accommodation,,,
2790,ECTM.S1AH2110,2001.08,64.6,,C,Dollars,6,Electronic Card Transactions (ANZSIC06) - ECT,Private - Values - Electronic card transactions  A/S/T by industry,Actual,Accommodation,,,
2791,ECTM.S1AH2110,2001.09,67.6,,C,Dollars,6,Electronic Card Transactions (ANZSIC06) - ECT,Private - Values - Electronic card transactions  A/S/T by industry,Actual,Accommodation,,,
2792,ECTM.S1AH2110,2001.1,71.3,,C,Dollars,6,Electronic Card Transactions (ANZSIC06) - ECT,Private - Values - Electronic card transactions  A/S/T by industry,Actual,Accommodation,,,
2793,ECTM.S1AH2110,2001.11,75.1,,C,Dollars,6,Electronic Card Transactions (ANZSIC06) - ECT,Private - Values - Electronic card transactions  A/S/T by industry,Actual,Accommodation,,,
2794,ECTM.S1AH2110,2001.12,83.6,,C,Dollars,6,Electronic Card Transactions (ANZSIC06) - ECT,Private - Values - Electronic card transactions  A/S/T by industry,Actual,Accommodation,,,
2795,ECTM.S1AH2110,2002.01,103.0,,C,Dollars,6,Electronic Card Transactions (ANZSIC06) - ECT,Private - Values - Electronic card transactions  A/S/T by industry,Actual,Accommodation,,,
2796,ECTM.S1AH2110,2002.02,88.8,,C,Dollars,6,Electronic Card Transactions (ANZSIC06) - ECT,Private - Values - Electronic card transactions  A/S/T by industry,Actual,Accommodation,,,
2797,ECTM.S1AH2110,2002.03,97.4,,C,Dollars,6,Electronic Card Transactions (ANZSIC06) - ECT,Private - Values - Electronic card transactions  A/S/T by industry,Actual,Accommodation,,,
2798,ECTM.S1AH2110,2002.04,84.4,,C,Dollars,6,Electronic Card Transactions (ANZSIC06) - ECT,Private - Values - Electronic card transactions  A/S/T by industry,Actual,Accommodation,,,
2799,ECTM.S1AH2110,2002.05,63.6,,C,Dollars,6,Electronic Card Transactions (ANZSIC06) - ECT,Private - Values - Electronic card transactions  A/S/T by industry,Actual,Accommodation,,,
2800,ECTM.S1AH2110,2002.06,64.1,,C,Dollars,6,Electronic Card Transactions (ANZSIC06) - ECT,Private - Values - Electronic card transactions  A/S/T by industry,Actual,Accommodation,,,
2801,ECTM.S1AH2110,2002.07,74.4,,C,Dollars,6,Electronic Card Transactions (ANZSIC06) - ECT,Private - Values - Electronic card transactions  A/S/T by industry,Actual,Accommodation,,,
2802,ECTM.S1AH2110,2002.08,29.8,,C,Dollars,6,Electronic Card Transactions (ANZSIC06) - ECT,Private - Values - Electronic card transactions  A/S/T by industry,Actual,Accommodation,,,
2803,ECTM.S1AH2110,2002.09,48.5,,C,Dollars,6,Electronic Card Transactions (ANZSIC06) - ECT,Private - Values - Electronic card transactions  A/S/T by industry,Actual,Accommodation,,,
2804,ECTM.S1AH2110,2002.1,96.3,,F,Dollars,6,Electronic Card Transactions (ANZSIC06) - ECT,Private - Values - Electronic card transactions  A/S/T by industry,Actual,Accommodation,,,
2805,ECTM.S1AH2110,2002.11,101.6,,F,Dollars,6,Electronic Card Transactions (ANZSIC06) - ECT,Private - Values - Electronic card transactions  A/S/T by industry,Actual,Accommodation,,,
2806,ECTM.S1AH2110,2002.12,109.8,,F,Dollars,6,Electronic Card Transactions (ANZSIC06) - ECT,Private - Values - Electronic card transactions  A/S/T by industry,Actual,Accommodation,,,
2807,ECTM.S1AH2110,2003.01,127.5,,F,Dollars,6,Electronic Card Transactions (ANZSIC06) - ECT,Private - Values - Electronic card transactions  A/S/T by industry,Actual,Accommodation,,,
2808,ECTM.S1AH2110,2003.02,120.1,,F,Dollars,6,Electronic Card Transactions (ANZSIC06) - ECT,Private - Values - Electronic card transactions  A/S/T by industry,Actual,Accommodation,,,
2809,ECTM.S1AH2110,2003.03,122.7,,F,Dollars,6,Electronic Card Transactions (ANZSIC06) - ECT,Private - Values - Electronic card transactions  A/S/T by industry,Actual,Accommodation,,,
2810,ECTM.S1AH2110,2003.04,105.2,,F,Dollars,6,Electronic Card Transactions (ANZSIC06) - ECT,Private - Values - Electronic card transactions  A/S/T by industry,Actual,Accommodation,,,
2811,ECTM.S1AH2110,2003.05,76.5,,F,Dollars,6,Electronic Card Transactions (ANZSIC06) - ECT,Private - Values - Electronic card transactions  A/S/T by industry,Actual,Accommodation,,,
2812,ECTM.S1AH2110,2003.06,65.0,,F,Dollars,6,Electronic Card Transactions (ANZSIC06) - ECT,Private - Values - Electronic card transactions  A/S/T by industry,Actual,Accommodation,,,
2813,ECTM.S1AH2110,2003.07,77.8,,F,Dollars,6,Electronic Card Transactions (ANZSIC06) - ECT,Private - Values - Electronic card transactions  A/S/T by industry,Actual,Accommodation,,,
2814,ECTM.S1AH2110,2003.08,75.4,,F,Dollars,6,Electronic Card Transactions (ANZSIC06) - ECT,Private - Values - Electronic card transactions  A/S/T by industry,Actual,Accommodation,,,
2815,ECTM.S1AH2110,2003.09,77.1,,F,Dollars,6,Electronic Card Transactions (ANZSIC06) - ECT,Private - Values - Electronic card transactions  A/S/T by industry,Actual,Accommodation,,,
2816,ECTM.S1AH2110,2003.1,82.4,,F,Dollars,6,Electronic Card Transactions (ANZSIC06) - ECT,Private - Values - Electronic card transactions  A/S/T by industry,Actual,Accommodation,,,
2817,ECTM.S1AH2110,2003.11,90.6,,F,Dollars,6,Electronic Card Transactions (ANZSIC06) - ECT,Private - Values - Electronic card transactions  A/S/T by industry,Actual,Accommodation,,,
2818,ECTM.S1AH2110,2003.12,100.4,,F,Dollars,6,Electronic Card Transactions (ANZSIC06) - ECT,Private - Values - Electronic card transactions  A/S/T by industry,Actual,Accommodation,,,
2819,ECTM.S1AH2110,2004.01,120.9,,F,Dollars,6,Electronic Card Transactions (ANZSIC06) - ECT,Private - Values - Electronic card transactions  A/S/T by industry,Actual,Accommodation,,,
2820,ECTM.S1AH2110,2004.02,109.6,,F,Dollars,6,Electronic Card Transactions (ANZSIC06) - ECT,Private - Values - Electronic card transactions  A/S/T by industry,Actual,Accommodation,,,
2821,ECTM.S1AH2110,2004.03,107.6,,F,Dollars,6,Electronic Card Transactions (ANZSIC06) - ECT,Private - Values - Electronic card transactions  A/S/T by industry,Actual,Accommodation,,,
2822,ECTM.S1AH2110,2004.04,98.2,,F,Dollars,6,Electronic Card Transactions (ANZSIC06) - ECT,Private - Values - Electronic card transactions  A/S/T by industry,Actual,Accommodation,,,
2823,ECTM.S1AH2110,2004.05,76.3,,F,Dollars,6,Electronic Card Transactions (ANZSIC06) - ECT,Private - Values - Electronic card transactions  A/S/T by industry,Actual,Accommodation,,,
2824,ECTM.S1AH2110,2004.06,71.0,,F,Dollars,6,Electronic Card Transactions (ANZSIC06) - ECT,Private - Values - Electronic card transactions  A/S/T by industry,Actual,Accommodation,,,
2825,ECTM.S1AH2110,2004.07,87.5,,F,Dollars,6,Electronic Card Transactions (ANZSIC06) - ECT,Private - Values - Electronic card transactions  A/S/T by industry,Actual,Accommodation,,,
2826,ECTM.S1AH2110,2004.08,81.8,,F,Dollars,6,Electronic Card Transactions (ANZSIC06) - ECT,Private - Values - Electronic card transactions  A/S/T by industry,Actual,Accommodation,,,
2827,ECTM.S1AH2110,2004.09,85.1,,F,Dollars,6,Electronic Card Transactions (ANZSIC06) - ECT,Private - Values - Electronic card transactions  A/S/T by industry,Actual,Accommodation,,,
2828,ECTM.S1AH2110,2004.1,95.1,,F,Dollars,6,Electronic Card Transactions (ANZSIC06) - ECT,Private - Values - Electronic card transactions  A/S/T by industry,Actual,Accommodation,,,
2829,ECTM.S1AH2110,2004.11,99.7,,F,Dollars,6,Electronic Card Transactions (ANZSIC06) - ECT,Private - Values - Electronic card transactions  A/S/T by industry,Actual,Accommodation,,,
2830,ECTM.S1AH2110,2004.12,110.1,,F,Dollars,6,Electronic Card Transactions (ANZSIC06) - ECT,Private - Values - Electronic card transactions  A/S/T by industry,Actual,Accommodation,,,
2831,ECTM.S1AH2110,2005.01,133.4,,F,Dollars,6,Electronic Card Transactions (ANZSIC06) - ECT,Private - Values - Electronic card transactions  A/S/T by industry,Actual,Accommodation,,,
2832,ECTM.S1AH2110,2005.02,116.6,,F,Dollars,6,Electronic Card Transactions (ANZSIC06) - ECT,Private - Values - Electronic card transactions  A/S/T by industry,Actual,Accommodation,,,
2833,ECTM.S1AH2110,2005.03,122.9,,F,Dollars,6,Electronic Card Transactions (ANZSIC06) - ECT,Private - Values - Electronic card transactions  A/S/T by industry,Actual,Accommodation,,,
2834,ECTM.S1AH2110,2005.04,102.2,,F,Dollars,6,Electronic Card Transactions (ANZSIC06) - ECT,Private - Values - Electronic card transactions  A/S/T by industry,Actual,Accommodation,,,
2835,ECTM.S1AH2110,2005.05,81.5,,F,Dollars,6,Electronic Card Transactions (ANZSIC06) - ECT,Private - Values - Electronic card transactions  A/S/T by industry,Actual,Accommodation,,,
2836,ECTM.S1AH2110,2005.06,78.5,,F,Dollars,6,Electronic Card Transactions (ANZSIC06) - ECT,Private - Values - Electronic card transactions  A/S/T by industry,Actual,Accommodation,,,
2837,ECTM.S1AH2110,2005.07,94.4,,F,Dollars,6,Electronic Card Transactions (ANZSIC06) - ECT,Private - Values - Electronic card transactions  A/S/T by industry,Actual,Accommodation,,,
2838,ECTM.S1AH2110,2005.08,85.4,,F,Dollars,6,Electronic Card Transactions (ANZSIC06) - ECT,Private - Values - Electronic card transactions  A/S/T by industry,Actual,Accommodation,,,
2839,ECTM.S1AH2110,2005.09,88.7,,F,Dollars,6,Electronic Card Transactions (ANZSIC06) - ECT,Private - Values - Electronic card transactions  A/S/T by industry,Actual,Accommodation,,,
2840,ECTM.S1AH2110,2005.1,100.6,,F,Dollars,6,Electronic Card Transactions (ANZSIC06) - ECT,Private - Values - Electronic card transactions  A/S/T by industry,Actual,Accommodation,,,
2841,ECTM.S1AH2110,2005.11,103.6,,F,Dollars,6,Electronic Card Transactions (ANZSIC06) - ECT,Private - Values - Electronic card transactions  A/S/T by industry,Actual,Accommodation,,,
2842,ECTM.S1AH2110,2005.12,113.9,,F,Dollars,6,Electronic Card Transactions (ANZSIC06) - ECT,Private - Values - Electronic card transactions  A/S/T by industry,Actual,Accommodation,,,
2843,ECTM.S1AH2110,2006.01,138.3,,F,Dollars,6,Electronic Card Transactions (ANZSIC06) - ECT,Private - Values - Electronic card transactions  A/S/T by industry,Actual,Accommodation,,,
2844,ECTM.S1AH2110,2006.02,126.9,,F,Dollars,6,Electronic Card Transactions (ANZSIC06) - ECT,Private - Values - Electronic card transactions  A/S/T by industry,Actual,Accommodation,,,
2845,ECTM.S1AH2110,2006.03,125.1,,F,Dollars,6,Electronic Card Transactions (ANZSIC06) - ECT,Private - Values - Electronic card transactions  A/S/T by industry,Actual,Accommodation,,,
2846,ECTM.S1AH2110,2006.04,113.2,,F,Dollars,6,Electronic Card Transactions (ANZSIC06) - ECT,Private - Values - Electronic card transactions  A/S/T by industry,Actual,Accommodation,,,
2847,ECTM.S1AH2110,2006.05,86.0,,F,Dollars,6,Electronic Card Transactions (ANZSIC06) - ECT,Private - Values - Electronic card transactions  A/S/T by industry,Actual,Accommodation,,,
2848,ECTM.S1AH2110,2006.06,81.3,,F,Dollars,6,Electronic Card Transactions (ANZSIC06) - ECT,Private - Values - Electronic card transactions  A/S/T by industry,Actual,Accommodation,,,
2849,ECTM.S1AH2110,2006.07,101.6,,F,Dollars,6,Electronic Card Transactions (ANZSIC06) - ECT,Private - Values - Electronic card transactions  A/S/T by industry,Actual,Accommodation,,,
2850,ECTM.S1AH2110,2006.08,101.9,,F,Dollars,6,Electronic Card Transactions (ANZSIC06) - ECT,Private - Values - Electronic card transactions  A/S/T by industry,Actual,Accommodation,,,
2851,ECTM.S1AH2110,2006.09,101.8,,F,Dollars,6,Electronic Card Transactions (ANZSIC06) - ECT,Private - Values - Electronic card transactions  A/S/T by industry,Actual,Accommodation,,,
2852,ECTM.S1AH2110,2006.1,117.5,,F,Dollars,6,Electronic Card Transactions (ANZSIC06) - ECT,Private - Values - Electronic card transactions  A/S/T by industry,Actual,Accommodation,,,
2853,ECTM.S1AH2110,2006.11,126.0,,F,Dollars,6,Electronic Card Transactions (ANZSIC06) - ECT,Private - Values - Electronic card transactions  A/S/T by industry,Actual,Accommodation,,,
2854,ECTM.S1AH2110,2006.12,135.7,,F,Dollars,6,Electronic Card Transactions (ANZSIC06) - ECT,Private - Values - Electronic card transactions  A/S/T by industry,Actual,Accommodation,,,
2855,ECTM.S1AH2110,2007.01,158.2,,F,Dollars,6,Electronic Card Transactions (ANZSIC06) - ECT,Private - Values - Electronic card transactions  A/S/T by industry,Actual,Accommodation,,,
2856,ECTM.S1AH2110,2007.02,147.9,,F,Dollars,6,Electronic Card Transactions (ANZSIC06) - ECT,Private - Values - Electronic card transactions  A/S/T by industry,Actual,Accommodation,,,
2857,ECTM.S1AH2110,2007.03,150.1,,F,Dollars,6,Electronic Card Transactions (ANZSIC06) - ECT,Private - Values - Electronic card transactions  A/S/T by industry,Actual,Accommodation,,,
2858,ECTM.S1AH2110,2007.04,126.2,,F,Dollars,6,Electronic Card Transactions (ANZSIC06) - ECT,Private - Values - Electronic card transactions  A/S/T by industry,Actual,Accommodation,,,
2859,ECTM.S1AH2110,2007.05,101.3,,F,Dollars,6,Electronic Card Transactions (ANZSIC06) - ECT,Private - Values - Electronic card transactions  A/S/T by industry,Actual,Accommodation,,,
2860,ECTM.S1AH2110,2007.06,96.0,,F,Dollars,6,Electronic Card Transactions (ANZSIC06) - ECT,Private - Values - Electronic card transactions  A/S/T by industry,Actual,Accommodation,,,
2861,ECTM.S1AH2110,2007.07,114.3,,F,Dollars,6,Electronic Card Transactions (ANZSIC06) - ECT,Private - Values - Electronic card transactions  A/S/T by industry,Actual,Accommodation,,,
2862,ECTM.S1AH2110,2007.08,110.7,,F,Dollars,6,Electronic Card Transactions (ANZSIC06) - ECT,Private - Values - Electronic card transactions  A/S/T by industry,Actual,Accommodation,,,
2863,ECTM.S1AH2110,2007.09,114.4,,F,Dollars,6,Electronic Card Transactions (ANZSIC06) - ECT,Private - Values - Electronic card transactions  A/S/T by industry,Actual,Accommodation,,,
2864,ECTM.S1AH2110,2007.1,117.6,,F,Dollars,6,Electronic Card Transactions (ANZSIC06) - ECT,Private - Values - Electronic card transactions  A/S/T by industry,Actual,Accommodation,,,
2865,ECTM.S1AH2110,2007.11,132.1,,F,Dollars,6,Electronic Card Transactions (ANZSIC06) - ECT,Private - Values - Electronic card transactions  A/S/T by industry,Actual,Accommodation,,,
2866,ECTM.S1AH2110,2007.12,141.4,,F,Dollars,6,Electronic Card Transactions (ANZSIC06) - ECT,Private - Values - Electronic card transactions  A/S/T by industry,Actual,Accommodation,,,
2867,ECTM.S1AH2110,2008.01,165.3,,F,Dollars,6,Electronic Card Transactions (ANZSIC06) - ECT,Private - Values - Electronic card transactions  A/S/T by industry,Actual,Accommodation,,,
2868,ECTM.S1AH2110,2008.02,157.0,,F,Dollars,6,Electronic Card Transactions (ANZSIC06) - ECT,Private - Values - Electronic card transactions  A/S/T by industry,Actual,Accommodation,,,
2869,ECTM.S1AH2110,2008.03,159.5,,F,Dollars,6,Electronic Card Transactions (ANZSIC06) - ECT,Private - Values - Electronic card transactions  A/S/T by industry,Actual,Accommodation,,,
2870,ECTM.S1AH2110,2008.04,126.0,,F,Dollars,6,Electronic Card Transactions (ANZSIC06) - ECT,Private - Values - Electronic card transactions  A/S/T by industry,Actual,Accommodation,,,
2871,ECTM.S1AH2110,2008.05,106.6,,F,Dollars,6,Electronic Card Transactions (ANZSIC06) - ECT,Private - Values - Electronic card transactions  A/S/T by industry,Actual,Accommodation,,,
2872,ECTM.S1AH2110,2008.06,96.6,,F,Dollars,6,Electronic Card Transactions (ANZSIC06) - ECT,Private - Values - Electronic card transactions  A/S/T by industry,Actual,Accommodation,,,
2873,ECTM.S1AH2110,2008.07,113.8,,F,Dollars,6,Electronic Card Transactions (ANZSIC06) - ECT,Private - Values - Electronic card transactions  A/S/T by industry,Actual,Accommodation,,,
2874,ECTM.S1AH2110,2008.08,112.6,,F,Dollars,6,Electronic Card Transactions (ANZSIC06) - ECT,Private - Values - Electronic card transactions  A/S/T by industry,Actual,Accommodation,,,
2875,ECTM.S1AH2110,2008.09,108.4,,F,Dollars,6,Electronic Card Transactions (ANZSIC06) - ECT,Private - Values - Electronic card transactions  A/S/T by industry,Actual,Accommodation,,,
2876,ECTM.S1AH2110,2008.1,123.9,,F,Dollars,6,Electronic Card Transactions (ANZSIC06) - ECT,Private - Values - Electronic card transactions  A/S/T by industry,Actual,Accommodation,,,
2877,ECTM.S1AH2110,2008.11,128.0,,F,Dollars,6,Electronic Card Transactions (ANZSIC06) - ECT,Private - Values - Electronic card transactions  A/S/T by industry,Actual,Accommodation,,,
2878,ECTM.S1AH2110,2008.12,136.6,,F,Dollars,6,Electronic Card Transactions (ANZSIC06) - ECT,Private - Values - Electronic card transactions  A/S/T by industry,Actual,Accommodation,,,
2879,ECTM.S1AH2110,2009.01,161.6,,F,Dollars,6,Electronic Card Transactions (ANZSIC06) - ECT,Private - Values - Electronic card transactions  A/S/T by industry,Actual,Accommodation,,,
2880,ECTM.S1AH2110,2009.02,145.8,,F,Dollars,6,Electronic Card Transactions (ANZSIC06) - ECT,Private - Values - Electronic card transactions  A/S/T by industry,Actual,Accommodation,,,
2881,ECTM.S1AH2110,2009.03,147.2,,F,Dollars,6,Electronic Card Transactions (ANZSIC06) - ECT,Private - Values - Electronic card transactions  A/S/T by industry,Actual,Accommodation,,,
2882,ECTM.S1AH2110,2009.04,124.0,,F,Dollars,6,Electronic Card Transactions (ANZSIC06) - ECT,Private - Values - Electronic card transactions  A/S/T by industry,Actual,Accommodation,,,
2883,ECTM.S1AH2110,2009.05,101.9,,F,Dollars,6,Electronic Card Transactions (ANZSIC06) - ECT,Private - Values - Electronic card transactions  A/S/T by industry,Actual,Accommodation,,,
2884,ECTM.S1AH2110,2009.06,90.8,,F,Dollars,6,Electronic Card Transactions (ANZSIC06) - ECT,Private - Values - Electronic card transactions  A/S/T by industry,Actual,Accommodation,,,
2885,ECTM.S1AH2110,2009.07,111.6,,F,Dollars,6,Electronic Card Transactions (ANZSIC06) - ECT,Private - Values - Electronic card transactions  A/S/T by industry,Actual,Accommodation,,,
2886,ECTM.S1AH2110,2009.08,107.7,,F,Dollars,6,Electronic Card Transactions (ANZSIC06) - ECT,Private - Values - Electronic card transactions  A/S/T by industry,Actual,Accommodation,,,
2887,ECTM.S1AH2110,2009.09,107.7,,F,Dollars,6,Electronic Card Transactions (ANZSIC06) - ECT,Private - Values - Electronic card transactions  A/S/T by industry,Actual,Accommodation,,,
2888,ECTM.S1AH2110,2009.1,123.0,,F,Dollars,6,Electronic Card Transactions (ANZSIC06) - ECT,Private - Values - Electronic card transactions  A/S/T by industry,Actual,Accommodation,,,
2889,ECTM.S1AH2110,2009.11,125.1,,F,Dollars,6,Electronic Card Transactions (ANZSIC06) - ECT,Private - Values - Electronic card transactions  A/S/T by industry,Actual,Accommodation,,,
2890,ECTM.S1AH2110,2009.12,134.0,,F,Dollars,6,Electronic Card Transactions (ANZSIC06) - ECT,Private - Values - Electronic card transactions  A/S/T by industry,Actual,Accommodation,,,
2891,ECTM.S1AH2110,2010.01,161.6,,F,Dollars,6,Electronic Card Transactions (ANZSIC06) - ECT,Private - Values - Electronic card transactions  A/S/T by industry,Actual,Accommodation,,,
2892,ECTM.S1AH2110,2010.02,145.9,,F,Dollars,6,Electronic Card Transactions (ANZSIC06) - ECT,Private - Values - Electronic card transactions  A/S/T by industry,Actual,Accommodation,,,
2893,ECTM.S1AH2110,2010.03,147.3,,F,Dollars,6,Electronic Card Transactions (ANZSIC06) - ECT,Private - Values - Electronic card transactions  A/S/T by industry,Actual,Accommodation,,,
2894,ECTM.S1AH2110,2010.04,125.1,,F,Dollars,6,Electronic Card Transactions (ANZSIC06) - ECT,Private - Values - Electronic card transactions  A/S/T by industry,Actual,Accommodation,,,
2895,ECTM.S1AH2110,2010.05,100.4,,F,Dollars,6,Electronic Card Transactions (ANZSIC06) - ECT,Private - Values - Electronic card transactions  A/S/T by industry,Actual,Accommodation,,,
2896,ECTM.S1AH2110,2010.06,93.2,,F,Dollars,6,Electronic Card Transactions (ANZSIC06) - ECT,Private - Values - Electronic card transactions  A/S/T by industry,Actual,Accommodation,,,
2897,ECTM.S1AH2110,2010.07,112.5,,F,Dollars,6,Electronic Card Transactions (ANZSIC06) - ECT,Private - Values - Electronic card transactions  A/S/T by industry,Actual,Accommodation,,,
2898,ECTM.S1AH2110,2010.08,105.9,,F,Dollars,6,Electronic Card Transactions (ANZSIC06) - ECT,Private - Values - Electronic card transactions  A/S/T by industry,Actual,Accommodation,,,
2899,ECTM.S1AH2110,2010.09,107.4,,F,Dollars,6,Electronic Card Transactions (ANZSIC06) - ECT,Private - Values - Electronic card transactions  A/S/T by industry,Actual,Accommodation,,,
2900,ECTM.S1AH2110,2010.1,124.9,,F,Dollars,6,Electronic Card Transactions (ANZSIC06) - ECT,Private - Values - Electronic card transactions  A/S/T by industry,Actual,Accommodation,,,
2901,ECTM.S1AH2110,2010.11,126.2,,F,Dollars,6,Electronic Card Transactions (ANZSIC06) - ECT,Private - Values - Electronic card transactions  A/S/T by industry,Actual,Accommodation,,,
2902,ECTM.S1AH2110,2010.12,138.0,,F,Dollars,6,Electronic Card Transactions (ANZSIC06) - ECT,Private - Values - Electronic card transactions  A/S/T by industry,Actual,Accommodation,,,
2903,ECTM.S1AH2110,2011.01,164.2,,F,Dollars,6,Electronic Card Transactions (ANZSIC06) - ECT,Private - Values - Electronic card transactions  A/S/T by industry,Actual,Accommodation,,,
2904,ECTM.S1AH2110,2011.02,147.7,,F,Dollars,6,Electronic Card Transactions (ANZSIC06) - ECT,Private - Values - Electronic card transactions  A/S/T by industry,Actual,Accommodation,,,
2905,ECTM.S1AH2110,2011.03,145.0,,F,Dollars,6,Electronic Card Transactions (ANZSIC06) - ECT,Private - Values - Electronic card transactions  A/S/T by industry,Actual,Accommodation,,,
2906,ECTM.S1AH2110,2011.04,127.6,,F,Dollars,6,Electronic Card Transactions (ANZSIC06) - ECT,Private - Values - Electronic card transactions  A/S/T by industry,Actual,Accommodation,,,
2907,ECTM.S1AH2110,2011.05,103.3,,F,Dollars,6,Electronic Card Transactions (ANZSIC06) - ECT,Private - Values - Electronic card transactions  A/S/T by industry,Actual,Accommodation,,,
2908,ECTM.S1AH2110,2011.06,97.1,,F,Dollars,6,Electronic Card Transactions (ANZSIC06) - ECT,Private - Values - Electronic card transactions  A/S/T by industry,Actual,Accommodation,,,
2909,ECTM.S1AH2110,2011.07,119.1,,F,Dollars,6,Electronic Card Transactions (ANZSIC06) - ECT,Private - Values - Electronic card transactions  A/S/T by industry,Actual,Accommodation,,,
2910,ECTM.S1AH2110,2011.08,114.4,,F,Dollars,6,Electronic Card Transactions (ANZSIC06) - ECT,Private - Values - Electronic card transactions  A/S/T by industry,Actual,Accommodation,,,
2911,ECTM.S1AH2110,2011.09,109.5,,F,Dollars,6,Electronic Card Transactions (ANZSIC06) - ECT,Private - Values - Electronic card transactions  A/S/T by industry,Actual,Accommodation,,,
2912,ECTM.S1AH2110,2011.1,123.1,,F,Dollars,6,Electronic Card Transactions (ANZSIC06) - ECT,Private - Values - Electronic card transactions  A/S/T by industry,Actual,Accommodation,,,
2913,ECTM.S1AH2110,2011.11,128.7,,F,Dollars,6,Electronic Card Transactions (ANZSIC06) - ECT,Private - Values - Electronic card transactions  A/S/T by industry,Actual,Accommodation,,,
2914,ECTM.S1AH2110,2011.12,139.9,,F,Dollars,6,Electronic Card Transactions (ANZSIC06) - ECT,Private - Values - Electronic card transactions  A/S/T by industry,Actual,Accommodation,,,
2915,ECTM.S1AH2110,2012.01,162.6,,F,Dollars,6,Electronic Card Transactions (ANZSIC06) - ECT,Private - Values - Electronic card transactions  A/S/T by industry,Actual,Accommodation,,,
2916,ECTM.S1AH2110,2012.02,146.4,,F,Dollars,6,Electronic Card Transactions (ANZSIC06) - ECT,Private - Values - Electronic card transactions  A/S/T by industry,Actual,Accommodation,,,
2917,ECTM.S1AH2110,2012.03,144.1,,F,Dollars,6,Electronic Card Transactions (ANZSIC06) - ECT,Private - Values - Electronic card transactions  A/S/T by industry,Actual,Accommodation,,,
2918,ECTM.S1AH2110,2012.04,123.8,,F,Dollars,6,Electronic Card Transactions (ANZSIC06) - ECT,Private - Values - Electronic card transactions  A/S/T by industry,Actual,Accommodation,,,
2919,ECTM.S1AH2110,2012.05,101.6,,F,Dollars,6,Electronic Card Transactions (ANZSIC06) - ECT,Private - Values - Electronic card transactions  A/S/T by industry,Actual,Accommodation,,,
2920,ECTM.S1AH2110,2012.06,99.8,,F,Dollars,6,Electronic Card Transactions (ANZSIC06) - ECT,Private - Values - Electronic card transactions  A/S/T by industry,Actual,Accommodation,,,
2921,ECTM.S1AH2110,2012.07,110.3,,F,Dollars,6,Electronic Card Transactions (ANZSIC06) - ECT,Private - Values - Electronic card transactions  A/S/T by industry,Actual,Accommodation,,,
2922,ECTM.S1AH2110,2012.08,108.0,,F,Dollars,6,Electronic Card Transactions (ANZSIC06) - ECT,Private - Values - Electronic card transactions  A/S/T by industry,Actual,Accommodation,,,
2923,ECTM.S1AH2110,2012.09,108.7,,F,Dollars,6,Electronic Card Transactions (ANZSIC06) - ECT,Private - Values - Electronic card transactions  A/S/T by industry,Actual,Accommodation,,,
2924,ECTM.S1AH2110,2012.1,123.2,,F,Dollars,6,Electronic Card Transactions (ANZSIC06) - ECT,Private - Values - Electronic card transactions  A/S/T by industry,Actual,Accommodation,,,
2925,ECTM.S1AH2110,2012.11,128.8,,F,Dollars,6,Electronic Card Transactions (ANZSIC06) - ECT,Private - Values - Electronic card transactions  A/S/T by industry,Actual,Accommodation,,,
2926,ECTM.S1AH2110,2012.12,141.9,,F,Dollars,6,Electronic Card Transactions (ANZSIC06) - ECT,Private - Values - Electronic card transactions  A/S/T by industry,Actual,Accommodation,,,
2927,ECTM.S1AH2110,2013.01,164.7,,F,Dollars,6,Electronic Card Transactions (ANZSIC06) - ECT,Private - Values - Electronic card transactions  A/S/T by industry,Actual,Accommodation,,,
2928,ECTM.S1AH2110,2013.02,145.0,,F,Dollars,6,Electronic Card Transactions (ANZSIC06) - ECT,Private - Values - Electronic card transactions  A/S/T by industry,Actual,Accommodation,,,
2929,ECTM.S1AH2110,2013.03,153.9,,F,Dollars,6,Electronic Card Transactions (ANZSIC06) - ECT,Private - Values - Electronic card transactions  A/S/T by industry,Actual,Accommodation,,,
2930,ECTM.S1AH2110,2013.04,127.5,,F,Dollars,6,Electronic Card Transactions (ANZSIC06) - ECT,Private - Values - Electronic card transactions  A/S/T by industry,Actual,Accommodation,,,
2931,ECTM.S1AH2110,2013.05,109.6,,F,Dollars,6,Electronic Card Transactions (ANZSIC06) - ECT,Private - Values - Electronic card transactions  A/S/T by industry,Actual,Accommodation,,,
2932,ECTM.S1AH2110,2013.06,102.1,,F,Dollars,6,Electronic Card Transactions (ANZSIC06) - ECT,Private - Values - Electronic card transactions  A/S/T by industry,Actual,Accommodation,,,
2933,ECTM.S1AH2110,2013.07,119.0,,F,Dollars,6,Electronic Card Transactions (ANZSIC06) - ECT,Private - Values - Electronic card transactions  A/S/T by industry,Actual,Accommodation,,,
2934,ECTM.S1AH2110,2013.08,117.6,,F,Dollars,6,Electronic Card Transactions (ANZSIC06) - ECT,Private - Values - Electronic card transactions  A/S/T by industry,Actual,Accommodation,,,
2935,ECTM.S1AH2110,2013.09,117.0,,F,Dollars,6,Electronic Card Transactions (ANZSIC06) - ECT,Private - Values - Electronic card transactions  A/S/T by industry,Actual,Accommodation,,,
2936,ECTM.S1AH2110,2013.1,135.0,,F,Dollars,6,Electronic Card Transactions (ANZSIC06) - ECT,Private - Values - Electronic card transactions  A/S/T by industry,Actual,Accommodation,,,
2937,ECTM.S1AH2110,2013.11,141.0,,F,Dollars,6,Electronic Card Transactions (ANZSIC06) - ECT,Private - Values - Electronic card transactions  A/S/T by industry,Actual,Accommodation,,,
2938,ECTM.S1AH2110,2013.12,156.8,,F,Dollars,6,Electronic Card Transactions (ANZSIC06) - ECT,Private - Values - Electronic card transactions  A/S/T by industry,Actual,Accommodation,,,
2939,ECTM.S1AH2110,2014.01,185.4,,F,Dollars,6,Electronic Card Transactions (ANZSIC06) - ECT,Private - Values - Electronic card transactions  A/S/T by industry,Actual,Accommodation,,,
2940,ECTM.S1AH2110,2014.02,166.6,,F,Dollars,6,Electronic Card Transactions (ANZSIC06) - ECT,Private - Values - Electronic card transactions  A/S/T by industry,Actual,Accommodation,,,
2941,ECTM.S1AH2110,2014.03,166.5,,F,Dollars,6,Electronic Card Transactions (ANZSIC06) - ECT,Private - Values - Electronic card transactions  A/S/T by industry,Actual,Accommodation,,,
2942,ECTM.S1AH2110,2014.04,145.6,,F,Dollars,6,Electronic Card Transactions (ANZSIC06) - ECT,Private - Values - Electronic card transactions  A/S/T by industry,Actual,Accommodation,,,
2943,ECTM.S1AH2110,2014.05,123.6,,F,Dollars,6,Electronic Card Transactions (ANZSIC06) - ECT,Private - Values - Electronic card transactions  A/S/T by industry,Actual,Accommodation,,,
2944,ECTM.S1AH2110,2014.06,110.9,,F,Dollars,6,Electronic Card Transactions (ANZSIC06) - ECT,Private - Values - Electronic card transactions  A/S/T by industry,Actual,Accommodation,,,
2945,ECTM.S1AH2110,2014.07,129.7,,F,Dollars,6,Electronic Card Transactions (ANZSIC06) - ECT,Private - Values - Electronic card transactions  A/S/T by industry,Actual,Accommodation,,,
2946,ECTM.S1AH2110,2014.08,129.4,,F,Dollars,6,Electronic Card Transactions (ANZSIC06) - ECT,Private - Values - Electronic card transactions  A/S/T by industry,Actual,Accommodation,,,
2947,ECTM.S1AH2110,2014.09,126.3,,F,Dollars,6,Electronic Card Transactions (ANZSIC06) - ECT,Private - Values - Electronic card transactions  A/S/T by industry,Actual,Accommodation,,,
2948,ECTM.S1AH2110,2014.1,148.8,,F,Dollars,6,Electronic Card Transactions (ANZSIC06) - ECT,Private - Values - Electronic card transactions  A/S/T by industry,Actual,Accommodation,,,
2949,ECTM.S1AH2110,2014.11,158.4,,F,Dollars,6,Electronic Card Transactions (ANZSIC06) - ECT,Private - Values - Electronic card transactions  A/S/T by industry,Actual,Accommodation,,,
2950,ECTM.S1AH2110,2014.12,174.7,,F,Dollars,6,Electronic Card Transactions (ANZSIC06) - ECT,Private - Values - Electronic card transactions  A/S/T by industry,Actual,Accommodation,,,
2951,ECTM.S1AH2110,2015.01,205.3,,F,Dollars,6,Electronic Card Transactions (ANZSIC06) - ECT,Private - Values - Electronic card transactions  A/S/T by industry,Actual,Accommodation,,,
2952,ECTM.S1AH2110,2015.02,188.7,,F,Dollars,6,Electronic Card Transactions (ANZSIC06) - ECT,Private - Values - Electronic card transactions  A/S/T by industry,Actual,Accommodation,,,
2953,ECTM.S1AH2110,2015.03,188.4,,F,Dollars,6,Electronic Card Transactions (ANZSIC06) - ECT,Private - Values - Electronic card transactions  A/S/T by industry,Actual,Accommodation,,,
2954,ECTM.S1AH2110,2015.04,162.1,,F,Dollars,6,Electronic Card Transactions (ANZSIC06) - ECT,Private - Values - Electronic card transactions  A/S/T by industry,Actual,Accommodation,,,
2955,ECTM.S1AH2110,2015.05,134.0,,F,Dollars,6,Electronic Card Transactions (ANZSIC06) - ECT,Private - Values - Electronic card transactions  A/S/T by industry,Actual,Accommodation,,,
2956,ECTM.S1AH2110,2015.06,120.9,,F,Dollars,6,Electronic Card Transactions (ANZSIC06) - ECT,Private - Values - Electronic card transactions  A/S/T by industry,Actual,Accommodation,,,
2957,ECTM.S1AH2110,2015.07,145.0,,F,Dollars,6,Electronic Card Transactions (ANZSIC06) - ECT,Private - Values - Electronic card transactions  A/S/T by industry,Actual,Accommodation,,,
2958,ECTM.S1AH2110,2015.08,141.3,,F,Dollars,6,Electronic Card Transactions (ANZSIC06) - ECT,Private - Values - Electronic card transactions  A/S/T by industry,Actual,Accommodation,,,
2959,ECTM.S1AH2110,2015.09,140.9,,F,Dollars,6,Electronic Card Transactions (ANZSIC06) - ECT,Private - Values - Electronic card transactions  A/S/T by industry,Actual,Accommodation,,,
2960,ECTM.S1AH2110,2015.1,164.7,,F,Dollars,6,Electronic Card Transactions (ANZSIC06) - ECT,Private - Values - Electronic card transactions  A/S/T by industry,Actual,Accommodation,,,
2961,ECTM.S1AH2110,2015.11,178.8,,F,Dollars,6,Electronic Card Transactions (ANZSIC06) - ECT,Private - Values - Electronic card transactions  A/S/T by industry,Actual,Accommodation,,,
2962,ECTM.S1AH2110,2015.12,199.5,,F,Dollars,6,Electronic Card Transactions (ANZSIC06) - ECT,Private - Values - Electronic card transactions  A/S/T by industry,Actual,Accommodation,,,
2963,ECTM.S1AH2110,2016.01,235.6,,F,Dollars,6,Electronic Card Transactions (ANZSIC06) - ECT,Private - Values - Electronic card transactions  A/S/T by industry,Actual,Accommodation,,,
2964,ECTM.S1AH2110,2016.02,217.5,,F,Dollars,6,Electronic Card Transactions (ANZSIC06) - ECT,Private - Values - Electronic card transactions  A/S/T by industry,Actual,Accommodation,,,
2965,ECTM.S1AH2110,2016.03,215.1,,F,Dollars,6,Electronic Card Transactions (ANZSIC06) - ECT,Private - Values - Electronic card transactions  A/S/T by industry,Actual,Accommodation,,,
2966,ECTM.S1AH2110,2016.04,183.4,,F,Dollars,6,Electronic Card Transactions (ANZSIC06) - ECT,Private - Values - Electronic card transactions  A/S/T by industry,Actual,Accommodation,,,
2967,ECTM.S1AH2110,2016.05,152.9,,F,Dollars,6,Electronic Card Transactions (ANZSIC06) - ECT,Private - Values - Electronic card transactions  A/S/T by industry,Actual,Accommodation,,,
2968,ECTM.S1AH2110,2016.06,147.4,,F,Dollars,6,Electronic Card Transactions (ANZSIC06) - ECT,Private - Values - Electronic card transactions  A/S/T by industry,Actual,Accommodation,,,
2969,ECTM.S1AH2110,2016.07,179.3,,F,Dollars,6,Electronic Card Transactions (ANZSIC06) - ECT,Private - Values - Electronic card transactions  A/S/T by industry,Actual,Accommodation,,,
2970,ECTM.S1AH2110,2016.08,171.1,,F,Dollars,6,Electronic Card Transactions (ANZSIC06) - ECT,Private - Values - Electronic card transactions  A/S/T by industry,Actual,Accommodation,,,
2971,ECTM.S1AH2110,2016.09,178.1,,F,Dollars,6,Electronic Card Transactions (ANZSIC06) - ECT,Private - Values - Electronic card transactions  A/S/T by industry,Actual,Accommodation,,,
2972,ECTM.S1AH2110,2016.1,208.5,,F,Dollars,6,Electronic Card Transactions (ANZSIC06) - ECT,Private - Values - Electronic card transactions  A/S/T by industry,Actual,Accommodation,,,
2973,ECTM.S1AH2110,2016.11,208.4,,F,Dollars,6,Electronic Card Transactions (ANZSIC06) - ECT,Private - Values - Electronic card transactions  A/S/T by industry,Actual,Accommodation,,,
2974,ECTM.S1AH2110,2016.12,233.7,,F,Dollars,6,Electronic Card Transactions (ANZSIC06) - ECT,Private - Values - Electronic card transactions  A/S/T by industry,Actual,Accommodation,,,
2975,ECTM.S1AH2110,2017.01,268.9,,F,Dollars,6,Electronic Card Transactions (ANZSIC06) - ECT,Private - Values - Electronic card transactions  A/S/T by industry,Actual,Accommodation,,,
2976,ECTM.S1AH2110,2017.02,240.3,,F,Dollars,6,Electronic Card Transactions (ANZSIC06) - ECT,Private - Values - Electronic card transactions  A/S/T by industry,Actual,Accommodation,,,
2977,ECTM.S1AH2110,2017.03,237.5,,F,Dollars,6,Electronic Card Transactions (ANZSIC06) - ECT,Private - Values - Electronic card transactions  A/S/T by industry,Actual,Accommodation,,,
2978,ECTM.S1AH2110,2017.04,207.3,,F,Dollars,6,Electronic Card Transactions (ANZSIC06) - ECT,Private - Values - Electronic card transactions  A/S/T by industry,Actual,Accommodation,,,
2979,ECTM.S1AH2110,2017.05,166.9,,F,Dollars,6,Electronic Card Transactions (ANZSIC06) - ECT,Private - Values - Electronic card transactions  A/S/T by industry,Actual,Accommodation,,,
2980,ECTM.S1AH2110,2017.06,161.1,,F,Dollars,6,Electronic Card Transactions (ANZSIC06) - ECT,Private - Values - Electronic card transactions  A/S/T by industry,Actual,Accommodation,,,
2981,ECTM.S1AH2110,2017.07,182.7,,F,Dollars,6,Electronic Card Transactions (ANZSIC06) - ECT,Private - Values - Electronic card transactions  A/S/T by industry,Actual,Accommodation,,,
2982,ECTM.S1AH2110,2017.08,168.6,,F,Dollars,6,Electronic Card Transactions (ANZSIC06) - ECT,Private - Values - Electronic card transactions  A/S/T by industry,Actual,Accommodation,,,
2983,ECTM.S1AH2110,2017.09,171.3,,F,Dollars,6,Electronic Card Transactions (ANZSIC06) - ECT,Private - Values - Electronic card transactions  A/S/T by industry,Actual,Accommodation,,,
2984,ECTM.S1AH2110,2017.1,202.6,,F,Dollars,6,Electronic Card Transactions (ANZSIC06) - ECT,Private - Values - Electronic card transactions  A/S/T by industry,Actual,Accommodation,,,
2985,ECTM.S1AH2110,2017.11,221.6,,F,Dollars,6,Electronic Card Transactions (ANZSIC06) - ECT,Private - Values - Electronic card transactions  A/S/T by industry,Actual,Accommodation,,,
2986,ECTM.S1AH2110,2017.12,248.0,,F,Dollars,6,Electronic Card Transactions (ANZSIC06) - ECT,Private - Values - Electronic card transactions  A/S/T by industry,Actual,Accommodation,,,
2987,ECTM.S1AH2110,2018.01,271.9,,F,Dollars,6,Electronic Card Transactions (ANZSIC06) - ECT,Private - Values - Electronic card transactions  A/S/T by industry,Actual,Accommodation,,,
2988,ECTM.S1AH2110,2018.02,249.6,,F,Dollars,6,Electronic Card Transactions (ANZSIC06) - ECT,Private - Values - Electronic card transactions  A/S/T by industry,Actual,Accommodation,,,
2989,ECTM.S1AH2110,2018.03,258.2,,F,Dollars,6,Electronic Card Transactions (ANZSIC06) - ECT,Private - Values - Electronic card transactions  A/S/T by industry,Actual,Accommodation,,,
2990,ECTM.S1AH2110,2018.04,206.8,,F,Dollars,6,Electronic Card Transactions (ANZSIC06) - ECT,Private - Values - Electronic card transactions  A/S/T by industry,Actual,Accommodation,,,
2991,ECTM.S1AH2110,2018.05,171.7,,F,Dollars,6,Electronic Card Transactions (ANZSIC06) - ECT,Private - Values - Electronic card transactions  A/S/T by industry,Actual,Accommodation,,,
2992,ECTM.S1AH2110,2018.06,161.8,,F,Dollars,6,Electronic Card Transactions (ANZSIC06) - ECT,Private - Values - Electronic card transactions  A/S/T by industry,Actual,Accommodation,,,
2993,ECTM.S1AH2110,2018.07,189.0,,F,Dollars,6,Electronic Card Transactions (ANZSIC06) - ECT,Private - Values - Electronic card transactions  A/S/T by industry,Actual,Accommodation,,,
2994,ECTM.S1AH2110,2018.08,184.6,,F,Dollars,6,Electronic Card Transactions (ANZSIC06) - ECT,Private - Values - Electronic card transactions  A/S/T by industry,Actual,Accommodation,,,
2995,ECTM.S1AH2110,2018.09,186.6,,F,Dollars,6,Electronic Card Transactions (ANZSIC06) - ECT,Private - Values - Electronic card transactions  A/S/T by industry,Actual,Accommodation,,,
2996,ECTM.S1AH2110,2018.1,215.1,,F,Dollars,6,Electronic Card Transactions (ANZSIC06) - ECT,Private - Values - Electronic card transactions  A/S/T by industry,Actual,Accommodation,,,
2997,ECTM.S1AH2110,2018.11,238.3,,F,Dollars,6,Electronic Card Transactions (ANZSIC06) - ECT,Private - Values - Electronic card transactions  A/S/T by industry,Actual,Accommodation,,,
2998,ECTM.S1AH2110,2018.12,256.5,,F,Dollars,6,Electronic Card Transactions (ANZSIC06) - ECT,Private - Values - Electronic card transactions  A/S/T by industry,Actual,Accommodation,,,
2999,ECTM.S1AH2110,2019.01,283.3,,F,Dollars,6,Electronic Card Transactions (ANZSIC06) - ECT,Private - Values - Electronic card transactions  A/S/T by industry,Actual,Accommodation,,,
3000,ECTM.S1AH2110,2019.02,258.2,,F,Dollars,6,Electronic Card Transactions (ANZSIC06) - ECT,Private - Values - Electronic card transactions  A/S/T by industry,Actual,Accommodation,,,
3001,ECTM.S1AH2110,2019.03,259.2,,F,Dollars,6,Electronic Card Transactions (ANZSIC06) - ECT,Private - Values - Electronic card transactions  A/S/T by industry,Actual,Accommodation,,,
3002,ECTM.S1AH2110,2019.04,221.3,,F,Dollars,6,Electronic Card Transactions (ANZSIC06) - ECT,Private - Values - Electronic card transactions  A/S/T by industry,Actual,Accommodation,,,
3003,ECTM.S1AH2110,2019.05,177.4,,F,Dollars,6,Electronic Card Transactions (ANZSIC06) - ECT,Private - Values - Electronic card transactions  A/S/T by industry,Actual,Accommodation,,,
3004,ECTM.S1AH2110,2019.06,163.2,,F,Dollars,6,Electronic Card Transactions (ANZSIC06) - ECT,Private - Values - Electronic card transactions  A/S/T by industry,Actual,Accommodation,,,
3005,ECTM.S1AH2110,2019.07,186.7,,F,Dollars,6,Electronic Card Transactions (ANZSIC06) - ECT,Private - Values - Electronic card transactions  A/S/T by industry,Actual,Accommodation,,,
3006,ECTM.S1AH2110,2019.08,186.6,,F,Dollars,6,Electronic Card Transactions (ANZSIC06) - ECT,Private - Values - Electronic card transactions  A/S/T by industry,Actual,Accommodation,,,
3007,ECTM.S1AH2110,2019.09,187.0,,F,Dollars,6,Electronic Card Transactions (ANZSIC06) - ECT,Private - Values - Electronic card transactions  A/S/T by industry,Actual,Accommodation,,,
3008,ECTM.S1AH2110,2019.1,213.5,,F,Dollars,6,Electronic Card Transactions (ANZSIC06) - ECT,Private - Values - Electronic card transactions  A/S/T by industry,Actual,Accommodation,,,
3009,ECTM.S1AH2110,2019.11,239.5,,F,Dollars,6,Electronic Card Transactions (ANZSIC06) - ECT,Private - Values - Electronic card transactions  A/S/T by industry,Actual,Accommodation,,,
3010,ECTM.S1AH2110,2019.12,258.1,,F,Dollars,6,Electronic Card Transactions (ANZSIC06) - ECT,Private - Values - Electronic card transactions  A/S/T by industry,Actual,Accommodation,,,
3011,ECTM.S1AH2110,2020.01,284.4,,F,Dollars,6,Electronic Card Transactions (ANZSIC06) - ECT,Private - Values - Electronic card transactions  A/S/T by industry,Actual,Accommodation,,,
3012,ECTM.S1AH2110,2020.02,262.2,,F,Dollars,6,Electronic Card Transactions (ANZSIC06) - ECT,Private - Values - Electronic card transactions  A/S/T by industry,Actual,Accommodation,,,
3013,ECTM.S1AH2110,2020.03,162.5,,F,Dollars,6,Electronic Card Transactions (ANZSIC06) - ECT,Private - Values - Electronic card transactions  A/S/T by industry,Actual,Accommodation,,,
3014,ECTM.S1AH2110,2020.04,12.8,,F,Dollars,6,Electronic Card Transactions (ANZSIC06) - ECT,Private - Values - Electronic card transactions  A/S/T by industry,Actual,Accommodation,,,
3015,ECTM.S1AH2110,2020.05,54.7,,F,Dollars,6,Electronic Card Transactions (ANZSIC06) - ECT,Private - Values - Electronic card transactions  A/S/T by industry,Actual,Accommodation,,,
3016,ECTM.S1AH2110,2020.06,109.7,,F,Dollars,6,Electronic Card Transactions (ANZSIC06) - ECT,Private - Values - Electronic card transactions  A/S/T by industry,Actual,Accommodation,,,
3017,ECTM.S1AH2110,2020.07,157.1,,F,Dollars,6,Electronic Card Transactions (ANZSIC06) - ECT,Private - Values - Electronic card transactions  A/S/T by industry,Actual,Accommodation,,,
3018,ECTM.S1SH2110,2007.03,124.4,,R,Dollars,6,Electronic Card Transactions (ANZSIC06) - ECT,Private - Values - Electronic card transactions  A/S/T by industry,Seasonally adjusted,Accommodation,,,
3019,ECTM.S1SH2110,2007.04,125.9,,R,Dollars,6,Electronic Card Transactions (ANZSIC06) - ECT,Private - Values - Electronic card transactions  A/S/T by industry,Seasonally adjusted,Accommodation,,,
3020,ECTM.S1SH2110,2007.05,125.3,,R,Dollars,6,Electronic Card Transactions (ANZSIC06) - ECT,Private - Values - Electronic card transactions  A/S/T by industry,Seasonally adjusted,Accommodation,,,
3021,ECTM.S1SH2110,2007.06,126.5,,R,Dollars,6,Electronic Card Transactions (ANZSIC06) - ECT,Private - Values - Electronic card transactions  A/S/T by industry,Seasonally adjusted,Accommodation,,,
3022,ECTM.S1SH2110,2007.07,127.2,,R,Dollars,6,Electronic Card Transactions (ANZSIC06) - ECT,Private - Values - Electronic card transactions  A/S/T by industry,Seasonally adjusted,Accommodation,,,
3023,ECTM.S1SH2110,2007.08,126.9,,R,Dollars,6,Electronic Card Transactions (ANZSIC06) - ECT,Private - Values - Electronic card transactions  A/S/T by industry,Seasonally adjusted,Accommodation,,,
3024,ECTM.S1SH2110,2007.09,129.7,,R,Dollars,6,Electronic Card Transactions (ANZSIC06) - ECT,Private - Values - Electronic card transactions  A/S/T by industry,Seasonally adjusted,Accommodation,,,
3025,ECTM.S1SH2110,2007.1,120.9,,R,Dollars,6,Electronic Card Transactions (ANZSIC06) - ECT,Private - Values - Electronic card transactions  A/S/T by industry,Seasonally adjusted,Accommodation,,,
3026,ECTM.S1SH2110,2007.11,128.9,,R,Dollars,6,Electronic Card Transactions (ANZSIC06) - ECT,Private - Values - Electronic card transactions  A/S/T by industry,Seasonally adjusted,Accommodation,,,
3027,ECTM.S1SH2110,2007.12,128.0,,R,Dollars,6,Electronic Card Transactions (ANZSIC06) - ECT,Private - Values - Electronic card transactions  A/S/T by industry,Seasonally adjusted,Accommodation,,,
3028,ECTM.S1SH2110,2008.01,128.9,,R,Dollars,6,Electronic Card Transactions (ANZSIC06) - ECT,Private - Values - Electronic card transactions  A/S/T by industry,Seasonally adjusted,Accommodation,,,
3029,ECTM.S1SH2110,2008.02,128.2,,R,Dollars,6,Electronic Card Transactions (ANZSIC06) - ECT,Private - Values - Electronic card transactions  A/S/T by industry,Seasonally adjusted,Accommodation,,,
3030,ECTM.S1SH2110,2008.03,133.1,,R,Dollars,6,Electronic Card Transactions (ANZSIC06) - ECT,Private - Values - Electronic card transactions  A/S/T by industry,Seasonally adjusted,Accommodation,,,
3031,ECTM.S1SH2110,2008.04,126.9,,R,Dollars,6,Electronic Card Transactions (ANZSIC06) - ECT,Private - Values - Electronic card transactions  A/S/T by industry,Seasonally adjusted,Accommodation,,,
3032,ECTM.S1SH2110,2008.05,129.6,,R,Dollars,6,Electronic Card Transactions (ANZSIC06) - ECT,Private - Values - Electronic card transactions  A/S/T by industry,Seasonally adjusted,Accommodation,,,
3033,ECTM.S1SH2110,2008.06,128.0,,R,Dollars,6,Electronic Card Transactions (ANZSIC06) - ECT,Private - Values - Electronic card transactions  A/S/T by industry,Seasonally adjusted,Accommodation,,,
3034,ECTM.S1SH2110,2008.07,127.0,,R,Dollars,6,Electronic Card Transactions (ANZSIC06) - ECT,Private - Values - Electronic card transactions  A/S/T by industry,Seasonally adjusted,Accommodation,,,
3035,ECTM.S1SH2110,2008.08,127.8,,R,Dollars,6,Electronic Card Transactions (ANZSIC06) - ECT,Private - Values - Electronic card transactions  A/S/T by industry,Seasonally adjusted,Accommodation,,,
3036,ECTM.S1SH2110,2008.09,125.5,,R,Dollars,6,Electronic Card Transactions (ANZSIC06) - ECT,Private - Values - Electronic card transactions  A/S/T by industry,Seasonally adjusted,Accommodation,,,
3037,ECTM.S1SH2110,2008.1,125.2,,R,Dollars,6,Electronic Card Transactions (ANZSIC06) - ECT,Private - Values - Electronic card transactions  A/S/T by industry,Seasonally adjusted,Accommodation,,,
3038,ECTM.S1SH2110,2008.11,124.5,,R,Dollars,6,Electronic Card Transactions (ANZSIC06) - ECT,Private - Values - Electronic card transactions  A/S/T by industry,Seasonally adjusted,Accommodation,,,
3039,ECTM.S1SH2110,2008.12,125.7,,R,Dollars,6,Electronic Card Transactions (ANZSIC06) - ECT,Private - Values - Electronic card transactions  A/S/T by industry,Seasonally adjusted,Accommodation,,,
3040,ECTM.S1SH2110,2009.01,123.7,,R,Dollars,6,Electronic Card Transactions (ANZSIC06) - ECT,Private - Values - Electronic card transactions  A/S/T by industry,Seasonally adjusted,Accommodation,,,
3041,ECTM.S1SH2110,2009.02,124.2,,R,Dollars,6,Electronic Card Transactions (ANZSIC06) - ECT,Private - Values - Electronic card transactions  A/S/T by industry,Seasonally adjusted,Accommodation,,,
3042,ECTM.S1SH2110,2009.03,124.3,,R,Dollars,6,Electronic Card Transactions (ANZSIC06) - ECT,Private - Values - Electronic card transactions  A/S/T by industry,Seasonally adjusted,Accommodation,,,
3043,ECTM.S1SH2110,2009.04,124.1,,R,Dollars,6,Electronic Card Transactions (ANZSIC06) - ECT,Private - Values - Electronic card transactions  A/S/T by industry,Seasonally adjusted,Accommodation,,,
3044,ECTM.S1SH2110,2009.05,122.9,,R,Dollars,6,Electronic Card Transactions (ANZSIC06) - ECT,Private - Values - Electronic card transactions  A/S/T by industry,Seasonally adjusted,Accommodation,,,
3045,ECTM.S1SH2110,2009.06,121.5,,R,Dollars,6,Electronic Card Transactions (ANZSIC06) - ECT,Private - Values - Electronic card transactions  A/S/T by industry,Seasonally adjusted,Accommodation,,,
3046,ECTM.S1SH2110,2009.07,123.0,,R,Dollars,6,Electronic Card Transactions (ANZSIC06) - ECT,Private - Values - Electronic card transactions  A/S/T by industry,Seasonally adjusted,Accommodation,,,
3047,ECTM.S1SH2110,2009.08,123.6,,R,Dollars,6,Electronic Card Transactions (ANZSIC06) - ECT,Private - Values - Electronic card transactions  A/S/T by industry,Seasonally adjusted,Accommodation,,,
3048,ECTM.S1SH2110,2009.09,124.7,,R,Dollars,6,Electronic Card Transactions (ANZSIC06) - ECT,Private - Values - Electronic card transactions  A/S/T by industry,Seasonally adjusted,Accommodation,,,
3049,ECTM.S1SH2110,2009.1,123.6,,R,Dollars,6,Electronic Card Transactions (ANZSIC06) - ECT,Private - Values - Electronic card transactions  A/S/T by industry,Seasonally adjusted,Accommodation,,,
3050,ECTM.S1SH2110,2009.11,122.4,,R,Dollars,6,Electronic Card Transactions (ANZSIC06) - ECT,Private - Values - Electronic card transactions  A/S/T by industry,Seasonally adjusted,Accommodation,,,
3051,ECTM.S1SH2110,2009.12,122.5,,R,Dollars,6,Electronic Card Transactions (ANZSIC06) - ECT,Private - Values - Electronic card transactions  A/S/T by industry,Seasonally adjusted,Accommodation,,,
3052,ECTM.S1SH2110,2010.01,122.7,,R,Dollars,6,Electronic Card Transactions (ANZSIC06) - ECT,Private - Values - Electronic card transactions  A/S/T by industry,Seasonally adjusted,Accommodation,,,
3053,ECTM.S1SH2110,2010.02,124.5,,R,Dollars,6,Electronic Card Transactions (ANZSIC06) - ECT,Private - Values - Electronic card transactions  A/S/T by industry,Seasonally adjusted,Accommodation,,,
3054,ECTM.S1SH2110,2010.03,126.0,,R,Dollars,6,Electronic Card Transactions (ANZSIC06) - ECT,Private - Values - Electronic card transactions  A/S/T by industry,Seasonally adjusted,Accommodation,,,
3055,ECTM.S1SH2110,2010.04,124.1,,R,Dollars,6,Electronic Card Transactions (ANZSIC06) - ECT,Private - Values - Electronic card transactions  A/S/T by industry,Seasonally adjusted,Accommodation,,,
3056,ECTM.S1SH2110,2010.05,122.2,,R,Dollars,6,Electronic Card Transactions (ANZSIC06) - ECT,Private - Values - Electronic card transactions  A/S/T by industry,Seasonally adjusted,Accommodation,,,
3057,ECTM.S1SH2110,2010.06,124.2,,R,Dollars,6,Electronic Card Transactions (ANZSIC06) - ECT,Private - Values - Electronic card transactions  A/S/T by industry,Seasonally adjusted,Accommodation,,,
3058,ECTM.S1SH2110,2010.07,123.4,,R,Dollars,6,Electronic Card Transactions (ANZSIC06) - ECT,Private - Values - Electronic card transactions  A/S/T by industry,Seasonally adjusted,Accommodation,,,
3059,ECTM.S1SH2110,2010.08,122.8,,R,Dollars,6,Electronic Card Transactions (ANZSIC06) - ECT,Private - Values - Electronic card transactions  A/S/T by industry,Seasonally adjusted,Accommodation,,,
3060,ECTM.S1SH2110,2010.09,124.1,,R,Dollars,6,Electronic Card Transactions (ANZSIC06) - ECT,Private - Values - Electronic card transactions  A/S/T by industry,Seasonally adjusted,Accommodation,,,
3061,ECTM.S1SH2110,2010.1,124.7,,R,Dollars,6,Electronic Card Transactions (ANZSIC06) - ECT,Private - Values - Electronic card transactions  A/S/T by industry,Seasonally adjusted,Accommodation,,,
3062,ECTM.S1SH2110,2010.11,125.1,,R,Dollars,6,Electronic Card Transactions (ANZSIC06) - ECT,Private - Values - Electronic card transactions  A/S/T by industry,Seasonally adjusted,Accommodation,,,
3063,ECTM.S1SH2110,2010.12,124.3,,R,Dollars,6,Electronic Card Transactions (ANZSIC06) - ECT,Private - Values - Electronic card transactions  A/S/T by industry,Seasonally adjusted,Accommodation,,,
3064,ECTM.S1SH2110,2011.01,125.7,,R,Dollars,6,Electronic Card Transactions (ANZSIC06) - ECT,Private - Values - Electronic card transactions  A/S/T by industry,Seasonally adjusted,Accommodation,,,
3065,ECTM.S1SH2110,2011.02,126.2,,R,Dollars,6,Electronic Card Transactions (ANZSIC06) - ECT,Private - Values - Electronic card transactions  A/S/T by industry,Seasonally adjusted,Accommodation,,,
3066,ECTM.S1SH2110,2011.03,124.1,,R,Dollars,6,Electronic Card Transactions (ANZSIC06) - ECT,Private - Values - Electronic card transactions  A/S/T by industry,Seasonally adjusted,Accommodation,,,
3067,ECTM.S1SH2110,2011.04,126.2,,R,Dollars,6,Electronic Card Transactions (ANZSIC06) - ECT,Private - Values - Electronic card transactions  A/S/T by industry,Seasonally adjusted,Accommodation,,,
3068,ECTM.S1SH2110,2011.05,126.1,,R,Dollars,6,Electronic Card Transactions (ANZSIC06) - ECT,Private - Values - Electronic card transactions  A/S/T by industry,Seasonally adjusted,Accommodation,,,
3069,ECTM.S1SH2110,2011.06,128.2,,R,Dollars,6,Electronic Card Transactions (ANZSIC06) - ECT,Private - Values - Electronic card transactions  A/S/T by industry,Seasonally adjusted,Accommodation,,,
3070,ECTM.S1SH2110,2011.07,130.1,,R,Dollars,6,Electronic Card Transactions (ANZSIC06) - ECT,Private - Values - Electronic card transactions  A/S/T by industry,Seasonally adjusted,Accommodation,,,
3071,ECTM.S1SH2110,2011.08,134.1,,R,Dollars,6,Electronic Card Transactions (ANZSIC06) - ECT,Private - Values - Electronic card transactions  A/S/T by industry,Seasonally adjusted,Accommodation,,,
3072,ECTM.S1SH2110,2011.09,125.9,,R,Dollars,6,Electronic Card Transactions (ANZSIC06) - ECT,Private - Values - Electronic card transactions  A/S/T by industry,Seasonally adjusted,Accommodation,,,
3073,ECTM.S1SH2110,2011.1,124.2,,R,Dollars,6,Electronic Card Transactions (ANZSIC06) - ECT,Private - Values - Electronic card transactions  A/S/T by industry,Seasonally adjusted,Accommodation,,,
3074,ECTM.S1SH2110,2011.11,127.4,,R,Dollars,6,Electronic Card Transactions (ANZSIC06) - ECT,Private - Values - Electronic card transactions  A/S/T by industry,Seasonally adjusted,Accommodation,,,
3075,ECTM.S1SH2110,2011.12,124.7,,R,Dollars,6,Electronic Card Transactions (ANZSIC06) - ECT,Private - Values - Electronic card transactions  A/S/T by industry,Seasonally adjusted,Accommodation,,,
3076,ECTM.S1SH2110,2012.01,125.3,,R,Dollars,6,Electronic Card Transactions (ANZSIC06) - ECT,Private - Values - Electronic card transactions  A/S/T by industry,Seasonally adjusted,Accommodation,,,
3077,ECTM.S1SH2110,2012.02,121.2,,R,Dollars,6,Electronic Card Transactions (ANZSIC06) - ECT,Private - Values - Electronic card transactions  A/S/T by industry,Seasonally adjusted,Accommodation,,,
3078,ECTM.S1SH2110,2012.03,121.6,,R,Dollars,6,Electronic Card Transactions (ANZSIC06) - ECT,Private - Values - Electronic card transactions  A/S/T by industry,Seasonally adjusted,Accommodation,,,
3079,ECTM.S1SH2110,2012.04,123.1,,R,Dollars,6,Electronic Card Transactions (ANZSIC06) - ECT,Private - Values - Electronic card transactions  A/S/T by industry,Seasonally adjusted,Accommodation,,,
3080,ECTM.S1SH2110,2012.05,124.1,,R,Dollars,6,Electronic Card Transactions (ANZSIC06) - ECT,Private - Values - Electronic card transactions  A/S/T by industry,Seasonally adjusted,Accommodation,,,
3081,ECTM.S1SH2110,2012.06,130.1,,R,Dollars,6,Electronic Card Transactions (ANZSIC06) - ECT,Private - Values - Electronic card transactions  A/S/T by industry,Seasonally adjusted,Accommodation,,,
3082,ECTM.S1SH2110,2012.07,123.1,,R,Dollars,6,Electronic Card Transactions (ANZSIC06) - ECT,Private - Values - Electronic card transactions  A/S/T by industry,Seasonally adjusted,Accommodation,,,
3083,ECTM.S1SH2110,2012.08,124.8,,R,Dollars,6,Electronic Card Transactions (ANZSIC06) - ECT,Private - Values - Electronic card transactions  A/S/T by industry,Seasonally adjusted,Accommodation,,,
3084,ECTM.S1SH2110,2012.09,125.4,,R,Dollars,6,Electronic Card Transactions (ANZSIC06) - ECT,Private - Values - Electronic card transactions  A/S/T by industry,Seasonally adjusted,Accommodation,,,
3085,ECTM.S1SH2110,2012.1,126.7,,R,Dollars,6,Electronic Card Transactions (ANZSIC06) - ECT,Private - Values - Electronic card transactions  A/S/T by industry,Seasonally adjusted,Accommodation,,,
3086,ECTM.S1SH2110,2012.11,125.4,,R,Dollars,6,Electronic Card Transactions (ANZSIC06) - ECT,Private - Values - Electronic card transactions  A/S/T by industry,Seasonally adjusted,Accommodation,,,
3087,ECTM.S1SH2110,2012.12,126.4,,R,Dollars,6,Electronic Card Transactions (ANZSIC06) - ECT,Private - Values - Electronic card transactions  A/S/T by industry,Seasonally adjusted,Accommodation,,,
3088,ECTM.S1SH2110,2013.01,127.1,,R,Dollars,6,Electronic Card Transactions (ANZSIC06) - ECT,Private - Values - Electronic card transactions  A/S/T by industry,Seasonally adjusted,Accommodation,,,
3089,ECTM.S1SH2110,2013.02,123.8,,R,Dollars,6,Electronic Card Transactions (ANZSIC06) - ECT,Private - Values - Electronic card transactions  A/S/T by industry,Seasonally adjusted,Accommodation,,,
3090,ECTM.S1SH2110,2013.03,129.4,,R,Dollars,6,Electronic Card Transactions (ANZSIC06) - ECT,Private - Values - Electronic card transactions  A/S/T by industry,Seasonally adjusted,Accommodation,,,
3091,ECTM.S1SH2110,2013.04,128.3,,R,Dollars,6,Electronic Card Transactions (ANZSIC06) - ECT,Private - Values - Electronic card transactions  A/S/T by industry,Seasonally adjusted,Accommodation,,,
3092,ECTM.S1SH2110,2013.05,131.9,,R,Dollars,6,Electronic Card Transactions (ANZSIC06) - ECT,Private - Values - Electronic card transactions  A/S/T by industry,Seasonally adjusted,Accommodation,,,
3093,ECTM.S1SH2110,2013.06,133.2,,R,Dollars,6,Electronic Card Transactions (ANZSIC06) - ECT,Private - Values - Electronic card transactions  A/S/T by industry,Seasonally adjusted,Accommodation,,,
3094,ECTM.S1SH2110,2013.07,134.7,,R,Dollars,6,Electronic Card Transactions (ANZSIC06) - ECT,Private - Values - Electronic card transactions  A/S/T by industry,Seasonally adjusted,Accommodation,,,
3095,ECTM.S1SH2110,2013.08,135.6,,R,Dollars,6,Electronic Card Transactions (ANZSIC06) - ECT,Private - Values - Electronic card transactions  A/S/T by industry,Seasonally adjusted,Accommodation,,,
3096,ECTM.S1SH2110,2013.09,136.5,,R,Dollars,6,Electronic Card Transactions (ANZSIC06) - ECT,Private - Values - Electronic card transactions  A/S/T by industry,Seasonally adjusted,Accommodation,,,
3097,ECTM.S1SH2110,2013.1,138.3,,R,Dollars,6,Electronic Card Transactions (ANZSIC06) - ECT,Private - Values - Electronic card transactions  A/S/T by industry,Seasonally adjusted,Accommodation,,,
3098,ECTM.S1SH2110,2013.11,136.8,,R,Dollars,6,Electronic Card Transactions (ANZSIC06) - ECT,Private - Values - Electronic card transactions  A/S/T by industry,Seasonally adjusted,Accommodation,,,
3099,ECTM.S1SH2110,2013.12,139.8,,R,Dollars,6,Electronic Card Transactions (ANZSIC06) - ECT,Private - Values - Electronic card transactions  A/S/T by industry,Seasonally adjusted,Accommodation,,,
3100,ECTM.S1SH2110,2014.01,141.3,,R,Dollars,6,Electronic Card Transactions (ANZSIC06) - ECT,Private - Values - Electronic card transactions  A/S/T by industry,Seasonally adjusted,Accommodation,,,
3101,ECTM.S1SH2110,2014.02,142.0,,R,Dollars,6,Electronic Card Transactions (ANZSIC06) - ECT,Private - Values - Electronic card transactions  A/S/T by industry,Seasonally adjusted,Accommodation,,,
3102,ECTM.S1SH2110,2014.03,141.4,,R,Dollars,6,Electronic Card Transactions (ANZSIC06) - ECT,Private - Values - Electronic card transactions  A/S/T by industry,Seasonally adjusted,Accommodation,,,
3103,ECTM.S1SH2110,2014.04,146.4,,R,Dollars,6,Electronic Card Transactions (ANZSIC06) - ECT,Private - Values - Electronic card transactions  A/S/T by industry,Seasonally adjusted,Accommodation,,,
3104,ECTM.S1SH2110,2014.05,148.0,,R,Dollars,6,Electronic Card Transactions (ANZSIC06) - ECT,Private - Values - Electronic card transactions  A/S/T by industry,Seasonally adjusted,Accommodation,,,
3105,ECTM.S1SH2110,2014.06,146.1,,R,Dollars,6,Electronic Card Transactions (ANZSIC06) - ECT,Private - Values - Electronic card transactions  A/S/T by industry,Seasonally adjusted,Accommodation,,,
3106,ECTM.S1SH2110,2014.07,146.9,,R,Dollars,6,Electronic Card Transactions (ANZSIC06) - ECT,Private - Values - Electronic card transactions  A/S/T by industry,Seasonally adjusted,Accommodation,,,
3107,ECTM.S1SH2110,2014.08,149.0,,R,Dollars,6,Electronic Card Transactions (ANZSIC06) - ECT,Private - Values - Electronic card transactions  A/S/T by industry,Seasonally adjusted,Accommodation,,,
3108,ECTM.S1SH2110,2014.09,149.8,,R,Dollars,6,Electronic Card Transactions (ANZSIC06) - ECT,Private - Values - Electronic card transactions  A/S/T by industry,Seasonally adjusted,Accommodation,,,
3109,ECTM.S1SH2110,2014.1,150.6,,R,Dollars,6,Electronic Card Transactions (ANZSIC06) - ECT,Private - Values - Electronic card transactions  A/S/T by industry,Seasonally adjusted,Accommodation,,,
3110,ECTM.S1SH2110,2014.11,153.0,,R,Dollars,6,Electronic Card Transactions (ANZSIC06) - ECT,Private - Values - Electronic card transactions  A/S/T by industry,Seasonally adjusted,Accommodation,,,
3111,ECTM.S1SH2110,2014.12,156.2,,R,Dollars,6,Electronic Card Transactions (ANZSIC06) - ECT,Private - Values - Electronic card transactions  A/S/T by industry,Seasonally adjusted,Accommodation,,,
3112,ECTM.S1SH2110,2015.01,155.5,,R,Dollars,6,Electronic Card Transactions (ANZSIC06) - ECT,Private - Values - Electronic card transactions  A/S/T by industry,Seasonally adjusted,Accommodation,,,
3113,ECTM.S1SH2110,2015.02,160.5,,R,Dollars,6,Electronic Card Transactions (ANZSIC06) - ECT,Private - Values - Electronic card transactions  A/S/T by industry,Seasonally adjusted,Accommodation,,,
3114,ECTM.S1SH2110,2015.03,161.1,,R,Dollars,6,Electronic Card Transactions (ANZSIC06) - ECT,Private - Values - Electronic card transactions  A/S/T by industry,Seasonally adjusted,Accommodation,,,
3115,ECTM.S1SH2110,2015.04,162.4,,R,Dollars,6,Electronic Card Transactions (ANZSIC06) - ECT,Private - Values - Electronic card transactions  A/S/T by industry,Seasonally adjusted,Accommodation,,,
3116,ECTM.S1SH2110,2015.05,160.2,,R,Dollars,6,Electronic Card Transactions (ANZSIC06) - ECT,Private - Values - Electronic card transactions  A/S/T by industry,Seasonally adjusted,Accommodation,,,
3117,ECTM.S1SH2110,2015.06,161.7,,R,Dollars,6,Electronic Card Transactions (ANZSIC06) - ECT,Private - Values - Electronic card transactions  A/S/T by industry,Seasonally adjusted,Accommodation,,,
3118,ECTM.S1SH2110,2015.07,162.9,,R,Dollars,6,Electronic Card Transactions (ANZSIC06) - ECT,Private - Values - Electronic card transactions  A/S/T by industry,Seasonally adjusted,Accommodation,,,
3119,ECTM.S1SH2110,2015.08,165.4,,R,Dollars,6,Electronic Card Transactions (ANZSIC06) - ECT,Private - Values - Electronic card transactions  A/S/T by industry,Seasonally adjusted,Accommodation,,,
3120,ECTM.S1SH2110,2015.09,167.3,,R,Dollars,6,Electronic Card Transactions (ANZSIC06) - ECT,Private - Values - Electronic card transactions  A/S/T by industry,Seasonally adjusted,Accommodation,,,
3121,ECTM.S1SH2110,2015.1,165.6,,R,Dollars,6,Electronic Card Transactions (ANZSIC06) - ECT,Private - Values - Electronic card transactions  A/S/T by industry,Seasonally adjusted,Accommodation,,,
3122,ECTM.S1SH2110,2015.11,172.5,,R,Dollars,6,Electronic Card Transactions (ANZSIC06) - ECT,Private - Values - Electronic card transactions  A/S/T by industry,Seasonally adjusted,Accommodation,,,
3123,ECTM.S1SH2110,2015.12,176.3,,R,Dollars,6,Electronic Card Transactions (ANZSIC06) - ECT,Private - Values - Electronic card transactions  A/S/T by industry,Seasonally adjusted,Accommodation,,,
3124,ECTM.S1SH2110,2016.01,177.5,,R,Dollars,6,Electronic Card Transactions (ANZSIC06) - ECT,Private - Values - Electronic card transactions  A/S/T by industry,Seasonally adjusted,Accommodation,,,
3125,ECTM.S1SH2110,2016.02,179.1,,R,Dollars,6,Electronic Card Transactions (ANZSIC06) - ECT,Private - Values - Electronic card transactions  A/S/T by industry,Seasonally adjusted,Accommodation,,,
3126,ECTM.S1SH2110,2016.03,184.6,,R,Dollars,6,Electronic Card Transactions (ANZSIC06) - ECT,Private - Values - Electronic card transactions  A/S/T by industry,Seasonally adjusted,Accommodation,,,
3127,ECTM.S1SH2110,2016.04,182.0,,R,Dollars,6,Electronic Card Transactions (ANZSIC06) - ECT,Private - Values - Electronic card transactions  A/S/T by industry,Seasonally adjusted,Accommodation,,,
3128,ECTM.S1SH2110,2016.05,187.4,,R,Dollars,6,Electronic Card Transactions (ANZSIC06) - ECT,Private - Values - Electronic card transactions  A/S/T by industry,Seasonally adjusted,Accommodation,,,
3129,ECTM.S1SH2110,2016.06,196.3,,R,Dollars,6,Electronic Card Transactions (ANZSIC06) - ECT,Private - Values - Electronic card transactions  A/S/T by industry,Seasonally adjusted,Accommodation,,,
3130,ECTM.S1SH2110,2016.07,200.0,,R,Dollars,6,Electronic Card Transactions (ANZSIC06) - ECT,Private - Values - Electronic card transactions  A/S/T by industry,Seasonally adjusted,Accommodation,,,
3131,ECTM.S1SH2110,2016.08,204.8,,R,Dollars,6,Electronic Card Transactions (ANZSIC06) - ECT,Private - Values - Electronic card transactions  A/S/T by industry,Seasonally adjusted,Accommodation,,,
3132,ECTM.S1SH2110,2016.09,208.9,,R,Dollars,6,Electronic Card Transactions (ANZSIC06) - ECT,Private - Values - Electronic card transactions  A/S/T by industry,Seasonally adjusted,Accommodation,,,
3133,ECTM.S1SH2110,2016.1,210.6,,R,Dollars,6,Electronic Card Transactions (ANZSIC06) - ECT,Private - Values - Electronic card transactions  A/S/T by industry,Seasonally adjusted,Accommodation,,,
3134,ECTM.S1SH2110,2016.11,200.7,,R,Dollars,6,Electronic Card Transactions (ANZSIC06) - ECT,Private - Values - Electronic card transactions  A/S/T by industry,Seasonally adjusted,Accommodation,,,
3135,ECTM.S1SH2110,2016.12,201.5,,R,Dollars,6,Electronic Card Transactions (ANZSIC06) - ECT,Private - Values - Electronic card transactions  A/S/T by industry,Seasonally adjusted,Accommodation,,,
3136,ECTM.S1SH2110,2017.01,206.6,,R,Dollars,6,Electronic Card Transactions (ANZSIC06) - ECT,Private - Values - Electronic card transactions  A/S/T by industry,Seasonally adjusted,Accommodation,,,
3137,ECTM.S1SH2110,2017.02,204.2,,R,Dollars,6,Electronic Card Transactions (ANZSIC06) - ECT,Private - Values - Electronic card transactions  A/S/T by industry,Seasonally adjusted,Accommodation,,,
3138,ECTM.S1SH2110,2017.03,201.5,,R,Dollars,6,Electronic Card Transactions (ANZSIC06) - ECT,Private - Values - Electronic card transactions  A/S/T by industry,Seasonally adjusted,Accommodation,,,
3139,ECTM.S1SH2110,2017.04,206.4,,R,Dollars,6,Electronic Card Transactions (ANZSIC06) - ECT,Private - Values - Electronic card transactions  A/S/T by industry,Seasonally adjusted,Accommodation,,,
3140,ECTM.S1SH2110,2017.05,207.6,,R,Dollars,6,Electronic Card Transactions (ANZSIC06) - ECT,Private - Values - Electronic card transactions  A/S/T by industry,Seasonally adjusted,Accommodation,,,
3141,ECTM.S1SH2110,2017.06,213.3,,R,Dollars,6,Electronic Card Transactions (ANZSIC06) - ECT,Private - Values - Electronic card transactions  A/S/T by industry,Seasonally adjusted,Accommodation,,,
3142,ECTM.S1SH2110,2017.07,206.8,,R,Dollars,6,Electronic Card Transactions (ANZSIC06) - ECT,Private - Values - Electronic card transactions  A/S/T by industry,Seasonally adjusted,Accommodation,,,
3143,ECTM.S1SH2110,2017.08,201.3,,R,Dollars,6,Electronic Card Transactions (ANZSIC06) - ECT,Private - Values - Electronic card transactions  A/S/T by industry,Seasonally adjusted,Accommodation,,,
3144,ECTM.S1SH2110,2017.09,200.5,,R,Dollars,6,Electronic Card Transactions (ANZSIC06) - ECT,Private - Values - Electronic card transactions  A/S/T by industry,Seasonally adjusted,Accommodation,,,
3145,ECTM.S1SH2110,2017.1,205.9,,R,Dollars,6,Electronic Card Transactions (ANZSIC06) - ECT,Private - Values - Electronic card transactions  A/S/T by industry,Seasonally adjusted,Accommodation,,,
3146,ECTM.S1SH2110,2017.11,209.9,,R,Dollars,6,Electronic Card Transactions (ANZSIC06) - ECT,Private - Values - Electronic card transactions  A/S/T by industry,Seasonally adjusted,Accommodation,,,
3147,ECTM.S1SH2110,2017.12,211.3,,R,Dollars,6,Electronic Card Transactions (ANZSIC06) - ECT,Private - Values - Electronic card transactions  A/S/T by industry,Seasonally adjusted,Accommodation,,,
3148,ECTM.S1SH2110,2018.01,211.0,,R,Dollars,6,Electronic Card Transactions (ANZSIC06) - ECT,Private - Values - Electronic card transactions  A/S/T by industry,Seasonally adjusted,Accommodation,,,
3149,ECTM.S1SH2110,2018.02,212.6,,R,Dollars,6,Electronic Card Transactions (ANZSIC06) - ECT,Private - Values - Electronic card transactions  A/S/T by industry,Seasonally adjusted,Accommodation,,,
3150,ECTM.S1SH2110,2018.03,218.3,,R,Dollars,6,Electronic Card Transactions (ANZSIC06) - ECT,Private - Values - Electronic card transactions  A/S/T by industry,Seasonally adjusted,Accommodation,,,
3151,ECTM.S1SH2110,2018.04,207.6,,R,Dollars,6,Electronic Card Transactions (ANZSIC06) - ECT,Private - Values - Electronic card transactions  A/S/T by industry,Seasonally adjusted,Accommodation,,,
3152,ECTM.S1SH2110,2018.05,213.3,,R,Dollars,6,Electronic Card Transactions (ANZSIC06) - ECT,Private - Values - Electronic card transactions  A/S/T by industry,Seasonally adjusted,Accommodation,,,
3153,ECTM.S1SH2110,2018.06,214.5,,R,Dollars,6,Electronic Card Transactions (ANZSIC06) - ECT,Private - Values - Electronic card transactions  A/S/T by industry,Seasonally adjusted,Accommodation,,,
3154,ECTM.S1SH2110,2018.07,216.5,,R,Dollars,6,Electronic Card Transactions (ANZSIC06) - ECT,Private - Values - Electronic card transactions  A/S/T by industry,Seasonally adjusted,Accommodation,,,
3155,ECTM.S1SH2110,2018.08,218.1,,R,Dollars,6,Electronic Card Transactions (ANZSIC06) - ECT,Private - Values - Electronic card transactions  A/S/T by industry,Seasonally adjusted,Accommodation,,,
3156,ECTM.S1SH2110,2018.09,218.7,,R,Dollars,6,Electronic Card Transactions (ANZSIC06) - ECT,Private - Values - Electronic card transactions  A/S/T by industry,Seasonally adjusted,Accommodation,,,
3157,ECTM.S1SH2110,2018.1,220.5,,R,Dollars,6,Electronic Card Transactions (ANZSIC06) - ECT,Private - Values - Electronic card transactions  A/S/T by industry,Seasonally adjusted,Accommodation,,,
3158,ECTM.S1SH2110,2018.11,221.8,,R,Dollars,6,Electronic Card Transactions (ANZSIC06) - ECT,Private - Values - Electronic card transactions  A/S/T by industry,Seasonally adjusted,Accommodation,,,
3159,ECTM.S1SH2110,2018.12,219.6,,R,Dollars,6,Electronic Card Transactions (ANZSIC06) - ECT,Private - Values - Electronic card transactions  A/S/T by industry,Seasonally adjusted,Accommodation,,,
3160,ECTM.S1SH2110,2019.01,219.0,,R,Dollars,6,Electronic Card Transactions (ANZSIC06) - ECT,Private - Values - Electronic card transactions  A/S/T by industry,Seasonally adjusted,Accommodation,,,
3161,ECTM.S1SH2110,2019.02,220.5,,R,Dollars,6,Electronic Card Transactions (ANZSIC06) - ECT,Private - Values - Electronic card transactions  A/S/T by industry,Seasonally adjusted,Accommodation,,,
3162,ECTM.S1SH2110,2019.03,218.2,,R,Dollars,6,Electronic Card Transactions (ANZSIC06) - ECT,Private - Values - Electronic card transactions  A/S/T by industry,Seasonally adjusted,Accommodation,,,
3163,ECTM.S1SH2110,2019.04,225.2,,R,Dollars,6,Electronic Card Transactions (ANZSIC06) - ECT,Private - Values - Electronic card transactions  A/S/T by industry,Seasonally adjusted,Accommodation,,,
3164,ECTM.S1SH2110,2019.05,218.2,,R,Dollars,6,Electronic Card Transactions (ANZSIC06) - ECT,Private - Values - Electronic card transactions  A/S/T by industry,Seasonally adjusted,Accommodation,,,
3165,ECTM.S1SH2110,2019.06,216.9,,R,Dollars,6,Electronic Card Transactions (ANZSIC06) - ECT,Private - Values - Electronic card transactions  A/S/T by industry,Seasonally adjusted,Accommodation,,,
3166,ECTM.S1SH2110,2019.07,216.3,,R,Dollars,6,Electronic Card Transactions (ANZSIC06) - ECT,Private - Values - Electronic card transactions  A/S/T by industry,Seasonally adjusted,Accommodation,,,
3167,ECTM.S1SH2110,2019.08,219.5,,R,Dollars,6,Electronic Card Transactions (ANZSIC06) - ECT,Private - Values - Electronic card transactions  A/S/T by industry,Seasonally adjusted,Accommodation,,,
3168,ECTM.S1SH2110,2019.09,220.6,,R,Dollars,6,Electronic Card Transactions (ANZSIC06) - ECT,Private - Values - Electronic card transactions  A/S/T by industry,Seasonally adjusted,Accommodation,,,
3169,ECTM.S1SH2110,2019.1,217.6,,R,Dollars,6,Electronic Card Transactions (ANZSIC06) - ECT,Private - Values - Electronic card transactions  A/S/T by industry,Seasonally adjusted,Accommodation,,,
3170,ECTM.S1SH2110,2019.11,221.3,,R,Dollars,6,Electronic Card Transactions (ANZSIC06) - ECT,Private - Values - Electronic card transactions  A/S/T by industry,Seasonally adjusted,Accommodation,,,
3171,ECTM.S1SH2110,2019.12,222.0,,R,Dollars,6,Electronic Card Transactions (ANZSIC06) - ECT,Private - Values - Electronic card transactions  A/S/T by industry,Seasonally adjusted,Accommodation,,,
3172,ECTM.S1SH2110,2020.01,217.5,,R,Dollars,6,Electronic Card Transactions (ANZSIC06) - ECT,Private - Values - Electronic card transactions  A/S/T by industry,Seasonally adjusted,Accommodation,,,
3173,ECTM.S1SH2110,2020.02,216.1,,R,Dollars,6,Electronic Card Transactions (ANZSIC06) - ECT,Private - Values - Electronic card transactions  A/S/T by industry,Seasonally adjusted,Accommodation,,,
3174,ECTM.S1SH2110,2020.03,139.6,,R,Dollars,6,Electronic Card Transactions (ANZSIC06) - ECT,Private - Values - Electronic card transactions  A/S/T by industry,Seasonally adjusted,Accommodation,,,
3175,ECTM.S1SH2110,2020.04,12.9,,R,Dollars,6,Electronic Card Transactions (ANZSIC06) - ECT,Private - Values - Electronic card transactions  A/S/T by industry,Seasonally adjusted,Accommodation,,,
3176,ECTM.S1SH2110,2020.05,66.6,,R,Dollars,6,Electronic Card Transactions (ANZSIC06) - ECT,Private - Values - Electronic card transactions  A/S/T by industry,Seasonally adjusted,Accommodation,,,
3177,ECTM.S1SH2110,2020.06,148.8,,R,Dollars,6,Electronic Card Transactions (ANZSIC06) - ECT,Private - Values - Electronic card transactions  A/S/T by industry,Seasonally adjusted,Accommodation,,,
3178,ECTM.S1SH2110,2020.07,179.4,,F,Dollars,6,Electronic Card Transactions (ANZSIC06) - ECT,Private - Values - Electronic card transactions  A/S/T by industry,Seasonally adjusted,Accommodation,,,
3179,ECTM.S1AH2120,2000.01,20.7,,C,Dollars,6,Electronic Card Transactions (ANZSIC06) - ECT,Private - Values - Electronic card transactions  A/S/T by industry,Actual,Food and beverage services,,,
3180,ECTM.S1AH2120,2000.02,20.4,,C,Dollars,6,Electronic Card Transactions (ANZSIC06) - ECT,Private - Values - Electronic card transactions  A/S/T by industry,Actual,Food and beverage services,,,
3181,ECTM.S1AH2120,2000.03,22.1,,C,Dollars,6,Electronic Card Transactions (ANZSIC06) - ECT,Private - Values - Electronic card transactions  A/S/T by industry,Actual,Food and beverage services,,,
3182,ECTM.S1AH2120,2000.04,22.4,,C,Dollars,6,Electronic Card Transactions (ANZSIC06) - ECT,Private - Values - Electronic card transactions  A/S/T by industry,Actual,Food and beverage services,,,
3183,ECTM.S1AH2120,2000.05,20.8,,C,Dollars,6,Electronic Card Transactions (ANZSIC06) - ECT,Private - Values - Electronic card transactions  A/S/T by industry,Actual,Food and beverage services,,,
3184,ECTM.S1AH2120,2000.06,20.6,,C,Dollars,6,Electronic Card Transactions (ANZSIC06) - ECT,Private - Values - Electronic card transactions  A/S/T by industry,Actual,Food and beverage services,,,
3185,ECTM.S1AH2120,2000.07,22.6,,C,Dollars,6,Electronic Card Transactions (ANZSIC06) - ECT,Private - Values - Electronic card transactions  A/S/T by industry,Actual,Food and beverage services,,,
3186,ECTM.S1AH2120,2000.08,21.5,,C,Dollars,6,Electronic Card Transactions (ANZSIC06) - ECT,Private - Values - Electronic card transactions  A/S/T by industry,Actual,Food and beverage services,,,
3187,ECTM.S1AH2120,2000.09,18.0,,C,Dollars,6,Electronic Card Transactions (ANZSIC06) - ECT,Private - Values - Electronic card transactions  A/S/T by industry,Actual,Food and beverage services,,,
3188,ECTM.S1AH2120,2000.1,18.6,,C,Dollars,6,Electronic Card Transactions (ANZSIC06) - ECT,Private - Values - Electronic card transactions  A/S/T by industry,Actual,Food and beverage services,,,
3189,ECTM.S1AH2120,2000.11,20.1,,C,Dollars,6,Electronic Card Transactions (ANZSIC06) - ECT,Private - Values - Electronic card transactions  A/S/T by industry,Actual,Food and beverage services,,,
3190,ECTM.S1AH2120,2000.12,24.9,,C,Dollars,6,Electronic Card Transactions (ANZSIC06) - ECT,Private - Values - Electronic card transactions  A/S/T by industry,Actual,Food and beverage services,,,
3191,ECTM.S1AH2120,2001.01,23.6,,C,Dollars,6,Electronic Card Transactions (ANZSIC06) - ECT,Private - Values - Electronic card transactions  A/S/T by industry,Actual,Food and beverage services,,,
3192,ECTM.S1AH2120,2001.02,22.3,,C,Dollars,6,Electronic Card Transactions (ANZSIC06) - ECT,Private - Values - Electronic card transactions  A/S/T by industry,Actual,Food and beverage services,,,
3193,ECTM.S1AH2120,2001.03,25.3,,C,Dollars,6,Electronic Card Transactions (ANZSIC06) - ECT,Private - Values - Electronic card transactions  A/S/T by industry,Actual,Food and beverage services,,,
3194,ECTM.S1AH2120,2001.04,26.4,,C,Dollars,6,Electronic Card Transactions (ANZSIC06) - ECT,Private - Values - Electronic card transactions  A/S/T by industry,Actual,Food and beverage services,,,
3195,ECTM.S1AH2120,2001.05,25.1,,C,Dollars,6,Electronic Card Transactions (ANZSIC06) - ECT,Private - Values - Electronic card transactions  A/S/T by industry,Actual,Food and beverage services,,,
3196,ECTM.S1AH2120,2001.06,26.2,,C,Dollars,6,Electronic Card Transactions (ANZSIC06) - ECT,Private - Values - Electronic card transactions  A/S/T by industry,Actual,Food and beverage services,,,
3197,ECTM.S1AH2120,2001.07,28.2,,C,Dollars,6,Electronic Card Transactions (ANZSIC06) - ECT,Private - Values - Electronic card transactions  A/S/T by industry,Actual,Food and beverage services,,,
3198,ECTM.S1AH2120,2001.08,173.7,,C,Dollars,6,Electronic Card Transactions (ANZSIC06) - ECT,Private - Values - Electronic card transactions  A/S/T by industry,Actual,Food and beverage services,,,
3199,ECTM.S1AH2120,2001.09,175.0,,C,Dollars,6,Electronic Card Transactions (ANZSIC06) - ECT,Private - Values - Electronic card transactions  A/S/T by industry,Actual,Food and beverage services,,,
3200,ECTM.S1AH2120,2001.1,175.3,,C,Dollars,6,Electronic Card Transactions (ANZSIC06) - ECT,Private - Values - Electronic card transactions  A/S/T by industry,Actual,Food and beverage services,,,
3201,ECTM.S1AH2120,2001.11,182.1,,C,Dollars,6,Electronic Card Transactions (ANZSIC06) - ECT,Private - Values - Electronic card transactions  A/S/T by industry,Actual,Food and beverage services,,,
3202,ECTM.S1AH2120,2001.12,205.9,,C,Dollars,6,Electronic Card Transactions (ANZSIC06) - ECT,Private - Values - Electronic card transactions  A/S/T by industry,Actual,Food and beverage services,,,
3203,ECTM.S1AH2120,2002.01,189.7,,C,Dollars,6,Electronic Card Transactions (ANZSIC06) - ECT,Private - Values - Electronic card transactions  A/S/T by industry,Actual,Food and beverage services,,,
3204,ECTM.S1AH2120,2002.02,178.7,,C,Dollars,6,Electronic Card Transactions (ANZSIC06) - ECT,Private - Values - Electronic card transactions  A/S/T by industry,Actual,Food and beverage services,,,
3205,ECTM.S1AH2120,2002.03,203.4,,C,Dollars,6,Electronic Card Transactions (ANZSIC06) - ECT,Private - Values - Electronic card transactions  A/S/T by industry,Actual,Food and beverage services,,,
3206,ECTM.S1AH2120,2002.04,190.8,,C,Dollars,6,Electronic Card Transactions (ANZSIC06) - ECT,Private - Values - Electronic card transactions  A/S/T by industry,Actual,Food and beverage services,,,
3207,ECTM.S1AH2120,2002.05,187.3,,C,Dollars,6,Electronic Card Transactions (ANZSIC06) - ECT,Private - Values - Electronic card transactions  A/S/T by industry,Actual,Food and beverage services,,,
3208,ECTM.S1AH2120,2002.06,190.4,,C,Dollars,6,Electronic Card Transactions (ANZSIC06) - ECT,Private - Values - Electronic card transactions  A/S/T by industry,Actual,Food and beverage services,,,
3209,ECTM.S1AH2120,2002.07,197.0,,C,Dollars,6,Electronic Card Transactions (ANZSIC06) - ECT,Private - Values - Electronic card transactions  A/S/T by industry,Actual,Food and beverage services,,,
3210,ECTM.S1AH2120,2002.08,39.2,,C,Dollars,6,Electronic Card Transactions (ANZSIC06) - ECT,Private - Values - Electronic card transactions  A/S/T by industry,Actual,Food and beverage services,,,
3211,ECTM.S1AH2120,2002.09,41.6,,C,Dollars,6,Electronic Card Transactions (ANZSIC06) - ECT,Private - Values - Electronic card transactions  A/S/T by industry,Actual,Food and beverage services,,,
3212,ECTM.S1AH2120,2002.1,200.9,,F,Dollars,6,Electronic Card Transactions (ANZSIC06) - ECT,Private - Values - Electronic card transactions  A/S/T by industry,Actual,Food and beverage services,,,
3213,ECTM.S1AH2120,2002.11,207.4,,F,Dollars,6,Electronic Card Transactions (ANZSIC06) - ECT,Private - Values - Electronic card transactions  A/S/T by industry,Actual,Food and beverage services,,,
3214,ECTM.S1AH2120,2002.12,229.8,,F,Dollars,6,Electronic Card Transactions (ANZSIC06) - ECT,Private - Values - Electronic card transactions  A/S/T by industry,Actual,Food and beverage services,,,
3215,ECTM.S1AH2120,2003.01,211.6,,F,Dollars,6,Electronic Card Transactions (ANZSIC06) - ECT,Private - Values - Electronic card transactions  A/S/T by industry,Actual,Food and beverage services,,,
3216,ECTM.S1AH2120,2003.02,199.9,,F,Dollars,6,Electronic Card Transactions (ANZSIC06) - ECT,Private - Values - Electronic card transactions  A/S/T by industry,Actual,Food and beverage services,,,
3217,ECTM.S1AH2120,2003.03,222.8,,F,Dollars,6,Electronic Card Transactions (ANZSIC06) - ECT,Private - Values - Electronic card transactions  A/S/T by industry,Actual,Food and beverage services,,,
3218,ECTM.S1AH2120,2003.04,212.2,,F,Dollars,6,Electronic Card Transactions (ANZSIC06) - ECT,Private - Values - Electronic card transactions  A/S/T by industry,Actual,Food and beverage services,,,
3219,ECTM.S1AH2120,2003.05,217.2,,F,Dollars,6,Electronic Card Transactions (ANZSIC06) - ECT,Private - Values - Electronic card transactions  A/S/T by industry,Actual,Food and beverage services,,,
3220,ECTM.S1AH2120,2003.06,204.5,,F,Dollars,6,Electronic Card Transactions (ANZSIC06) - ECT,Private - Values - Electronic card transactions  A/S/T by industry,Actual,Food and beverage services,,,
3221,ECTM.S1AH2120,2003.07,218.6,,F,Dollars,6,Electronic Card Transactions (ANZSIC06) - ECT,Private - Values - Electronic card transactions  A/S/T by industry,Actual,Food and beverage services,,,
3222,ECTM.S1AH2120,2003.08,226.5,,F,Dollars,6,Electronic Card Transactions (ANZSIC06) - ECT,Private - Values - Electronic card transactions  A/S/T by industry,Actual,Food and beverage services,,,
3223,ECTM.S1AH2120,2003.09,214.8,,F,Dollars,6,Electronic Card Transactions (ANZSIC06) - ECT,Private - Values - Electronic card transactions  A/S/T by industry,Actual,Food and beverage services,,,
3224,ECTM.S1AH2120,2003.1,223.3,,F,Dollars,6,Electronic Card Transactions (ANZSIC06) - ECT,Private - Values - Electronic card transactions  A/S/T by industry,Actual,Food and beverage services,,,
3225,ECTM.S1AH2120,2003.11,229.4,,F,Dollars,6,Electronic Card Transactions (ANZSIC06) - ECT,Private - Values - Electronic card transactions  A/S/T by industry,Actual,Food and beverage services,,,
3226,ECTM.S1AH2120,2003.12,254.9,,F,Dollars,6,Electronic Card Transactions (ANZSIC06) - ECT,Private - Values - Electronic card transactions  A/S/T by industry,Actual,Food and beverage services,,,
3227,ECTM.S1AH2120,2004.01,236.8,,F,Dollars,6,Electronic Card Transactions (ANZSIC06) - ECT,Private - Values - Electronic card transactions  A/S/T by industry,Actual,Food and beverage services,,,
3228,ECTM.S1AH2120,2004.02,231.0,,F,Dollars,6,Electronic Card Transactions (ANZSIC06) - ECT,Private - Values - Electronic card transactions  A/S/T by industry,Actual,Food and beverage services,,,
3229,ECTM.S1AH2120,2004.03,240.8,,F,Dollars,6,Electronic Card Transactions (ANZSIC06) - ECT,Private - Values - Electronic card transactions  A/S/T by industry,Actual,Food and beverage services,,,
3230,ECTM.S1AH2120,2004.04,243.4,,F,Dollars,6,Electronic Card Transactions (ANZSIC06) - ECT,Private - Values - Electronic card transactions  A/S/T by industry,Actual,Food and beverage services,,,
3231,ECTM.S1AH2120,2004.05,243.4,,F,Dollars,6,Electronic Card Transactions (ANZSIC06) - ECT,Private - Values - Electronic card transactions  A/S/T by industry,Actual,Food and beverage services,,,
3232,ECTM.S1AH2120,2004.06,226.8,,F,Dollars,6,Electronic Card Transactions (ANZSIC06) - ECT,Private - Values - Electronic card transactions  A/S/T by industry,Actual,Food and beverage services,,,
3233,ECTM.S1AH2120,2004.07,256.7,,F,Dollars,6,Electronic Card Transactions (ANZSIC06) - ECT,Private - Values - Electronic card transactions  A/S/T by industry,Actual,Food and beverage services,,,
3234,ECTM.S1AH2120,2004.08,242.9,,F,Dollars,6,Electronic Card Transactions (ANZSIC06) - ECT,Private - Values - Electronic card transactions  A/S/T by industry,Actual,Food and beverage services,,,
3235,ECTM.S1AH2120,2004.09,246.3,,F,Dollars,6,Electronic Card Transactions (ANZSIC06) - ECT,Private - Values - Electronic card transactions  A/S/T by industry,Actual,Food and beverage services,,,
3236,ECTM.S1AH2120,2004.1,260.5,,F,Dollars,6,Electronic Card Transactions (ANZSIC06) - ECT,Private - Values - Electronic card transactions  A/S/T by industry,Actual,Food and beverage services,,,
3237,ECTM.S1AH2120,2004.11,252.9,,F,Dollars,6,Electronic Card Transactions (ANZSIC06) - ECT,Private - Values - Electronic card transactions  A/S/T by industry,Actual,Food and beverage services,,,
3238,ECTM.S1AH2120,2004.12,294.4,,F,Dollars,6,Electronic Card Transactions (ANZSIC06) - ECT,Private - Values - Electronic card transactions  A/S/T by industry,Actual,Food and beverage services,,,
3239,ECTM.S1AH2120,2005.01,262.9,,F,Dollars,6,Electronic Card Transactions (ANZSIC06) - ECT,Private - Values - Electronic card transactions  A/S/T by industry,Actual,Food and beverage services,,,
3240,ECTM.S1AH2120,2005.02,246.1,,F,Dollars,6,Electronic Card Transactions (ANZSIC06) - ECT,Private - Values - Electronic card transactions  A/S/T by industry,Actual,Food and beverage services,,,
3241,ECTM.S1AH2120,2005.03,265.8,,F,Dollars,6,Electronic Card Transactions (ANZSIC06) - ECT,Private - Values - Electronic card transactions  A/S/T by industry,Actual,Food and beverage services,,,
3242,ECTM.S1AH2120,2005.04,270.1,,F,Dollars,6,Electronic Card Transactions (ANZSIC06) - ECT,Private - Values - Electronic card transactions  A/S/T by industry,Actual,Food and beverage services,,,
3243,ECTM.S1AH2120,2005.05,259.8,,F,Dollars,6,Electronic Card Transactions (ANZSIC06) - ECT,Private - Values - Electronic card transactions  A/S/T by industry,Actual,Food and beverage services,,,
3244,ECTM.S1AH2120,2005.06,252.3,,F,Dollars,6,Electronic Card Transactions (ANZSIC06) - ECT,Private - Values - Electronic card transactions  A/S/T by industry,Actual,Food and beverage services,,,
3245,ECTM.S1AH2120,2005.07,284.6,,F,Dollars,6,Electronic Card Transactions (ANZSIC06) - ECT,Private - Values - Electronic card transactions  A/S/T by industry,Actual,Food and beverage services,,,
3246,ECTM.S1AH2120,2005.08,264.7,,F,Dollars,6,Electronic Card Transactions (ANZSIC06) - ECT,Private - Values - Electronic card transactions  A/S/T by industry,Actual,Food and beverage services,,,
3247,ECTM.S1AH2120,2005.09,267.2,,F,Dollars,6,Electronic Card Transactions (ANZSIC06) - ECT,Private - Values - Electronic card transactions  A/S/T by industry,Actual,Food and beverage services,,,
3248,ECTM.S1AH2120,2005.1,280.2,,F,Dollars,6,Electronic Card Transactions (ANZSIC06) - ECT,Private - Values - Electronic card transactions  A/S/T by industry,Actual,Food and beverage services,,,
3249,ECTM.S1AH2120,2005.11,277.0,,F,Dollars,6,Electronic Card Transactions (ANZSIC06) - ECT,Private - Values - Electronic card transactions  A/S/T by industry,Actual,Food and beverage services,,,
3250,ECTM.S1AH2120,2005.12,319.4,,F,Dollars,6,Electronic Card Transactions (ANZSIC06) - ECT,Private - Values - Electronic card transactions  A/S/T by industry,Actual,Food and beverage services,,,
3251,ECTM.S1AH2120,2006.01,285.0,,F,Dollars,6,Electronic Card Transactions (ANZSIC06) - ECT,Private - Values - Electronic card transactions  A/S/T by industry,Actual,Food and beverage services,,,
3252,ECTM.S1AH2120,2006.02,272.1,,F,Dollars,6,Electronic Card Transactions (ANZSIC06) - ECT,Private - Values - Electronic card transactions  A/S/T by industry,Actual,Food and beverage services,,,
3253,ECTM.S1AH2120,2006.03,301.1,,F,Dollars,6,Electronic Card Transactions (ANZSIC06) - ECT,Private - Values - Electronic card transactions  A/S/T by industry,Actual,Food and beverage services,,,
3254,ECTM.S1AH2120,2006.04,296.6,,F,Dollars,6,Electronic Card Transactions (ANZSIC06) - ECT,Private - Values - Electronic card transactions  A/S/T by industry,Actual,Food and beverage services,,,
3255,ECTM.S1AH2120,2006.05,284.3,,F,Dollars,6,Electronic Card Transactions (ANZSIC06) - ECT,Private - Values - Electronic card transactions  A/S/T by industry,Actual,Food and beverage services,,,
3256,ECTM.S1AH2120,2006.06,282.3,,F,Dollars,6,Electronic Card Transactions (ANZSIC06) - ECT,Private - Values - Electronic card transactions  A/S/T by industry,Actual,Food and beverage services,,,
3257,ECTM.S1AH2120,2006.07,304.1,,F,Dollars,6,Electronic Card Transactions (ANZSIC06) - ECT,Private - Values - Electronic card transactions  A/S/T by industry,Actual,Food and beverage services,,,
3258,ECTM.S1AH2120,2006.08,295.4,,F,Dollars,6,Electronic Card Transactions (ANZSIC06) - ECT,Private - Values - Electronic card transactions  A/S/T by industry,Actual,Food and beverage services,,,
3259,ECTM.S1AH2120,2006.09,302.9,,F,Dollars,6,Electronic Card Transactions (ANZSIC06) - ECT,Private - Values - Electronic card transactions  A/S/T by industry,Actual,Food and beverage services,,,
3260,ECTM.S1AH2120,2006.1,311.5,,F,Dollars,6,Electronic Card Transactions (ANZSIC06) - ECT,Private - Values - Electronic card transactions  A/S/T by industry,Actual,Food and beverage services,,,
3261,ECTM.S1AH2120,2006.11,317.4,,F,Dollars,6,Electronic Card Transactions (ANZSIC06) - ECT,Private - Values - Electronic card transactions  A/S/T by industry,Actual,Food and beverage services,,,
3262,ECTM.S1AH2120,2006.12,368.5,,F,Dollars,6,Electronic Card Transactions (ANZSIC06) - ECT,Private - Values - Electronic card transactions  A/S/T by industry,Actual,Food and beverage services,,,
3263,ECTM.S1AH2120,2007.01,318.9,,F,Dollars,6,Electronic Card Transactions (ANZSIC06) - ECT,Private - Values - Electronic card transactions  A/S/T by industry,Actual,Food and beverage services,,,
3264,ECTM.S1AH2120,2007.02,307.9,,F,Dollars,6,Electronic Card Transactions (ANZSIC06) - ECT,Private - Values - Electronic card transactions  A/S/T by industry,Actual,Food and beverage services,,,
3265,ECTM.S1AH2120,2007.03,346.5,,F,Dollars,6,Electronic Card Transactions (ANZSIC06) - ECT,Private - Values - Electronic card transactions  A/S/T by industry,Actual,Food and beverage services,,,
3266,ECTM.S1AH2120,2007.04,329.0,,F,Dollars,6,Electronic Card Transactions (ANZSIC06) - ECT,Private - Values - Electronic card transactions  A/S/T by industry,Actual,Food and beverage services,,,
3267,ECTM.S1AH2120,2007.05,329.8,,F,Dollars,6,Electronic Card Transactions (ANZSIC06) - ECT,Private - Values - Electronic card transactions  A/S/T by industry,Actual,Food and beverage services,,,
3268,ECTM.S1AH2120,2007.06,323.6,,F,Dollars,6,Electronic Card Transactions (ANZSIC06) - ECT,Private - Values - Electronic card transactions  A/S/T by industry,Actual,Food and beverage services,,,
3269,ECTM.S1AH2120,2007.07,339.4,,F,Dollars,6,Electronic Card Transactions (ANZSIC06) - ECT,Private - Values - Electronic card transactions  A/S/T by industry,Actual,Food and beverage services,,,
3270,ECTM.S1AH2120,2007.08,344.8,,F,Dollars,6,Electronic Card Transactions (ANZSIC06) - ECT,Private - Values - Electronic card transactions  A/S/T by industry,Actual,Food and beverage services,,,
3271,ECTM.S1AH2120,2007.09,343.5,,F,Dollars,6,Electronic Card Transactions (ANZSIC06) - ECT,Private - Values - Electronic card transactions  A/S/T by industry,Actual,Food and beverage services,,,
3272,ECTM.S1AH2120,2007.1,340.2,,F,Dollars,6,Electronic Card Transactions (ANZSIC06) - ECT,Private - Values - Electronic card transactions  A/S/T by industry,Actual,Food and beverage services,,,
3273,ECTM.S1AH2120,2007.11,355.9,,F,Dollars,6,Electronic Card Transactions (ANZSIC06) - ECT,Private - Values - Electronic card transactions  A/S/T by industry,Actual,Food and beverage services,,,
3274,ECTM.S1AH2120,2007.12,399.1,,F,Dollars,6,Electronic Card Transactions (ANZSIC06) - ECT,Private - Values - Electronic card transactions  A/S/T by industry,Actual,Food and beverage services,,,
3275,ECTM.S1AH2120,2008.01,350.0,,F,Dollars,6,Electronic Card Transactions (ANZSIC06) - ECT,Private - Values - Electronic card transactions  A/S/T by industry,Actual,Food and beverage services,,,
3276,ECTM.S1AH2120,2008.02,351.6,,F,Dollars,6,Electronic Card Transactions (ANZSIC06) - ECT,Private - Values - Electronic card transactions  A/S/T by industry,Actual,Food and beverage services,,,
3277,ECTM.S1AH2120,2008.03,371.7,,F,Dollars,6,Electronic Card Transactions (ANZSIC06) - ECT,Private - Values - Electronic card transactions  A/S/T by industry,Actual,Food and beverage services,,,
3278,ECTM.S1AH2120,2008.04,352.6,,F,Dollars,6,Electronic Card Transactions (ANZSIC06) - ECT,Private - Values - Electronic card transactions  A/S/T by industry,Actual,Food and beverage services,,,
3279,ECTM.S1AH2120,2008.05,364.1,,F,Dollars,6,Electronic Card Transactions (ANZSIC06) - ECT,Private - Values - Electronic card transactions  A/S/T by industry,Actual,Food and beverage services,,,
3280,ECTM.S1AH2120,2008.06,333.1,,F,Dollars,6,Electronic Card Transactions (ANZSIC06) - ECT,Private - Values - Electronic card transactions  A/S/T by industry,Actual,Food and beverage services,,,
3281,ECTM.S1AH2120,2008.07,353.3,,F,Dollars,6,Electronic Card Transactions (ANZSIC06) - ECT,Private - Values - Electronic card transactions  A/S/T by industry,Actual,Food and beverage services,,,
3282,ECTM.S1AH2120,2008.08,368.6,,F,Dollars,6,Electronic Card Transactions (ANZSIC06) - ECT,Private - Values - Electronic card transactions  A/S/T by industry,Actual,Food and beverage services,,,
3283,ECTM.S1AH2120,2008.09,348.2,,F,Dollars,6,Electronic Card Transactions (ANZSIC06) - ECT,Private - Values - Electronic card transactions  A/S/T by industry,Actual,Food and beverage services,,,
3284,ECTM.S1AH2120,2008.1,375.1,,F,Dollars,6,Electronic Card Transactions (ANZSIC06) - ECT,Private - Values - Electronic card transactions  A/S/T by industry,Actual,Food and beverage services,,,
3285,ECTM.S1AH2120,2008.11,375.2,,F,Dollars,6,Electronic Card Transactions (ANZSIC06) - ECT,Private - Values - Electronic card transactions  A/S/T by industry,Actual,Food and beverage services,,,
3286,ECTM.S1AH2120,2008.12,404.8,,F,Dollars,6,Electronic Card Transactions (ANZSIC06) - ECT,Private - Values - Electronic card transactions  A/S/T by industry,Actual,Food and beverage services,,,
3287,ECTM.S1AH2120,2009.01,379.5,,F,Dollars,6,Electronic Card Transactions (ANZSIC06) - ECT,Private - Values - Electronic card transactions  A/S/T by industry,Actual,Food and beverage services,,,
3288,ECTM.S1AH2120,2009.02,351.0,,F,Dollars,6,Electronic Card Transactions (ANZSIC06) - ECT,Private - Values - Electronic card transactions  A/S/T by industry,Actual,Food and beverage services,,,
3289,ECTM.S1AH2120,2009.03,385.8,,F,Dollars,6,Electronic Card Transactions (ANZSIC06) - ECT,Private - Values - Electronic card transactions  A/S/T by industry,Actual,Food and beverage services,,,
3290,ECTM.S1AH2120,2009.04,372.7,,F,Dollars,6,Electronic Card Transactions (ANZSIC06) - ECT,Private - Values - Electronic card transactions  A/S/T by industry,Actual,Food and beverage services,,,
3291,ECTM.S1AH2120,2009.05,386.5,,F,Dollars,6,Electronic Card Transactions (ANZSIC06) - ECT,Private - Values - Electronic card transactions  A/S/T by industry,Actual,Food and beverage services,,,
3292,ECTM.S1AH2120,2009.06,344.9,,F,Dollars,6,Electronic Card Transactions (ANZSIC06) - ECT,Private - Values - Electronic card transactions  A/S/T by industry,Actual,Food and beverage services,,,
3293,ECTM.S1AH2120,2009.07,386.3,,F,Dollars,6,Electronic Card Transactions (ANZSIC06) - ECT,Private - Values - Electronic card transactions  A/S/T by industry,Actual,Food and beverage services,,,
3294,ECTM.S1AH2120,2009.08,387.8,,F,Dollars,6,Electronic Card Transactions (ANZSIC06) - ECT,Private - Values - Electronic card transactions  A/S/T by industry,Actual,Food and beverage services,,,
3295,ECTM.S1AH2120,2009.09,373.7,,F,Dollars,6,Electronic Card Transactions (ANZSIC06) - ECT,Private - Values - Electronic card transactions  A/S/T by industry,Actual,Food and beverage services,,,
3296,ECTM.S1AH2120,2009.1,405.3,,F,Dollars,6,Electronic Card Transactions (ANZSIC06) - ECT,Private - Values - Electronic card transactions  A/S/T by industry,Actual,Food and beverage services,,,
3297,ECTM.S1AH2120,2009.11,389.6,,F,Dollars,6,Electronic Card Transactions (ANZSIC06) - ECT,Private - Values - Electronic card transactions  A/S/T by industry,Actual,Food and beverage services,,,
3298,ECTM.S1AH2120,2009.12,432.8,,F,Dollars,6,Electronic Card Transactions (ANZSIC06) - ECT,Private - Values - Electronic card transactions  A/S/T by industry,Actual,Food and beverage services,,,
3299,ECTM.S1AH2120,2010.01,404.0,,F,Dollars,6,Electronic Card Transactions (ANZSIC06) - ECT,Private - Values - Electronic card transactions  A/S/T by industry,Actual,Food and beverage services,,,
3300,ECTM.S1AH2120,2010.02,372.4,,F,Dollars,6,Electronic Card Transactions (ANZSIC06) - ECT,Private - Values - Electronic card transactions  A/S/T by industry,Actual,Food and beverage services,,,
3301,ECTM.S1AH2120,2010.03,409.2,,F,Dollars,6,Electronic Card Transactions (ANZSIC06) - ECT,Private - Values - Electronic card transactions  A/S/T by industry,Actual,Food and beverage services,,,
3302,ECTM.S1AH2120,2010.04,398.0,,F,Dollars,6,Electronic Card Transactions (ANZSIC06) - ECT,Private - Values - Electronic card transactions  A/S/T by industry,Actual,Food and beverage services,,,
3303,ECTM.S1AH2120,2010.05,403.0,,F,Dollars,6,Electronic Card Transactions (ANZSIC06) - ECT,Private - Values - Electronic card transactions  A/S/T by industry,Actual,Food and beverage services,,,
3304,ECTM.S1AH2120,2010.06,374.4,,F,Dollars,6,Electronic Card Transactions (ANZSIC06) - ECT,Private - Values - Electronic card transactions  A/S/T by industry,Actual,Food and beverage services,,,
3305,ECTM.S1AH2120,2010.07,419.7,,F,Dollars,6,Electronic Card Transactions (ANZSIC06) - ECT,Private - Values - Electronic card transactions  A/S/T by industry,Actual,Food and beverage services,,,
3306,ECTM.S1AH2120,2010.08,398.5,,F,Dollars,6,Electronic Card Transactions (ANZSIC06) - ECT,Private - Values - Electronic card transactions  A/S/T by industry,Actual,Food and beverage services,,,
3307,ECTM.S1AH2120,2010.09,398.4,,F,Dollars,6,Electronic Card Transactions (ANZSIC06) - ECT,Private - Values - Electronic card transactions  A/S/T by industry,Actual,Food and beverage services,,,
3308,ECTM.S1AH2120,2010.1,434.6,,F,Dollars,6,Electronic Card Transactions (ANZSIC06) - ECT,Private - Values - Electronic card transactions  A/S/T by industry,Actual,Food and beverage services,,,
3309,ECTM.S1AH2120,2010.11,414.0,,F,Dollars,6,Electronic Card Transactions (ANZSIC06) - ECT,Private - Values - Electronic card transactions  A/S/T by industry,Actual,Food and beverage services,,,
3310,ECTM.S1AH2120,2010.12,468.1,,F,Dollars,6,Electronic Card Transactions (ANZSIC06) - ECT,Private - Values - Electronic card transactions  A/S/T by industry,Actual,Food and beverage services,,,
3311,ECTM.S1AH2120,2011.01,433.4,,F,Dollars,6,Electronic Card Transactions (ANZSIC06) - ECT,Private - Values - Electronic card transactions  A/S/T by industry,Actual,Food and beverage services,,,
3312,ECTM.S1AH2120,2011.02,397.3,,F,Dollars,6,Electronic Card Transactions (ANZSIC06) - ECT,Private - Values - Electronic card transactions  A/S/T by industry,Actual,Food and beverage services,,,
3313,ECTM.S1AH2120,2011.03,439.9,,F,Dollars,6,Electronic Card Transactions (ANZSIC06) - ECT,Private - Values - Electronic card transactions  A/S/T by industry,Actual,Food and beverage services,,,
3314,ECTM.S1AH2120,2011.04,442.5,,F,Dollars,6,Electronic Card Transactions (ANZSIC06) - ECT,Private - Values - Electronic card transactions  A/S/T by industry,Actual,Food and beverage services,,,
3315,ECTM.S1AH2120,2011.05,435.8,,F,Dollars,6,Electronic Card Transactions (ANZSIC06) - ECT,Private - Values - Electronic card transactions  A/S/T by industry,Actual,Food and beverage services,,,
3316,ECTM.S1AH2120,2011.06,422.9,,F,Dollars,6,Electronic Card Transactions (ANZSIC06) - ECT,Private - Values - Electronic card transactions  A/S/T by industry,Actual,Food and beverage services,,,
3317,ECTM.S1AH2120,2011.07,476.6,,F,Dollars,6,Electronic Card Transactions (ANZSIC06) - ECT,Private - Values - Electronic card transactions  A/S/T by industry,Actual,Food and beverage services,,,
3318,ECTM.S1AH2120,2011.08,443.0,,F,Dollars,6,Electronic Card Transactions (ANZSIC06) - ECT,Private - Values - Electronic card transactions  A/S/T by industry,Actual,Food and beverage services,,,
3319,ECTM.S1AH2120,2011.09,459.5,,F,Dollars,6,Electronic Card Transactions (ANZSIC06) - ECT,Private - Values - Electronic card transactions  A/S/T by industry,Actual,Food and beverage services,,,
3320,ECTM.S1AH2120,2011.1,493.3,,F,Dollars,6,Electronic Card Transactions (ANZSIC06) - ECT,Private - Values - Electronic card transactions  A/S/T by industry,Actual,Food and beverage services,,,
3321,ECTM.S1AH2120,2011.11,453.8,,F,Dollars,6,Electronic Card Transactions (ANZSIC06) - ECT,Private - Values - Electronic card transactions  A/S/T by industry,Actual,Food and beverage services,,,
3322,ECTM.S1AH2120,2011.12,515.5,,F,Dollars,6,Electronic Card Transactions (ANZSIC06) - ECT,Private - Values - Electronic card transactions  A/S/T by industry,Actual,Food and beverage services,,,
3323,ECTM.S1AH2120,2012.01,469.5,,F,Dollars,6,Electronic Card Transactions (ANZSIC06) - ECT,Private - Values - Electronic card transactions  A/S/T by industry,Actual,Food and beverage services,,,
3324,ECTM.S1AH2120,2012.02,447.3,,F,Dollars,6,Electronic Card Transactions (ANZSIC06) - ECT,Private - Values - Electronic card transactions  A/S/T by industry,Actual,Food and beverage services,,,
3325,ECTM.S1AH2120,2012.03,495.0,,F,Dollars,6,Electronic Card Transactions (ANZSIC06) - ECT,Private - Values - Electronic card transactions  A/S/T by industry,Actual,Food and beverage services,,,
3326,ECTM.S1AH2120,2012.04,472.6,,F,Dollars,6,Electronic Card Transactions (ANZSIC06) - ECT,Private - Values - Electronic card transactions  A/S/T by industry,Actual,Food and beverage services,,,
3327,ECTM.S1AH2120,2012.05,470.2,,F,Dollars,6,Electronic Card Transactions (ANZSIC06) - ECT,Private - Values - Electronic card transactions  A/S/T by industry,Actual,Food and beverage services,,,
3328,ECTM.S1AH2120,2012.06,467.2,,F,Dollars,6,Electronic Card Transactions (ANZSIC06) - ECT,Private - Values - Electronic card transactions  A/S/T by industry,Actual,Food and beverage services,,,
3329,ECTM.S1AH2120,2012.07,484.8,,F,Dollars,6,Electronic Card Transactions (ANZSIC06) - ECT,Private - Values - Electronic card transactions  A/S/T by industry,Actual,Food and beverage services,,,
3330,ECTM.S1AH2120,2012.08,488.1,,F,Dollars,6,Electronic Card Transactions (ANZSIC06) - ECT,Private - Values - Electronic card transactions  A/S/T by industry,Actual,Food and beverage services,,,
3331,ECTM.S1AH2120,2012.09,485.4,,F,Dollars,6,Electronic Card Transactions (ANZSIC06) - ECT,Private - Values - Electronic card transactions  A/S/T by industry,Actual,Food and beverage services,,,
3332,ECTM.S1AH2120,2012.1,494.7,,F,Dollars,6,Electronic Card Transactions (ANZSIC06) - ECT,Private - Values - Electronic card transactions  A/S/T by industry,Actual,Food and beverage services,,,
3333,ECTM.S1AH2120,2012.11,504.0,,F,Dollars,6,Electronic Card Transactions (ANZSIC06) - ECT,Private - Values - Electronic card transactions  A/S/T by industry,Actual,Food and beverage services,,,
3334,ECTM.S1AH2120,2012.12,554.7,,F,Dollars,6,Electronic Card Transactions (ANZSIC06) - ECT,Private - Values - Electronic card transactions  A/S/T by industry,Actual,Food and beverage services,,,
3335,ECTM.S1AH2120,2013.01,502.0,,F,Dollars,6,Electronic Card Transactions (ANZSIC06) - ECT,Private - Values - Electronic card transactions  A/S/T by industry,Actual,Food and beverage services,,,
3336,ECTM.S1AH2120,2013.02,470.8,,F,Dollars,6,Electronic Card Transactions (ANZSIC06) - ECT,Private - Values - Electronic card transactions  A/S/T by industry,Actual,Food and beverage services,,,
3337,ECTM.S1AH2120,2013.03,534.2,,F,Dollars,6,Electronic Card Transactions (ANZSIC06) - ECT,Private - Values - Electronic card transactions  A/S/T by industry,Actual,Food and beverage services,,,
3338,ECTM.S1AH2120,2013.04,505.9,,F,Dollars,6,Electronic Card Transactions (ANZSIC06) - ECT,Private - Values - Electronic card transactions  A/S/T by industry,Actual,Food and beverage services,,,
3339,ECTM.S1AH2120,2013.05,520.6,,F,Dollars,6,Electronic Card Transactions (ANZSIC06) - ECT,Private - Values - Electronic card transactions  A/S/T by industry,Actual,Food and beverage services,,,
3340,ECTM.S1AH2120,2013.06,507.4,,F,Dollars,6,Electronic Card Transactions (ANZSIC06) - ECT,Private - Values - Electronic card transactions  A/S/T by industry,Actual,Food and beverage services,,,
3341,ECTM.S1AH2120,2013.07,528.3,,F,Dollars,6,Electronic Card Transactions (ANZSIC06) - ECT,Private - Values - Electronic card transactions  A/S/T by industry,Actual,Food and beverage services,,,
3342,ECTM.S1AH2120,2013.08,538.0,,F,Dollars,6,Electronic Card Transactions (ANZSIC06) - ECT,Private - Values - Electronic card transactions  A/S/T by industry,Actual,Food and beverage services,,,
3343,ECTM.S1AH2120,2013.09,516.0,,F,Dollars,6,Electronic Card Transactions (ANZSIC06) - ECT,Private - Values - Electronic card transactions  A/S/T by industry,Actual,Food and beverage services,,,
3344,ECTM.S1AH2120,2013.1,548.2,,F,Dollars,6,Electronic Card Transactions (ANZSIC06) - ECT,Private - Values - Electronic card transactions  A/S/T by industry,Actual,Food and beverage services,,,
3345,ECTM.S1AH2120,2013.11,553.5,,F,Dollars,6,Electronic Card Transactions (ANZSIC06) - ECT,Private - Values - Electronic card transactions  A/S/T by industry,Actual,Food and beverage services,,,
3346,ECTM.S1AH2120,2013.12,600.3,,F,Dollars,6,Electronic Card Transactions (ANZSIC06) - ECT,Private - Values - Electronic card transactions  A/S/T by industry,Actual,Food and beverage services,,,
3347,ECTM.S1AH2120,2014.01,560.8,,F,Dollars,6,Electronic Card Transactions (ANZSIC06) - ECT,Private - Values - Electronic card transactions  A/S/T by industry,Actual,Food and beverage services,,,
3348,ECTM.S1AH2120,2014.02,522.7,,F,Dollars,6,Electronic Card Transactions (ANZSIC06) - ECT,Private - Values - Electronic card transactions  A/S/T by industry,Actual,Food and beverage services,,,
3349,ECTM.S1AH2120,2014.03,589.8,,F,Dollars,6,Electronic Card Transactions (ANZSIC06) - ECT,Private - Values - Electronic card transactions  A/S/T by industry,Actual,Food and beverage services,,,
3350,ECTM.S1AH2120,2014.04,555.5,,F,Dollars,6,Electronic Card Transactions (ANZSIC06) - ECT,Private - Values - Electronic card transactions  A/S/T by industry,Actual,Food and beverage services,,,
3351,ECTM.S1AH2120,2014.05,586.9,,F,Dollars,6,Electronic Card Transactions (ANZSIC06) - ECT,Private - Values - Electronic card transactions  A/S/T by industry,Actual,Food and beverage services,,,
3352,ECTM.S1AH2120,2014.06,552.1,,F,Dollars,6,Electronic Card Transactions (ANZSIC06) - ECT,Private - Values - Electronic card transactions  A/S/T by industry,Actual,Food and beverage services,,,
3353,ECTM.S1AH2120,2014.07,576.1,,F,Dollars,6,Electronic Card Transactions (ANZSIC06) - ECT,Private - Values - Electronic card transactions  A/S/T by industry,Actual,Food and beverage services,,,
3354,ECTM.S1AH2120,2014.08,596.2,,F,Dollars,6,Electronic Card Transactions (ANZSIC06) - ECT,Private - Values - Electronic card transactions  A/S/T by industry,Actual,Food and beverage services,,,
3355,ECTM.S1AH2120,2014.09,561.7,,F,Dollars,6,Electronic Card Transactions (ANZSIC06) - ECT,Private - Values - Electronic card transactions  A/S/T by industry,Actual,Food and beverage services,,,
3356,ECTM.S1AH2120,2014.1,607.7,,F,Dollars,6,Electronic Card Transactions (ANZSIC06) - ECT,Private - Values - Electronic card transactions  A/S/T by industry,Actual,Food and beverage services,,,
3357,ECTM.S1AH2120,2014.11,613.1,,F,Dollars,6,Electronic Card Transactions (ANZSIC06) - ECT,Private - Values - Electronic card transactions  A/S/T by industry,Actual,Food and beverage services,,,
3358,ECTM.S1AH2120,2014.12,651.6,,F,Dollars,6,Electronic Card Transactions (ANZSIC06) - ECT,Private - Values - Electronic card transactions  A/S/T by industry,Actual,Food and beverage services,,,
3359,ECTM.S1AH2120,2015.01,615.1,,F,Dollars,6,Electronic Card Transactions (ANZSIC06) - ECT,Private - Values - Electronic card transactions  A/S/T by industry,Actual,Food and beverage services,,,
3360,ECTM.S1AH2120,2015.02,580.7,,F,Dollars,6,Electronic Card Transactions (ANZSIC06) - ECT,Private - Values - Electronic card transactions  A/S/T by industry,Actual,Food and beverage services,,,
3361,ECTM.S1AH2120,2015.03,638.5,,F,Dollars,6,Electronic Card Transactions (ANZSIC06) - ECT,Private - Values - Electronic card transactions  A/S/T by industry,Actual,Food and beverage services,,,
3362,ECTM.S1AH2120,2015.04,617.7,,F,Dollars,6,Electronic Card Transactions (ANZSIC06) - ECT,Private - Values - Electronic card transactions  A/S/T by industry,Actual,Food and beverage services,,,
3363,ECTM.S1AH2120,2015.05,641.5,,F,Dollars,6,Electronic Card Transactions (ANZSIC06) - ECT,Private - Values - Electronic card transactions  A/S/T by industry,Actual,Food and beverage services,,,
3364,ECTM.S1AH2120,2015.06,590.5,,F,Dollars,6,Electronic Card Transactions (ANZSIC06) - ECT,Private - Values - Electronic card transactions  A/S/T by industry,Actual,Food and beverage services,,,
3365,ECTM.S1AH2120,2015.07,640.6,,F,Dollars,6,Electronic Card Transactions (ANZSIC06) - ECT,Private - Values - Electronic card transactions  A/S/T by industry,Actual,Food and beverage services,,,
3366,ECTM.S1AH2120,2015.08,642.9,,F,Dollars,6,Electronic Card Transactions (ANZSIC06) - ECT,Private - Values - Electronic card transactions  A/S/T by industry,Actual,Food and beverage services,,,
3367,ECTM.S1AH2120,2015.09,621.0,,F,Dollars,6,Electronic Card Transactions (ANZSIC06) - ECT,Private - Values - Electronic card transactions  A/S/T by industry,Actual,Food and beverage services,,,
3368,ECTM.S1AH2120,2015.1,667.7,,F,Dollars,6,Electronic Card Transactions (ANZSIC06) - ECT,Private - Values - Electronic card transactions  A/S/T by industry,Actual,Food and beverage services,,,
3369,ECTM.S1AH2120,2015.11,667.5,,F,Dollars,6,Electronic Card Transactions (ANZSIC06) - ECT,Private - Values - Electronic card transactions  A/S/T by industry,Actual,Food and beverage services,,,
3370,ECTM.S1AH2120,2015.12,734.9,,F,Dollars,6,Electronic Card Transactions (ANZSIC06) - ECT,Private - Values - Electronic card transactions  A/S/T by industry,Actual,Food and beverage services,,,
3371,ECTM.S1AH2120,2016.01,695.4,,F,Dollars,6,Electronic Card Transactions (ANZSIC06) - ECT,Private - Values - Electronic card transactions  A/S/T by industry,Actual,Food and beverage services,,,
3372,ECTM.S1AH2120,2016.02,668.3,,F,Dollars,6,Electronic Card Transactions (ANZSIC06) - ECT,Private - Values - Electronic card transactions  A/S/T by industry,Actual,Food and beverage services,,,
3373,ECTM.S1AH2120,2016.03,708.7,,F,Dollars,6,Electronic Card Transactions (ANZSIC06) - ECT,Private - Values - Electronic card transactions  A/S/T by industry,Actual,Food and beverage services,,,
3374,ECTM.S1AH2120,2016.04,717.3,,F,Dollars,6,Electronic Card Transactions (ANZSIC06) - ECT,Private - Values - Electronic card transactions  A/S/T by industry,Actual,Food and beverage services,,,
3375,ECTM.S1AH2120,2016.05,691.8,,F,Dollars,6,Electronic Card Transactions (ANZSIC06) - ECT,Private - Values - Electronic card transactions  A/S/T by industry,Actual,Food and beverage services,,,
3376,ECTM.S1AH2120,2016.06,672.0,,F,Dollars,6,Electronic Card Transactions (ANZSIC06) - ECT,Private - Values - Electronic card transactions  A/S/T by industry,Actual,Food and beverage services,,,
3377,ECTM.S1AH2120,2016.07,745.3,,F,Dollars,6,Electronic Card Transactions (ANZSIC06) - ECT,Private - Values - Electronic card transactions  A/S/T by industry,Actual,Food and beverage services,,,
3378,ECTM.S1AH2120,2016.08,696.7,,F,Dollars,6,Electronic Card Transactions (ANZSIC06) - ECT,Private - Values - Electronic card transactions  A/S/T by industry,Actual,Food and beverage services,,,
3379,ECTM.S1AH2120,2016.09,706.9,,F,Dollars,6,Electronic Card Transactions (ANZSIC06) - ECT,Private - Values - Electronic card transactions  A/S/T by industry,Actual,Food and beverage services,,,
3380,ECTM.S1AH2120,2016.1,748.1,,F,Dollars,6,Electronic Card Transactions (ANZSIC06) - ECT,Private - Values - Electronic card transactions  A/S/T by industry,Actual,Food and beverage services,,,
3381,ECTM.S1AH2120,2016.11,725.5,,F,Dollars,6,Electronic Card Transactions (ANZSIC06) - ECT,Private - Values - Electronic card transactions  A/S/T by industry,Actual,Food and beverage services,,,
3382,ECTM.S1AH2120,2016.12,826.2,,F,Dollars,6,Electronic Card Transactions (ANZSIC06) - ECT,Private - Values - Electronic card transactions  A/S/T by industry,Actual,Food and beverage services,,,
3383,ECTM.S1AH2120,2017.01,754.3,,F,Dollars,6,Electronic Card Transactions (ANZSIC06) - ECT,Private - Values - Electronic card transactions  A/S/T by industry,Actual,Food and beverage services,,,
3384,ECTM.S1AH2120,2017.02,705.5,,F,Dollars,6,Electronic Card Transactions (ANZSIC06) - ECT,Private - Values - Electronic card transactions  A/S/T by industry,Actual,Food and beverage services,,,
3385,ECTM.S1AH2120,2017.03,785.2,,F,Dollars,6,Electronic Card Transactions (ANZSIC06) - ECT,Private - Values - Electronic card transactions  A/S/T by industry,Actual,Food and beverage services,,,
3386,ECTM.S1AH2120,2017.04,769.4,,F,Dollars,6,Electronic Card Transactions (ANZSIC06) - ECT,Private - Values - Electronic card transactions  A/S/T by industry,Actual,Food and beverage services,,,
3387,ECTM.S1AH2120,2017.05,743.8,,F,Dollars,6,Electronic Card Transactions (ANZSIC06) - ECT,Private - Values - Electronic card transactions  A/S/T by industry,Actual,Food and beverage services,,,
3388,ECTM.S1AH2120,2017.06,745.2,,F,Dollars,6,Electronic Card Transactions (ANZSIC06) - ECT,Private - Values - Electronic card transactions  A/S/T by industry,Actual,Food and beverage services,,,
3389,ECTM.S1AH2120,2017.07,788.0,,F,Dollars,6,Electronic Card Transactions (ANZSIC06) - ECT,Private - Values - Electronic card transactions  A/S/T by industry,Actual,Food and beverage services,,,
3390,ECTM.S1AH2120,2017.08,760.3,,F,Dollars,6,Electronic Card Transactions (ANZSIC06) - ECT,Private - Values - Electronic card transactions  A/S/T by industry,Actual,Food and beverage services,,,
3391,ECTM.S1AH2120,2017.09,765.7,,F,Dollars,6,Electronic Card Transactions (ANZSIC06) - ECT,Private - Values - Electronic card transactions  A/S/T by industry,Actual,Food and beverage services,,,
3392,ECTM.S1AH2120,2017.1,798.1,,F,Dollars,6,Electronic Card Transactions (ANZSIC06) - ECT,Private - Values - Electronic card transactions  A/S/T by industry,Actual,Food and beverage services,,,
3393,ECTM.S1AH2120,2017.11,800.9,,F,Dollars,6,Electronic Card Transactions (ANZSIC06) - ECT,Private - Values - Electronic card transactions  A/S/T by industry,Actual,Food and beverage services,,,
3394,ECTM.S1AH2120,2017.12,894.7,,F,Dollars,6,Electronic Card Transactions (ANZSIC06) - ECT,Private - Values - Electronic card transactions  A/S/T by industry,Actual,Food and beverage services,,,
3395,ECTM.S1AH2120,2018.01,810.9,,F,Dollars,6,Electronic Card Transactions (ANZSIC06) - ECT,Private - Values - Electronic card transactions  A/S/T by industry,Actual,Food and beverage services,,,
3396,ECTM.S1AH2120,2018.02,769.4,,F,Dollars,6,Electronic Card Transactions (ANZSIC06) - ECT,Private - Values - Electronic card transactions  A/S/T by industry,Actual,Food and beverage services,,,
3397,ECTM.S1AH2120,2018.03,868.0,,F,Dollars,6,Electronic Card Transactions (ANZSIC06) - ECT,Private - Values - Electronic card transactions  A/S/T by industry,Actual,Food and beverage services,,,
3398,ECTM.S1AH2120,2018.04,819.9,,F,Dollars,6,Electronic Card Transactions (ANZSIC06) - ECT,Private - Values - Electronic card transactions  A/S/T by industry,Actual,Food and beverage services,,,
3399,ECTM.S1AH2120,2018.05,802.6,,F,Dollars,6,Electronic Card Transactions (ANZSIC06) - ECT,Private - Values - Electronic card transactions  A/S/T by industry,Actual,Food and beverage services,,,
3400,ECTM.S1AH2120,2018.06,796.7,,F,Dollars,6,Electronic Card Transactions (ANZSIC06) - ECT,Private - Values - Electronic card transactions  A/S/T by industry,Actual,Food and beverage services,,,
3401,ECTM.S1AH2120,2018.07,827.7,,F,Dollars,6,Electronic Card Transactions (ANZSIC06) - ECT,Private - Values - Electronic card transactions  A/S/T by industry,Actual,Food and beverage services,,,
3402,ECTM.S1AH2120,2018.08,826.1,,F,Dollars,6,Electronic Card Transactions (ANZSIC06) - ECT,Private - Values - Electronic card transactions  A/S/T by industry,Actual,Food and beverage services,,,
3403,ECTM.S1AH2120,2018.09,822.1,,F,Dollars,6,Electronic Card Transactions (ANZSIC06) - ECT,Private - Values - Electronic card transactions  A/S/T by industry,Actual,Food and beverage services,,,
3404,ECTM.S1AH2120,2018.1,837.4,,F,Dollars,6,Electronic Card Transactions (ANZSIC06) - ECT,Private - Values - Electronic card transactions  A/S/T by industry,Actual,Food and beverage services,,,
3405,ECTM.S1AH2120,2018.11,860.5,,F,Dollars,6,Electronic Card Transactions (ANZSIC06) - ECT,Private - Values - Electronic card transactions  A/S/T by industry,Actual,Food and beverage services,,,
3406,ECTM.S1AH2120,2018.12,947.9,,F,Dollars,6,Electronic Card Transactions (ANZSIC06) - ECT,Private - Values - Electronic card transactions  A/S/T by industry,Actual,Food and beverage services,,,
3407,ECTM.S1AH2120,2019.01,872.2,,F,Dollars,6,Electronic Card Transactions (ANZSIC06) - ECT,Private - Values - Electronic card transactions  A/S/T by industry,Actual,Food and beverage services,,,
3408,ECTM.S1AH2120,2019.02,824.3,,F,Dollars,6,Electronic Card Transactions (ANZSIC06) - ECT,Private - Values - Electronic card transactions  A/S/T by industry,Actual,Food and beverage services,,,
3409,ECTM.S1AH2120,2019.03,928.9,,F,Dollars,6,Electronic Card Transactions (ANZSIC06) - ECT,Private - Values - Electronic card transactions  A/S/T by industry,Actual,Food and beverage services,,,
3410,ECTM.S1AH2120,2019.04,857.4,,F,Dollars,6,Electronic Card Transactions (ANZSIC06) - ECT,Private - Values - Electronic card transactions  A/S/T by industry,Actual,Food and beverage services,,,
3411,ECTM.S1AH2120,2019.05,869.5,,F,Dollars,6,Electronic Card Transactions (ANZSIC06) - ECT,Private - Values - Electronic card transactions  A/S/T by industry,Actual,Food and beverage services,,,
3412,ECTM.S1AH2120,2019.06,844.3,,F,Dollars,6,Electronic Card Transactions (ANZSIC06) - ECT,Private - Values - Electronic card transactions  A/S/T by industry,Actual,Food and beverage services,,,
3413,ECTM.S1AH2120,2019.07,865.5,,F,Dollars,6,Electronic Card Transactions (ANZSIC06) - ECT,Private - Values - Electronic card transactions  A/S/T by industry,Actual,Food and beverage services,,,
3414,ECTM.S1AH2120,2019.08,886.7,,F,Dollars,6,Electronic Card Transactions (ANZSIC06) - ECT,Private - Values - Electronic card transactions  A/S/T by industry,Actual,Food and beverage services,,,
3415,ECTM.S1AH2120,2019.09,858.4,,F,Dollars,6,Electronic Card Transactions (ANZSIC06) - ECT,Private - Values - Electronic card transactions  A/S/T by industry,Actual,Food and beverage services,,,
3416,ECTM.S1AH2120,2019.1,897.2,,F,Dollars,6,Electronic Card Transactions (ANZSIC06) - ECT,Private - Values - Electronic card transactions  A/S/T by industry,Actual,Food and beverage services,,,
3417,ECTM.S1AH2120,2019.11,924.4,,F,Dollars,6,Electronic Card Transactions (ANZSIC06) - ECT,Private - Values - Electronic card transactions  A/S/T by industry,Actual,Food and beverage services,,,
3418,ECTM.S1AH2120,2019.12,988.6,,F,Dollars,6,Electronic Card Transactions (ANZSIC06) - ECT,Private - Values - Electronic card transactions  A/S/T by industry,Actual,Food and beverage services,,,
3419,ECTM.S1AH2120,2020.01,928.5,,F,Dollars,6,Electronic Card Transactions (ANZSIC06) - ECT,Private - Values - Electronic card transactions  A/S/T by industry,Actual,Food and beverage services,,,
3420,ECTM.S1AH2120,2020.02,892.9,,F,Dollars,6,Electronic Card Transactions (ANZSIC06) - ECT,Private - Values - Electronic card transactions  A/S/T by industry,Actual,Food and beverage services,,,
3421,ECTM.S1AH2120,2020.03,662.4,,F,Dollars,6,Electronic Card Transactions (ANZSIC06) - ECT,Private - Values - Electronic card transactions  A/S/T by industry,Actual,Food and beverage services,,,
3422,ECTM.S1AH2120,2020.04,43.7,,F,Dollars,6,Electronic Card Transactions (ANZSIC06) - ECT,Private - Values - Electronic card transactions  A/S/T by industry,Actual,Food and beverage services,,,
3423,ECTM.S1AH2120,2020.05,564.6,,F,Dollars,6,Electronic Card Transactions (ANZSIC06) - ECT,Private - Values - Electronic card transactions  A/S/T by industry,Actual,Food and beverage services,,,
3424,ECTM.S1AH2120,2020.06,823.8,,F,Dollars,6,Electronic Card Transactions (ANZSIC06) - ECT,Private - Values - Electronic card transactions  A/S/T by industry,Actual,Food and beverage services,,,
3425,ECTM.S1AH2120,2020.07,957.4,,F,Dollars,6,Electronic Card Transactions (ANZSIC06) - ECT,Private - Values - Electronic card transactions  A/S/T by industry,Actual,Food and beverage services,,,
3426,ECTM.S1SH2120,2007.03,346.5,,R,Dollars,6,Electronic Card Transactions (ANZSIC06) - ECT,Private - Values - Electronic card transactions  A/S/T by industry,Seasonally adjusted,Food and beverage services,,,
3427,ECTM.S1SH2120,2007.04,329.0,,R,Dollars,6,Electronic Card Transactions (ANZSIC06) - ECT,Private - Values - Electronic card transactions  A/S/T by industry,Seasonally adjusted,Food and beverage services,,,
3428,ECTM.S1SH2120,2007.05,329.8,,R,Dollars,6,Electronic Card Transactions (ANZSIC06) - ECT,Private - Values - Electronic card transactions  A/S/T by industry,Seasonally adjusted,Food and beverage services,,,
3429,ECTM.S1SH2120,2007.06,323.6,,R,Dollars,6,Electronic Card Transactions (ANZSIC06) - ECT,Private - Values - Electronic card transactions  A/S/T by industry,Seasonally adjusted,Food and beverage services,,,
3430,ECTM.S1SH2120,2007.07,339.4,,R,Dollars,6,Electronic Card Transactions (ANZSIC06) - ECT,Private - Values - Electronic card transactions  A/S/T by industry,Seasonally adjusted,Food and beverage services,,,
3431,ECTM.S1SH2120,2007.08,344.8,,R,Dollars,6,Electronic Card Transactions (ANZSIC06) - ECT,Private - Values - Electronic card transactions  A/S/T by industry,Seasonally adjusted,Food and beverage services,,,
3432,ECTM.S1SH2120,2007.09,343.5,,R,Dollars,6,Electronic Card Transactions (ANZSIC06) - ECT,Private - Values - Electronic card transactions  A/S/T by industry,Seasonally adjusted,Food and beverage services,,,
3433,ECTM.S1SH2120,2007.1,340.2,,R,Dollars,6,Electronic Card Transactions (ANZSIC06) - ECT,Private - Values - Electronic card transactions  A/S/T by industry,Seasonally adjusted,Food and beverage services,,,
3434,ECTM.S1SH2120,2007.11,355.9,,R,Dollars,6,Electronic Card Transactions (ANZSIC06) - ECT,Private - Values - Electronic card transactions  A/S/T by industry,Seasonally adjusted,Food and beverage services,,,
3435,ECTM.S1SH2120,2007.12,399.1,,R,Dollars,6,Electronic Card Transactions (ANZSIC06) - ECT,Private - Values - Electronic card transactions  A/S/T by industry,Seasonally adjusted,Food and beverage services,,,
3436,ECTM.S1SH2120,2008.01,350.0,,R,Dollars,6,Electronic Card Transactions (ANZSIC06) - ECT,Private - Values - Electronic card transactions  A/S/T by industry,Seasonally adjusted,Food and beverage services,,,
3437,ECTM.S1SH2120,2008.02,351.6,,R,Dollars,6,Electronic Card Transactions (ANZSIC06) - ECT,Private - Values - Electronic card transactions  A/S/T by industry,Seasonally adjusted,Food and beverage services,,,
3438,ECTM.S1SH2120,2008.03,371.7,,R,Dollars,6,Electronic Card Transactions (ANZSIC06) - ECT,Private - Values - Electronic card transactions  A/S/T by industry,Seasonally adjusted,Food and beverage services,,,
3439,ECTM.S1SH2120,2008.04,352.6,,R,Dollars,6,Electronic Card Transactions (ANZSIC06) - ECT,Private - Values - Electronic card transactions  A/S/T by industry,Seasonally adjusted,Food and beverage services,,,
3440,ECTM.S1SH2120,2008.05,364.1,,R,Dollars,6,Electronic Card Transactions (ANZSIC06) - ECT,Private - Values - Electronic card transactions  A/S/T by industry,Seasonally adjusted,Food and beverage services,,,
3441,ECTM.S1SH2120,2008.06,333.1,,R,Dollars,6,Electronic Card Transactions (ANZSIC06) - ECT,Private - Values - Electronic card transactions  A/S/T by industry,Seasonally adjusted,Food and beverage services,,,
3442,ECTM.S1SH2120,2008.07,353.3,,R,Dollars,6,Electronic Card Transactions (ANZSIC06) - ECT,Private - Values - Electronic card transactions  A/S/T by industry,Seasonally adjusted,Food and beverage services,,,
3443,ECTM.S1SH2120,2008.08,368.6,,R,Dollars,6,Electronic Card Transactions (ANZSIC06) - ECT,Private - Values - Electronic card transactions  A/S/T by industry,Seasonally adjusted,Food and beverage services,,,
3444,ECTM.S1SH2120,2008.09,348.2,,R,Dollars,6,Electronic Card Transactions (ANZSIC06) - ECT,Private - Values - Electronic card transactions  A/S/T by industry,Seasonally adjusted,Food and beverage services,,,
3445,ECTM.S1SH2120,2008.1,375.1,,R,Dollars,6,Electronic Card Transactions (ANZSIC06) - ECT,Private - Values - Electronic card transactions  A/S/T by industry,Seasonally adjusted,Food and beverage services,,,
3446,ECTM.S1SH2120,2008.11,375.2,,R,Dollars,6,Electronic Card Transactions (ANZSIC06) - ECT,Private - Values - Electronic card transactions  A/S/T by industry,Seasonally adjusted,Food and beverage services,,,
3447,ECTM.S1SH2120,2008.12,404.8,,R,Dollars,6,Electronic Card Transactions (ANZSIC06) - ECT,Private - Values - Electronic card transactions  A/S/T by industry,Seasonally adjusted,Food and beverage services,,,
3448,ECTM.S1SH2120,2009.01,379.5,,R,Dollars,6,Electronic Card Transactions (ANZSIC06) - ECT,Private - Values - Electronic card transactions  A/S/T by industry,Seasonally adjusted,Food and beverage services,,,
3449,ECTM.S1SH2120,2009.02,351.0,,R,Dollars,6,Electronic Card Transactions (ANZSIC06) - ECT,Private - Values - Electronic card transactions  A/S/T by industry,Seasonally adjusted,Food and beverage services,,,
3450,ECTM.S1SH2120,2009.03,385.8,,R,Dollars,6,Electronic Card Transactions (ANZSIC06) - ECT,Private - Values - Electronic card transactions  A/S/T by industry,Seasonally adjusted,Food and beverage services,,,
3451,ECTM.S1SH2120,2009.04,372.7,,R,Dollars,6,Electronic Card Transactions (ANZSIC06) - ECT,Private - Values - Electronic card transactions  A/S/T by industry,Seasonally adjusted,Food and beverage services,,,
3452,ECTM.S1SH2120,2009.05,386.5,,R,Dollars,6,Electronic Card Transactions (ANZSIC06) - ECT,Private - Values - Electronic card transactions  A/S/T by industry,Seasonally adjusted,Food and beverage services,,,
3453,ECTM.S1SH2120,2009.06,344.9,,R,Dollars,6,Electronic Card Transactions (ANZSIC06) - ECT,Private - Values - Electronic card transactions  A/S/T by industry,Seasonally adjusted,Food and beverage services,,,
3454,ECTM.S1SH2120,2009.07,386.3,,R,Dollars,6,Electronic Card Transactions (ANZSIC06) - ECT,Private - Values - Electronic card transactions  A/S/T by industry,Seasonally adjusted,Food and beverage services,,,
3455,ECTM.S1SH2120,2009.08,387.8,,R,Dollars,6,Electronic Card Transactions (ANZSIC06) - ECT,Private - Values - Electronic card transactions  A/S/T by industry,Seasonally adjusted,Food and beverage services,,,
3456,ECTM.S1SH2120,2009.09,373.7,,R,Dollars,6,Electronic Card Transactions (ANZSIC06) - ECT,Private - Values - Electronic card transactions  A/S/T by industry,Seasonally adjusted,Food and beverage services,,,
3457,ECTM.S1SH2120,2009.1,405.3,,R,Dollars,6,Electronic Card Transactions (ANZSIC06) - ECT,Private - Values - Electronic card transactions  A/S/T by industry,Seasonally adjusted,Food and beverage services,,,
3458,ECTM.S1SH2120,2009.11,389.6,,R,Dollars,6,Electronic Card Transactions (ANZSIC06) - ECT,Private - Values - Electronic card transactions  A/S/T by industry,Seasonally adjusted,Food and beverage services,,,
3459,ECTM.S1SH2120,2009.12,432.8,,R,Dollars,6,Electronic Card Transactions (ANZSIC06) - ECT,Private - Values - Electronic card transactions  A/S/T by industry,Seasonally adjusted,Food and beverage services,,,
3460,ECTM.S1SH2120,2010.01,404.0,,R,Dollars,6,Electronic Card Transactions (ANZSIC06) - ECT,Private - Values - Electronic card transactions  A/S/T by industry,Seasonally adjusted,Food and beverage services,,,
3461,ECTM.S1SH2120,2010.02,372.4,,R,Dollars,6,Electronic Card Transactions (ANZSIC06) - ECT,Private - Values - Electronic card transactions  A/S/T by industry,Seasonally adjusted,Food and beverage services,,,
3462,ECTM.S1SH2120,2010.03,409.2,,R,Dollars,6,Electronic Card Transactions (ANZSIC06) - ECT,Private - Values - Electronic card transactions  A/S/T by industry,Seasonally adjusted,Food and beverage services,,,
3463,ECTM.S1SH2120,2010.04,398.0,,R,Dollars,6,Electronic Card Transactions (ANZSIC06) - ECT,Private - Values - Electronic card transactions  A/S/T by industry,Seasonally adjusted,Food and beverage services,,,
3464,ECTM.S1SH2120,2010.05,403.0,,R,Dollars,6,Electronic Card Transactions (ANZSIC06) - ECT,Private - Values - Electronic card transactions  A/S/T by industry,Seasonally adjusted,Food and beverage services,,,
3465,ECTM.S1SH2120,2010.06,374.4,,R,Dollars,6,Electronic Card Transactions (ANZSIC06) - ECT,Private - Values - Electronic card transactions  A/S/T by industry,Seasonally adjusted,Food and beverage services,,,
3466,ECTM.S1SH2120,2010.07,419.7,,R,Dollars,6,Electronic Card Transactions (ANZSIC06) - ECT,Private - Values - Electronic card transactions  A/S/T by industry,Seasonally adjusted,Food and beverage services,,,
3467,ECTM.S1SH2120,2010.08,398.5,,R,Dollars,6,Electronic Card Transactions (ANZSIC06) - ECT,Private - Values - Electronic card transactions  A/S/T by industry,Seasonally adjusted,Food and beverage services,,,
3468,ECTM.S1SH2120,2010.09,398.4,,R,Dollars,6,Electronic Card Transactions (ANZSIC06) - ECT,Private - Values - Electronic card transactions  A/S/T by industry,Seasonally adjusted,Food and beverage services,,,
3469,ECTM.S1SH2120,2010.1,434.6,,R,Dollars,6,Electronic Card Transactions (ANZSIC06) - ECT,Private - Values - Electronic card transactions  A/S/T by industry,Seasonally adjusted,Food and beverage services,,,
3470,ECTM.S1SH2120,2010.11,414.0,,R,Dollars,6,Electronic Card Transactions (ANZSIC06) - ECT,Private - Values - Electronic card transactions  A/S/T by industry,Seasonally adjusted,Food and beverage services,,,
3471,ECTM.S1SH2120,2010.12,468.1,,R,Dollars,6,Electronic Card Transactions (ANZSIC06) - ECT,Private - Values - Electronic card transactions  A/S/T by industry,Seasonally adjusted,Food and beverage services,,,
3472,ECTM.S1SH2120,2011.01,433.4,,R,Dollars,6,Electronic Card Transactions (ANZSIC06) - ECT,Private - Values - Electronic card transactions  A/S/T by industry,Seasonally adjusted,Food and beverage services,,,
3473,ECTM.S1SH2120,2011.02,397.3,,R,Dollars,6,Electronic Card Transactions (ANZSIC06) - ECT,Private - Values - Electronic card transactions  A/S/T by industry,Seasonally adjusted,Food and beverage services,,,
3474,ECTM.S1SH2120,2011.03,439.9,,R,Dollars,6,Electronic Card Transactions (ANZSIC06) - ECT,Private - Values - Electronic card transactions  A/S/T by industry,Seasonally adjusted,Food and beverage services,,,
3475,ECTM.S1SH2120,2011.04,442.5,,R,Dollars,6,Electronic Card Transactions (ANZSIC06) - ECT,Private - Values - Electronic card transactions  A/S/T by industry,Seasonally adjusted,Food and beverage services,,,
3476,ECTM.S1SH2120,2011.05,435.8,,R,Dollars,6,Electronic Card Transactions (ANZSIC06) - ECT,Private - Values - Electronic card transactions  A/S/T by industry,Seasonally adjusted,Food and beverage services,,,
3477,ECTM.S1SH2120,2011.06,422.9,,R,Dollars,6,Electronic Card Transactions (ANZSIC06) - ECT,Private - Values - Electronic card transactions  A/S/T by industry,Seasonally adjusted,Food and beverage services,,,
3478,ECTM.S1SH2120,2011.07,476.6,,R,Dollars,6,Electronic Card Transactions (ANZSIC06) - ECT,Private - Values - Electronic card transactions  A/S/T by industry,Seasonally adjusted,Food and beverage services,,,
3479,ECTM.S1SH2120,2011.08,443.0,,R,Dollars,6,Electronic Card Transactions (ANZSIC06) - ECT,Private - Values - Electronic card transactions  A/S/T by industry,Seasonally adjusted,Food and beverage services,,,
3480,ECTM.S1SH2120,2011.09,459.5,,R,Dollars,6,Electronic Card Transactions (ANZSIC06) - ECT,Private - Values - Electronic card transactions  A/S/T by industry,Seasonally adjusted,Food and beverage services,,,
3481,ECTM.S1SH2120,2011.1,493.3,,R,Dollars,6,Electronic Card Transactions (ANZSIC06) - ECT,Private - Values - Electronic card transactions  A/S/T by industry,Seasonally adjusted,Food and beverage services,,,
3482,ECTM.S1SH2120,2011.11,453.8,,R,Dollars,6,Electronic Card Transactions (ANZSIC06) - ECT,Private - Values - Electronic card transactions  A/S/T by industry,Seasonally adjusted,Food and beverage services,,,
3483,ECTM.S1SH2120,2011.12,515.5,,R,Dollars,6,Electronic Card Transactions (ANZSIC06) - ECT,Private - Values - Electronic card transactions  A/S/T by industry,Seasonally adjusted,Food and beverage services,,,
3484,ECTM.S1SH2120,2012.01,469.5,,R,Dollars,6,Electronic Card Transactions (ANZSIC06) - ECT,Private - Values - Electronic card transactions  A/S/T by industry,Seasonally adjusted,Food and beverage services,,,
3485,ECTM.S1SH2120,2012.02,447.3,,R,Dollars,6,Electronic Card Transactions (ANZSIC06) - ECT,Private - Values - Electronic card transactions  A/S/T by industry,Seasonally adjusted,Food and beverage services,,,
3486,ECTM.S1SH2120,2012.03,495.0,,R,Dollars,6,Electronic Card Transactions (ANZSIC06) - ECT,Private - Values - Electronic card transactions  A/S/T by industry,Seasonally adjusted,Food and beverage services,,,
3487,ECTM.S1SH2120,2012.04,472.6,,R,Dollars,6,Electronic Card Transactions (ANZSIC06) - ECT,Private - Values - Electronic card transactions  A/S/T by industry,Seasonally adjusted,Food and beverage services,,,
3488,ECTM.S1SH2120,2012.05,470.2,,R,Dollars,6,Electronic Card Transactions (ANZSIC06) - ECT,Private - Values - Electronic card transactions  A/S/T by industry,Seasonally adjusted,Food and beverage services,,,
3489,ECTM.S1SH2120,2012.06,467.2,,R,Dollars,6,Electronic Card Transactions (ANZSIC06) - ECT,Private - Values - Electronic card transactions  A/S/T by industry,Seasonally adjusted,Food and beverage services,,,
3490,ECTM.S1SH2120,2012.07,484.8,,R,Dollars,6,Electronic Card Transactions (ANZSIC06) - ECT,Private - Values - Electronic card transactions  A/S/T by industry,Seasonally adjusted,Food and beverage services,,,
3491,ECTM.S1SH2120,2012.08,488.1,,R,Dollars,6,Electronic Card Transactions (ANZSIC06) - ECT,Private - Values - Electronic card transactions  A/S/T by industry,Seasonally adjusted,Food and beverage services,,,
3492,ECTM.S1SH2120,2012.09,485.4,,R,Dollars,6,Electronic Card Transactions (ANZSIC06) - ECT,Private - Values - Electronic card transactions  A/S/T by industry,Seasonally adjusted,Food and beverage services,,,
3493,ECTM.S1SH2120,2012.1,494.7,,R,Dollars,6,Electronic Card Transactions (ANZSIC06) - ECT,Private - Values - Electronic card transactions  A/S/T by industry,Seasonally adjusted,Food and beverage services,,,
3494,ECTM.S1SH2120,2012.11,504.0,,R,Dollars,6,Electronic Card Transactions (ANZSIC06) - ECT,Private - Values - Electronic card transactions  A/S/T by industry,Seasonally adjusted,Food and beverage services,,,
3495,ECTM.S1SH2120,2012.12,554.7,,R,Dollars,6,Electronic Card Transactions (ANZSIC06) - ECT,Private - Values - Electronic card transactions  A/S/T by industry,Seasonally adjusted,Food and beverage services,,,
3496,ECTM.S1SH2120,2013.01,502.0,,R,Dollars,6,Electronic Card Transactions (ANZSIC06) - ECT,Private - Values - Electronic card transactions  A/S/T by industry,Seasonally adjusted,Food and beverage services,,,
3497,ECTM.S1SH2120,2013.02,470.8,,R,Dollars,6,Electronic Card Transactions (ANZSIC06) - ECT,Private - Values - Electronic card transactions  A/S/T by industry,Seasonally adjusted,Food and beverage services,,,
3498,ECTM.S1SH2120,2013.03,534.2,,R,Dollars,6,Electronic Card Transactions (ANZSIC06) - ECT,Private - Values - Electronic card transactions  A/S/T by industry,Seasonally adjusted,Food and beverage services,,,
3499,ECTM.S1SH2120,2013.04,505.9,,R,Dollars,6,Electronic Card Transactions (ANZSIC06) - ECT,Private - Values - Electronic card transactions  A/S/T by industry,Seasonally adjusted,Food and beverage services,,,
3500,ECTM.S1SH2120,2013.05,520.6,,R,Dollars,6,Electronic Card Transactions (ANZSIC06) - ECT,Private - Values - Electronic card transactions  A/S/T by industry,Seasonally adjusted,Food and beverage services,,,
3501,ECTM.S1SH2120,2013.06,507.4,,R,Dollars,6,Electronic Card Transactions (ANZSIC06) - ECT,Private - Values - Electronic card transactions  A/S/T by industry,Seasonally adjusted,Food and beverage services,,,
3502,ECTM.S1SH2120,2013.07,528.3,,R,Dollars,6,Electronic Card Transactions (ANZSIC06) - ECT,Private - Values - Electronic card transactions  A/S/T by industry,Seasonally adjusted,Food and beverage services,,,
3503,ECTM.S1SH2120,2013.08,538.0,,R,Dollars,6,Electronic Card Transactions (ANZSIC06) - ECT,Private - Values - Electronic card transactions  A/S/T by industry,Seasonally adjusted,Food and beverage services,,,
3504,ECTM.S1SH2120,2013.09,516.0,,R,Dollars,6,Electronic Card Transactions (ANZSIC06) - ECT,Private - Values - Electronic card transactions  A/S/T by industry,Seasonally adjusted,Food and beverage services,,,
3505,ECTM.S1SH2120,2013.1,548.2,,R,Dollars,6,Electronic Card Transactions (ANZSIC06) - ECT,Private - Values - Electronic card transactions  A/S/T by industry,Seasonally adjusted,Food and beverage services,,,
3506,ECTM.S1SH2120,2013.11,553.5,,R,Dollars,6,Electronic Card Transactions (ANZSIC06) - ECT,Private - Values - Electronic card transactions  A/S/T by industry,Seasonally adjusted,Food and beverage services,,,
3507,ECTM.S1SH2120,2013.12,600.3,,R,Dollars,6,Electronic Card Transactions (ANZSIC06) - ECT,Private - Values - Electronic card transactions  A/S/T by industry,Seasonally adjusted,Food and beverage services,,,
3508,ECTM.S1SH2120,2014.01,560.8,,R,Dollars,6,Electronic Card Transactions (ANZSIC06) - ECT,Private - Values - Electronic card transactions  A/S/T by industry,Seasonally adjusted,Food and beverage services,,,
3509,ECTM.S1SH2120,2014.02,522.7,,R,Dollars,6,Electronic Card Transactions (ANZSIC06) - ECT,Private - Values - Electronic card transactions  A/S/T by industry,Seasonally adjusted,Food and beverage services,,,
3510,ECTM.S1SH2120,2014.03,589.8,,R,Dollars,6,Electronic Card Transactions (ANZSIC06) - ECT,Private - Values - Electronic card transactions  A/S/T by industry,Seasonally adjusted,Food and beverage services,,,
3511,ECTM.S1SH2120,2014.04,555.5,,R,Dollars,6,Electronic Card Transactions (ANZSIC06) - ECT,Private - Values - Electronic card transactions  A/S/T by industry,Seasonally adjusted,Food and beverage services,,,
3512,ECTM.S1SH2120,2014.05,586.9,,R,Dollars,6,Electronic Card Transactions (ANZSIC06) - ECT,Private - Values - Electronic card transactions  A/S/T by industry,Seasonally adjusted,Food and beverage services,,,
3513,ECTM.S1SH2120,2014.06,552.1,,R,Dollars,6,Electronic Card Transactions (ANZSIC06) - ECT,Private - Values - Electronic card transactions  A/S/T by industry,Seasonally adjusted,Food and beverage services,,,
3514,ECTM.S1SH2120,2014.07,576.1,,R,Dollars,6,Electronic Card Transactions (ANZSIC06) - ECT,Private - Values - Electronic card transactions  A/S/T by industry,Seasonally adjusted,Food and beverage services,,,
3515,ECTM.S1SH2120,2014.08,596.2,,R,Dollars,6,Electronic Card Transactions (ANZSIC06) - ECT,Private - Values - Electronic card transactions  A/S/T by industry,Seasonally adjusted,Food and beverage services,,,
3516,ECTM.S1SH2120,2014.09,561.7,,R,Dollars,6,Electronic Card Transactions (ANZSIC06) - ECT,Private - Values - Electronic card transactions  A/S/T by industry,Seasonally adjusted,Food and beverage services,,,
3517,ECTM.S1SH2120,2014.1,607.7,,R,Dollars,6,Electronic Card Transactions (ANZSIC06) - ECT,Private - Values - Electronic card transactions  A/S/T by industry,Seasonally adjusted,Food and beverage services,,,
3518,ECTM.S1SH2120,2014.11,613.1,,R,Dollars,6,Electronic Card Transactions (ANZSIC06) - ECT,Private - Values - Electronic card transactions  A/S/T by industry,Seasonally adjusted,Food and beverage services,,,
3519,ECTM.S1SH2120,2014.12,651.6,,R,Dollars,6,Electronic Card Transactions (ANZSIC06) - ECT,Private - Values - Electronic card transactions  A/S/T by industry,Seasonally adjusted,Food and beverage services,,,
3520,ECTM.S1SH2120,2015.01,615.1,,R,Dollars,6,Electronic Card Transactions (ANZSIC06) - ECT,Private - Values - Electronic card transactions  A/S/T by industry,Seasonally adjusted,Food and beverage services,,,
3521,ECTM.S1SH2120,2015.02,580.7,,R,Dollars,6,Electronic Card Transactions (ANZSIC06) - ECT,Private - Values - Electronic card transactions  A/S/T by industry,Seasonally adjusted,Food and beverage services,,,
3522,ECTM.S1SH2120,2015.03,638.5,,R,Dollars,6,Electronic Card Transactions (ANZSIC06) - ECT,Private - Values - Electronic card transactions  A/S/T by industry,Seasonally adjusted,Food and beverage services,,,
3523,ECTM.S1SH2120,2015.04,617.7,,R,Dollars,6,Electronic Card Transactions (ANZSIC06) - ECT,Private - Values - Electronic card transactions  A/S/T by industry,Seasonally adjusted,Food and beverage services,,,
3524,ECTM.S1SH2120,2015.05,641.5,,R,Dollars,6,Electronic Card Transactions (ANZSIC06) - ECT,Private - Values - Electronic card transactions  A/S/T by industry,Seasonally adjusted,Food and beverage services,,,
3525,ECTM.S1SH2120,2015.06,590.5,,R,Dollars,6,Electronic Card Transactions (ANZSIC06) - ECT,Private - Values - Electronic card transactions  A/S/T by industry,Seasonally adjusted,Food and beverage services,,,
3526,ECTM.S1SH2120,2015.07,640.6,,R,Dollars,6,Electronic Card Transactions (ANZSIC06) - ECT,Private - Values - Electronic card transactions  A/S/T by industry,Seasonally adjusted,Food and beverage services,,,
3527,ECTM.S1SH2120,2015.08,642.9,,R,Dollars,6,Electronic Card Transactions (ANZSIC06) - ECT,Private - Values - Electronic card transactions  A/S/T by industry,Seasonally adjusted,Food and beverage services,,,
3528,ECTM.S1SH2120,2015.09,621.0,,R,Dollars,6,Electronic Card Transactions (ANZSIC06) - ECT,Private - Values - Electronic card transactions  A/S/T by industry,Seasonally adjusted,Food and beverage services,,,
3529,ECTM.S1SH2120,2015.1,667.7,,R,Dollars,6,Electronic Card Transactions (ANZSIC06) - ECT,Private - Values - Electronic card transactions  A/S/T by industry,Seasonally adjusted,Food and beverage services,,,
3530,ECTM.S1SH2120,2015.11,667.5,,R,Dollars,6,Electronic Card Transactions (ANZSIC06) - ECT,Private - Values - Electronic card transactions  A/S/T by industry,Seasonally adjusted,Food and beverage services,,,
3531,ECTM.S1SH2120,2015.12,734.9,,R,Dollars,6,Electronic Card Transactions (ANZSIC06) - ECT,Private - Values - Electronic card transactions  A/S/T by industry,Seasonally adjusted,Food and beverage services,,,
3532,ECTM.S1SH2120,2016.01,695.4,,R,Dollars,6,Electronic Card Transactions (ANZSIC06) - ECT,Private - Values - Electronic card transactions  A/S/T by industry,Seasonally adjusted,Food and beverage services,,,
3533,ECTM.S1SH2120,2016.02,668.3,,R,Dollars,6,Electronic Card Transactions (ANZSIC06) - ECT,Private - Values - Electronic card transactions  A/S/T by industry,Seasonally adjusted,Food and beverage services,,,
3534,ECTM.S1SH2120,2016.03,708.7,,R,Dollars,6,Electronic Card Transactions (ANZSIC06) - ECT,Private - Values - Electronic card transactions  A/S/T by industry,Seasonally adjusted,Food and beverage services,,,
3535,ECTM.S1SH2120,2016.04,717.3,,R,Dollars,6,Electronic Card Transactions (ANZSIC06) - ECT,Private - Values - Electronic card transactions  A/S/T by industry,Seasonally adjusted,Food and beverage services,,,
3536,ECTM.S1SH2120,2016.05,691.8,,R,Dollars,6,Electronic Card Transactions (ANZSIC06) - ECT,Private - Values - Electronic card transactions  A/S/T by industry,Seasonally adjusted,Food and beverage services,,,
3537,ECTM.S1SH2120,2016.06,672.0,,R,Dollars,6,Electronic Card Transactions (ANZSIC06) - ECT,Private - Values - Electronic card transactions  A/S/T by industry,Seasonally adjusted,Food and beverage services,,,
3538,ECTM.S1SH2120,2016.07,745.3,,R,Dollars,6,Electronic Card Transactions (ANZSIC06) - ECT,Private - Values - Electronic card transactions  A/S/T by industry,Seasonally adjusted,Food and beverage services,,,
3539,ECTM.S1SH2120,2016.08,696.7,,R,Dollars,6,Electronic Card Transactions (ANZSIC06) - ECT,Private - Values - Electronic card transactions  A/S/T by industry,Seasonally adjusted,Food and beverage services,,,
3540,ECTM.S1SH2120,2016.09,706.9,,R,Dollars,6,Electronic Card Transactions (ANZSIC06) - ECT,Private - Values - Electronic card transactions  A/S/T by industry,Seasonally adjusted,Food and beverage services,,,
3541,ECTM.S1SH2120,2016.1,748.1,,R,Dollars,6,Electronic Card Transactions (ANZSIC06) - ECT,Private - Values - Electronic card transactions  A/S/T by industry,Seasonally adjusted,Food and beverage services,,,
3542,ECTM.S1SH2120,2016.11,725.5,,R,Dollars,6,Electronic Card Transactions (ANZSIC06) - ECT,Private - Values - Electronic card transactions  A/S/T by industry,Seasonally adjusted,Food and beverage services,,,
3543,ECTM.S1SH2120,2016.12,826.2,,R,Dollars,6,Electronic Card Transactions (ANZSIC06) - ECT,Private - Values - Electronic card transactions  A/S/T by industry,Seasonally adjusted,Food and beverage services,,,
3544,ECTM.S1SH2120,2017.01,754.3,,R,Dollars,6,Electronic Card Transactions (ANZSIC06) - ECT,Private - Values - Electronic card transactions  A/S/T by industry,Seasonally adjusted,Food and beverage services,,,
3545,ECTM.S1SH2120,2017.02,705.5,,R,Dollars,6,Electronic Card Transactions (ANZSIC06) - ECT,Private - Values - Electronic card transactions  A/S/T by industry,Seasonally adjusted,Food and beverage services,,,
3546,ECTM.S1SH2120,2017.03,785.2,,R,Dollars,6,Electronic Card Transactions (ANZSIC06) - ECT,Private - Values - Electronic card transactions  A/S/T by industry,Seasonally adjusted,Food and beverage services,,,
3547,ECTM.S1SH2120,2017.04,769.4,,R,Dollars,6,Electronic Card Transactions (ANZSIC06) - ECT,Private - Values - Electronic card transactions  A/S/T by industry,Seasonally adjusted,Food and beverage services,,,
3548,ECTM.S1SH2120,2017.05,743.8,,R,Dollars,6,Electronic Card Transactions (ANZSIC06) - ECT,Private - Values - Electronic card transactions  A/S/T by industry,Seasonally adjusted,Food and beverage services,,,
3549,ECTM.S1SH2120,2017.06,745.2,,R,Dollars,6,Electronic Card Transactions (ANZSIC06) - ECT,Private - Values - Electronic card transactions  A/S/T by industry,Seasonally adjusted,Food and beverage services,,,
3550,ECTM.S1SH2120,2017.07,788.0,,R,Dollars,6,Electronic Card Transactions (ANZSIC06) - ECT,Private - Values - Electronic card transactions  A/S/T by industry,Seasonally adjusted,Food and beverage services,,,
3551,ECTM.S1SH2120,2017.08,760.3,,R,Dollars,6,Electronic Card Transactions (ANZSIC06) - ECT,Private - Values - Electronic card transactions  A/S/T by industry,Seasonally adjusted,Food and beverage services,,,
3552,ECTM.S1SH2120,2017.09,765.7,,R,Dollars,6,Electronic Card Transactions (ANZSIC06) - ECT,Private - Values - Electronic card transactions  A/S/T by industry,Seasonally adjusted,Food and beverage services,,,
3553,ECTM.S1SH2120,2017.1,798.1,,R,Dollars,6,Electronic Card Transactions (ANZSIC06) - ECT,Private - Values - Electronic card transactions  A/S/T by industry,Seasonally adjusted,Food and beverage services,,,
3554,ECTM.S1SH2120,2017.11,800.9,,R,Dollars,6,Electronic Card Transactions (ANZSIC06) - ECT,Private - Values - Electronic card transactions  A/S/T by industry,Seasonally adjusted,Food and beverage services,,,
3555,ECTM.S1SH2120,2017.12,894.7,,R,Dollars,6,Electronic Card Transactions (ANZSIC06) - ECT,Private - Values - Electronic card transactions  A/S/T by industry,Seasonally adjusted,Food and beverage services,,,
3556,ECTM.S1SH2120,2018.01,810.9,,R,Dollars,6,Electronic Card Transactions (ANZSIC06) - ECT,Private - Values - Electronic card transactions  A/S/T by industry,Seasonally adjusted,Food and beverage services,,,
3557,ECTM.S1SH2120,2018.02,769.4,,R,Dollars,6,Electronic Card Transactions (ANZSIC06) - ECT,Private - Values - Electronic card transactions  A/S/T by industry,Seasonally adjusted,Food and beverage services,,,
3558,ECTM.S1SH2120,2018.03,868.0,,R,Dollars,6,Electronic Card Transactions (ANZSIC06) - ECT,Private - Values - Electronic card transactions  A/S/T by industry,Seasonally adjusted,Food and beverage services,,,
3559,ECTM.S1SH2120,2018.04,819.9,,R,Dollars,6,Electronic Card Transactions (ANZSIC06) - ECT,Private - Values - Electronic card transactions  A/S/T by industry,Seasonally adjusted,Food and beverage services,,,
3560,ECTM.S1SH2120,2018.05,802.6,,R,Dollars,6,Electronic Card Transactions (ANZSIC06) - ECT,Private - Values - Electronic card transactions  A/S/T by industry,Seasonally adjusted,Food and beverage services,,,
3561,ECTM.S1SH2120,2018.06,796.7,,R,Dollars,6,Electronic Card Transactions (ANZSIC06) - ECT,Private - Values - Electronic card transactions  A/S/T by industry,Seasonally adjusted,Food and beverage services,,,
3562,ECTM.S1SH2120,2018.07,827.7,,R,Dollars,6,Electronic Card Transactions (ANZSIC06) - ECT,Private - Values - Electronic card transactions  A/S/T by industry,Seasonally adjusted,Food and beverage services,,,
3563,ECTM.S1SH2120,2018.08,826.1,,R,Dollars,6,Electronic Card Transactions (ANZSIC06) - ECT,Private - Values - Electronic card transactions  A/S/T by industry,Seasonally adjusted,Food and beverage services,,,
3564,ECTM.S1SH2120,2018.09,822.1,,R,Dollars,6,Electronic Card Transactions (ANZSIC06) - ECT,Private - Values - Electronic card transactions  A/S/T by industry,Seasonally adjusted,Food and beverage services,,,
3565,ECTM.S1SH2120,2018.1,837.4,,R,Dollars,6,Electronic Card Transactions (ANZSIC06) - ECT,Private - Values - Electronic card transactions  A/S/T by industry,Seasonally adjusted,Food and beverage services,,,
3566,ECTM.S1SH2120,2018.11,860.5,,R,Dollars,6,Electronic Card Transactions (ANZSIC06) - ECT,Private - Values - Electronic card transactions  A/S/T by industry,Seasonally adjusted,Food and beverage services,,,
3567,ECTM.S1SH2120,2018.12,947.9,,R,Dollars,6,Electronic Card Transactions (ANZSIC06) - ECT,Private - Values - Electronic card transactions  A/S/T by industry,Seasonally adjusted,Food and beverage services,,,
3568,ECTM.S1SH2120,2019.01,872.2,,R,Dollars,6,Electronic Card Transactions (ANZSIC06) - ECT,Private - Values - Electronic card transactions  A/S/T by industry,Seasonally adjusted,Food and beverage services,,,
3569,ECTM.S1SH2120,2019.02,824.3,,R,Dollars,6,Electronic Card Transactions (ANZSIC06) - ECT,Private - Values - Electronic card transactions  A/S/T by industry,Seasonally adjusted,Food and beverage services,,,
3570,ECTM.S1SH2120,2019.03,928.9,,R,Dollars,6,Electronic Card Transactions (ANZSIC06) - ECT,Private - Values - Electronic card transactions  A/S/T by industry,Seasonally adjusted,Food and beverage services,,,
3571,ECTM.S1SH2120,2019.04,857.4,,R,Dollars,6,Electronic Card Transactions (ANZSIC06) - ECT,Private - Values - Electronic card transactions  A/S/T by industry,Seasonally adjusted,Food and beverage services,,,
3572,ECTM.S1SH2120,2019.05,869.5,,R,Dollars,6,Electronic Card Transactions (ANZSIC06) - ECT,Private - Values - Electronic card transactions  A/S/T by industry,Seasonally adjusted,Food and beverage services,,,
3573,ECTM.S1SH2120,2019.06,844.3,,R,Dollars,6,Electronic Card Transactions (ANZSIC06) - ECT,Private - Values - Electronic card transactions  A/S/T by industry,Seasonally adjusted,Food and beverage services,,,
3574,ECTM.S1SH2120,2019.07,865.5,,R,Dollars,6,Electronic Card Transactions (ANZSIC06) - ECT,Private - Values - Electronic card transactions  A/S/T by industry,Seasonally adjusted,Food and beverage services,,,
3575,ECTM.S1SH2120,2019.08,886.7,,R,Dollars,6,Electronic Card Transactions (ANZSIC06) - ECT,Private - Values - Electronic card transactions  A/S/T by industry,Seasonally adjusted,Food and beverage services,,,
3576,ECTM.S1SH2120,2019.09,858.4,,R,Dollars,6,Electronic Card Transactions (ANZSIC06) - ECT,Private - Values - Electronic card transactions  A/S/T by industry,Seasonally adjusted,Food and beverage services,,,
3577,ECTM.S1SH2120,2019.1,897.2,,R,Dollars,6,Electronic Card Transactions (ANZSIC06) - ECT,Private - Values - Electronic card transactions  A/S/T by industry,Seasonally adjusted,Food and beverage services,,,
3578,ECTM.S1SH2120,2019.11,924.4,,R,Dollars,6,Electronic Card Transactions (ANZSIC06) - ECT,Private - Values - Electronic card transactions  A/S/T by industry,Seasonally adjusted,Food and beverage services,,,
3579,ECTM.S1SH2120,2019.12,988.6,,R,Dollars,6,Electronic Card Transactions (ANZSIC06) - ECT,Private - Values - Electronic card transactions  A/S/T by industry,Seasonally adjusted,Food and beverage services,,,
3580,ECTM.S1SH2120,2020.01,928.5,,R,Dollars,6,Electronic Card Transactions (ANZSIC06) - ECT,Private - Values - Electronic card transactions  A/S/T by industry,Seasonally adjusted,Food and beverage services,,,
3581,ECTM.S1SH2120,2020.02,892.9,,R,Dollars,6,Electronic Card Transactions (ANZSIC06) - ECT,Private - Values - Electronic card transactions  A/S/T by industry,Seasonally adjusted,Food and beverage services,,,
3582,ECTM.S1SH2120,2020.03,662.4,,R,Dollars,6,Electronic Card Transactions (ANZSIC06) - ECT,Private - Values - Electronic card transactions  A/S/T by industry,Seasonally adjusted,Food and beverage services,,,
3583,ECTM.S1SH2120,2020.04,43.7,,R,Dollars,6,Electronic Card Transactions (ANZSIC06) - ECT,Private - Values - Electronic card transactions  A/S/T by industry,Seasonally adjusted,Food and beverage services,,,
3584,ECTM.S1SH2120,2020.05,564.6,,R,Dollars,6,Electronic Card Transactions (ANZSIC06) - ECT,Private - Values - Electronic card transactions  A/S/T by industry,Seasonally adjusted,Food and beverage services,,,
3585,ECTM.S1SH2120,2020.06,823.8,,R,Dollars,6,Electronic Card Transactions (ANZSIC06) - ECT,Private - Values - Electronic card transactions  A/S/T by industry,Seasonally adjusted,Food and beverage services,,,
3586,ECTM.S1SH2120,2020.07,957.4,,F,Dollars,6,Electronic Card Transactions (ANZSIC06) - ECT,Private - Values - Electronic card transactions  A/S/T by industry,Seasonally adjusted,Food and beverage services,,,
3587,ECTM.S1AII131,2000.01,27.2,,C,Dollars,6,Electronic Card Transactions (ANZSIC06) - ECT,Private - Values - Electronic card transactions  A/S/T by industry,Actual,Postal and Courier Pick Up and Delivery Services,,,
3588,ECTM.S1AII131,2000.02,32.4,,C,Dollars,6,Electronic Card Transactions (ANZSIC06) - ECT,Private - Values - Electronic card transactions  A/S/T by industry,Actual,Postal and Courier Pick Up and Delivery Services,,,
3589,ECTM.S1AII131,2000.03,36.3,,C,Dollars,6,Electronic Card Transactions (ANZSIC06) - ECT,Private - Values - Electronic card transactions  A/S/T by industry,Actual,Postal and Courier Pick Up and Delivery Services,,,
3590,ECTM.S1AII131,2000.04,27.9,,C,Dollars,6,Electronic Card Transactions (ANZSIC06) - ECT,Private - Values - Electronic card transactions  A/S/T by industry,Actual,Postal and Courier Pick Up and Delivery Services,,,
3591,ECTM.S1AII131,2000.05,34.5,,C,Dollars,6,Electronic Card Transactions (ANZSIC06) - ECT,Private - Values - Electronic card transactions  A/S/T by industry,Actual,Postal and Courier Pick Up and Delivery Services,,,
3592,ECTM.S1AII131,2000.06,32.8,,C,Dollars,6,Electronic Card Transactions (ANZSIC06) - ECT,Private - Values - Electronic card transactions  A/S/T by industry,Actual,Postal and Courier Pick Up and Delivery Services,,,
3593,ECTM.S1AII131,2000.07,32.3,,C,Dollars,6,Electronic Card Transactions (ANZSIC06) - ECT,Private - Values - Electronic card transactions  A/S/T by industry,Actual,Postal and Courier Pick Up and Delivery Services,,,
3594,ECTM.S1AII131,2000.08,35.6,,C,Dollars,6,Electronic Card Transactions (ANZSIC06) - ECT,Private - Values - Electronic card transactions  A/S/T by industry,Actual,Postal and Courier Pick Up and Delivery Services,,,
3595,ECTM.S1AII131,2000.09,33.6,,C,Dollars,6,Electronic Card Transactions (ANZSIC06) - ECT,Private - Values - Electronic card transactions  A/S/T by industry,Actual,Postal and Courier Pick Up and Delivery Services,,,
3596,ECTM.S1AII131,2000.1,33.8,,C,Dollars,6,Electronic Card Transactions (ANZSIC06) - ECT,Private - Values - Electronic card transactions  A/S/T by industry,Actual,Postal and Courier Pick Up and Delivery Services,,,
3597,ECTM.S1AII131,2000.11,34.9,,C,Dollars,6,Electronic Card Transactions (ANZSIC06) - ECT,Private - Values - Electronic card transactions  A/S/T by industry,Actual,Postal and Courier Pick Up and Delivery Services,,,
3598,ECTM.S1AII131,2000.12,36.9,,C,Dollars,6,Electronic Card Transactions (ANZSIC06) - ECT,Private - Values - Electronic card transactions  A/S/T by industry,Actual,Postal and Courier Pick Up and Delivery Services,,,
3599,ECTM.S1AII131,2001.01,32.4,,C,Dollars,6,Electronic Card Transactions (ANZSIC06) - ECT,Private - Values - Electronic card transactions  A/S/T by industry,Actual,Postal and Courier Pick Up and Delivery Services,,,
3600,ECTM.S1AII131,2001.02,31.4,,C,Dollars,6,Electronic Card Transactions (ANZSIC06) - ECT,Private - Values - Electronic card transactions  A/S/T by industry,Actual,Postal and Courier Pick Up and Delivery Services,,,
3601,ECTM.S1AII131,2001.03,39.1,,C,Dollars,6,Electronic Card Transactions (ANZSIC06) - ECT,Private - Values - Electronic card transactions  A/S/T by industry,Actual,Postal and Courier Pick Up and Delivery Services,,,
3602,ECTM.S1AII131,2001.04,34.7,,C,Dollars,6,Electronic Card Transactions (ANZSIC06) - ECT,Private - Values - Electronic card transactions  A/S/T by industry,Actual,Postal and Courier Pick Up and Delivery Services,,,
3603,ECTM.S1AII131,2001.05,39.4,,C,Dollars,6,Electronic Card Transactions (ANZSIC06) - ECT,Private - Values - Electronic card transactions  A/S/T by industry,Actual,Postal and Courier Pick Up and Delivery Services,,,
3604,ECTM.S1AII131,2001.06,36.0,,C,Dollars,6,Electronic Card Transactions (ANZSIC06) - ECT,Private - Values - Electronic card transactions  A/S/T by industry,Actual,Postal and Courier Pick Up and Delivery Services,,,
3605,ECTM.S1AII131,2001.07,39.0,,C,Dollars,6,Electronic Card Transactions (ANZSIC06) - ECT,Private - Values - Electronic card transactions  A/S/T by industry,Actual,Postal and Courier Pick Up and Delivery Services,,,
3606,ECTM.S1AII131,2001.08,43.1,,C,Dollars,6,Electronic Card Transactions (ANZSIC06) - ECT,Private - Values - Electronic card transactions  A/S/T by industry,Actual,Postal and Courier Pick Up and Delivery Services,,,
3607,ECTM.S1AII131,2001.09,37.5,,C,Dollars,6,Electronic Card Transactions (ANZSIC06) - ECT,Private - Values - Electronic card transactions  A/S/T by industry,Actual,Postal and Courier Pick Up and Delivery Services,,,
3608,ECTM.S1AII131,2001.1,40.1,,C,Dollars,6,Electronic Card Transactions (ANZSIC06) - ECT,Private - Values - Electronic card transactions  A/S/T by industry,Actual,Postal and Courier Pick Up and Delivery Services,,,
3609,ECTM.S1AII131,2001.11,41.6,,C,Dollars,6,Electronic Card Transactions (ANZSIC06) - ECT,Private - Values - Electronic card transactions  A/S/T by industry,Actual,Postal and Courier Pick Up and Delivery Services,,,
3610,ECTM.S1AII131,2001.12,43.3,,C,Dollars,6,Electronic Card Transactions (ANZSIC06) - ECT,Private - Values - Electronic card transactions  A/S/T by industry,Actual,Postal and Courier Pick Up and Delivery Services,,,
3611,ECTM.S1AII131,2002.01,37.9,,C,Dollars,6,Electronic Card Transactions (ANZSIC06) - ECT,Private - Values - Electronic card transactions  A/S/T by industry,Actual,Postal and Courier Pick Up and Delivery Services,,,
3612,ECTM.S1AII131,2002.02,38.1,,C,Dollars,6,Electronic Card Transactions (ANZSIC06) - ECT,Private - Values - Electronic card transactions  A/S/T by industry,Actual,Postal and Courier Pick Up and Delivery Services,,,
3613,ECTM.S1AII131,2002.03,43.8,,C,Dollars,6,Electronic Card Transactions (ANZSIC06) - ECT,Private - Values - Electronic card transactions  A/S/T by industry,Actual,Postal and Courier Pick Up and Delivery Services,,,
3614,ECTM.S1AII131,2002.04,40.2,,C,Dollars,6,Electronic Card Transactions (ANZSIC06) - ECT,Private - Values - Electronic card transactions  A/S/T by industry,Actual,Postal and Courier Pick Up and Delivery Services,,,
3615,ECTM.S1AII131,2002.05,43.9,,C,Dollars,6,Electronic Card Transactions (ANZSIC06) - ECT,Private - Values - Electronic card transactions  A/S/T by industry,Actual,Postal and Courier Pick Up and Delivery Services,,,
3616,ECTM.S1AII131,2002.06,40.1,,C,Dollars,6,Electronic Card Transactions (ANZSIC06) - ECT,Private - Values - Electronic card transactions  A/S/T by industry,Actual,Postal and Courier Pick Up and Delivery Services,,,
3617,ECTM.S1AII131,2002.07,49.3,,C,Dollars,6,Electronic Card Transactions (ANZSIC06) - ECT,Private - Values - Electronic card transactions  A/S/T by industry,Actual,Postal and Courier Pick Up and Delivery Services,,,
3618,ECTM.S1AII131,2002.08,51.1,,C,Dollars,6,Electronic Card Transactions (ANZSIC06) - ECT,Private - Values - Electronic card transactions  A/S/T by industry,Actual,Postal and Courier Pick Up and Delivery Services,,,
3619,ECTM.S1AII131,2002.09,70.2,,C,Dollars,6,Electronic Card Transactions (ANZSIC06) - ECT,Private - Values - Electronic card transactions  A/S/T by industry,Actual,Postal and Courier Pick Up and Delivery Services,,,
3620,ECTM.S1AII131,2002.1,88.1,,F,Dollars,6,Electronic Card Transactions (ANZSIC06) - ECT,Private - Values - Electronic card transactions  A/S/T by industry,Actual,Postal and Courier Pick Up and Delivery Services,,,
3621,ECTM.S1AII131,2002.11,59.1,,F,Dollars,6,Electronic Card Transactions (ANZSIC06) - ECT,Private - Values - Electronic card transactions  A/S/T by industry,Actual,Postal and Courier Pick Up and Delivery Services,,,
3622,ECTM.S1AII131,2002.12,64.5,,F,Dollars,6,Electronic Card Transactions (ANZSIC06) - ECT,Private - Values - Electronic card transactions  A/S/T by industry,Actual,Postal and Courier Pick Up and Delivery Services,,,
3623,ECTM.S1AII131,2003.01,56.3,,F,Dollars,6,Electronic Card Transactions (ANZSIC06) - ECT,Private - Values - Electronic card transactions  A/S/T by industry,Actual,Postal and Courier Pick Up and Delivery Services,,,
3624,ECTM.S1AII131,2003.02,57.7,,F,Dollars,6,Electronic Card Transactions (ANZSIC06) - ECT,Private - Values - Electronic card transactions  A/S/T by industry,Actual,Postal and Courier Pick Up and Delivery Services,,,
3625,ECTM.S1AII131,2003.03,61.9,,F,Dollars,6,Electronic Card Transactions (ANZSIC06) - ECT,Private - Values - Electronic card transactions  A/S/T by industry,Actual,Postal and Courier Pick Up and Delivery Services,,,
3626,ECTM.S1AII131,2003.04,55.6,,F,Dollars,6,Electronic Card Transactions (ANZSIC06) - ECT,Private - Values - Electronic card transactions  A/S/T by industry,Actual,Postal and Courier Pick Up and Delivery Services,,,
3627,ECTM.S1AII131,2003.05,67.7,,F,Dollars,6,Electronic Card Transactions (ANZSIC06) - ECT,Private - Values - Electronic card transactions  A/S/T by industry,Actual,Postal and Courier Pick Up and Delivery Services,,,
3628,ECTM.S1AII131,2003.06,61.1,,F,Dollars,6,Electronic Card Transactions (ANZSIC06) - ECT,Private - Values - Electronic card transactions  A/S/T by industry,Actual,Postal and Courier Pick Up and Delivery Services,,,
3629,ECTM.S1AII131,2003.07,70.3,,F,Dollars,6,Electronic Card Transactions (ANZSIC06) - ECT,Private - Values - Electronic card transactions  A/S/T by industry,Actual,Postal and Courier Pick Up and Delivery Services,,,
3630,ECTM.S1AII131,2003.08,68.4,,F,Dollars,6,Electronic Card Transactions (ANZSIC06) - ECT,Private - Values - Electronic card transactions  A/S/T by industry,Actual,Postal and Courier Pick Up and Delivery Services,,,
3631,ECTM.S1AII131,2003.09,71.9,,F,Dollars,6,Electronic Card Transactions (ANZSIC06) - ECT,Private - Values - Electronic card transactions  A/S/T by industry,Actual,Postal and Courier Pick Up and Delivery Services,,,
3632,ECTM.S1AII131,2003.1,70.7,,F,Dollars,6,Electronic Card Transactions (ANZSIC06) - ECT,Private - Values - Electronic card transactions  A/S/T by industry,Actual,Postal and Courier Pick Up and Delivery Services,,,
3633,ECTM.S1AII131,2003.11,67.5,,F,Dollars,6,Electronic Card Transactions (ANZSIC06) - ECT,Private - Values - Electronic card transactions  A/S/T by industry,Actual,Postal and Courier Pick Up and Delivery Services,,,
3634,ECTM.S1AII131,2003.12,77.8,,F,Dollars,6,Electronic Card Transactions (ANZSIC06) - ECT,Private - Values - Electronic card transactions  A/S/T by industry,Actual,Postal and Courier Pick Up and Delivery Services,,,
3635,ECTM.S1AII131,2004.01,63.6,,F,Dollars,6,Electronic Card Transactions (ANZSIC06) - ECT,Private - Values - Electronic card transactions  A/S/T by industry,Actual,Postal and Courier Pick Up and Delivery Services,,,
3636,ECTM.S1AII131,2004.02,65.2,,F,Dollars,6,Electronic Card Transactions (ANZSIC06) - ECT,Private - Values - Electronic card transactions  A/S/T by industry,Actual,Postal and Courier Pick Up and Delivery Services,,,
3637,ECTM.S1AII131,2004.03,76.4,,F,Dollars,6,Electronic Card Transactions (ANZSIC06) - ECT,Private - Values - Electronic card transactions  A/S/T by industry,Actual,Postal and Courier Pick Up and Delivery Services,,,
3638,ECTM.S1AII131,2004.04,70.1,,F,Dollars,6,Electronic Card Transactions (ANZSIC06) - ECT,Private - Values - Electronic card transactions  A/S/T by industry,Actual,Postal and Courier Pick Up and Delivery Services,,,
3639,ECTM.S1AII131,2004.05,76.1,,F,Dollars,6,Electronic Card Transactions (ANZSIC06) - ECT,Private - Values - Electronic card transactions  A/S/T by industry,Actual,Postal and Courier Pick Up and Delivery Services,,,
3640,ECTM.S1AII131,2004.06,75.1,,F,Dollars,6,Electronic Card Transactions (ANZSIC06) - ECT,Private - Values - Electronic card transactions  A/S/T by industry,Actual,Postal and Courier Pick Up and Delivery Services,,,
3641,ECTM.S1AII131,2004.07,79.7,,F,Dollars,6,Electronic Card Transactions (ANZSIC06) - ECT,Private - Values - Electronic card transactions  A/S/T by industry,Actual,Postal and Courier Pick Up and Delivery Services,,,
3642,ECTM.S1AII131,2004.08,84.2,,F,Dollars,6,Electronic Card Transactions (ANZSIC06) - ECT,Private - Values - Electronic card transactions  A/S/T by industry,Actual,Postal and Courier Pick Up and Delivery Services,,,
3643,ECTM.S1AII131,2004.09,82.2,,F,Dollars,6,Electronic Card Transactions (ANZSIC06) - ECT,Private - Values - Electronic card transactions  A/S/T by industry,Actual,Postal and Courier Pick Up and Delivery Services,,,
3644,ECTM.S1AII131,2004.1,75.3,,F,Dollars,6,Electronic Card Transactions (ANZSIC06) - ECT,Private - Values - Electronic card transactions  A/S/T by industry,Actual,Postal and Courier Pick Up and Delivery Services,,,
3645,ECTM.S1AII131,2004.11,83.2,,F,Dollars,6,Electronic Card Transactions (ANZSIC06) - ECT,Private - Values - Electronic card transactions  A/S/T by industry,Actual,Postal and Courier Pick Up and Delivery Services,,,
3646,ECTM.S1AII131,2004.12,87.5,,F,Dollars,6,Electronic Card Transactions (ANZSIC06) - ECT,Private - Values - Electronic card transactions  A/S/T by industry,Actual,Postal and Courier Pick Up and Delivery Services,,,
3647,ECTM.S1AII131,2005.01,69.0,,F,Dollars,6,Electronic Card Transactions (ANZSIC06) - ECT,Private - Values - Electronic card transactions  A/S/T by industry,Actual,Postal and Courier Pick Up and Delivery Services,,,
3648,ECTM.S1AII131,2005.02,77.6,,F,Dollars,6,Electronic Card Transactions (ANZSIC06) - ECT,Private - Values - Electronic card transactions  A/S/T by industry,Actual,Postal and Courier Pick Up and Delivery Services,,,
3649,ECTM.S1AII131,2005.03,86.8,,F,Dollars,6,Electronic Card Transactions (ANZSIC06) - ECT,Private - Values - Electronic card transactions  A/S/T by industry,Actual,Postal and Courier Pick Up and Delivery Services,,,
3650,ECTM.S1AII131,2005.04,78.4,,F,Dollars,6,Electronic Card Transactions (ANZSIC06) - ECT,Private - Values - Electronic card transactions  A/S/T by industry,Actual,Postal and Courier Pick Up and Delivery Services,,,
3651,ECTM.S1AII131,2005.05,84.9,,F,Dollars,6,Electronic Card Transactions (ANZSIC06) - ECT,Private - Values - Electronic card transactions  A/S/T by industry,Actual,Postal and Courier Pick Up and Delivery Services,,,
3652,ECTM.S1AII131,2005.06,83.1,,F,Dollars,6,Electronic Card Transactions (ANZSIC06) - ECT,Private - Values - Electronic card transactions  A/S/T by industry,Actual,Postal and Courier Pick Up and Delivery Services,,,
3653,ECTM.S1AII131,2005.07,86.4,,F,Dollars,6,Electronic Card Transactions (ANZSIC06) - ECT,Private - Values - Electronic card transactions  A/S/T by industry,Actual,Postal and Courier Pick Up and Delivery Services,,,
3654,ECTM.S1AII131,2005.08,99.3,,F,Dollars,6,Electronic Card Transactions (ANZSIC06) - ECT,Private - Values - Electronic card transactions  A/S/T by industry,Actual,Postal and Courier Pick Up and Delivery Services,,,
3655,ECTM.S1AII131,2005.09,93.6,,F,Dollars,6,Electronic Card Transactions (ANZSIC06) - ECT,Private - Values - Electronic card transactions  A/S/T by industry,Actual,Postal and Courier Pick Up and Delivery Services,,,
3656,ECTM.S1AII131,2005.1,85.1,,F,Dollars,6,Electronic Card Transactions (ANZSIC06) - ECT,Private - Values - Electronic card transactions  A/S/T by industry,Actual,Postal and Courier Pick Up and Delivery Services,,,
3657,ECTM.S1AII131,2005.11,95.2,,F,Dollars,6,Electronic Card Transactions (ANZSIC06) - ECT,Private - Values - Electronic card transactions  A/S/T by industry,Actual,Postal and Courier Pick Up and Delivery Services,,,
3658,ECTM.S1AII131,2005.12,96.4,,F,Dollars,6,Electronic Card Transactions (ANZSIC06) - ECT,Private - Values - Electronic card transactions  A/S/T by industry,Actual,Postal and Courier Pick Up and Delivery Services,,,
3659,ECTM.S1AII131,2006.01,80.4,,F,Dollars,6,Electronic Card Transactions (ANZSIC06) - ECT,Private - Values - Electronic card transactions  A/S/T by industry,Actual,Postal and Courier Pick Up and Delivery Services,,,
3660,ECTM.S1AII131,2006.02,83.4,,F,Dollars,6,Electronic Card Transactions (ANZSIC06) - ECT,Private - Values - Electronic card transactions  A/S/T by industry,Actual,Postal and Courier Pick Up and Delivery Services,,,
3661,ECTM.S1AII131,2006.03,98.4,,F,Dollars,6,Electronic Card Transactions (ANZSIC06) - ECT,Private - Values - Electronic card transactions  A/S/T by industry,Actual,Postal and Courier Pick Up and Delivery Services,,,
3662,ECTM.S1AII131,2006.04,81.2,,F,Dollars,6,Electronic Card Transactions (ANZSIC06) - ECT,Private - Values - Electronic card transactions  A/S/T by industry,Actual,Postal and Courier Pick Up and Delivery Services,,,
3663,ECTM.S1AII131,2006.05,100.7,,F,Dollars,6,Electronic Card Transactions (ANZSIC06) - ECT,Private - Values - Electronic card transactions  A/S/T by industry,Actual,Postal and Courier Pick Up and Delivery Services,,,
3664,ECTM.S1AII131,2006.06,93.5,,F,Dollars,6,Electronic Card Transactions (ANZSIC06) - ECT,Private - Values - Electronic card transactions  A/S/T by industry,Actual,Postal and Courier Pick Up and Delivery Services,,,
3665,ECTM.S1AII131,2006.07,97.1,,F,Dollars,6,Electronic Card Transactions (ANZSIC06) - ECT,Private - Values - Electronic card transactions  A/S/T by industry,Actual,Postal and Courier Pick Up and Delivery Services,,,
3666,ECTM.S1AII131,2006.08,110.5,,F,Dollars,6,Electronic Card Transactions (ANZSIC06) - ECT,Private - Values - Electronic card transactions  A/S/T by industry,Actual,Postal and Courier Pick Up and Delivery Services,,,
3667,ECTM.S1AII131,2006.09,100.6,,F,Dollars,6,Electronic Card Transactions (ANZSIC06) - ECT,Private - Values - Electronic card transactions  A/S/T by industry,Actual,Postal and Courier Pick Up and Delivery Services,,,
3668,ECTM.S1AII131,2006.1,99.2,,F,Dollars,6,Electronic Card Transactions (ANZSIC06) - ECT,Private - Values - Electronic card transactions  A/S/T by industry,Actual,Postal and Courier Pick Up and Delivery Services,,,
3669,ECTM.S1AII131,2006.11,106.4,,F,Dollars,6,Electronic Card Transactions (ANZSIC06) - ECT,Private - Values - Electronic card transactions  A/S/T by industry,Actual,Postal and Courier Pick Up and Delivery Services,,,
3670,ECTM.S1AII131,2006.12,103.9,,F,Dollars,6,Electronic Card Transactions (ANZSIC06) - ECT,Private - Values - Electronic card transactions  A/S/T by industry,Actual,Postal and Courier Pick Up and Delivery Services,,,
3671,ECTM.S1AII131,2007.01,94.6,,F,Dollars,6,Electronic Card Transactions (ANZSIC06) - ECT,Private - Values - Electronic card transactions  A/S/T by industry,Actual,Postal and Courier Pick Up and Delivery Services,,,
3672,ECTM.S1AII131,2007.02,93.1,,F,Dollars,6,Electronic Card Transactions (ANZSIC06) - ECT,Private - Values - Electronic card transactions  A/S/T by industry,Actual,Postal and Courier Pick Up and Delivery Services,,,
3673,ECTM.S1AII131,2007.03,105.3,,F,Dollars,6,Electronic Card Transactions (ANZSIC06) - ECT,Private - Values - Electronic card transactions  A/S/T by industry,Actual,Postal and Courier Pick Up and Delivery Services,,,
3674,ECTM.S1AII131,2007.04,89.9,,F,Dollars,6,Electronic Card Transactions (ANZSIC06) - ECT,Private - Values - Electronic card transactions  A/S/T by industry,Actual,Postal and Courier Pick Up and Delivery Services,,,
3675,ECTM.S1AII131,2007.05,110.5,,F,Dollars,6,Electronic Card Transactions (ANZSIC06) - ECT,Private - Values - Electronic card transactions  A/S/T by industry,Actual,Postal and Courier Pick Up and Delivery Services,,,
3676,ECTM.S1AII131,2007.06,99.8,,F,Dollars,6,Electronic Card Transactions (ANZSIC06) - ECT,Private - Values - Electronic card transactions  A/S/T by industry,Actual,Postal and Courier Pick Up and Delivery Services,,,
3677,ECTM.S1AII131,2007.07,107.0,,F,Dollars,6,Electronic Card Transactions (ANZSIC06) - ECT,Private - Values - Electronic card transactions  A/S/T by industry,Actual,Postal and Courier Pick Up and Delivery Services,,,
3678,ECTM.S1AII131,2007.08,120.7,,F,Dollars,6,Electronic Card Transactions (ANZSIC06) - ECT,Private - Values - Electronic card transactions  A/S/T by industry,Actual,Postal and Courier Pick Up and Delivery Services,,,
3679,ECTM.S1AII131,2007.09,103.8,,F,Dollars,6,Electronic Card Transactions (ANZSIC06) - ECT,Private - Values - Electronic card transactions  A/S/T by industry,Actual,Postal and Courier Pick Up and Delivery Services,,,
3680,ECTM.S1AII131,2007.1,111.1,,F,Dollars,6,Electronic Card Transactions (ANZSIC06) - ECT,Private - Values - Electronic card transactions  A/S/T by industry,Actual,Postal and Courier Pick Up and Delivery Services,,,
3681,ECTM.S1AII131,2007.11,113.8,,F,Dollars,6,Electronic Card Transactions (ANZSIC06) - ECT,Private - Values - Electronic card transactions  A/S/T by industry,Actual,Postal and Courier Pick Up and Delivery Services,,,
3682,ECTM.S1AII131,2007.12,109.3,,F,Dollars,6,Electronic Card Transactions (ANZSIC06) - ECT,Private - Values - Electronic card transactions  A/S/T by industry,Actual,Postal and Courier Pick Up and Delivery Services,,,
3683,ECTM.S1AII131,2008.01,100.0,,F,Dollars,6,Electronic Card Transactions (ANZSIC06) - ECT,Private - Values - Electronic card transactions  A/S/T by industry,Actual,Postal and Courier Pick Up and Delivery Services,,,
3684,ECTM.S1AII131,2008.02,103.5,,F,Dollars,6,Electronic Card Transactions (ANZSIC06) - ECT,Private - Values - Electronic card transactions  A/S/T by industry,Actual,Postal and Courier Pick Up and Delivery Services,,,
3685,ECTM.S1AII131,2008.03,100.4,,F,Dollars,6,Electronic Card Transactions (ANZSIC06) - ECT,Private - Values - Electronic card transactions  A/S/T by industry,Actual,Postal and Courier Pick Up and Delivery Services,,,
3686,ECTM.S1AII131,2008.04,103.3,,F,Dollars,6,Electronic Card Transactions (ANZSIC06) - ECT,Private - Values - Electronic card transactions  A/S/T by industry,Actual,Postal and Courier Pick Up and Delivery Services,,,
3687,ECTM.S1AII131,2008.05,113.9,,F,Dollars,6,Electronic Card Transactions (ANZSIC06) - ECT,Private - Values - Electronic card transactions  A/S/T by industry,Actual,Postal and Courier Pick Up and Delivery Services,,,
3688,ECTM.S1AII131,2008.06,103.3,,F,Dollars,6,Electronic Card Transactions (ANZSIC06) - ECT,Private - Values - Electronic card transactions  A/S/T by industry,Actual,Postal and Courier Pick Up and Delivery Services,,,
3689,ECTM.S1AII131,2008.07,117.8,,F,Dollars,6,Electronic Card Transactions (ANZSIC06) - ECT,Private - Values - Electronic card transactions  A/S/T by industry,Actual,Postal and Courier Pick Up and Delivery Services,,,
3690,ECTM.S1AII131,2008.08,121.0,,F,Dollars,6,Electronic Card Transactions (ANZSIC06) - ECT,Private - Values - Electronic card transactions  A/S/T by industry,Actual,Postal and Courier Pick Up and Delivery Services,,,
3691,ECTM.S1AII131,2008.09,121.5,,F,Dollars,6,Electronic Card Transactions (ANZSIC06) - ECT,Private - Values - Electronic card transactions  A/S/T by industry,Actual,Postal and Courier Pick Up and Delivery Services,,,
3692,ECTM.S1AII131,2008.1,118.3,,F,Dollars,6,Electronic Card Transactions (ANZSIC06) - ECT,Private - Values - Electronic card transactions  A/S/T by industry,Actual,Postal and Courier Pick Up and Delivery Services,,,
3693,ECTM.S1AII131,2008.11,111.9,,F,Dollars,6,Electronic Card Transactions (ANZSIC06) - ECT,Private - Values - Electronic card transactions  A/S/T by industry,Actual,Postal and Courier Pick Up and Delivery Services,,,
3694,ECTM.S1AII131,2008.12,122.7,,F,Dollars,6,Electronic Card Transactions (ANZSIC06) - ECT,Private - Values - Electronic card transactions  A/S/T by industry,Actual,Postal and Courier Pick Up and Delivery Services,,,
3695,ECTM.S1AII131,2009.01,102.7,,F,Dollars,6,Electronic Card Transactions (ANZSIC06) - ECT,Private - Values - Electronic card transactions  A/S/T by industry,Actual,Postal and Courier Pick Up and Delivery Services,,,
3696,ECTM.S1AII131,2009.02,104.4,,F,Dollars,6,Electronic Card Transactions (ANZSIC06) - ECT,Private - Values - Electronic card transactions  A/S/T by industry,Actual,Postal and Courier Pick Up and Delivery Services,,,
3697,ECTM.S1AII131,2009.03,115.3,,F,Dollars,6,Electronic Card Transactions (ANZSIC06) - ECT,Private - Values - Electronic card transactions  A/S/T by industry,Actual,Postal and Courier Pick Up and Delivery Services,,,
3698,ECTM.S1AII131,2009.04,107.7,,F,Dollars,6,Electronic Card Transactions (ANZSIC06) - ECT,Private - Values - Electronic card transactions  A/S/T by industry,Actual,Postal and Courier Pick Up and Delivery Services,,,
3699,ECTM.S1AII131,2009.05,117.4,,F,Dollars,6,Electronic Card Transactions (ANZSIC06) - ECT,Private - Values - Electronic card transactions  A/S/T by industry,Actual,Postal and Courier Pick Up and Delivery Services,,,
3700,ECTM.S1AII131,2009.06,114.8,,F,Dollars,6,Electronic Card Transactions (ANZSIC06) - ECT,Private - Values - Electronic card transactions  A/S/T by industry,Actual,Postal and Courier Pick Up and Delivery Services,,,
3701,ECTM.S1AII131,2009.07,129.8,,F,Dollars,6,Electronic Card Transactions (ANZSIC06) - ECT,Private - Values - Electronic card transactions  A/S/T by industry,Actual,Postal and Courier Pick Up and Delivery Services,,,
3702,ECTM.S1AII131,2009.08,133.3,,F,Dollars,6,Electronic Card Transactions (ANZSIC06) - ECT,Private - Values - Electronic card transactions  A/S/T by industry,Actual,Postal and Courier Pick Up and Delivery Services,,,
3703,ECTM.S1AII131,2009.09,127.6,,F,Dollars,6,Electronic Card Transactions (ANZSIC06) - ECT,Private - Values - Electronic card transactions  A/S/T by industry,Actual,Postal and Courier Pick Up and Delivery Services,,,
3704,ECTM.S1AII131,2009.1,121.5,,F,Dollars,6,Electronic Card Transactions (ANZSIC06) - ECT,Private - Values - Electronic card transactions  A/S/T by industry,Actual,Postal and Courier Pick Up and Delivery Services,,,
3705,ECTM.S1AII131,2009.11,123.9,,F,Dollars,6,Electronic Card Transactions (ANZSIC06) - ECT,Private - Values - Electronic card transactions  A/S/T by industry,Actual,Postal and Courier Pick Up and Delivery Services,,,
3706,ECTM.S1AII131,2009.12,130.9,,F,Dollars,6,Electronic Card Transactions (ANZSIC06) - ECT,Private - Values - Electronic card transactions  A/S/T by industry,Actual,Postal and Courier Pick Up and Delivery Services,,,
3707,ECTM.S1AII131,2010.01,107.1,,F,Dollars,6,Electronic Card Transactions (ANZSIC06) - ECT,Private - Values - Electronic card transactions  A/S/T by industry,Actual,Postal and Courier Pick Up and Delivery Services,,,
3708,ECTM.S1AII131,2010.02,112.2,,F,Dollars,6,Electronic Card Transactions (ANZSIC06) - ECT,Private - Values - Electronic card transactions  A/S/T by industry,Actual,Postal and Courier Pick Up and Delivery Services,,,
3709,ECTM.S1AII131,2010.03,127.5,,F,Dollars,6,Electronic Card Transactions (ANZSIC06) - ECT,Private - Values - Electronic card transactions  A/S/T by industry,Actual,Postal and Courier Pick Up and Delivery Services,,,
3710,ECTM.S1AII131,2010.04,112.5,,F,Dollars,6,Electronic Card Transactions (ANZSIC06) - ECT,Private - Values - Electronic card transactions  A/S/T by industry,Actual,Postal and Courier Pick Up and Delivery Services,,,
3711,ECTM.S1AII131,2010.05,119.8,,F,Dollars,6,Electronic Card Transactions (ANZSIC06) - ECT,Private - Values - Electronic card transactions  A/S/T by industry,Actual,Postal and Courier Pick Up and Delivery Services,,,
3712,ECTM.S1AII131,2010.06,118.1,,F,Dollars,6,Electronic Card Transactions (ANZSIC06) - ECT,Private - Values - Electronic card transactions  A/S/T by industry,Actual,Postal and Courier Pick Up and Delivery Services,,,
3713,ECTM.S1AII131,2010.07,127.7,,F,Dollars,6,Electronic Card Transactions (ANZSIC06) - ECT,Private - Values - Electronic card transactions  A/S/T by industry,Actual,Postal and Courier Pick Up and Delivery Services,,,
3714,ECTM.S1AII131,2010.08,140.6,,F,Dollars,6,Electronic Card Transactions (ANZSIC06) - ECT,Private - Values - Electronic card transactions  A/S/T by industry,Actual,Postal and Courier Pick Up and Delivery Services,,,
3715,ECTM.S1AII131,2010.09,132.6,,F,Dollars,6,Electronic Card Transactions (ANZSIC06) - ECT,Private - Values - Electronic card transactions  A/S/T by industry,Actual,Postal and Courier Pick Up and Delivery Services,,,
3716,ECTM.S1AII131,2010.1,121.8,,F,Dollars,6,Electronic Card Transactions (ANZSIC06) - ECT,Private - Values - Electronic card transactions  A/S/T by industry,Actual,Postal and Courier Pick Up and Delivery Services,,,
3717,ECTM.S1AII131,2010.11,134.2,,F,Dollars,6,Electronic Card Transactions (ANZSIC06) - ECT,Private - Values - Electronic card transactions  A/S/T by industry,Actual,Postal and Courier Pick Up and Delivery Services,,,
3718,ECTM.S1AII131,2010.12,134.8,,F,Dollars,6,Electronic Card Transactions (ANZSIC06) - ECT,Private - Values - Electronic card transactions  A/S/T by industry,Actual,Postal and Courier Pick Up and Delivery Services,,,
3719,ECTM.S1AII131,2011.01,107.3,,F,Dollars,6,Electronic Card Transactions (ANZSIC06) - ECT,Private - Values - Electronic card transactions  A/S/T by industry,Actual,Postal and Courier Pick Up and Delivery Services,,,
3720,ECTM.S1AII131,2011.02,118.1,,F,Dollars,6,Electronic Card Transactions (ANZSIC06) - ECT,Private - Values - Electronic card transactions  A/S/T by industry,Actual,Postal and Courier Pick Up and Delivery Services,,,
3721,ECTM.S1AII131,2011.03,131.0,,F,Dollars,6,Electronic Card Transactions (ANZSIC06) - ECT,Private - Values - Electronic card transactions  A/S/T by industry,Actual,Postal and Courier Pick Up and Delivery Services,,,
3722,ECTM.S1AII131,2011.04,115.0,,F,Dollars,6,Electronic Card Transactions (ANZSIC06) - ECT,Private - Values - Electronic card transactions  A/S/T by industry,Actual,Postal and Courier Pick Up and Delivery Services,,,
3723,ECTM.S1AII131,2011.05,134.7,,F,Dollars,6,Electronic Card Transactions (ANZSIC06) - ECT,Private - Values - Electronic card transactions  A/S/T by industry,Actual,Postal and Courier Pick Up and Delivery Services,,,
3724,ECTM.S1AII131,2011.06,124.1,,F,Dollars,6,Electronic Card Transactions (ANZSIC06) - ECT,Private - Values - Electronic card transactions  A/S/T by industry,Actual,Postal and Courier Pick Up and Delivery Services,,,
3725,ECTM.S1AII131,2011.07,121.8,,F,Dollars,6,Electronic Card Transactions (ANZSIC06) - ECT,Private - Values - Electronic card transactions  A/S/T by industry,Actual,Postal and Courier Pick Up and Delivery Services,,,
3726,ECTM.S1AII131,2011.08,147.2,,F,Dollars,6,Electronic Card Transactions (ANZSIC06) - ECT,Private - Values - Electronic card transactions  A/S/T by industry,Actual,Postal and Courier Pick Up and Delivery Services,,,
3727,ECTM.S1AII131,2011.09,129.6,,F,Dollars,6,Electronic Card Transactions (ANZSIC06) - ECT,Private - Values - Electronic card transactions  A/S/T by industry,Actual,Postal and Courier Pick Up and Delivery Services,,,
3728,ECTM.S1AII131,2011.1,119.3,,F,Dollars,6,Electronic Card Transactions (ANZSIC06) - ECT,Private - Values - Electronic card transactions  A/S/T by industry,Actual,Postal and Courier Pick Up and Delivery Services,,,
3729,ECTM.S1AII131,2011.11,134.1,,F,Dollars,6,Electronic Card Transactions (ANZSIC06) - ECT,Private - Values - Electronic card transactions  A/S/T by industry,Actual,Postal and Courier Pick Up and Delivery Services,,,
3730,ECTM.S1AII131,2011.12,128.9,,F,Dollars,6,Electronic Card Transactions (ANZSIC06) - ECT,Private - Values - Electronic card transactions  A/S/T by industry,Actual,Postal and Courier Pick Up and Delivery Services,,,
3731,ECTM.S1AII131,2012.01,108.8,,F,Dollars,6,Electronic Card Transactions (ANZSIC06) - ECT,Private - Values - Electronic card transactions  A/S/T by industry,Actual,Postal and Courier Pick Up and Delivery Services,,,
3732,ECTM.S1AII131,2012.02,126.7,,F,Dollars,6,Electronic Card Transactions (ANZSIC06) - ECT,Private - Values - Electronic card transactions  A/S/T by industry,Actual,Postal and Courier Pick Up and Delivery Services,,,
3733,ECTM.S1AII131,2012.03,124.2,,F,Dollars,6,Electronic Card Transactions (ANZSIC06) - ECT,Private - Values - Electronic card transactions  A/S/T by industry,Actual,Postal and Courier Pick Up and Delivery Services,,,
3734,ECTM.S1AII131,2012.04,107.9,,F,Dollars,6,Electronic Card Transactions (ANZSIC06) - ECT,Private - Values - Electronic card transactions  A/S/T by industry,Actual,Postal and Courier Pick Up and Delivery Services,,,
3735,ECTM.S1AII131,2012.05,138.6,,F,Dollars,6,Electronic Card Transactions (ANZSIC06) - ECT,Private - Values - Electronic card transactions  A/S/T by industry,Actual,Postal and Courier Pick Up and Delivery Services,,,
3736,ECTM.S1AII131,2012.06,120.8,,F,Dollars,6,Electronic Card Transactions (ANZSIC06) - ECT,Private - Values - Electronic card transactions  A/S/T by industry,Actual,Postal and Courier Pick Up and Delivery Services,,,
3737,ECTM.S1AII131,2012.07,127.2,,F,Dollars,6,Electronic Card Transactions (ANZSIC06) - ECT,Private - Values - Electronic card transactions  A/S/T by industry,Actual,Postal and Courier Pick Up and Delivery Services,,,
3738,ECTM.S1AII131,2012.08,148.6,,F,Dollars,6,Electronic Card Transactions (ANZSIC06) - ECT,Private - Values - Electronic card transactions  A/S/T by industry,Actual,Postal and Courier Pick Up and Delivery Services,,,
3739,ECTM.S1AII131,2012.09,117.7,,F,Dollars,6,Electronic Card Transactions (ANZSIC06) - ECT,Private - Values - Electronic card transactions  A/S/T by industry,Actual,Postal and Courier Pick Up and Delivery Services,,,
3740,ECTM.S1AII131,2012.1,122.7,,F,Dollars,6,Electronic Card Transactions (ANZSIC06) - ECT,Private - Values - Electronic card transactions  A/S/T by industry,Actual,Postal and Courier Pick Up and Delivery Services,,,
3741,ECTM.S1AII131,2012.11,135.2,,F,Dollars,6,Electronic Card Transactions (ANZSIC06) - ECT,Private - Values - Electronic card transactions  A/S/T by industry,Actual,Postal and Courier Pick Up and Delivery Services,,,
3742,ECTM.S1AII131,2012.12,125.6,,F,Dollars,6,Electronic Card Transactions (ANZSIC06) - ECT,Private - Values - Electronic card transactions  A/S/T by industry,Actual,Postal and Courier Pick Up and Delivery Services,,,
3743,ECTM.S1AII131,2013.01,110.8,,F,Dollars,6,Electronic Card Transactions (ANZSIC06) - ECT,Private - Values - Electronic card transactions  A/S/T by industry,Actual,Postal and Courier Pick Up and Delivery Services,,,
3744,ECTM.S1AII131,2013.02,119.2,,F,Dollars,6,Electronic Card Transactions (ANZSIC06) - ECT,Private - Values - Electronic card transactions  A/S/T by industry,Actual,Postal and Courier Pick Up and Delivery Services,,,
3745,ECTM.S1AII131,2013.03,116.2,,F,Dollars,6,Electronic Card Transactions (ANZSIC06) - ECT,Private - Values - Electronic card transactions  A/S/T by industry,Actual,Postal and Courier Pick Up and Delivery Services,,,
3746,ECTM.S1AII131,2013.04,113.2,,F,Dollars,6,Electronic Card Transactions (ANZSIC06) - ECT,Private - Values - Electronic card transactions  A/S/T by industry,Actual,Postal and Courier Pick Up and Delivery Services,,,
3747,ECTM.S1AII131,2013.05,133.1,,F,Dollars,6,Electronic Card Transactions (ANZSIC06) - ECT,Private - Values - Electronic card transactions  A/S/T by industry,Actual,Postal and Courier Pick Up and Delivery Services,,,
3748,ECTM.S1AII131,2013.06,111.0,,F,Dollars,6,Electronic Card Transactions (ANZSIC06) - ECT,Private - Values - Electronic card transactions  A/S/T by industry,Actual,Postal and Courier Pick Up and Delivery Services,,,
3749,ECTM.S1AII131,2013.07,126.9,,F,Dollars,6,Electronic Card Transactions (ANZSIC06) - ECT,Private - Values - Electronic card transactions  A/S/T by industry,Actual,Postal and Courier Pick Up and Delivery Services,,,
3750,ECTM.S1AII131,2013.08,141.6,,F,Dollars,6,Electronic Card Transactions (ANZSIC06) - ECT,Private - Values - Electronic card transactions  A/S/T by industry,Actual,Postal and Courier Pick Up and Delivery Services,,,
3751,ECTM.S1AII131,2013.09,117.0,,F,Dollars,6,Electronic Card Transactions (ANZSIC06) - ECT,Private - Values - Electronic card transactions  A/S/T by industry,Actual,Postal and Courier Pick Up and Delivery Services,,,
3752,ECTM.S1AII131,2013.1,120.8,,F,Dollars,6,Electronic Card Transactions (ANZSIC06) - ECT,Private - Values - Electronic card transactions  A/S/T by industry,Actual,Postal and Courier Pick Up and Delivery Services,,,
3753,ECTM.S1AII131,2013.11,129.3,,F,Dollars,6,Electronic Card Transactions (ANZSIC06) - ECT,Private - Values - Electronic card transactions  A/S/T by industry,Actual,Postal and Courier Pick Up and Delivery Services,,,
3754,ECTM.S1AII131,2013.12,128.0,,F,Dollars,6,Electronic Card Transactions (ANZSIC06) - ECT,Private - Values - Electronic card transactions  A/S/T by industry,Actual,Postal and Courier Pick Up and Delivery Services,,,
3755,ECTM.S1AII131,2014.01,109.7,,F,Dollars,6,Electronic Card Transactions (ANZSIC06) - ECT,Private - Values - Electronic card transactions  A/S/T by industry,Actual,Postal and Courier Pick Up and Delivery Services,,,
3756,ECTM.S1AII131,2014.02,116.7,,F,Dollars,6,Electronic Card Transactions (ANZSIC06) - ECT,Private - Values - Electronic card transactions  A/S/T by industry,Actual,Postal and Courier Pick Up and Delivery Services,,,
3757,ECTM.S1AII131,2014.03,116.8,,F,Dollars,6,Electronic Card Transactions (ANZSIC06) - ECT,Private - Values - Electronic card transactions  A/S/T by industry,Actual,Postal and Courier Pick Up and Delivery Services,,,
3758,ECTM.S1AII131,2014.04,106.7,,F,Dollars,6,Electronic Card Transactions (ANZSIC06) - ECT,Private - Values - Electronic card transactions  A/S/T by industry,Actual,Postal and Courier Pick Up and Delivery Services,,,
3759,ECTM.S1AII131,2014.05,131.7,,F,Dollars,6,Electronic Card Transactions (ANZSIC06) - ECT,Private - Values - Electronic card transactions  A/S/T by industry,Actual,Postal and Courier Pick Up and Delivery Services,,,
3760,ECTM.S1AII131,2014.06,112.5,,F,Dollars,6,Electronic Card Transactions (ANZSIC06) - ECT,Private - Values - Electronic card transactions  A/S/T by industry,Actual,Postal and Courier Pick Up and Delivery Services,,,
3761,ECTM.S1AII131,2014.07,121.0,,F,Dollars,6,Electronic Card Transactions (ANZSIC06) - ECT,Private - Values - Electronic card transactions  A/S/T by industry,Actual,Postal and Courier Pick Up and Delivery Services,,,
3762,ECTM.S1AII131,2014.08,129.7,,F,Dollars,6,Electronic Card Transactions (ANZSIC06) - ECT,Private - Values - Electronic card transactions  A/S/T by industry,Actual,Postal and Courier Pick Up and Delivery Services,,,
3763,ECTM.S1AII131,2014.09,115.7,,F,Dollars,6,Electronic Card Transactions (ANZSIC06) - ECT,Private - Values - Electronic card transactions  A/S/T by industry,Actual,Postal and Courier Pick Up and Delivery Services,,,
3764,ECTM.S1AII131,2014.1,117.0,,F,Dollars,6,Electronic Card Transactions (ANZSIC06) - ECT,Private - Values - Electronic card transactions  A/S/T by industry,Actual,Postal and Courier Pick Up and Delivery Services,,,
3765,ECTM.S1AII131,2014.11,117.4,,F,Dollars,6,Electronic Card Transactions (ANZSIC06) - ECT,Private - Values - Electronic card transactions  A/S/T by industry,Actual,Postal and Courier Pick Up and Delivery Services,,,
3766,ECTM.S1AII131,2014.12,126.3,,F,Dollars,6,Electronic Card Transactions (ANZSIC06) - ECT,Private - Values - Electronic card transactions  A/S/T by industry,Actual,Postal and Courier Pick Up and Delivery Services,,,
3767,ECTM.S1AII131,2015.01,99.9,,F,Dollars,6,Electronic Card Transactions (ANZSIC06) - ECT,Private - Values - Electronic card transactions  A/S/T by industry,Actual,Postal and Courier Pick Up and Delivery Services,,,
3768,ECTM.S1AII131,2015.02,107.4,,F,Dollars,6,Electronic Card Transactions (ANZSIC06) - ECT,Private - Values - Electronic card transactions  A/S/T by industry,Actual,Postal and Courier Pick Up and Delivery Services,,,
3769,ECTM.S1AII131,2015.03,105.8,,F,Dollars,6,Electronic Card Transactions (ANZSIC06) - ECT,Private - Values - Electronic card transactions  A/S/T by industry,Actual,Postal and Courier Pick Up and Delivery Services,,,
3770,ECTM.S1AII131,2015.04,94.2,,F,Dollars,6,Electronic Card Transactions (ANZSIC06) - ECT,Private - Values - Electronic card transactions  A/S/T by industry,Actual,Postal and Courier Pick Up and Delivery Services,,,
3771,ECTM.S1AII131,2015.05,113.2,,F,Dollars,6,Electronic Card Transactions (ANZSIC06) - ECT,Private - Values - Electronic card transactions  A/S/T by industry,Actual,Postal and Courier Pick Up and Delivery Services,,,
3772,ECTM.S1AII131,2015.06,110.9,,F,Dollars,6,Electronic Card Transactions (ANZSIC06) - ECT,Private - Values - Electronic card transactions  A/S/T by industry,Actual,Postal and Courier Pick Up and Delivery Services,,,
3773,ECTM.S1AII131,2015.07,147.6,,F,Dollars,6,Electronic Card Transactions (ANZSIC06) - ECT,Private - Values - Electronic card transactions  A/S/T by industry,Actual,Postal and Courier Pick Up and Delivery Services,,,
3774,ECTM.S1AII131,2015.08,134.7,,F,Dollars,6,Electronic Card Transactions (ANZSIC06) - ECT,Private - Values - Electronic card transactions  A/S/T by industry,Actual,Postal and Courier Pick Up and Delivery Services,,,
3775,ECTM.S1AII131,2015.09,108.0,,F,Dollars,6,Electronic Card Transactions (ANZSIC06) - ECT,Private - Values - Electronic card transactions  A/S/T by industry,Actual,Postal and Courier Pick Up and Delivery Services,,,
3776,ECTM.S1AII131,2015.1,108.1,,F,Dollars,6,Electronic Card Transactions (ANZSIC06) - ECT,Private - Values - Electronic card transactions  A/S/T by industry,Actual,Postal and Courier Pick Up and Delivery Services,,,
3777,ECTM.S1AII131,2015.11,110.4,,F,Dollars,6,Electronic Card Transactions (ANZSIC06) - ECT,Private - Values - Electronic card transactions  A/S/T by industry,Actual,Postal and Courier Pick Up and Delivery Services,,,
3778,ECTM.S1AII131,2015.12,117.5,,F,Dollars,6,Electronic Card Transactions (ANZSIC06) - ECT,Private - Values - Electronic card transactions  A/S/T by industry,Actual,Postal and Courier Pick Up and Delivery Services,,,
3779,ECTM.S1AII131,2016.01,95.9,,F,Dollars,6,Electronic Card Transactions (ANZSIC06) - ECT,Private - Values - Electronic card transactions  A/S/T by industry,Actual,Postal and Courier Pick Up and Delivery Services,,,
3780,ECTM.S1AII131,2016.02,103.3,,F,Dollars,6,Electronic Card Transactions (ANZSIC06) - ECT,Private - Values - Electronic card transactions  A/S/T by industry,Actual,Postal and Courier Pick Up and Delivery Services,,,
3781,ECTM.S1AII131,2016.03,97.0,,F,Dollars,6,Electronic Card Transactions (ANZSIC06) - ECT,Private - Values - Electronic card transactions  A/S/T by industry,Actual,Postal and Courier Pick Up and Delivery Services,,,
3782,ECTM.S1AII131,2016.04,93.5,,F,Dollars,6,Electronic Card Transactions (ANZSIC06) - ECT,Private - Values - Electronic card transactions  A/S/T by industry,Actual,Postal and Courier Pick Up and Delivery Services,,,
3783,ECTM.S1AII131,2016.05,105.5,,F,Dollars,6,Electronic Card Transactions (ANZSIC06) - ECT,Private - Values - Electronic card transactions  A/S/T by industry,Actual,Postal and Courier Pick Up and Delivery Services,,,
3784,ECTM.S1AII131,2016.06,99.4,,F,Dollars,6,Electronic Card Transactions (ANZSIC06) - ECT,Private - Values - Electronic card transactions  A/S/T by industry,Actual,Postal and Courier Pick Up and Delivery Services,,,
3785,ECTM.S1AII131,2016.07,113.9,,F,Dollars,6,Electronic Card Transactions (ANZSIC06) - ECT,Private - Values - Electronic card transactions  A/S/T by industry,Actual,Postal and Courier Pick Up and Delivery Services,,,
3786,ECTM.S1AII131,2016.08,124.6,,F,Dollars,6,Electronic Card Transactions (ANZSIC06) - ECT,Private - Values - Electronic card transactions  A/S/T by industry,Actual,Postal and Courier Pick Up and Delivery Services,,,
3787,ECTM.S1AII131,2016.09,98.4,,F,Dollars,6,Electronic Card Transactions (ANZSIC06) - ECT,Private - Values - Electronic card transactions  A/S/T by industry,Actual,Postal and Courier Pick Up and Delivery Services,,,
3788,ECTM.S1AII131,2016.1,94.3,,F,Dollars,6,Electronic Card Transactions (ANZSIC06) - ECT,Private - Values - Electronic card transactions  A/S/T by industry,Actual,Postal and Courier Pick Up and Delivery Services,,,
3789,ECTM.S1AII131,2016.11,106.7,,F,Dollars,6,Electronic Card Transactions (ANZSIC06) - ECT,Private - Values - Electronic card transactions  A/S/T by industry,Actual,Postal and Courier Pick Up and Delivery Services,,,
3790,ECTM.S1AII131,2016.12,107.4,,F,Dollars,6,Electronic Card Transactions (ANZSIC06) - ECT,Private - Values - Electronic card transactions  A/S/T by industry,Actual,Postal and Courier Pick Up and Delivery Services,,,
3791,ECTM.S1AII131,2017.01,87.0,,F,Dollars,6,Electronic Card Transactions (ANZSIC06) - ECT,Private - Values - Electronic card transactions  A/S/T by industry,Actual,Postal and Courier Pick Up and Delivery Services,,,
3792,ECTM.S1AII131,2017.02,95.1,,F,Dollars,6,Electronic Card Transactions (ANZSIC06) - ECT,Private - Values - Electronic card transactions  A/S/T by industry,Actual,Postal and Courier Pick Up and Delivery Services,,,
3793,ECTM.S1AII131,2017.03,92.8,,F,Dollars,6,Electronic Card Transactions (ANZSIC06) - ECT,Private - Values - Electronic card transactions  A/S/T by industry,Actual,Postal and Courier Pick Up and Delivery Services,,,
3794,ECTM.S1AII131,2017.04,78.4,,F,Dollars,6,Electronic Card Transactions (ANZSIC06) - ECT,Private - Values - Electronic card transactions  A/S/T by industry,Actual,Postal and Courier Pick Up and Delivery Services,,,
3795,ECTM.S1AII131,2017.05,105.3,,F,Dollars,6,Electronic Card Transactions (ANZSIC06) - ECT,Private - Values - Electronic card transactions  A/S/T by industry,Actual,Postal and Courier Pick Up and Delivery Services,,,
3796,ECTM.S1AII131,2017.06,92.9,,F,Dollars,6,Electronic Card Transactions (ANZSIC06) - ECT,Private - Values - Electronic card transactions  A/S/T by industry,Actual,Postal and Courier Pick Up and Delivery Services,,,
3797,ECTM.S1AII131,2017.07,101.1,,F,Dollars,6,Electronic Card Transactions (ANZSIC06) - ECT,Private - Values - Electronic card transactions  A/S/T by industry,Actual,Postal and Courier Pick Up and Delivery Services,,,
3798,ECTM.S1AII131,2017.08,119.3,,F,Dollars,6,Electronic Card Transactions (ANZSIC06) - ECT,Private - Values - Electronic card transactions  A/S/T by industry,Actual,Postal and Courier Pick Up and Delivery Services,,,
3799,ECTM.S1AII131,2017.09,91.6,,F,Dollars,6,Electronic Card Transactions (ANZSIC06) - ECT,Private - Values - Electronic card transactions  A/S/T by industry,Actual,Postal and Courier Pick Up and Delivery Services,,,
3800,ECTM.S1AII131,2017.1,91.1,,F,Dollars,6,Electronic Card Transactions (ANZSIC06) - ECT,Private - Values - Electronic card transactions  A/S/T by industry,Actual,Postal and Courier Pick Up and Delivery Services,,,
3801,ECTM.S1AII131,2017.11,104.0,,F,Dollars,6,Electronic Card Transactions (ANZSIC06) - ECT,Private - Values - Electronic card transactions  A/S/T by industry,Actual,Postal and Courier Pick Up and Delivery Services,,,
3802,ECTM.S1AII131,2017.12,100.9,,F,Dollars,6,Electronic Card Transactions (ANZSIC06) - ECT,Private - Values - Electronic card transactions  A/S/T by industry,Actual,Postal and Courier Pick Up and Delivery Services,,,
3803,ECTM.S1AII131,2018.01,82.5,,F,Dollars,6,Electronic Card Transactions (ANZSIC06) - ECT,Private - Values - Electronic card transactions  A/S/T by industry,Actual,Postal and Courier Pick Up and Delivery Services,,,
3804,ECTM.S1AII131,2018.02,89.7,,F,Dollars,6,Electronic Card Transactions (ANZSIC06) - ECT,Private - Values - Electronic card transactions  A/S/T by industry,Actual,Postal and Courier Pick Up and Delivery Services,,,
3805,ECTM.S1AII131,2018.03,85.8,,F,Dollars,6,Electronic Card Transactions (ANZSIC06) - ECT,Private - Values - Electronic card transactions  A/S/T by industry,Actual,Postal and Courier Pick Up and Delivery Services,,,
3806,ECTM.S1AII131,2018.04,77.8,,F,Dollars,6,Electronic Card Transactions (ANZSIC06) - ECT,Private - Values - Electronic card transactions  A/S/T by industry,Actual,Postal and Courier Pick Up and Delivery Services,,,
3807,ECTM.S1AII131,2018.05,99.6,,F,Dollars,6,Electronic Card Transactions (ANZSIC06) - ECT,Private - Values - Electronic card transactions  A/S/T by industry,Actual,Postal and Courier Pick Up and Delivery Services,,,
3808,ECTM.S1AII131,2018.06,84.5,,F,Dollars,6,Electronic Card Transactions (ANZSIC06) - ECT,Private - Values - Electronic card transactions  A/S/T by industry,Actual,Postal and Courier Pick Up and Delivery Services,,,
3809,ECTM.S1AII131,2018.07,94.0,,F,Dollars,6,Electronic Card Transactions (ANZSIC06) - ECT,Private - Values - Electronic card transactions  A/S/T by industry,Actual,Postal and Courier Pick Up and Delivery Services,,,
3810,ECTM.S1AII131,2018.08,113.2,,F,Dollars,6,Electronic Card Transactions (ANZSIC06) - ECT,Private - Values - Electronic card transactions  A/S/T by industry,Actual,Postal and Courier Pick Up and Delivery Services,,,
3811,ECTM.S1AII131,2018.09,83.8,,F,Dollars,6,Electronic Card Transactions (ANZSIC06) - ECT,Private - Values - Electronic card transactions  A/S/T by industry,Actual,Postal and Courier Pick Up and Delivery Services,,,
3812,ECTM.S1AII131,2018.1,87.2,,F,Dollars,6,Electronic Card Transactions (ANZSIC06) - ECT,Private - Values - Electronic card transactions  A/S/T by industry,Actual,Postal and Courier Pick Up and Delivery Services,,,
3813,ECTM.S1AII131,2018.11,97.3,,F,Dollars,6,Electronic Card Transactions (ANZSIC06) - ECT,Private - Values - Electronic card transactions  A/S/T by industry,Actual,Postal and Courier Pick Up and Delivery Services,,,
3814,ECTM.S1AII131,2018.12,93.3,,F,Dollars,6,Electronic Card Transactions (ANZSIC06) - ECT,Private - Values - Electronic card transactions  A/S/T by industry,Actual,Postal and Courier Pick Up and Delivery Services,,,
3815,ECTM.S1AII131,2019.01,75.3,,F,Dollars,6,Electronic Card Transactions (ANZSIC06) - ECT,Private - Values - Electronic card transactions  A/S/T by industry,Actual,Postal and Courier Pick Up and Delivery Services,,,
3816,ECTM.S1AII131,2019.02,82.2,,F,Dollars,6,Electronic Card Transactions (ANZSIC06) - ECT,Private - Values - Electronic card transactions  A/S/T by industry,Actual,Postal and Courier Pick Up and Delivery Services,,,
3817,ECTM.S1AII131,2019.03,76.6,,F,Dollars,6,Electronic Card Transactions (ANZSIC06) - ECT,Private - Values - Electronic card transactions  A/S/T by industry,Actual,Postal and Courier Pick Up and Delivery Services,,,
3818,ECTM.S1AII131,2019.04,72.2,,F,Dollars,6,Electronic Card Transactions (ANZSIC06) - ECT,Private - Values - Electronic card transactions  A/S/T by industry,Actual,Postal and Courier Pick Up and Delivery Services,,,
3819,ECTM.S1AII131,2019.05,92.8,,F,Dollars,6,Electronic Card Transactions (ANZSIC06) - ECT,Private - Values - Electronic card transactions  A/S/T by industry,Actual,Postal and Courier Pick Up and Delivery Services,,,
3820,ECTM.S1AII131,2019.06,74.6,,F,Dollars,6,Electronic Card Transactions (ANZSIC06) - ECT,Private - Values - Electronic card transactions  A/S/T by industry,Actual,Postal and Courier Pick Up and Delivery Services,,,
3821,ECTM.S1AII131,2019.07,86.6,,F,Dollars,6,Electronic Card Transactions (ANZSIC06) - ECT,Private - Values - Electronic card transactions  A/S/T by industry,Actual,Postal and Courier Pick Up and Delivery Services,,,
3822,ECTM.S1AII131,2019.08,98.5,,F,Dollars,6,Electronic Card Transactions (ANZSIC06) - ECT,Private - Values - Electronic card transactions  A/S/T by industry,Actual,Postal and Courier Pick Up and Delivery Services,,,
3823,ECTM.S1AII131,2019.09,75.4,,F,Dollars,6,Electronic Card Transactions (ANZSIC06) - ECT,Private - Values - Electronic card transactions  A/S/T by industry,Actual,Postal and Courier Pick Up and Delivery Services,,,
3824,ECTM.S1AII131,2019.1,76.5,,F,Dollars,6,Electronic Card Transactions (ANZSIC06) - ECT,Private - Values - Electronic card transactions  A/S/T by industry,Actual,Postal and Courier Pick Up and Delivery Services,,,
3825,ECTM.S1AII131,2019.11,80.9,,F,Dollars,6,Electronic Card Transactions (ANZSIC06) - ECT,Private - Values - Electronic card transactions  A/S/T by industry,Actual,Postal and Courier Pick Up and Delivery Services,,,
3826,ECTM.S1AII131,2019.12,73.9,,F,Dollars,6,Electronic Card Transactions (ANZSIC06) - ECT,Private - Values - Electronic card transactions  A/S/T by industry,Actual,Postal and Courier Pick Up and Delivery Services,,,
3827,ECTM.S1AII131,2020.01,61.6,,F,Dollars,6,Electronic Card Transactions (ANZSIC06) - ECT,Private - Values - Electronic card transactions  A/S/T by industry,Actual,Postal and Courier Pick Up and Delivery Services,,,
3828,ECTM.S1AII131,2020.02,70.1,,F,Dollars,6,Electronic Card Transactions (ANZSIC06) - ECT,Private - Values - Electronic card transactions  A/S/T by industry,Actual,Postal and Courier Pick Up and Delivery Services,,,
3829,ECTM.S1AII131,2020.03,55.5,,F,Dollars,6,Electronic Card Transactions (ANZSIC06) - ECT,Private - Values - Electronic card transactions  A/S/T by industry,Actual,Postal and Courier Pick Up and Delivery Services,,,
3830,ECTM.S1AII131,2020.04,3.2,,F,Dollars,6,Electronic Card Transactions (ANZSIC06) - ECT,Private - Values - Electronic card transactions  A/S/T by industry,Actual,Postal and Courier Pick Up and Delivery Services,,,
3831,ECTM.S1AII131,2020.05,52.9,,F,Dollars,6,Electronic Card Transactions (ANZSIC06) - ECT,Private - Values - Electronic card transactions  A/S/T by industry,Actual,Postal and Courier Pick Up and Delivery Services,,,
3832,ECTM.S1AII131,2020.06,61.9,,F,Dollars,6,Electronic Card Transactions (ANZSIC06) - ECT,Private - Values - Electronic card transactions  A/S/T by industry,Actual,Postal and Courier Pick Up and Delivery Services,,,
3833,ECTM.S1AII131,2020.07,61.9,,F,Dollars,6,Electronic Card Transactions (ANZSIC06) - ECT,Private - Values - Electronic card transactions  A/S/T by industry,Actual,Postal and Courier Pick Up and Delivery Services,,,
3834,ECTM.S1SII131,2007.03,105.3,,R,Dollars,6,Electronic Card Transactions (ANZSIC06) - ECT,Private - Values - Electronic card transactions  A/S/T by industry,Seasonally adjusted,Postal and Courier Pick Up and Delivery Services,,,
3835,ECTM.S1SII131,2007.04,89.9,,R,Dollars,6,Electronic Card Transactions (ANZSIC06) - ECT,Private - Values - Electronic card transactions  A/S/T by industry,Seasonally adjusted,Postal and Courier Pick Up and Delivery Services,,,
3836,ECTM.S1SII131,2007.05,110.5,,R,Dollars,6,Electronic Card Transactions (ANZSIC06) - ECT,Private - Values - Electronic card transactions  A/S/T by industry,Seasonally adjusted,Postal and Courier Pick Up and Delivery Services,,,
3837,ECTM.S1SII131,2007.06,99.8,,R,Dollars,6,Electronic Card Transactions (ANZSIC06) - ECT,Private - Values - Electronic card transactions  A/S/T by industry,Seasonally adjusted,Postal and Courier Pick Up and Delivery Services,,,
3838,ECTM.S1SII131,2007.07,107.0,,R,Dollars,6,Electronic Card Transactions (ANZSIC06) - ECT,Private - Values - Electronic card transactions  A/S/T by industry,Seasonally adjusted,Postal and Courier Pick Up and Delivery Services,,,
3839,ECTM.S1SII131,2007.08,120.7,,R,Dollars,6,Electronic Card Transactions (ANZSIC06) - ECT,Private - Values - Electronic card transactions  A/S/T by industry,Seasonally adjusted,Postal and Courier Pick Up and Delivery Services,,,
3840,ECTM.S1SII131,2007.09,103.8,,R,Dollars,6,Electronic Card Transactions (ANZSIC06) - ECT,Private - Values - Electronic card transactions  A/S/T by industry,Seasonally adjusted,Postal and Courier Pick Up and Delivery Services,,,
3841,ECTM.S1SII131,2007.1,111.1,,R,Dollars,6,Electronic Card Transactions (ANZSIC06) - ECT,Private - Values - Electronic card transactions  A/S/T by industry,Seasonally adjusted,Postal and Courier Pick Up and Delivery Services,,,
3842,ECTM.S1SII131,2007.11,113.8,,R,Dollars,6,Electronic Card Transactions (ANZSIC06) - ECT,Private - Values - Electronic card transactions  A/S/T by industry,Seasonally adjusted,Postal and Courier Pick Up and Delivery Services,,,
3843,ECTM.S1SII131,2007.12,109.3,,R,Dollars,6,Electronic Card Transactions (ANZSIC06) - ECT,Private - Values - Electronic card transactions  A/S/T by industry,Seasonally adjusted,Postal and Courier Pick Up and Delivery Services,,,
3844,ECTM.S1SII131,2008.01,100.0,,R,Dollars,6,Electronic Card Transactions (ANZSIC06) - ECT,Private - Values - Electronic card transactions  A/S/T by industry,Seasonally adjusted,Postal and Courier Pick Up and Delivery Services,,,
3845,ECTM.S1SII131,2008.02,103.5,,R,Dollars,6,Electronic Card Transactions (ANZSIC06) - ECT,Private - Values - Electronic card transactions  A/S/T by industry,Seasonally adjusted,Postal and Courier Pick Up and Delivery Services,,,
3846,ECTM.S1SII131,2008.03,100.4,,R,Dollars,6,Electronic Card Transactions (ANZSIC06) - ECT,Private - Values - Electronic card transactions  A/S/T by industry,Seasonally adjusted,Postal and Courier Pick Up and Delivery Services,,,
3847,ECTM.S1SII131,2008.04,103.3,,R,Dollars,6,Electronic Card Transactions (ANZSIC06) - ECT,Private - Values - Electronic card transactions  A/S/T by industry,Seasonally adjusted,Postal and Courier Pick Up and Delivery Services,,,
3848,ECTM.S1SII131,2008.05,113.9,,R,Dollars,6,Electronic Card Transactions (ANZSIC06) - ECT,Private - Values - Electronic card transactions  A/S/T by industry,Seasonally adjusted,Postal and Courier Pick Up and Delivery Services,,,
3849,ECTM.S1SII131,2008.06,103.3,,R,Dollars,6,Electronic Card Transactions (ANZSIC06) - ECT,Private - Values - Electronic card transactions  A/S/T by industry,Seasonally adjusted,Postal and Courier Pick Up and Delivery Services,,,
3850,ECTM.S1SII131,2008.07,117.8,,R,Dollars,6,Electronic Card Transactions (ANZSIC06) - ECT,Private - Values - Electronic card transactions  A/S/T by industry,Seasonally adjusted,Postal and Courier Pick Up and Delivery Services,,,
3851,ECTM.S1SII131,2008.08,121.0,,R,Dollars,6,Electronic Card Transactions (ANZSIC06) - ECT,Private - Values - Electronic card transactions  A/S/T by industry,Seasonally adjusted,Postal and Courier Pick Up and Delivery Services,,,
3852,ECTM.S1SII131,2008.09,121.5,,R,Dollars,6,Electronic Card Transactions (ANZSIC06) - ECT,Private - Values - Electronic card transactions  A/S/T by industry,Seasonally adjusted,Postal and Courier Pick Up and Delivery Services,,,
3853,ECTM.S1SII131,2008.1,118.3,,R,Dollars,6,Electronic Card Transactions (ANZSIC06) - ECT,Private - Values - Electronic card transactions  A/S/T by industry,Seasonally adjusted,Postal and Courier Pick Up and Delivery Services,,,
3854,ECTM.S1SII131,2008.11,111.9,,R,Dollars,6,Electronic Card Transactions (ANZSIC06) - ECT,Private - Values - Electronic card transactions  A/S/T by industry,Seasonally adjusted,Postal and Courier Pick Up and Delivery Services,,,
3855,ECTM.S1SII131,2008.12,122.7,,R,Dollars,6,Electronic Card Transactions (ANZSIC06) - ECT,Private - Values - Electronic card transactions  A/S/T by industry,Seasonally adjusted,Postal and Courier Pick Up and Delivery Services,,,
3856,ECTM.S1SII131,2009.01,102.7,,R,Dollars,6,Electronic Card Transactions (ANZSIC06) - ECT,Private - Values - Electronic card transactions  A/S/T by industry,Seasonally adjusted,Postal and Courier Pick Up and Delivery Services,,,
3857,ECTM.S1SII131,2009.02,104.4,,R,Dollars,6,Electronic Card Transactions (ANZSIC06) - ECT,Private - Values - Electronic card transactions  A/S/T by industry,Seasonally adjusted,Postal and Courier Pick Up and Delivery Services,,,
3858,ECTM.S1SII131,2009.03,115.3,,R,Dollars,6,Electronic Card Transactions (ANZSIC06) - ECT,Private - Values - Electronic card transactions  A/S/T by industry,Seasonally adjusted,Postal and Courier Pick Up and Delivery Services,,,
3859,ECTM.S1SII131,2009.04,107.7,,R,Dollars,6,Electronic Card Transactions (ANZSIC06) - ECT,Private - Values - Electronic card transactions  A/S/T by industry,Seasonally adjusted,Postal and Courier Pick Up and Delivery Services,,,
3860,ECTM.S1SII131,2009.05,117.4,,R,Dollars,6,Electronic Card Transactions (ANZSIC06) - ECT,Private - Values - Electronic card transactions  A/S/T by industry,Seasonally adjusted,Postal and Courier Pick Up and Delivery Services,,,
3861,ECTM.S1SII131,2009.06,114.8,,R,Dollars,6,Electronic Card Transactions (ANZSIC06) - ECT,Private - Values - Electronic card transactions  A/S/T by industry,Seasonally adjusted,Postal and Courier Pick Up and Delivery Services,,,
3862,ECTM.S1SII131,2009.07,129.8,,R,Dollars,6,Electronic Card Transactions (ANZSIC06) - ECT,Private - Values - Electronic card transactions  A/S/T by industry,Seasonally adjusted,Postal and Courier Pick Up and Delivery Services,,,
3863,ECTM.S1SII131,2009.08,133.3,,R,Dollars,6,Electronic Card Transactions (ANZSIC06) - ECT,Private - Values - Electronic card transactions  A/S/T by industry,Seasonally adjusted,Postal and Courier Pick Up and Delivery Services,,,
3864,ECTM.S1SII131,2009.09,127.6,,R,Dollars,6,Electronic Card Transactions (ANZSIC06) - ECT,Private - Values - Electronic card transactions  A/S/T by industry,Seasonally adjusted,Postal and Courier Pick Up and Delivery Services,,,
3865,ECTM.S1SII131,2009.1,121.5,,R,Dollars,6,Electronic Card Transactions (ANZSIC06) - ECT,Private - Values - Electronic card transactions  A/S/T by industry,Seasonally adjusted,Postal and Courier Pick Up and Delivery Services,,,
3866,ECTM.S1SII131,2009.11,123.9,,R,Dollars,6,Electronic Card Transactions (ANZSIC06) - ECT,Private - Values - Electronic card transactions  A/S/T by industry,Seasonally adjusted,Postal and Courier Pick Up and Delivery Services,,,
3867,ECTM.S1SII131,2009.12,130.9,,R,Dollars,6,Electronic Card Transactions (ANZSIC06) - ECT,Private - Values - Electronic card transactions  A/S/T by industry,Seasonally adjusted,Postal and Courier Pick Up and Delivery Services,,,
3868,ECTM.S1SII131,2010.01,107.1,,R,Dollars,6,Electronic Card Transactions (ANZSIC06) - ECT,Private - Values - Electronic card transactions  A/S/T by industry,Seasonally adjusted,Postal and Courier Pick Up and Delivery Services,,,
3869,ECTM.S1SII131,2010.02,112.2,,R,Dollars,6,Electronic Card Transactions (ANZSIC06) - ECT,Private - Values - Electronic card transactions  A/S/T by industry,Seasonally adjusted,Postal and Courier Pick Up and Delivery Services,,,
3870,ECTM.S1SII131,2010.03,127.5,,R,Dollars,6,Electronic Card Transactions (ANZSIC06) - ECT,Private - Values - Electronic card transactions  A/S/T by industry,Seasonally adjusted,Postal and Courier Pick Up and Delivery Services,,,
3871,ECTM.S1SII131,2010.04,112.5,,R,Dollars,6,Electronic Card Transactions (ANZSIC06) - ECT,Private - Values - Electronic card transactions  A/S/T by industry,Seasonally adjusted,Postal and Courier Pick Up and Delivery Services,,,
3872,ECTM.S1SII131,2010.05,119.8,,R,Dollars,6,Electronic Card Transactions (ANZSIC06) - ECT,Private - Values - Electronic card transactions  A/S/T by industry,Seasonally adjusted,Postal and Courier Pick Up and Delivery Services,,,
3873,ECTM.S1SII131,2010.06,118.1,,R,Dollars,6,Electronic Card Transactions (ANZSIC06) - ECT,Private - Values - Electronic card transactions  A/S/T by industry,Seasonally adjusted,Postal and Courier Pick Up and Delivery Services,,,
3874,ECTM.S1SII131,2010.07,127.7,,R,Dollars,6,Electronic Card Transactions (ANZSIC06) - ECT,Private - Values - Electronic card transactions  A/S/T by industry,Seasonally adjusted,Postal and Courier Pick Up and Delivery Services,,,
3875,ECTM.S1SII131,2010.08,140.6,,R,Dollars,6,Electronic Card Transactions (ANZSIC06) - ECT,Private - Values - Electronic card transactions  A/S/T by industry,Seasonally adjusted,Postal and Courier Pick Up and Delivery Services,,,
3876,ECTM.S1SII131,2010.09,132.6,,R,Dollars,6,Electronic Card Transactions (ANZSIC06) - ECT,Private - Values - Electronic card transactions  A/S/T by industry,Seasonally adjusted,Postal and Courier Pick Up and Delivery Services,,,
3877,ECTM.S1SII131,2010.1,121.8,,R,Dollars,6,Electronic Card Transactions (ANZSIC06) - ECT,Private - Values - Electronic card transactions  A/S/T by industry,Seasonally adjusted,Postal and Courier Pick Up and Delivery Services,,,
3878,ECTM.S1SII131,2010.11,134.2,,R,Dollars,6,Electronic Card Transactions (ANZSIC06) - ECT,Private - Values - Electronic card transactions  A/S/T by industry,Seasonally adjusted,Postal and Courier Pick Up and Delivery Services,,,
3879,ECTM.S1SII131,2010.12,134.8,,R,Dollars,6,Electronic Card Transactions (ANZSIC06) - ECT,Private - Values - Electronic card transactions  A/S/T by industry,Seasonally adjusted,Postal and Courier Pick Up and Delivery Services,,,
3880,ECTM.S1SII131,2011.01,107.3,,R,Dollars,6,Electronic Card Transactions (ANZSIC06) - ECT,Private - Values - Electronic card transactions  A/S/T by industry,Seasonally adjusted,Postal and Courier Pick Up and Delivery Services,,,
3881,ECTM.S1SII131,2011.02,118.1,,R,Dollars,6,Electronic Card Transactions (ANZSIC06) - ECT,Private - Values - Electronic card transactions  A/S/T by industry,Seasonally adjusted,Postal and Courier Pick Up and Delivery Services,,,
3882,ECTM.S1SII131,2011.03,131.0,,R,Dollars,6,Electronic Card Transactions (ANZSIC06) - ECT,Private - Values - Electronic card transactions  A/S/T by industry,Seasonally adjusted,Postal and Courier Pick Up and Delivery Services,,,
3883,ECTM.S1SII131,2011.04,115.0,,R,Dollars,6,Electronic Card Transactions (ANZSIC06) - ECT,Private - Values - Electronic card transactions  A/S/T by industry,Seasonally adjusted,Postal and Courier Pick Up and Delivery Services,,,
3884,ECTM.S1SII131,2011.05,134.7,,R,Dollars,6,Electronic Card Transactions (ANZSIC06) - ECT,Private - Values - Electronic card transactions  A/S/T by industry,Seasonally adjusted,Postal and Courier Pick Up and Delivery Services,,,
3885,ECTM.S1SII131,2011.06,124.1,,R,Dollars,6,Electronic Card Transactions (ANZSIC06) - ECT,Private - Values - Electronic card transactions  A/S/T by industry,Seasonally adjusted,Postal and Courier Pick Up and Delivery Services,,,
3886,ECTM.S1SII131,2011.07,121.8,,R,Dollars,6,Electronic Card Transactions (ANZSIC06) - ECT,Private - Values - Electronic card transactions  A/S/T by industry,Seasonally adjusted,Postal and Courier Pick Up and Delivery Services,,,
3887,ECTM.S1SII131,2011.08,147.2,,R,Dollars,6,Electronic Card Transactions (ANZSIC06) - ECT,Private - Values - Electronic card transactions  A/S/T by industry,Seasonally adjusted,Postal and Courier Pick Up and Delivery Services,,,
3888,ECTM.S1SII131,2011.09,129.6,,R,Dollars,6,Electronic Card Transactions (ANZSIC06) - ECT,Private - Values - Electronic card transactions  A/S/T by industry,Seasonally adjusted,Postal and Courier Pick Up and Delivery Services,,,
3889,ECTM.S1SII131,2011.1,119.3,,R,Dollars,6,Electronic Card Transactions (ANZSIC06) - ECT,Private - Values - Electronic card transactions  A/S/T by industry,Seasonally adjusted,Postal and Courier Pick Up and Delivery Services,,,
3890,ECTM.S1SII131,2011.11,134.1,,R,Dollars,6,Electronic Card Transactions (ANZSIC06) - ECT,Private - Values - Electronic card transactions  A/S/T by industry,Seasonally adjusted,Postal and Courier Pick Up and Delivery Services,,,
3891,ECTM.S1SII131,2011.12,128.9,,R,Dollars,6,Electronic Card Transactions (ANZSIC06) - ECT,Private - Values - Electronic card transactions  A/S/T by industry,Seasonally adjusted,Postal and Courier Pick Up and Delivery Services,,,
3892,ECTM.S1SII131,2012.01,108.8,,R,Dollars,6,Electronic Card Transactions (ANZSIC06) - ECT,Private - Values - Electronic card transactions  A/S/T by industry,Seasonally adjusted,Postal and Courier Pick Up and Delivery Services,,,
3893,ECTM.S1SII131,2012.02,126.7,,R,Dollars,6,Electronic Card Transactions (ANZSIC06) - ECT,Private - Values - Electronic card transactions  A/S/T by industry,Seasonally adjusted,Postal and Courier Pick Up and Delivery Services,,,
3894,ECTM.S1SII131,2012.03,124.2,,R,Dollars,6,Electronic Card Transactions (ANZSIC06) - ECT,Private - Values - Electronic card transactions  A/S/T by industry,Seasonally adjusted,Postal and Courier Pick Up and Delivery Services,,,
3895,ECTM.S1SII131,2012.04,107.9,,R,Dollars,6,Electronic Card Transactions (ANZSIC06) - ECT,Private - Values - Electronic card transactions  A/S/T by industry,Seasonally adjusted,Postal and Courier Pick Up and Delivery Services,,,
3896,ECTM.S1SII131,2012.05,138.6,,R,Dollars,6,Electronic Card Transactions (ANZSIC06) - ECT,Private - Values - Electronic card transactions  A/S/T by industry,Seasonally adjusted,Postal and Courier Pick Up and Delivery Services,,,
3897,ECTM.S1SII131,2012.06,120.8,,R,Dollars,6,Electronic Card Transactions (ANZSIC06) - ECT,Private - Values - Electronic card transactions  A/S/T by industry,Seasonally adjusted,Postal and Courier Pick Up and Delivery Services,,,
3898,ECTM.S1SII131,2012.07,127.2,,R,Dollars,6,Electronic Card Transactions (ANZSIC06) - ECT,Private - Values - Electronic card transactions  A/S/T by industry,Seasonally adjusted,Postal and Courier Pick Up and Delivery Services,,,
3899,ECTM.S1SII131,2012.08,148.6,,R,Dollars,6,Electronic Card Transactions (ANZSIC06) - ECT,Private - Values - Electronic card transactions  A/S/T by industry,Seasonally adjusted,Postal and Courier Pick Up and Delivery Services,,,
3900,ECTM.S1SII131,2012.09,117.7,,R,Dollars,6,Electronic Card Transactions (ANZSIC06) - ECT,Private - Values - Electronic card transactions  A/S/T by industry,Seasonally adjusted,Postal and Courier Pick Up and Delivery Services,,,
3901,ECTM.S1SII131,2012.1,122.7,,R,Dollars,6,Electronic Card Transactions (ANZSIC06) - ECT,Private - Values - Electronic card transactions  A/S/T by industry,Seasonally adjusted,Postal and Courier Pick Up and Delivery Services,,,
3902,ECTM.S1SII131,2012.11,135.2,,R,Dollars,6,Electronic Card Transactions (ANZSIC06) - ECT,Private - Values - Electronic card transactions  A/S/T by industry,Seasonally adjusted,Postal and Courier Pick Up and Delivery Services,,,
3903,ECTM.S1SII131,2012.12,125.6,,R,Dollars,6,Electronic Card Transactions (ANZSIC06) - ECT,Private - Values - Electronic card transactions  A/S/T by industry,Seasonally adjusted,Postal and Courier Pick Up and Delivery Services,,,
3904,ECTM.S1SII131,2013.01,110.8,,R,Dollars,6,Electronic Card Transactions (ANZSIC06) - ECT,Private - Values - Electronic card transactions  A/S/T by industry,Seasonally adjusted,Postal and Courier Pick Up and Delivery Services,,,
3905,ECTM.S1SII131,2013.02,119.2,,R,Dollars,6,Electronic Card Transactions (ANZSIC06) - ECT,Private - Values - Electronic card transactions  A/S/T by industry,Seasonally adjusted,Postal and Courier Pick Up and Delivery Services,,,
3906,ECTM.S1SII131,2013.03,116.2,,R,Dollars,6,Electronic Card Transactions (ANZSIC06) - ECT,Private - Values - Electronic card transactions  A/S/T by industry,Seasonally adjusted,Postal and Courier Pick Up and Delivery Services,,,
3907,ECTM.S1SII131,2013.04,113.2,,R,Dollars,6,Electronic Card Transactions (ANZSIC06) - ECT,Private - Values - Electronic card transactions  A/S/T by industry,Seasonally adjusted,Postal and Courier Pick Up and Delivery Services,,,
3908,ECTM.S1SII131,2013.05,133.1,,R,Dollars,6,Electronic Card Transactions (ANZSIC06) - ECT,Private - Values - Electronic card transactions  A/S/T by industry,Seasonally adjusted,Postal and Courier Pick Up and Delivery Services,,,
3909,ECTM.S1SII131,2013.06,111.0,,R,Dollars,6,Electronic Card Transactions (ANZSIC06) - ECT,Private - Values - Electronic card transactions  A/S/T by industry,Seasonally adjusted,Postal and Courier Pick Up and Delivery Services,,,
3910,ECTM.S1SII131,2013.07,126.9,,R,Dollars,6,Electronic Card Transactions (ANZSIC06) - ECT,Private - Values - Electronic card transactions  A/S/T by industry,Seasonally adjusted,Postal and Courier Pick Up and Delivery Services,,,
3911,ECTM.S1SII131,2013.08,141.6,,R,Dollars,6,Electronic Card Transactions (ANZSIC06) - ECT,Private - Values - Electronic card transactions  A/S/T by industry,Seasonally adjusted,Postal and Courier Pick Up and Delivery Services,,,
3912,ECTM.S1SII131,2013.09,117.0,,R,Dollars,6,Electronic Card Transactions (ANZSIC06) - ECT,Private - Values - Electronic card transactions  A/S/T by industry,Seasonally adjusted,Postal and Courier Pick Up and Delivery Services,,,
3913,ECTM.S1SII131,2013.1,120.8,,R,Dollars,6,Electronic Card Transactions (ANZSIC06) - ECT,Private - Values - Electronic card transactions  A/S/T by industry,Seasonally adjusted,Postal and Courier Pick Up and Delivery Services,,,
3914,ECTM.S1SII131,2013.11,129.3,,R,Dollars,6,Electronic Card Transactions (ANZSIC06) - ECT,Private - Values - Electronic card transactions  A/S/T by industry,Seasonally adjusted,Postal and Courier Pick Up and Delivery Services,,,
3915,ECTM.S1SII131,2013.12,128.0,,R,Dollars,6,Electronic Card Transactions (ANZSIC06) - ECT,Private - Values - Electronic card transactions  A/S/T by industry,Seasonally adjusted,Postal and Courier Pick Up and Delivery Services,,,
3916,ECTM.S1SII131,2014.01,109.7,,R,Dollars,6,Electronic Card Transactions (ANZSIC06) - ECT,Private - Values - Electronic card transactions  A/S/T by industry,Seasonally adjusted,Postal and Courier Pick Up and Delivery Services,,,
3917,ECTM.S1SII131,2014.02,116.7,,R,Dollars,6,Electronic Card Transactions (ANZSIC06) - ECT,Private - Values - Electronic card transactions  A/S/T by industry,Seasonally adjusted,Postal and Courier Pick Up and Delivery Services,,,
3918,ECTM.S1SII131,2014.03,116.8,,R,Dollars,6,Electronic Card Transactions (ANZSIC06) - ECT,Private - Values - Electronic card transactions  A/S/T by industry,Seasonally adjusted,Postal and Courier Pick Up and Delivery Services,,,
3919,ECTM.S1SII131,2014.04,106.7,,R,Dollars,6,Electronic Card Transactions (ANZSIC06) - ECT,Private - Values - Electronic card transactions  A/S/T by industry,Seasonally adjusted,Postal and Courier Pick Up and Delivery Services,,,
3920,ECTM.S1SII131,2014.05,131.7,,R,Dollars,6,Electronic Card Transactions (ANZSIC06) - ECT,Private - Values - Electronic card transactions  A/S/T by industry,Seasonally adjusted,Postal and Courier Pick Up and Delivery Services,,,
3921,ECTM.S1SII131,2014.06,112.5,,R,Dollars,6,Electronic Card Transactions (ANZSIC06) - ECT,Private - Values - Electronic card transactions  A/S/T by industry,Seasonally adjusted,Postal and Courier Pick Up and Delivery Services,,,
3922,ECTM.S1SII131,2014.07,121.0,,R,Dollars,6,Electronic Card Transactions (ANZSIC06) - ECT,Private - Values - Electronic card transactions  A/S/T by industry,Seasonally adjusted,Postal and Courier Pick Up and Delivery Services,,,
3923,ECTM.S1SII131,2014.08,129.7,,R,Dollars,6,Electronic Card Transactions (ANZSIC06) - ECT,Private - Values - Electronic card transactions  A/S/T by industry,Seasonally adjusted,Postal and Courier Pick Up and Delivery Services,,,
3924,ECTM.S1SII131,2014.09,115.7,,R,Dollars,6,Electronic Card Transactions (ANZSIC06) - ECT,Private - Values - Electronic card transactions  A/S/T by industry,Seasonally adjusted,Postal and Courier Pick Up and Delivery Services,,,
3925,ECTM.S1SII131,2014.1,117.0,,R,Dollars,6,Electronic Card Transactions (ANZSIC06) - ECT,Private - Values - Electronic card transactions  A/S/T by industry,Seasonally adjusted,Postal and Courier Pick Up and Delivery Services,,,
3926,ECTM.S1SII131,2014.11,117.4,,R,Dollars,6,Electronic Card Transactions (ANZSIC06) - ECT,Private - Values - Electronic card transactions  A/S/T by industry,Seasonally adjusted,Postal and Courier Pick Up and Delivery Services,,,
3927,ECTM.S1SII131,2014.12,126.3,,R,Dollars,6,Electronic Card Transactions (ANZSIC06) - ECT,Private - Values - Electronic card transactions  A/S/T by industry,Seasonally adjusted,Postal and Courier Pick Up and Delivery Services,,,
3928,ECTM.S1SII131,2015.01,99.9,,R,Dollars,6,Electronic Card Transactions (ANZSIC06) - ECT,Private - Values - Electronic card transactions  A/S/T by industry,Seasonally adjusted,Postal and Courier Pick Up and Delivery Services,,,
3929,ECTM.S1SII131,2015.02,107.4,,R,Dollars,6,Electronic Card Transactions (ANZSIC06) - ECT,Private - Values - Electronic card transactions  A/S/T by industry,Seasonally adjusted,Postal and Courier Pick Up and Delivery Services,,,
3930,ECTM.S1SII131,2015.03,105.8,,R,Dollars,6,Electronic Card Transactions (ANZSIC06) - ECT,Private - Values - Electronic card transactions  A/S/T by industry,Seasonally adjusted,Postal and Courier Pick Up and Delivery Services,,,
3931,ECTM.S1SII131,2015.04,94.2,,R,Dollars,6,Electronic Card Transactions (ANZSIC06) - ECT,Private - Values - Electronic card transactions  A/S/T by industry,Seasonally adjusted,Postal and Courier Pick Up and Delivery Services,,,
3932,ECTM.S1SII131,2015.05,113.2,,R,Dollars,6,Electronic Card Transactions (ANZSIC06) - ECT,Private - Values - Electronic card transactions  A/S/T by industry,Seasonally adjusted,Postal and Courier Pick Up and Delivery Services,,,
3933,ECTM.S1SII131,2015.06,110.9,,R,Dollars,6,Electronic Card Transactions (ANZSIC06) - ECT,Private - Values - Electronic card transactions  A/S/T by industry,Seasonally adjusted,Postal and Courier Pick Up and Delivery Services,,,
3934,ECTM.S1SII131,2015.07,147.6,,R,Dollars,6,Electronic Card Transactions (ANZSIC06) - ECT,Private - Values - Electronic card transactions  A/S/T by industry,Seasonally adjusted,Postal and Courier Pick Up and Delivery Services,,,
3935,ECTM.S1SII131,2015.08,134.7,,R,Dollars,6,Electronic Card Transactions (ANZSIC06) - ECT,Private - Values - Electronic card transactions  A/S/T by industry,Seasonally adjusted,Postal and Courier Pick Up and Delivery Services,,,
3936,ECTM.S1SII131,2015.09,108.0,,R,Dollars,6,Electronic Card Transactions (ANZSIC06) - ECT,Private - Values - Electronic card transactions  A/S/T by industry,Seasonally adjusted,Postal and Courier Pick Up and Delivery Services,,,
3937,ECTM.S1SII131,2015.1,108.1,,R,Dollars,6,Electronic Card Transactions (ANZSIC06) - ECT,Private - Values - Electronic card transactions  A/S/T by industry,Seasonally adjusted,Postal and Courier Pick Up and Delivery Services,,,
3938,ECTM.S1SII131,2015.11,110.4,,R,Dollars,6,Electronic Card Transactions (ANZSIC06) - ECT,Private - Values - Electronic card transactions  A/S/T by industry,Seasonally adjusted,Postal and Courier Pick Up and Delivery Services,,,
3939,ECTM.S1SII131,2015.12,117.5,,R,Dollars,6,Electronic Card Transactions (ANZSIC06) - ECT,Private - Values - Electronic card transactions  A/S/T by industry,Seasonally adjusted,Postal and Courier Pick Up and Delivery Services,,,
3940,ECTM.S1SII131,2016.01,95.9,,R,Dollars,6,Electronic Card Transactions (ANZSIC06) - ECT,Private - Values - Electronic card transactions  A/S/T by industry,Seasonally adjusted,Postal and Courier Pick Up and Delivery Services,,,
3941,ECTM.S1SII131,2016.02,103.3,,R,Dollars,6,Electronic Card Transactions (ANZSIC06) - ECT,Private - Values - Electronic card transactions  A/S/T by industry,Seasonally adjusted,Postal and Courier Pick Up and Delivery Services,,,
3942,ECTM.S1SII131,2016.03,97.0,,R,Dollars,6,Electronic Card Transactions (ANZSIC06) - ECT,Private - Values - Electronic card transactions  A/S/T by industry,Seasonally adjusted,Postal and Courier Pick Up and Delivery Services,,,
3943,ECTM.S1SII131,2016.04,93.5,,R,Dollars,6,Electronic Card Transactions (ANZSIC06) - ECT,Private - Values - Electronic card transactions  A/S/T by industry,Seasonally adjusted,Postal and Courier Pick Up and Delivery Services,,,
3944,ECTM.S1SII131,2016.05,105.5,,R,Dollars,6,Electronic Card Transactions (ANZSIC06) - ECT,Private - Values - Electronic card transactions  A/S/T by industry,Seasonally adjusted,Postal and Courier Pick Up and Delivery Services,,,
3945,ECTM.S1SII131,2016.06,99.4,,R,Dollars,6,Electronic Card Transactions (ANZSIC06) - ECT,Private - Values - Electronic card transactions  A/S/T by industry,Seasonally adjusted,Postal and Courier Pick Up and Delivery Services,,,
3946,ECTM.S1SII131,2016.07,113.9,,R,Dollars,6,Electronic Card Transactions (ANZSIC06) - ECT,Private - Values - Electronic card transactions  A/S/T by industry,Seasonally adjusted,Postal and Courier Pick Up and Delivery Services,,,
3947,ECTM.S1SII131,2016.08,124.6,,R,Dollars,6,Electronic Card Transactions (ANZSIC06) - ECT,Private - Values - Electronic card transactions  A/S/T by industry,Seasonally adjusted,Postal and Courier Pick Up and Delivery Services,,,
3948,ECTM.S1SII131,2016.09,98.4,,R,Dollars,6,Electronic Card Transactions (ANZSIC06) - ECT,Private - Values - Electronic card transactions  A/S/T by industry,Seasonally adjusted,Postal and Courier Pick Up and Delivery Services,,,
3949,ECTM.S1SII131,2016.1,94.3,,R,Dollars,6,Electronic Card Transactions (ANZSIC06) - ECT,Private - Values - Electronic card transactions  A/S/T by industry,Seasonally adjusted,Postal and Courier Pick Up and Delivery Services,,,
3950,ECTM.S1SII131,2016.11,106.7,,R,Dollars,6,Electronic Card Transactions (ANZSIC06) - ECT,Private - Values - Electronic card transactions  A/S/T by industry,Seasonally adjusted,Postal and Courier Pick Up and Delivery Services,,,
3951,ECTM.S1SII131,2016.12,107.4,,R,Dollars,6,Electronic Card Transactions (ANZSIC06) - ECT,Private - Values - Electronic card transactions  A/S/T by industry,Seasonally adjusted,Postal and Courier Pick Up and Delivery Services,,,
3952,ECTM.S1SII131,2017.01,87.0,,R,Dollars,6,Electronic Card Transactions (ANZSIC06) - ECT,Private - Values - Electronic card transactions  A/S/T by industry,Seasonally adjusted,Postal and Courier Pick Up and Delivery Services,,,
3953,ECTM.S1SII131,2017.02,95.1,,R,Dollars,6,Electronic Card Transactions (ANZSIC06) - ECT,Private - Values - Electronic card transactions  A/S/T by industry,Seasonally adjusted,Postal and Courier Pick Up and Delivery Services,,,
3954,ECTM.S1SII131,2017.03,92.8,,R,Dollars,6,Electronic Card Transactions (ANZSIC06) - ECT,Private - Values - Electronic card transactions  A/S/T by industry,Seasonally adjusted,Postal and Courier Pick Up and Delivery Services,,,
3955,ECTM.S1SII131,2017.04,78.4,,R,Dollars,6,Electronic Card Transactions (ANZSIC06) - ECT,Private - Values - Electronic card transactions  A/S/T by industry,Seasonally adjusted,Postal and Courier Pick Up and Delivery Services,,,
3956,ECTM.S1SII131,2017.05,105.3,,R,Dollars,6,Electronic Card Transactions (ANZSIC06) - ECT,Private - Values - Electronic card transactions  A/S/T by industry,Seasonally adjusted,Postal and Courier Pick Up and Delivery Services,,,
3957,ECTM.S1SII131,2017.06,92.9,,R,Dollars,6,Electronic Card Transactions (ANZSIC06) - ECT,Private - Values - Electronic card transactions  A/S/T by industry,Seasonally adjusted,Postal and Courier Pick Up and Delivery Services,,,
3958,ECTM.S1SII131,2017.07,101.1,,R,Dollars,6,Electronic Card Transactions (ANZSIC06) - ECT,Private - Values - Electronic card transactions  A/S/T by industry,Seasonally adjusted,Postal and Courier Pick Up and Delivery Services,,,
3959,ECTM.S1SII131,2017.08,119.3,,R,Dollars,6,Electronic Card Transactions (ANZSIC06) - ECT,Private - Values - Electronic card transactions  A/S/T by industry,Seasonally adjusted,Postal and Courier Pick Up and Delivery Services,,,
3960,ECTM.S1SII131,2017.09,91.6,,R,Dollars,6,Electronic Card Transactions (ANZSIC06) - ECT,Private - Values - Electronic card transactions  A/S/T by industry,Seasonally adjusted,Postal and Courier Pick Up and Delivery Services,,,
3961,ECTM.S1SII131,2017.1,91.1,,R,Dollars,6,Electronic Card Transactions (ANZSIC06) - ECT,Private - Values - Electronic card transactions  A/S/T by industry,Seasonally adjusted,Postal and Courier Pick Up and Delivery Services,,,
3962,ECTM.S1SII131,2017.11,104.0,,R,Dollars,6,Electronic Card Transactions (ANZSIC06) - ECT,Private - Values - Electronic card transactions  A/S/T by industry,Seasonally adjusted,Postal and Courier Pick Up and Delivery Services,,,
3963,ECTM.S1SII131,2017.12,100.9,,R,Dollars,6,Electronic Card Transactions (ANZSIC06) - ECT,Private - Values - Electronic card transactions  A/S/T by industry,Seasonally adjusted,Postal and Courier Pick Up and Delivery Services,,,
3964,ECTM.S1SII131,2018.01,82.5,,R,Dollars,6,Electronic Card Transactions (ANZSIC06) - ECT,Private - Values - Electronic card transactions  A/S/T by industry,Seasonally adjusted,Postal and Courier Pick Up and Delivery Services,,,
3965,ECTM.S1SII131,2018.02,89.7,,R,Dollars,6,Electronic Card Transactions (ANZSIC06) - ECT,Private - Values - Electronic card transactions  A/S/T by industry,Seasonally adjusted,Postal and Courier Pick Up and Delivery Services,,,
3966,ECTM.S1SII131,2018.03,85.8,,R,Dollars,6,Electronic Card Transactions (ANZSIC06) - ECT,Private - Values - Electronic card transactions  A/S/T by industry,Seasonally adjusted,Postal and Courier Pick Up and Delivery Services,,,
3967,ECTM.S1SII131,2018.04,77.8,,R,Dollars,6,Electronic Card Transactions (ANZSIC06) - ECT,Private - Values - Electronic card transactions  A/S/T by industry,Seasonally adjusted,Postal and Courier Pick Up and Delivery Services,,,
3968,ECTM.S1SII131,2018.05,99.6,,R,Dollars,6,Electronic Card Transactions (ANZSIC06) - ECT,Private - Values - Electronic card transactions  A/S/T by industry,Seasonally adjusted,Postal and Courier Pick Up and Delivery Services,,,
3969,ECTM.S1SII131,2018.06,84.5,,R,Dollars,6,Electronic Card Transactions (ANZSIC06) - ECT,Private - Values - Electronic card transactions  A/S/T by industry,Seasonally adjusted,Postal and Courier Pick Up and Delivery Services,,,
3970,ECTM.S1SII131,2018.07,94.0,,R,Dollars,6,Electronic Card Transactions (ANZSIC06) - ECT,Private - Values - Electronic card transactions  A/S/T by industry,Seasonally adjusted,Postal and Courier Pick Up and Delivery Services,,,
3971,ECTM.S1SII131,2018.08,113.2,,R,Dollars,6,Electronic Card Transactions (ANZSIC06) - ECT,Private - Values - Electronic card transactions  A/S/T by industry,Seasonally adjusted,Postal and Courier Pick Up and Delivery Services,,,
3972,ECTM.S1SII131,2018.09,83.8,,R,Dollars,6,Electronic Card Transactions (ANZSIC06) - ECT,Private - Values - Electronic card transactions  A/S/T by industry,Seasonally adjusted,Postal and Courier Pick Up and Delivery Services,,,
3973,ECTM.S1SII131,2018.1,87.2,,R,Dollars,6,Electronic Card Transactions (ANZSIC06) - ECT,Private - Values - Electronic card transactions  A/S/T by industry,Seasonally adjusted,Postal and Courier Pick Up and Delivery Services,,,
3974,ECTM.S1SII131,2018.11,97.3,,R,Dollars,6,Electronic Card Transactions (ANZSIC06) - ECT,Private - Values - Electronic card transactions  A/S/T by industry,Seasonally adjusted,Postal and Courier Pick Up and Delivery Services,,,
3975,ECTM.S1SII131,2018.12,93.3,,R,Dollars,6,Electronic Card Transactions (ANZSIC06) - ECT,Private - Values - Electronic card transactions  A/S/T by industry,Seasonally adjusted,Postal and Courier Pick Up and Delivery Services,,,
3976,ECTM.S1SII131,2019.01,75.3,,R,Dollars,6,Electronic Card Transactions (ANZSIC06) - ECT,Private - Values - Electronic card transactions  A/S/T by industry,Seasonally adjusted,Postal and Courier Pick Up and Delivery Services,,,
3977,ECTM.S1SII131,2019.02,82.2,,R,Dollars,6,Electronic Card Transactions (ANZSIC06) - ECT,Private - Values - Electronic card transactions  A/S/T by industry,Seasonally adjusted,Postal and Courier Pick Up and Delivery Services,,,
3978,ECTM.S1SII131,2019.03,76.6,,R,Dollars,6,Electronic Card Transactions (ANZSIC06) - ECT,Private - Values - Electronic card transactions  A/S/T by industry,Seasonally adjusted,Postal and Courier Pick Up and Delivery Services,,,
3979,ECTM.S1SII131,2019.04,72.2,,R,Dollars,6,Electronic Card Transactions (ANZSIC06) - ECT,Private - Values - Electronic card transactions  A/S/T by industry,Seasonally adjusted,Postal and Courier Pick Up and Delivery Services,,,
3980,ECTM.S1SII131,2019.05,92.8,,R,Dollars,6,Electronic Card Transactions (ANZSIC06) - ECT,Private - Values - Electronic card transactions  A/S/T by industry,Seasonally adjusted,Postal and Courier Pick Up and Delivery Services,,,
3981,ECTM.S1SII131,2019.06,74.6,,R,Dollars,6,Electronic Card Transactions (ANZSIC06) - ECT,Private - Values - Electronic card transactions  A/S/T by industry,Seasonally adjusted,Postal and Courier Pick Up and Delivery Services,,,
3982,ECTM.S1SII131,2019.07,86.6,,R,Dollars,6,Electronic Card Transactions (ANZSIC06) - ECT,Private - Values - Electronic card transactions  A/S/T by industry,Seasonally adjusted,Postal and Courier Pick Up and Delivery Services,,,
3983,ECTM.S1SII131,2019.08,98.5,,R,Dollars,6,Electronic Card Transactions (ANZSIC06) - ECT,Private - Values - Electronic card transactions  A/S/T by industry,Seasonally adjusted,Postal and Courier Pick Up and Delivery Services,,,
3984,ECTM.S1SII131,2019.09,75.4,,R,Dollars,6,Electronic Card Transactions (ANZSIC06) - ECT,Private - Values - Electronic card transactions  A/S/T by industry,Seasonally adjusted,Postal and Courier Pick Up and Delivery Services,,,
3985,ECTM.S1SII131,2019.1,76.5,,R,Dollars,6,Electronic Card Transactions (ANZSIC06) - ECT,Private - Values - Electronic card transactions  A/S/T by industry,Seasonally adjusted,Postal and Courier Pick Up and Delivery Services,,,
3986,ECTM.S1SII131,2019.11,80.9,,R,Dollars,6,Electronic Card Transactions (ANZSIC06) - ECT,Private - Values - Electronic card transactions  A/S/T by industry,Seasonally adjusted,Postal and Courier Pick Up and Delivery Services,,,
3987,ECTM.S1SII131,2019.12,73.9,,R,Dollars,6,Electronic Card Transactions (ANZSIC06) - ECT,Private - Values - Electronic card transactions  A/S/T by industry,Seasonally adjusted,Postal and Courier Pick Up and Delivery Services,,,
3988,ECTM.S1SII131,2020.01,61.6,,R,Dollars,6,Electronic Card Transactions (ANZSIC06) - ECT,Private - Values - Electronic card transactions  A/S/T by industry,Seasonally adjusted,Postal and Courier Pick Up and Delivery Services,,,
3989,ECTM.S1SII131,2020.02,70.1,,R,Dollars,6,Electronic Card Transactions (ANZSIC06) - ECT,Private - Values - Electronic card transactions  A/S/T by industry,Seasonally adjusted,Postal and Courier Pick Up and Delivery Services,,,
3990,ECTM.S1SII131,2020.03,55.5,,R,Dollars,6,Electronic Card Transactions (ANZSIC06) - ECT,Private - Values - Electronic card transactions  A/S/T by industry,Seasonally adjusted,Postal and Courier Pick Up and Delivery Services,,,
3991,ECTM.S1SII131,2020.04,3.2,,R,Dollars,6,Electronic Card Transactions (ANZSIC06) - ECT,Private - Values - Electronic card transactions  A/S/T by industry,Seasonally adjusted,Postal and Courier Pick Up and Delivery Services,,,
3992,ECTM.S1SII131,2020.05,52.9,,R,Dollars,6,Electronic Card Transactions (ANZSIC06) - ECT,Private - Values - Electronic card transactions  A/S/T by industry,Seasonally adjusted,Postal and Courier Pick Up and Delivery Services,,,
3993,ECTM.S1SII131,2020.06,61.9,,R,Dollars,6,Electronic Card Transactions (ANZSIC06) - ECT,Private - Values - Electronic card transactions  A/S/T by industry,Seasonally adjusted,Postal and Courier Pick Up and Delivery Services,,,
3994,ECTM.S1SII131,2020.07,61.9,,F,Dollars,6,Electronic Card Transactions (ANZSIC06) - ECT,Private - Values - Electronic card transactions  A/S/T by industry,Seasonally adjusted,Postal and Courier Pick Up and Delivery Services,,,
3995,ECTM.S1AMN211,2000.01,2.7,,C,Dollars,6,Electronic Card Transactions (ANZSIC06) - ECT,Private - Values - Electronic card transactions  A/S/T by industry,Actual,Travel Agency & Tour Arrangement Services,,,
3996,ECTM.S1AMN211,2000.02,2.8,,C,Dollars,6,Electronic Card Transactions (ANZSIC06) - ECT,Private - Values - Electronic card transactions  A/S/T by industry,Actual,Travel Agency & Tour Arrangement Services,,,
3997,ECTM.S1AMN211,2000.03,2.6,,C,Dollars,6,Electronic Card Transactions (ANZSIC06) - ECT,Private - Values - Electronic card transactions  A/S/T by industry,Actual,Travel Agency & Tour Arrangement Services,,,
3998,ECTM.S1AMN211,2000.04,2.0,,C,Dollars,6,Electronic Card Transactions (ANZSIC06) - ECT,Private - Values - Electronic card transactions  A/S/T by industry,Actual,Travel Agency & Tour Arrangement Services,,,
3999,ECTM.S1AMN211,2000.05,1.2,,C,Dollars,6,Electronic Card Transactions (ANZSIC06) - ECT,Private - Values - Electronic card transactions  A/S/T by industry,Actual,Travel Agency & Tour Arrangement Services,,,
4000,ECTM.S1AMN211,2000.06,1.2,,C,Dollars,6,Electronic Card Transactions (ANZSIC06) - ECT,Private - Values - Electronic card transactions  A/S/T by industry,Actual,Travel Agency & Tour Arrangement Services,,,
4001,ECTM.S1AMN211,2000.07,1.6,,C,Dollars,6,Electronic Card Transactions (ANZSIC06) - ECT,Private - Values - Electronic card transactions  A/S/T by industry,Actual,Travel Agency & Tour Arrangement Services,,,
4002,ECTM.S1AMN211,2000.08,1.7,,C,Dollars,6,Electronic Card Transactions (ANZSIC06) - ECT,Private - Values - Electronic card transactions  A/S/T by industry,Actual,Travel Agency & Tour Arrangement Services,,,
4003,ECTM.S1AMN211,2000.09,1.5,,C,Dollars,6,Electronic Card Transactions (ANZSIC06) - ECT,Private - Values - Electronic card transactions  A/S/T by industry,Actual,Travel Agency & Tour Arrangement Services,,,
4004,ECTM.S1AMN211,2000.1,1.9,,C,Dollars,6,Electronic Card Transactions (ANZSIC06) - ECT,Private - Values - Electronic card transactions  A/S/T by industry,Actual,Travel Agency & Tour Arrangement Services,,,
4005,ECTM.S1AMN211,2000.11,3.0,,C,Dollars,6,Electronic Card Transactions (ANZSIC06) - ECT,Private - Values - Electronic card transactions  A/S/T by industry,Actual,Travel Agency & Tour Arrangement Services,,,
4006,ECTM.S1AMN211,2000.12,6.6,,C,Dollars,6,Electronic Card Transactions (ANZSIC06) - ECT,Private - Values - Electronic card transactions  A/S/T by industry,Actual,Travel Agency & Tour Arrangement Services,,,
4007,ECTM.S1AMN211,2001.01,8.9,,C,Dollars,6,Electronic Card Transactions (ANZSIC06) - ECT,Private - Values - Electronic card transactions  A/S/T by industry,Actual,Travel Agency & Tour Arrangement Services,,,
4008,ECTM.S1AMN211,2001.02,9.2,,C,Dollars,6,Electronic Card Transactions (ANZSIC06) - ECT,Private - Values - Electronic card transactions  A/S/T by industry,Actual,Travel Agency & Tour Arrangement Services,,,
4009,ECTM.S1AMN211,2001.03,9.0,,C,Dollars,6,Electronic Card Transactions (ANZSIC06) - ECT,Private - Values - Electronic card transactions  A/S/T by industry,Actual,Travel Agency & Tour Arrangement Services,,,
4010,ECTM.S1AMN211,2001.04,8.5,,C,Dollars,6,Electronic Card Transactions (ANZSIC06) - ECT,Private - Values - Electronic card transactions  A/S/T by industry,Actual,Travel Agency & Tour Arrangement Services,,,
4011,ECTM.S1AMN211,2001.05,7.8,,C,Dollars,6,Electronic Card Transactions (ANZSIC06) - ECT,Private - Values - Electronic card transactions  A/S/T by industry,Actual,Travel Agency & Tour Arrangement Services,,,
4012,ECTM.S1AMN211,2001.06,8.6,,C,Dollars,6,Electronic Card Transactions (ANZSIC06) - ECT,Private - Values - Electronic card transactions  A/S/T by industry,Actual,Travel Agency & Tour Arrangement Services,,,
4013,ECTM.S1AMN211,2001.07,9.8,,C,Dollars,6,Electronic Card Transactions (ANZSIC06) - ECT,Private - Values - Electronic card transactions  A/S/T by industry,Actual,Travel Agency & Tour Arrangement Services,,,
4014,ECTM.S1AMN211,2001.08,87.0,,C,Dollars,6,Electronic Card Transactions (ANZSIC06) - ECT,Private - Values - Electronic card transactions  A/S/T by industry,Actual,Travel Agency & Tour Arrangement Services,,,
4015,ECTM.S1AMN211,2001.09,72.6,,C,Dollars,6,Electronic Card Transactions (ANZSIC06) - ECT,Private - Values - Electronic card transactions  A/S/T by industry,Actual,Travel Agency & Tour Arrangement Services,,,
4016,ECTM.S1AMN211,2001.1,72.2,,C,Dollars,6,Electronic Card Transactions (ANZSIC06) - ECT,Private - Values - Electronic card transactions  A/S/T by industry,Actual,Travel Agency & Tour Arrangement Services,,,
4017,ECTM.S1AMN211,2001.11,74.8,,C,Dollars,6,Electronic Card Transactions (ANZSIC06) - ECT,Private - Values - Electronic card transactions  A/S/T by industry,Actual,Travel Agency & Tour Arrangement Services,,,
4018,ECTM.S1AMN211,2001.12,70.5,,C,Dollars,6,Electronic Card Transactions (ANZSIC06) - ECT,Private - Values - Electronic card transactions  A/S/T by industry,Actual,Travel Agency & Tour Arrangement Services,,,
4019,ECTM.S1AMN211,2002.01,80.5,,C,Dollars,6,Electronic Card Transactions (ANZSIC06) - ECT,Private - Values - Electronic card transactions  A/S/T by industry,Actual,Travel Agency & Tour Arrangement Services,,,
4020,ECTM.S1AMN211,2002.02,83.6,,C,Dollars,6,Electronic Card Transactions (ANZSIC06) - ECT,Private - Values - Electronic card transactions  A/S/T by industry,Actual,Travel Agency & Tour Arrangement Services,,,
4021,ECTM.S1AMN211,2002.03,110.8,,C,Dollars,6,Electronic Card Transactions (ANZSIC06) - ECT,Private - Values - Electronic card transactions  A/S/T by industry,Actual,Travel Agency & Tour Arrangement Services,,,
4022,ECTM.S1AMN211,2002.04,80.5,,C,Dollars,6,Electronic Card Transactions (ANZSIC06) - ECT,Private - Values - Electronic card transactions  A/S/T by industry,Actual,Travel Agency & Tour Arrangement Services,,,
4023,ECTM.S1AMN211,2002.05,90.4,,C,Dollars,6,Electronic Card Transactions (ANZSIC06) - ECT,Private - Values - Electronic card transactions  A/S/T by industry,Actual,Travel Agency & Tour Arrangement Services,,,
4024,ECTM.S1AMN211,2002.06,88.7,,C,Dollars,6,Electronic Card Transactions (ANZSIC06) - ECT,Private - Values - Electronic card transactions  A/S/T by industry,Actual,Travel Agency & Tour Arrangement Services,,,
4025,ECTM.S1AMN211,2002.07,86.3,,C,Dollars,6,Electronic Card Transactions (ANZSIC06) - ECT,Private - Values - Electronic card transactions  A/S/T by industry,Actual,Travel Agency & Tour Arrangement Services,,,
4026,ECTM.S1AMN211,2002.08,10.8,,C,Dollars,6,Electronic Card Transactions (ANZSIC06) - ECT,Private - Values - Electronic card transactions  A/S/T by industry,Actual,Travel Agency & Tour Arrangement Services,,,
4027,ECTM.S1AMN211,2002.09,10.2,,C,Dollars,6,Electronic Card Transactions (ANZSIC06) - ECT,Private - Values - Electronic card transactions  A/S/T by industry,Actual,Travel Agency & Tour Arrangement Services,,,
4028,ECTM.S1AMN211,2002.1,82.4,,F,Dollars,6,Electronic Card Transactions (ANZSIC06) - ECT,Private - Values - Electronic card transactions  A/S/T by industry,Actual,Travel Agency & Tour Arrangement Services,,,
4029,ECTM.S1AMN211,2002.11,80.0,,F,Dollars,6,Electronic Card Transactions (ANZSIC06) - ECT,Private - Values - Electronic card transactions  A/S/T by industry,Actual,Travel Agency & Tour Arrangement Services,,,
4030,ECTM.S1AMN211,2002.12,81.6,,F,Dollars,6,Electronic Card Transactions (ANZSIC06) - ECT,Private - Values - Electronic card transactions  A/S/T by industry,Actual,Travel Agency & Tour Arrangement Services,,,
4031,ECTM.S1AMN211,2003.01,87.2,,F,Dollars,6,Electronic Card Transactions (ANZSIC06) - ECT,Private - Values - Electronic card transactions  A/S/T by industry,Actual,Travel Agency & Tour Arrangement Services,,,
4032,ECTM.S1AMN211,2003.02,93.0,,F,Dollars,6,Electronic Card Transactions (ANZSIC06) - ECT,Private - Values - Electronic card transactions  A/S/T by industry,Actual,Travel Agency & Tour Arrangement Services,,,
4033,ECTM.S1AMN211,2003.03,98.8,,F,Dollars,6,Electronic Card Transactions (ANZSIC06) - ECT,Private - Values - Electronic card transactions  A/S/T by industry,Actual,Travel Agency & Tour Arrangement Services,,,
4034,ECTM.S1AMN211,2003.04,75.9,,F,Dollars,6,Electronic Card Transactions (ANZSIC06) - ECT,Private - Values - Electronic card transactions  A/S/T by industry,Actual,Travel Agency & Tour Arrangement Services,,,
4035,ECTM.S1AMN211,2003.05,90.8,,F,Dollars,6,Electronic Card Transactions (ANZSIC06) - ECT,Private - Values - Electronic card transactions  A/S/T by industry,Actual,Travel Agency & Tour Arrangement Services,,,
4036,ECTM.S1AMN211,2003.06,87.8,,F,Dollars,6,Electronic Card Transactions (ANZSIC06) - ECT,Private - Values - Electronic card transactions  A/S/T by industry,Actual,Travel Agency & Tour Arrangement Services,,,
4037,ECTM.S1AMN211,2003.07,95.3,,F,Dollars,6,Electronic Card Transactions (ANZSIC06) - ECT,Private - Values - Electronic card transactions  A/S/T by industry,Actual,Travel Agency & Tour Arrangement Services,,,
4038,ECTM.S1AMN211,2003.08,89.0,,F,Dollars,6,Electronic Card Transactions (ANZSIC06) - ECT,Private - Values - Electronic card transactions  A/S/T by industry,Actual,Travel Agency & Tour Arrangement Services,,,
4039,ECTM.S1AMN211,2003.09,90.1,,F,Dollars,6,Electronic Card Transactions (ANZSIC06) - ECT,Private - Values - Electronic card transactions  A/S/T by industry,Actual,Travel Agency & Tour Arrangement Services,,,
4040,ECTM.S1AMN211,2003.1,88.3,,F,Dollars,6,Electronic Card Transactions (ANZSIC06) - ECT,Private - Values - Electronic card transactions  A/S/T by industry,Actual,Travel Agency & Tour Arrangement Services,,,
4041,ECTM.S1AMN211,2003.11,87.4,,F,Dollars,6,Electronic Card Transactions (ANZSIC06) - ECT,Private - Values - Electronic card transactions  A/S/T by industry,Actual,Travel Agency & Tour Arrangement Services,,,
4042,ECTM.S1AMN211,2003.12,100.5,,F,Dollars,6,Electronic Card Transactions (ANZSIC06) - ECT,Private - Values - Electronic card transactions  A/S/T by industry,Actual,Travel Agency & Tour Arrangement Services,,,
4043,ECTM.S1AMN211,2004.01,98.9,,F,Dollars,6,Electronic Card Transactions (ANZSIC06) - ECT,Private - Values - Electronic card transactions  A/S/T by industry,Actual,Travel Agency & Tour Arrangement Services,,,
4044,ECTM.S1AMN211,2004.02,103.6,,F,Dollars,6,Electronic Card Transactions (ANZSIC06) - ECT,Private - Values - Electronic card transactions  A/S/T by industry,Actual,Travel Agency & Tour Arrangement Services,,,
4045,ECTM.S1AMN211,2004.03,143.8,,F,Dollars,6,Electronic Card Transactions (ANZSIC06) - ECT,Private - Values - Electronic card transactions  A/S/T by industry,Actual,Travel Agency & Tour Arrangement Services,,,
4046,ECTM.S1AMN211,2004.04,107.3,,F,Dollars,6,Electronic Card Transactions (ANZSIC06) - ECT,Private - Values - Electronic card transactions  A/S/T by industry,Actual,Travel Agency & Tour Arrangement Services,,,
4047,ECTM.S1AMN211,2004.05,111.1,,F,Dollars,6,Electronic Card Transactions (ANZSIC06) - ECT,Private - Values - Electronic card transactions  A/S/T by industry,Actual,Travel Agency & Tour Arrangement Services,,,
4048,ECTM.S1AMN211,2004.06,110.6,,F,Dollars,6,Electronic Card Transactions (ANZSIC06) - ECT,Private - Values - Electronic card transactions  A/S/T by industry,Actual,Travel Agency & Tour Arrangement Services,,,
4049,ECTM.S1AMN211,2004.07,99.2,,F,Dollars,6,Electronic Card Transactions (ANZSIC06) - ECT,Private - Values - Electronic card transactions  A/S/T by industry,Actual,Travel Agency & Tour Arrangement Services,,,
4050,ECTM.S1AMN211,2004.08,109.3,,F,Dollars,6,Electronic Card Transactions (ANZSIC06) - ECT,Private - Values - Electronic card transactions  A/S/T by industry,Actual,Travel Agency & Tour Arrangement Services,,,
4051,ECTM.S1AMN211,2004.09,100.0,,F,Dollars,6,Electronic Card Transactions (ANZSIC06) - ECT,Private - Values - Electronic card transactions  A/S/T by industry,Actual,Travel Agency & Tour Arrangement Services,,,
4052,ECTM.S1AMN211,2004.1,94.8,,F,Dollars,6,Electronic Card Transactions (ANZSIC06) - ECT,Private - Values - Electronic card transactions  A/S/T by industry,Actual,Travel Agency & Tour Arrangement Services,,,
4053,ECTM.S1AMN211,2004.11,105.6,,F,Dollars,6,Electronic Card Transactions (ANZSIC06) - ECT,Private - Values - Electronic card transactions  A/S/T by industry,Actual,Travel Agency & Tour Arrangement Services,,,
4054,ECTM.S1AMN211,2004.12,111.4,,F,Dollars,6,Electronic Card Transactions (ANZSIC06) - ECT,Private - Values - Electronic card transactions  A/S/T by industry,Actual,Travel Agency & Tour Arrangement Services,,,
4055,ECTM.S1AMN211,2005.01,111.7,,F,Dollars,6,Electronic Card Transactions (ANZSIC06) - ECT,Private - Values - Electronic card transactions  A/S/T by industry,Actual,Travel Agency & Tour Arrangement Services,,,
4056,ECTM.S1AMN211,2005.02,125.9,,F,Dollars,6,Electronic Card Transactions (ANZSIC06) - ECT,Private - Values - Electronic card transactions  A/S/T by industry,Actual,Travel Agency & Tour Arrangement Services,,,
4057,ECTM.S1AMN211,2005.03,145.9,,F,Dollars,6,Electronic Card Transactions (ANZSIC06) - ECT,Private - Values - Electronic card transactions  A/S/T by industry,Actual,Travel Agency & Tour Arrangement Services,,,
4058,ECTM.S1AMN211,2005.04,124.5,,F,Dollars,6,Electronic Card Transactions (ANZSIC06) - ECT,Private - Values - Electronic card transactions  A/S/T by industry,Actual,Travel Agency & Tour Arrangement Services,,,
4059,ECTM.S1AMN211,2005.05,121.4,,F,Dollars,6,Electronic Card Transactions (ANZSIC06) - ECT,Private - Values - Electronic card transactions  A/S/T by industry,Actual,Travel Agency & Tour Arrangement Services,,,
4060,ECTM.S1AMN211,2005.06,125.3,,F,Dollars,6,Electronic Card Transactions (ANZSIC06) - ECT,Private - Values - Electronic card transactions  A/S/T by industry,Actual,Travel Agency & Tour Arrangement Services,,,
4061,ECTM.S1AMN211,2005.07,123.1,,F,Dollars,6,Electronic Card Transactions (ANZSIC06) - ECT,Private - Values - Electronic card transactions  A/S/T by industry,Actual,Travel Agency & Tour Arrangement Services,,,
4062,ECTM.S1AMN211,2005.08,128.9,,F,Dollars,6,Electronic Card Transactions (ANZSIC06) - ECT,Private - Values - Electronic card transactions  A/S/T by industry,Actual,Travel Agency & Tour Arrangement Services,,,
4063,ECTM.S1AMN211,2005.09,116.5,,F,Dollars,6,Electronic Card Transactions (ANZSIC06) - ECT,Private - Values - Electronic card transactions  A/S/T by industry,Actual,Travel Agency & Tour Arrangement Services,,,
4064,ECTM.S1AMN211,2005.1,102.1,,F,Dollars,6,Electronic Card Transactions (ANZSIC06) - ECT,Private - Values - Electronic card transactions  A/S/T by industry,Actual,Travel Agency & Tour Arrangement Services,,,
4065,ECTM.S1AMN211,2005.11,115.1,,F,Dollars,6,Electronic Card Transactions (ANZSIC06) - ECT,Private - Values - Electronic card transactions  A/S/T by industry,Actual,Travel Agency & Tour Arrangement Services,,,
4066,ECTM.S1AMN211,2005.12,125.8,,F,Dollars,6,Electronic Card Transactions (ANZSIC06) - ECT,Private - Values - Electronic card transactions  A/S/T by industry,Actual,Travel Agency & Tour Arrangement Services,,,
4067,ECTM.S1AMN211,2006.01,120.7,,F,Dollars,6,Electronic Card Transactions (ANZSIC06) - ECT,Private - Values - Electronic card transactions  A/S/T by industry,Actual,Travel Agency & Tour Arrangement Services,,,
4068,ECTM.S1AMN211,2006.02,125.6,,F,Dollars,6,Electronic Card Transactions (ANZSIC06) - ECT,Private - Values - Electronic card transactions  A/S/T by industry,Actual,Travel Agency & Tour Arrangement Services,,,
4069,ECTM.S1AMN211,2006.03,169.5,,F,Dollars,6,Electronic Card Transactions (ANZSIC06) - ECT,Private - Values - Electronic card transactions  A/S/T by industry,Actual,Travel Agency & Tour Arrangement Services,,,
4070,ECTM.S1AMN211,2006.04,132.9,,F,Dollars,6,Electronic Card Transactions (ANZSIC06) - ECT,Private - Values - Electronic card transactions  A/S/T by industry,Actual,Travel Agency & Tour Arrangement Services,,,
4071,ECTM.S1AMN211,2006.05,145.1,,F,Dollars,6,Electronic Card Transactions (ANZSIC06) - ECT,Private - Values - Electronic card transactions  A/S/T by industry,Actual,Travel Agency & Tour Arrangement Services,,,
4072,ECTM.S1AMN211,2006.06,129.1,,F,Dollars,6,Electronic Card Transactions (ANZSIC06) - ECT,Private - Values - Electronic card transactions  A/S/T by industry,Actual,Travel Agency & Tour Arrangement Services,,,
4073,ECTM.S1AMN211,2006.07,126.5,,F,Dollars,6,Electronic Card Transactions (ANZSIC06) - ECT,Private - Values - Electronic card transactions  A/S/T by industry,Actual,Travel Agency & Tour Arrangement Services,,,
4074,ECTM.S1AMN211,2006.08,137.3,,F,Dollars,6,Electronic Card Transactions (ANZSIC06) - ECT,Private - Values - Electronic card transactions  A/S/T by industry,Actual,Travel Agency & Tour Arrangement Services,,,
4075,ECTM.S1AMN211,2006.09,122.9,,F,Dollars,6,Electronic Card Transactions (ANZSIC06) - ECT,Private - Values - Electronic card transactions  A/S/T by industry,Actual,Travel Agency & Tour Arrangement Services,,,
4076,ECTM.S1AMN211,2006.1,119.6,,F,Dollars,6,Electronic Card Transactions (ANZSIC06) - ECT,Private - Values - Electronic card transactions  A/S/T by industry,Actual,Travel Agency & Tour Arrangement Services,,,
4077,ECTM.S1AMN211,2006.11,145.2,,F,Dollars,6,Electronic Card Transactions (ANZSIC06) - ECT,Private - Values - Electronic card transactions  A/S/T by industry,Actual,Travel Agency & Tour Arrangement Services,,,
4078,ECTM.S1AMN211,2006.12,137.3,,F,Dollars,6,Electronic Card Transactions (ANZSIC06) - ECT,Private - Values - Electronic card transactions  A/S/T by industry,Actual,Travel Agency & Tour Arrangement Services,,,
4079,ECTM.S1AMN211,2007.01,142.5,,F,Dollars,6,Electronic Card Transactions (ANZSIC06) - ECT,Private - Values - Electronic card transactions  A/S/T by industry,Actual,Travel Agency & Tour Arrangement Services,,,
4080,ECTM.S1AMN211,2007.02,150.9,,F,Dollars,6,Electronic Card Transactions (ANZSIC06) - ECT,Private - Values - Electronic card transactions  A/S/T by industry,Actual,Travel Agency & Tour Arrangement Services,,,
4081,ECTM.S1AMN211,2007.03,186.3,,F,Dollars,6,Electronic Card Transactions (ANZSIC06) - ECT,Private - Values - Electronic card transactions  A/S/T by industry,Actual,Travel Agency & Tour Arrangement Services,,,
4082,ECTM.S1AMN211,2007.04,140.6,,F,Dollars,6,Electronic Card Transactions (ANZSIC06) - ECT,Private - Values - Electronic card transactions  A/S/T by industry,Actual,Travel Agency & Tour Arrangement Services,,,
4083,ECTM.S1AMN211,2007.05,164.1,,F,Dollars,6,Electronic Card Transactions (ANZSIC06) - ECT,Private - Values - Electronic card transactions  A/S/T by industry,Actual,Travel Agency & Tour Arrangement Services,,,
4084,ECTM.S1AMN211,2007.06,141.1,,F,Dollars,6,Electronic Card Transactions (ANZSIC06) - ECT,Private - Values - Electronic card transactions  A/S/T by industry,Actual,Travel Agency & Tour Arrangement Services,,,
4085,ECTM.S1AMN211,2007.07,143.9,,F,Dollars,6,Electronic Card Transactions (ANZSIC06) - ECT,Private - Values - Electronic card transactions  A/S/T by industry,Actual,Travel Agency & Tour Arrangement Services,,,
4086,ECTM.S1AMN211,2007.08,152.6,,F,Dollars,6,Electronic Card Transactions (ANZSIC06) - ECT,Private - Values - Electronic card transactions  A/S/T by industry,Actual,Travel Agency & Tour Arrangement Services,,,
4087,ECTM.S1AMN211,2007.09,129.8,,F,Dollars,6,Electronic Card Transactions (ANZSIC06) - ECT,Private - Values - Electronic card transactions  A/S/T by industry,Actual,Travel Agency & Tour Arrangement Services,,,
4088,ECTM.S1AMN211,2007.1,140.5,,F,Dollars,6,Electronic Card Transactions (ANZSIC06) - ECT,Private - Values - Electronic card transactions  A/S/T by industry,Actual,Travel Agency & Tour Arrangement Services,,,
4089,ECTM.S1AMN211,2007.11,158.2,,F,Dollars,6,Electronic Card Transactions (ANZSIC06) - ECT,Private - Values - Electronic card transactions  A/S/T by industry,Actual,Travel Agency & Tour Arrangement Services,,,
4090,ECTM.S1AMN211,2007.12,154.4,,F,Dollars,6,Electronic Card Transactions (ANZSIC06) - ECT,Private - Values - Electronic card transactions  A/S/T by industry,Actual,Travel Agency & Tour Arrangement Services,,,
4091,ECTM.S1AMN211,2008.01,151.1,,F,Dollars,6,Electronic Card Transactions (ANZSIC06) - ECT,Private - Values - Electronic card transactions  A/S/T by industry,Actual,Travel Agency & Tour Arrangement Services,,,
4092,ECTM.S1AMN211,2008.02,172.2,,F,Dollars,6,Electronic Card Transactions (ANZSIC06) - ECT,Private - Values - Electronic card transactions  A/S/T by industry,Actual,Travel Agency & Tour Arrangement Services,,,
4093,ECTM.S1AMN211,2008.03,178.2,,F,Dollars,6,Electronic Card Transactions (ANZSIC06) - ECT,Private - Values - Electronic card transactions  A/S/T by industry,Actual,Travel Agency & Tour Arrangement Services,,,
4094,ECTM.S1AMN211,2008.04,156.3,,F,Dollars,6,Electronic Card Transactions (ANZSIC06) - ECT,Private - Values - Electronic card transactions  A/S/T by industry,Actual,Travel Agency & Tour Arrangement Services,,,
4095,ECTM.S1AMN211,2008.05,161.6,,F,Dollars,6,Electronic Card Transactions (ANZSIC06) - ECT,Private - Values - Electronic card transactions  A/S/T by industry,Actual,Travel Agency & Tour Arrangement Services,,,
4096,ECTM.S1AMN211,2008.06,145.6,,F,Dollars,6,Electronic Card Transactions (ANZSIC06) - ECT,Private - Values - Electronic card transactions  A/S/T by industry,Actual,Travel Agency & Tour Arrangement Services,,,
4097,ECTM.S1AMN211,2008.07,145.2,,F,Dollars,6,Electronic Card Transactions (ANZSIC06) - ECT,Private - Values - Electronic card transactions  A/S/T by industry,Actual,Travel Agency & Tour Arrangement Services,,,
4098,ECTM.S1AMN211,2008.08,135.5,,F,Dollars,6,Electronic Card Transactions (ANZSIC06) - ECT,Private - Values - Electronic card transactions  A/S/T by industry,Actual,Travel Agency & Tour Arrangement Services,,,
4099,ECTM.S1AMN211,2008.09,136.6,,F,Dollars,6,Electronic Card Transactions (ANZSIC06) - ECT,Private - Values - Electronic card transactions  A/S/T by industry,Actual,Travel Agency & Tour Arrangement Services,,,
4100,ECTM.S1AMN211,2008.1,127.6,,F,Dollars,6,Electronic Card Transactions (ANZSIC06) - ECT,Private - Values - Electronic card transactions  A/S/T by industry,Actual,Travel Agency & Tour Arrangement Services,,,
4101,ECTM.S1AMN211,2008.11,126.3,,F,Dollars,6,Electronic Card Transactions (ANZSIC06) - ECT,Private - Values - Electronic card transactions  A/S/T by industry,Actual,Travel Agency & Tour Arrangement Services,,,
4102,ECTM.S1AMN211,2008.12,125.0,,F,Dollars,6,Electronic Card Transactions (ANZSIC06) - ECT,Private - Values - Electronic card transactions  A/S/T by industry,Actual,Travel Agency & Tour Arrangement Services,,,
4103,ECTM.S1AMN211,2009.01,130.7,,F,Dollars,6,Electronic Card Transactions (ANZSIC06) - ECT,Private - Values - Electronic card transactions  A/S/T by industry,Actual,Travel Agency & Tour Arrangement Services,,,
4104,ECTM.S1AMN211,2009.02,145.8,,F,Dollars,6,Electronic Card Transactions (ANZSIC06) - ECT,Private - Values - Electronic card transactions  A/S/T by industry,Actual,Travel Agency & Tour Arrangement Services,,,
4105,ECTM.S1AMN211,2009.03,152.4,,F,Dollars,6,Electronic Card Transactions (ANZSIC06) - ECT,Private - Values - Electronic card transactions  A/S/T by industry,Actual,Travel Agency & Tour Arrangement Services,,,
4106,ECTM.S1AMN211,2009.04,134.7,,F,Dollars,6,Electronic Card Transactions (ANZSIC06) - ECT,Private - Values - Electronic card transactions  A/S/T by industry,Actual,Travel Agency & Tour Arrangement Services,,,
4107,ECTM.S1AMN211,2009.05,136.4,,F,Dollars,6,Electronic Card Transactions (ANZSIC06) - ECT,Private - Values - Electronic card transactions  A/S/T by industry,Actual,Travel Agency & Tour Arrangement Services,,,
4108,ECTM.S1AMN211,2009.06,129.1,,F,Dollars,6,Electronic Card Transactions (ANZSIC06) - ECT,Private - Values - Electronic card transactions  A/S/T by industry,Actual,Travel Agency & Tour Arrangement Services,,,
4109,ECTM.S1AMN211,2009.07,139.6,,F,Dollars,6,Electronic Card Transactions (ANZSIC06) - ECT,Private - Values - Electronic card transactions  A/S/T by industry,Actual,Travel Agency & Tour Arrangement Services,,,
4110,ECTM.S1AMN211,2009.08,132.4,,F,Dollars,6,Electronic Card Transactions (ANZSIC06) - ECT,Private - Values - Electronic card transactions  A/S/T by industry,Actual,Travel Agency & Tour Arrangement Services,,,
4111,ECTM.S1AMN211,2009.09,125.3,,F,Dollars,6,Electronic Card Transactions (ANZSIC06) - ECT,Private - Values - Electronic card transactions  A/S/T by industry,Actual,Travel Agency & Tour Arrangement Services,,,
4112,ECTM.S1AMN211,2009.1,133.3,,F,Dollars,6,Electronic Card Transactions (ANZSIC06) - ECT,Private - Values - Electronic card transactions  A/S/T by industry,Actual,Travel Agency & Tour Arrangement Services,,,
4113,ECTM.S1AMN211,2009.11,131.5,,F,Dollars,6,Electronic Card Transactions (ANZSIC06) - ECT,Private - Values - Electronic card transactions  A/S/T by industry,Actual,Travel Agency & Tour Arrangement Services,,,
4114,ECTM.S1AMN211,2009.12,128.7,,F,Dollars,6,Electronic Card Transactions (ANZSIC06) - ECT,Private - Values - Electronic card transactions  A/S/T by industry,Actual,Travel Agency & Tour Arrangement Services,,,
4115,ECTM.S1AMN211,2010.01,138.9,,F,Dollars,6,Electronic Card Transactions (ANZSIC06) - ECT,Private - Values - Electronic card transactions  A/S/T by industry,Actual,Travel Agency & Tour Arrangement Services,,,
4116,ECTM.S1AMN211,2010.02,156.9,,F,Dollars,6,Electronic Card Transactions (ANZSIC06) - ECT,Private - Values - Electronic card transactions  A/S/T by industry,Actual,Travel Agency & Tour Arrangement Services,,,
4117,ECTM.S1AMN211,2010.03,175.7,,F,Dollars,6,Electronic Card Transactions (ANZSIC06) - ECT,Private - Values - Electronic card transactions  A/S/T by industry,Actual,Travel Agency & Tour Arrangement Services,,,
4118,ECTM.S1AMN211,2010.04,140.8,,F,Dollars,6,Electronic Card Transactions (ANZSIC06) - ECT,Private - Values - Electronic card transactions  A/S/T by industry,Actual,Travel Agency & Tour Arrangement Services,,,
4119,ECTM.S1AMN211,2010.05,141.8,,F,Dollars,6,Electronic Card Transactions (ANZSIC06) - ECT,Private - Values - Electronic card transactions  A/S/T by industry,Actual,Travel Agency & Tour Arrangement Services,,,
4120,ECTM.S1AMN211,2010.06,136.1,,F,Dollars,6,Electronic Card Transactions (ANZSIC06) - ECT,Private - Values - Electronic card transactions  A/S/T by industry,Actual,Travel Agency & Tour Arrangement Services,,,
4121,ECTM.S1AMN211,2010.07,130.5,,F,Dollars,6,Electronic Card Transactions (ANZSIC06) - ECT,Private - Values - Electronic card transactions  A/S/T by industry,Actual,Travel Agency & Tour Arrangement Services,,,
4122,ECTM.S1AMN211,2010.08,135.2,,F,Dollars,6,Electronic Card Transactions (ANZSIC06) - ECT,Private - Values - Electronic card transactions  A/S/T by industry,Actual,Travel Agency & Tour Arrangement Services,,,
4123,ECTM.S1AMN211,2010.09,125.1,,F,Dollars,6,Electronic Card Transactions (ANZSIC06) - ECT,Private - Values - Electronic card transactions  A/S/T by industry,Actual,Travel Agency & Tour Arrangement Services,,,
4124,ECTM.S1AMN211,2010.1,129.0,,F,Dollars,6,Electronic Card Transactions (ANZSIC06) - ECT,Private - Values - Electronic card transactions  A/S/T by industry,Actual,Travel Agency & Tour Arrangement Services,,,
4125,ECTM.S1AMN211,2010.11,144.4,,F,Dollars,6,Electronic Card Transactions (ANZSIC06) - ECT,Private - Values - Electronic card transactions  A/S/T by industry,Actual,Travel Agency & Tour Arrangement Services,,,
4126,ECTM.S1AMN211,2010.12,126.7,,F,Dollars,6,Electronic Card Transactions (ANZSIC06) - ECT,Private - Values - Electronic card transactions  A/S/T by industry,Actual,Travel Agency & Tour Arrangement Services,,,
4127,ECTM.S1AMN211,2011.01,138.9,,F,Dollars,6,Electronic Card Transactions (ANZSIC06) - ECT,Private - Values - Electronic card transactions  A/S/T by industry,Actual,Travel Agency & Tour Arrangement Services,,,
4128,ECTM.S1AMN211,2011.02,162.2,,F,Dollars,6,Electronic Card Transactions (ANZSIC06) - ECT,Private - Values - Electronic card transactions  A/S/T by industry,Actual,Travel Agency & Tour Arrangement Services,,,
4129,ECTM.S1AMN211,2011.03,173.1,,F,Dollars,6,Electronic Card Transactions (ANZSIC06) - ECT,Private - Values - Electronic card transactions  A/S/T by industry,Actual,Travel Agency & Tour Arrangement Services,,,
4130,ECTM.S1AMN211,2011.04,144.2,,F,Dollars,6,Electronic Card Transactions (ANZSIC06) - ECT,Private - Values - Electronic card transactions  A/S/T by industry,Actual,Travel Agency & Tour Arrangement Services,,,
4131,ECTM.S1AMN211,2011.05,155.5,,F,Dollars,6,Electronic Card Transactions (ANZSIC06) - ECT,Private - Values - Electronic card transactions  A/S/T by industry,Actual,Travel Agency & Tour Arrangement Services,,,
4132,ECTM.S1AMN211,2011.06,140.4,,F,Dollars,6,Electronic Card Transactions (ANZSIC06) - ECT,Private - Values - Electronic card transactions  A/S/T by industry,Actual,Travel Agency & Tour Arrangement Services,,,
4133,ECTM.S1AMN211,2011.07,128.8,,F,Dollars,6,Electronic Card Transactions (ANZSIC06) - ECT,Private - Values - Electronic card transactions  A/S/T by industry,Actual,Travel Agency & Tour Arrangement Services,,,
4134,ECTM.S1AMN211,2011.08,133.3,,F,Dollars,6,Electronic Card Transactions (ANZSIC06) - ECT,Private - Values - Electronic card transactions  A/S/T by industry,Actual,Travel Agency & Tour Arrangement Services,,,
4135,ECTM.S1AMN211,2011.09,123.7,,F,Dollars,6,Electronic Card Transactions (ANZSIC06) - ECT,Private - Values - Electronic card transactions  A/S/T by industry,Actual,Travel Agency & Tour Arrangement Services,,,
4136,ECTM.S1AMN211,2011.1,127.3,,F,Dollars,6,Electronic Card Transactions (ANZSIC06) - ECT,Private - Values - Electronic card transactions  A/S/T by industry,Actual,Travel Agency & Tour Arrangement Services,,,
4137,ECTM.S1AMN211,2011.11,145.9,,F,Dollars,6,Electronic Card Transactions (ANZSIC06) - ECT,Private - Values - Electronic card transactions  A/S/T by industry,Actual,Travel Agency & Tour Arrangement Services,,,
4138,ECTM.S1AMN211,2011.12,133.7,,F,Dollars,6,Electronic Card Transactions (ANZSIC06) - ECT,Private - Values - Electronic card transactions  A/S/T by industry,Actual,Travel Agency & Tour Arrangement Services,,,
4139,ECTM.S1AMN211,2012.01,145.5,,F,Dollars,6,Electronic Card Transactions (ANZSIC06) - ECT,Private - Values - Electronic card transactions  A/S/T by industry,Actual,Travel Agency & Tour Arrangement Services,,,
4140,ECTM.S1AMN211,2012.02,170.3,,F,Dollars,6,Electronic Card Transactions (ANZSIC06) - ECT,Private - Values - Electronic card transactions  A/S/T by industry,Actual,Travel Agency & Tour Arrangement Services,,,
4141,ECTM.S1AMN211,2012.03,165.4,,F,Dollars,6,Electronic Card Transactions (ANZSIC06) - ECT,Private - Values - Electronic card transactions  A/S/T by industry,Actual,Travel Agency & Tour Arrangement Services,,,
4142,ECTM.S1AMN211,2012.04,142.4,,F,Dollars,6,Electronic Card Transactions (ANZSIC06) - ECT,Private - Values - Electronic card transactions  A/S/T by industry,Actual,Travel Agency & Tour Arrangement Services,,,
4143,ECTM.S1AMN211,2012.05,153.8,,F,Dollars,6,Electronic Card Transactions (ANZSIC06) - ECT,Private - Values - Electronic card transactions  A/S/T by industry,Actual,Travel Agency & Tour Arrangement Services,,,
4144,ECTM.S1AMN211,2012.06,141.8,,F,Dollars,6,Electronic Card Transactions (ANZSIC06) - ECT,Private - Values - Electronic card transactions  A/S/T by industry,Actual,Travel Agency & Tour Arrangement Services,,,
4145,ECTM.S1AMN211,2012.07,121.4,,F,Dollars,6,Electronic Card Transactions (ANZSIC06) - ECT,Private - Values - Electronic card transactions  A/S/T by industry,Actual,Travel Agency & Tour Arrangement Services,,,
4146,ECTM.S1AMN211,2012.08,127.3,,F,Dollars,6,Electronic Card Transactions (ANZSIC06) - ECT,Private - Values - Electronic card transactions  A/S/T by industry,Actual,Travel Agency & Tour Arrangement Services,,,
4147,ECTM.S1AMN211,2012.09,111.2,,F,Dollars,6,Electronic Card Transactions (ANZSIC06) - ECT,Private - Values - Electronic card transactions  A/S/T by industry,Actual,Travel Agency & Tour Arrangement Services,,,
4148,ECTM.S1AMN211,2012.1,124.9,,F,Dollars,6,Electronic Card Transactions (ANZSIC06) - ECT,Private - Values - Electronic card transactions  A/S/T by industry,Actual,Travel Agency & Tour Arrangement Services,,,
4149,ECTM.S1AMN211,2012.11,129.6,,F,Dollars,6,Electronic Card Transactions (ANZSIC06) - ECT,Private - Values - Electronic card transactions  A/S/T by industry,Actual,Travel Agency & Tour Arrangement Services,,,
4150,ECTM.S1AMN211,2012.12,115.9,,F,Dollars,6,Electronic Card Transactions (ANZSIC06) - ECT,Private - Values - Electronic card transactions  A/S/T by industry,Actual,Travel Agency & Tour Arrangement Services,,,
4151,ECTM.S1AMN211,2013.01,135.3,,F,Dollars,6,Electronic Card Transactions (ANZSIC06) - ECT,Private - Values - Electronic card transactions  A/S/T by industry,Actual,Travel Agency & Tour Arrangement Services,,,
4152,ECTM.S1AMN211,2013.02,159.9,,F,Dollars,6,Electronic Card Transactions (ANZSIC06) - ECT,Private - Values - Electronic card transactions  A/S/T by industry,Actual,Travel Agency & Tour Arrangement Services,,,
4153,ECTM.S1AMN211,2013.03,151.2,,F,Dollars,6,Electronic Card Transactions (ANZSIC06) - ECT,Private - Values - Electronic card transactions  A/S/T by industry,Actual,Travel Agency & Tour Arrangement Services,,,
4154,ECTM.S1AMN211,2013.04,138.4,,F,Dollars,6,Electronic Card Transactions (ANZSIC06) - ECT,Private - Values - Electronic card transactions  A/S/T by industry,Actual,Travel Agency & Tour Arrangement Services,,,
4155,ECTM.S1AMN211,2013.05,136.5,,F,Dollars,6,Electronic Card Transactions (ANZSIC06) - ECT,Private - Values - Electronic card transactions  A/S/T by industry,Actual,Travel Agency & Tour Arrangement Services,,,
4156,ECTM.S1AMN211,2013.06,124.6,,F,Dollars,6,Electronic Card Transactions (ANZSIC06) - ECT,Private - Values - Electronic card transactions  A/S/T by industry,Actual,Travel Agency & Tour Arrangement Services,,,
4157,ECTM.S1AMN211,2013.07,129.4,,F,Dollars,6,Electronic Card Transactions (ANZSIC06) - ECT,Private - Values - Electronic card transactions  A/S/T by industry,Actual,Travel Agency & Tour Arrangement Services,,,
4158,ECTM.S1AMN211,2013.08,126.2,,F,Dollars,6,Electronic Card Transactions (ANZSIC06) - ECT,Private - Values - Electronic card transactions  A/S/T by industry,Actual,Travel Agency & Tour Arrangement Services,,,
4159,ECTM.S1AMN211,2013.09,111.9,,F,Dollars,6,Electronic Card Transactions (ANZSIC06) - ECT,Private - Values - Electronic card transactions  A/S/T by industry,Actual,Travel Agency & Tour Arrangement Services,,,
4160,ECTM.S1AMN211,2013.1,127.3,,F,Dollars,6,Electronic Card Transactions (ANZSIC06) - ECT,Private - Values - Electronic card transactions  A/S/T by industry,Actual,Travel Agency & Tour Arrangement Services,,,
4161,ECTM.S1AMN211,2013.11,125.0,,F,Dollars,6,Electronic Card Transactions (ANZSIC06) - ECT,Private - Values - Electronic card transactions  A/S/T by industry,Actual,Travel Agency & Tour Arrangement Services,,,
4162,ECTM.S1AMN211,2013.12,116.1,,F,Dollars,6,Electronic Card Transactions (ANZSIC06) - ECT,Private - Values - Electronic card transactions  A/S/T by industry,Actual,Travel Agency & Tour Arrangement Services,,,
4163,ECTM.S1AMN211,2014.01,144.3,,F,Dollars,6,Electronic Card Transactions (ANZSIC06) - ECT,Private - Values - Electronic card transactions  A/S/T by industry,Actual,Travel Agency & Tour Arrangement Services,,,
4164,ECTM.S1AMN211,2014.02,159.4,,F,Dollars,6,Electronic Card Transactions (ANZSIC06) - ECT,Private - Values - Electronic card transactions  A/S/T by industry,Actual,Travel Agency & Tour Arrangement Services,,,
4165,ECTM.S1AMN211,2014.03,154.5,,F,Dollars,6,Electronic Card Transactions (ANZSIC06) - ECT,Private - Values - Electronic card transactions  A/S/T by industry,Actual,Travel Agency & Tour Arrangement Services,,,
4166,ECTM.S1AMN211,2014.04,133.2,,F,Dollars,6,Electronic Card Transactions (ANZSIC06) - ECT,Private - Values - Electronic card transactions  A/S/T by industry,Actual,Travel Agency & Tour Arrangement Services,,,
4167,ECTM.S1AMN211,2014.05,135.2,,F,Dollars,6,Electronic Card Transactions (ANZSIC06) - ECT,Private - Values - Electronic card transactions  A/S/T by industry,Actual,Travel Agency & Tour Arrangement Services,,,
4168,ECTM.S1AMN211,2014.06,123.8,,F,Dollars,6,Electronic Card Transactions (ANZSIC06) - ECT,Private - Values - Electronic card transactions  A/S/T by industry,Actual,Travel Agency & Tour Arrangement Services,,,
4169,ECTM.S1AMN211,2014.07,127.1,,F,Dollars,6,Electronic Card Transactions (ANZSIC06) - ECT,Private - Values - Electronic card transactions  A/S/T by industry,Actual,Travel Agency & Tour Arrangement Services,,,
4170,ECTM.S1AMN211,2014.08,124.1,,F,Dollars,6,Electronic Card Transactions (ANZSIC06) - ECT,Private - Values - Electronic card transactions  A/S/T by industry,Actual,Travel Agency & Tour Arrangement Services,,,
4171,ECTM.S1AMN211,2014.09,117.4,,F,Dollars,6,Electronic Card Transactions (ANZSIC06) - ECT,Private - Values - Electronic card transactions  A/S/T by industry,Actual,Travel Agency & Tour Arrangement Services,,,
4172,ECTM.S1AMN211,2014.1,130.9,,F,Dollars,6,Electronic Card Transactions (ANZSIC06) - ECT,Private - Values - Electronic card transactions  A/S/T by industry,Actual,Travel Agency & Tour Arrangement Services,,,
4173,ECTM.S1AMN211,2014.11,122.7,,F,Dollars,6,Electronic Card Transactions (ANZSIC06) - ECT,Private - Values - Electronic card transactions  A/S/T by industry,Actual,Travel Agency & Tour Arrangement Services,,,
4174,ECTM.S1AMN211,2014.12,127.6,,F,Dollars,6,Electronic Card Transactions (ANZSIC06) - ECT,Private - Values - Electronic card transactions  A/S/T by industry,Actual,Travel Agency & Tour Arrangement Services,,,
4175,ECTM.S1AMN211,2015.01,152.1,,F,Dollars,6,Electronic Card Transactions (ANZSIC06) - ECT,Private - Values - Electronic card transactions  A/S/T by industry,Actual,Travel Agency & Tour Arrangement Services,,,
4176,ECTM.S1AMN211,2015.02,162.5,,F,Dollars,6,Electronic Card Transactions (ANZSIC06) - ECT,Private - Values - Electronic card transactions  A/S/T by industry,Actual,Travel Agency & Tour Arrangement Services,,,
4177,ECTM.S1AMN211,2015.03,157.8,,F,Dollars,6,Electronic Card Transactions (ANZSIC06) - ECT,Private - Values - Electronic card transactions  A/S/T by industry,Actual,Travel Agency & Tour Arrangement Services,,,
4178,ECTM.S1AMN211,2015.04,134.9,,F,Dollars,6,Electronic Card Transactions (ANZSIC06) - ECT,Private - Values - Electronic card transactions  A/S/T by industry,Actual,Travel Agency & Tour Arrangement Services,,,
4179,ECTM.S1AMN211,2015.05,135.3,,F,Dollars,6,Electronic Card Transactions (ANZSIC06) - ECT,Private - Values - Electronic card transactions  A/S/T by industry,Actual,Travel Agency & Tour Arrangement Services,,,
4180,ECTM.S1AMN211,2015.06,132.2,,F,Dollars,6,Electronic Card Transactions (ANZSIC06) - ECT,Private - Values - Electronic card transactions  A/S/T by industry,Actual,Travel Agency & Tour Arrangement Services,,,
4181,ECTM.S1AMN211,2015.07,130.6,,F,Dollars,6,Electronic Card Transactions (ANZSIC06) - ECT,Private - Values - Electronic card transactions  A/S/T by industry,Actual,Travel Agency & Tour Arrangement Services,,,
4182,ECTM.S1AMN211,2015.08,130.8,,F,Dollars,6,Electronic Card Transactions (ANZSIC06) - ECT,Private - Values - Electronic card transactions  A/S/T by industry,Actual,Travel Agency & Tour Arrangement Services,,,
4183,ECTM.S1AMN211,2015.09,122.8,,F,Dollars,6,Electronic Card Transactions (ANZSIC06) - ECT,Private - Values - Electronic card transactions  A/S/T by industry,Actual,Travel Agency & Tour Arrangement Services,,,
4184,ECTM.S1AMN211,2015.1,129.5,,F,Dollars,6,Electronic Card Transactions (ANZSIC06) - ECT,Private - Values - Electronic card transactions  A/S/T by industry,Actual,Travel Agency & Tour Arrangement Services,,,
4185,ECTM.S1AMN211,2015.11,131.4,,F,Dollars,6,Electronic Card Transactions (ANZSIC06) - ECT,Private - Values - Electronic card transactions  A/S/T by industry,Actual,Travel Agency & Tour Arrangement Services,,,
4186,ECTM.S1AMN211,2015.12,129.5,,F,Dollars,6,Electronic Card Transactions (ANZSIC06) - ECT,Private - Values - Electronic card transactions  A/S/T by industry,Actual,Travel Agency & Tour Arrangement Services,,,
4187,ECTM.S1AMN211,2016.01,151.4,,F,Dollars,6,Electronic Card Transactions (ANZSIC06) - ECT,Private - Values - Electronic card transactions  A/S/T by industry,Actual,Travel Agency & Tour Arrangement Services,,,
4188,ECTM.S1AMN211,2016.02,173.1,,F,Dollars,6,Electronic Card Transactions (ANZSIC06) - ECT,Private - Values - Electronic card transactions  A/S/T by industry,Actual,Travel Agency & Tour Arrangement Services,,,
4189,ECTM.S1AMN211,2016.03,166.0,,F,Dollars,6,Electronic Card Transactions (ANZSIC06) - ECT,Private - Values - Electronic card transactions  A/S/T by industry,Actual,Travel Agency & Tour Arrangement Services,,,
4190,ECTM.S1AMN211,2016.04,146.6,,F,Dollars,6,Electronic Card Transactions (ANZSIC06) - ECT,Private - Values - Electronic card transactions  A/S/T by industry,Actual,Travel Agency & Tour Arrangement Services,,,
4191,ECTM.S1AMN211,2016.05,145.7,,F,Dollars,6,Electronic Card Transactions (ANZSIC06) - ECT,Private - Values - Electronic card transactions  A/S/T by industry,Actual,Travel Agency & Tour Arrangement Services,,,
4192,ECTM.S1AMN211,2016.06,134.0,,F,Dollars,6,Electronic Card Transactions (ANZSIC06) - ECT,Private - Values - Electronic card transactions  A/S/T by industry,Actual,Travel Agency & Tour Arrangement Services,,,
4193,ECTM.S1AMN211,2016.07,130.8,,F,Dollars,6,Electronic Card Transactions (ANZSIC06) - ECT,Private - Values - Electronic card transactions  A/S/T by industry,Actual,Travel Agency & Tour Arrangement Services,,,
4194,ECTM.S1AMN211,2016.08,128.6,,F,Dollars,6,Electronic Card Transactions (ANZSIC06) - ECT,Private - Values - Electronic card transactions  A/S/T by industry,Actual,Travel Agency & Tour Arrangement Services,,,
4195,ECTM.S1AMN211,2016.09,143.9,,F,Dollars,6,Electronic Card Transactions (ANZSIC06) - ECT,Private - Values - Electronic card transactions  A/S/T by industry,Actual,Travel Agency & Tour Arrangement Services,,,
4196,ECTM.S1AMN211,2016.1,134.6,,F,Dollars,6,Electronic Card Transactions (ANZSIC06) - ECT,Private - Values - Electronic card transactions  A/S/T by industry,Actual,Travel Agency & Tour Arrangement Services,,,
4197,ECTM.S1AMN211,2016.11,132.9,,F,Dollars,6,Electronic Card Transactions (ANZSIC06) - ECT,Private - Values - Electronic card transactions  A/S/T by industry,Actual,Travel Agency & Tour Arrangement Services,,,
4198,ECTM.S1AMN211,2016.12,132.8,,F,Dollars,6,Electronic Card Transactions (ANZSIC06) - ECT,Private - Values - Electronic card transactions  A/S/T by industry,Actual,Travel Agency & Tour Arrangement Services,,,
4199,ECTM.S1AMN211,2017.01,173.2,,F,Dollars,6,Electronic Card Transactions (ANZSIC06) - ECT,Private - Values - Electronic card transactions  A/S/T by industry,Actual,Travel Agency & Tour Arrangement Services,,,
4200,ECTM.S1AMN211,2017.02,184.3,,F,Dollars,6,Electronic Card Transactions (ANZSIC06) - ECT,Private - Values - Electronic card transactions  A/S/T by industry,Actual,Travel Agency & Tour Arrangement Services,,,
4201,ECTM.S1AMN211,2017.03,186.6,,F,Dollars,6,Electronic Card Transactions (ANZSIC06) - ECT,Private - Values - Electronic card transactions  A/S/T by industry,Actual,Travel Agency & Tour Arrangement Services,,,
4202,ECTM.S1AMN211,2017.04,154.8,,F,Dollars,6,Electronic Card Transactions (ANZSIC06) - ECT,Private - Values - Electronic card transactions  A/S/T by industry,Actual,Travel Agency & Tour Arrangement Services,,,
4203,ECTM.S1AMN211,2017.05,160.2,,F,Dollars,6,Electronic Card Transactions (ANZSIC06) - ECT,Private - Values - Electronic card transactions  A/S/T by industry,Actual,Travel Agency & Tour Arrangement Services,,,
4204,ECTM.S1AMN211,2017.06,149.6,,F,Dollars,6,Electronic Card Transactions (ANZSIC06) - ECT,Private - Values - Electronic card transactions  A/S/T by industry,Actual,Travel Agency & Tour Arrangement Services,,,
4205,ECTM.S1AMN211,2017.07,143.3,,F,Dollars,6,Electronic Card Transactions (ANZSIC06) - ECT,Private - Values - Electronic card transactions  A/S/T by industry,Actual,Travel Agency & Tour Arrangement Services,,,
4206,ECTM.S1AMN211,2017.08,144.7,,F,Dollars,6,Electronic Card Transactions (ANZSIC06) - ECT,Private - Values - Electronic card transactions  A/S/T by industry,Actual,Travel Agency & Tour Arrangement Services,,,
4207,ECTM.S1AMN211,2017.09,151.5,,F,Dollars,6,Electronic Card Transactions (ANZSIC06) - ECT,Private - Values - Electronic card transactions  A/S/T by industry,Actual,Travel Agency & Tour Arrangement Services,,,
4208,ECTM.S1AMN211,2017.1,148.1,,F,Dollars,6,Electronic Card Transactions (ANZSIC06) - ECT,Private - Values - Electronic card transactions  A/S/T by industry,Actual,Travel Agency & Tour Arrangement Services,,,
4209,ECTM.S1AMN211,2017.11,162.5,,F,Dollars,6,Electronic Card Transactions (ANZSIC06) - ECT,Private - Values - Electronic card transactions  A/S/T by industry,Actual,Travel Agency & Tour Arrangement Services,,,
4210,ECTM.S1AMN211,2017.12,149.0,,F,Dollars,6,Electronic Card Transactions (ANZSIC06) - ECT,Private - Values - Electronic card transactions  A/S/T by industry,Actual,Travel Agency & Tour Arrangement Services,,,
4211,ECTM.S1AMN211,2018.01,181.6,,F,Dollars,6,Electronic Card Transactions (ANZSIC06) - ECT,Private - Values - Electronic card transactions  A/S/T by industry,Actual,Travel Agency & Tour Arrangement Services,,,
4212,ECTM.S1AMN211,2018.02,188.0,,F,Dollars,6,Electronic Card Transactions (ANZSIC06) - ECT,Private - Values - Electronic card transactions  A/S/T by industry,Actual,Travel Agency & Tour Arrangement Services,,,
4213,ECTM.S1AMN211,2018.03,180.8,,F,Dollars,6,Electronic Card Transactions (ANZSIC06) - ECT,Private - Values - Electronic card transactions  A/S/T by industry,Actual,Travel Agency & Tour Arrangement Services,,,
4214,ECTM.S1AMN211,2018.04,157.2,,F,Dollars,6,Electronic Card Transactions (ANZSIC06) - ECT,Private - Values - Electronic card transactions  A/S/T by industry,Actual,Travel Agency & Tour Arrangement Services,,,
4215,ECTM.S1AMN211,2018.05,163.5,,F,Dollars,6,Electronic Card Transactions (ANZSIC06) - ECT,Private - Values - Electronic card transactions  A/S/T by industry,Actual,Travel Agency & Tour Arrangement Services,,,
4216,ECTM.S1AMN211,2018.06,144.7,,F,Dollars,6,Electronic Card Transactions (ANZSIC06) - ECT,Private - Values - Electronic card transactions  A/S/T by industry,Actual,Travel Agency & Tour Arrangement Services,,,
4217,ECTM.S1AMN211,2018.07,145.2,,F,Dollars,6,Electronic Card Transactions (ANZSIC06) - ECT,Private - Values - Electronic card transactions  A/S/T by industry,Actual,Travel Agency & Tour Arrangement Services,,,
4218,ECTM.S1AMN211,2018.08,149.6,,F,Dollars,6,Electronic Card Transactions (ANZSIC06) - ECT,Private - Values - Electronic card transactions  A/S/T by industry,Actual,Travel Agency & Tour Arrangement Services,,,
4219,ECTM.S1AMN211,2018.09,150.0,,F,Dollars,6,Electronic Card Transactions (ANZSIC06) - ECT,Private - Values - Electronic card transactions  A/S/T by industry,Actual,Travel Agency & Tour Arrangement Services,,,
4220,ECTM.S1AMN211,2018.1,152.7,,F,Dollars,6,Electronic Card Transactions (ANZSIC06) - ECT,Private - Values - Electronic card transactions  A/S/T by industry,Actual,Travel Agency & Tour Arrangement Services,,,
4221,ECTM.S1AMN211,2018.11,154.0,,F,Dollars,6,Electronic Card Transactions (ANZSIC06) - ECT,Private - Values - Electronic card transactions  A/S/T by industry,Actual,Travel Agency & Tour Arrangement Services,,,
4222,ECTM.S1AMN211,2018.12,143.5,,F,Dollars,6,Electronic Card Transactions (ANZSIC06) - ECT,Private - Values - Electronic card transactions  A/S/T by industry,Actual,Travel Agency & Tour Arrangement Services,,,
4223,ECTM.S1AMN211,2019.01,188.4,,F,Dollars,6,Electronic Card Transactions (ANZSIC06) - ECT,Private - Values - Electronic card transactions  A/S/T by industry,Actual,Travel Agency & Tour Arrangement Services,,,
4224,ECTM.S1AMN211,2019.02,191.9,,F,Dollars,6,Electronic Card Transactions (ANZSIC06) - ECT,Private - Values - Electronic card transactions  A/S/T by industry,Actual,Travel Agency & Tour Arrangement Services,,,
4225,ECTM.S1AMN211,2019.03,180.4,,F,Dollars,6,Electronic Card Transactions (ANZSIC06) - ECT,Private - Values - Electronic card transactions  A/S/T by industry,Actual,Travel Agency & Tour Arrangement Services,,,
4226,ECTM.S1AMN211,2019.04,160.8,,F,Dollars,6,Electronic Card Transactions (ANZSIC06) - ECT,Private - Values - Electronic card transactions  A/S/T by industry,Actual,Travel Agency & Tour Arrangement Services,,,
4227,ECTM.S1AMN211,2019.05,164.6,,F,Dollars,6,Electronic Card Transactions (ANZSIC06) - ECT,Private - Values - Electronic card transactions  A/S/T by industry,Actual,Travel Agency & Tour Arrangement Services,,,
4228,ECTM.S1AMN211,2019.06,141.5,,F,Dollars,6,Electronic Card Transactions (ANZSIC06) - ECT,Private - Values - Electronic card transactions  A/S/T by industry,Actual,Travel Agency & Tour Arrangement Services,,,
4229,ECTM.S1AMN211,2019.07,143.1,,F,Dollars,6,Electronic Card Transactions (ANZSIC06) - ECT,Private - Values - Electronic card transactions  A/S/T by industry,Actual,Travel Agency & Tour Arrangement Services,,,
4230,ECTM.S1AMN211,2019.08,147.9,,F,Dollars,6,Electronic Card Transactions (ANZSIC06) - ECT,Private - Values - Electronic card transactions  A/S/T by industry,Actual,Travel Agency & Tour Arrangement Services,,,
4231,ECTM.S1AMN211,2019.09,153.2,,F,Dollars,6,Electronic Card Transactions (ANZSIC06) - ECT,Private - Values - Electronic card transactions  A/S/T by industry,Actual,Travel Agency & Tour Arrangement Services,,,
4232,ECTM.S1AMN211,2019.1,148.4,,F,Dollars,6,Electronic Card Transactions (ANZSIC06) - ECT,Private - Values - Electronic card transactions  A/S/T by industry,Actual,Travel Agency & Tour Arrangement Services,,,
4233,ECTM.S1AMN211,2019.11,151.8,,F,Dollars,6,Electronic Card Transactions (ANZSIC06) - ECT,Private - Values - Electronic card transactions  A/S/T by industry,Actual,Travel Agency & Tour Arrangement Services,,,
4234,ECTM.S1AMN211,2019.12,141.4,,F,Dollars,6,Electronic Card Transactions (ANZSIC06) - ECT,Private - Values - Electronic card transactions  A/S/T by industry,Actual,Travel Agency & Tour Arrangement Services,,,
4235,ECTM.S1AMN211,2020.01,174.7,,F,Dollars,6,Electronic Card Transactions (ANZSIC06) - ECT,Private - Values - Electronic card transactions  A/S/T by industry,Actual,Travel Agency & Tour Arrangement Services,,,
4236,ECTM.S1AMN211,2020.02,155.5,,F,Dollars,6,Electronic Card Transactions (ANZSIC06) - ECT,Private - Values - Electronic card transactions  A/S/T by industry,Actual,Travel Agency & Tour Arrangement Services,,,
4237,ECTM.S1AMN211,2020.03,63.0,,F,Dollars,6,Electronic Card Transactions (ANZSIC06) - ECT,Private - Values - Electronic card transactions  A/S/T by industry,Actual,Travel Agency & Tour Arrangement Services,,,
4238,ECTM.S1AMN211,2020.04,-1.4,,F,Dollars,6,Electronic Card Transactions (ANZSIC06) - ECT,Private - Values - Electronic card transactions  A/S/T by industry,Actual,Travel Agency & Tour Arrangement Services,,,
4239,ECTM.S1AMN211,2020.05,2.4,,F,Dollars,6,Electronic Card Transactions (ANZSIC06) - ECT,Private - Values - Electronic card transactions  A/S/T by industry,Actual,Travel Agency & Tour Arrangement Services,,,
4240,ECTM.S1AMN211,2020.06,5.5,,F,Dollars,6,Electronic Card Transactions (ANZSIC06) - ECT,Private - Values - Electronic card transactions  A/S/T by industry,Actual,Travel Agency & Tour Arrangement Services,,,
4241,ECTM.S1AMN211,2020.07,12.3,,F,Dollars,6,Electronic Card Transactions (ANZSIC06) - ECT,Private - Values - Electronic card transactions  A/S/T by industry,Actual,Travel Agency & Tour Arrangement Services,,,
4242,ECTM.S1SMN211,2007.03,157.4,,R,Dollars,6,Electronic Card Transactions (ANZSIC06) - ECT,Private - Values - Electronic card transactions  A/S/T by industry,Seasonally adjusted,Travel Agency & Tour Arrangement Services,,,
4243,ECTM.S1SMN211,2007.04,140.7,,R,Dollars,6,Electronic Card Transactions (ANZSIC06) - ECT,Private - Values - Electronic card transactions  A/S/T by industry,Seasonally adjusted,Travel Agency & Tour Arrangement Services,,,
4244,ECTM.S1SMN211,2007.05,153.8,,R,Dollars,6,Electronic Card Transactions (ANZSIC06) - ECT,Private - Values - Electronic card transactions  A/S/T by industry,Seasonally adjusted,Travel Agency & Tour Arrangement Services,,,
4245,ECTM.S1SMN211,2007.06,147.0,,R,Dollars,6,Electronic Card Transactions (ANZSIC06) - ECT,Private - Values - Electronic card transactions  A/S/T by industry,Seasonally adjusted,Travel Agency & Tour Arrangement Services,,,
4246,ECTM.S1SMN211,2007.07,148.7,,R,Dollars,6,Electronic Card Transactions (ANZSIC06) - ECT,Private - Values - Electronic card transactions  A/S/T by industry,Seasonally adjusted,Travel Agency & Tour Arrangement Services,,,
4247,ECTM.S1SMN211,2007.08,152.4,,R,Dollars,6,Electronic Card Transactions (ANZSIC06) - ECT,Private - Values - Electronic card transactions  A/S/T by industry,Seasonally adjusted,Travel Agency & Tour Arrangement Services,,,
4248,ECTM.S1SMN211,2007.09,150.6,,R,Dollars,6,Electronic Card Transactions (ANZSIC06) - ECT,Private - Values - Electronic card transactions  A/S/T by industry,Seasonally adjusted,Travel Agency & Tour Arrangement Services,,,
4249,ECTM.S1SMN211,2007.1,149.6,,R,Dollars,6,Electronic Card Transactions (ANZSIC06) - ECT,Private - Values - Electronic card transactions  A/S/T by industry,Seasonally adjusted,Travel Agency & Tour Arrangement Services,,,
4250,ECTM.S1SMN211,2007.11,158.1,,R,Dollars,6,Electronic Card Transactions (ANZSIC06) - ECT,Private - Values - Electronic card transactions  A/S/T by industry,Seasonally adjusted,Travel Agency & Tour Arrangement Services,,,
4251,ECTM.S1SMN211,2007.12,170.0,,R,Dollars,6,Electronic Card Transactions (ANZSIC06) - ECT,Private - Values - Electronic card transactions  A/S/T by industry,Seasonally adjusted,Travel Agency & Tour Arrangement Services,,,
4252,ECTM.S1SMN211,2008.01,150.1,,R,Dollars,6,Electronic Card Transactions (ANZSIC06) - ECT,Private - Values - Electronic card transactions  A/S/T by industry,Seasonally adjusted,Travel Agency & Tour Arrangement Services,,,
4253,ECTM.S1SMN211,2008.02,155.5,,R,Dollars,6,Electronic Card Transactions (ANZSIC06) - ECT,Private - Values - Electronic card transactions  A/S/T by industry,Seasonally adjusted,Travel Agency & Tour Arrangement Services,,,
4254,ECTM.S1SMN211,2008.03,153.1,,R,Dollars,6,Electronic Card Transactions (ANZSIC06) - ECT,Private - Values - Electronic card transactions  A/S/T by industry,Seasonally adjusted,Travel Agency & Tour Arrangement Services,,,
4255,ECTM.S1SMN211,2008.04,154.8,,R,Dollars,6,Electronic Card Transactions (ANZSIC06) - ECT,Private - Values - Electronic card transactions  A/S/T by industry,Seasonally adjusted,Travel Agency & Tour Arrangement Services,,,
4256,ECTM.S1SMN211,2008.05,151.4,,R,Dollars,6,Electronic Card Transactions (ANZSIC06) - ECT,Private - Values - Electronic card transactions  A/S/T by industry,Seasonally adjusted,Travel Agency & Tour Arrangement Services,,,
4257,ECTM.S1SMN211,2008.06,152.3,,R,Dollars,6,Electronic Card Transactions (ANZSIC06) - ECT,Private - Values - Electronic card transactions  A/S/T by industry,Seasonally adjusted,Travel Agency & Tour Arrangement Services,,,
4258,ECTM.S1SMN211,2008.07,147.8,,R,Dollars,6,Electronic Card Transactions (ANZSIC06) - ECT,Private - Values - Electronic card transactions  A/S/T by industry,Seasonally adjusted,Travel Agency & Tour Arrangement Services,,,
4259,ECTM.S1SMN211,2008.08,142.2,,R,Dollars,6,Electronic Card Transactions (ANZSIC06) - ECT,Private - Values - Electronic card transactions  A/S/T by industry,Seasonally adjusted,Travel Agency & Tour Arrangement Services,,,
4260,ECTM.S1SMN211,2008.09,150.7,,R,Dollars,6,Electronic Card Transactions (ANZSIC06) - ECT,Private - Values - Electronic card transactions  A/S/T by industry,Seasonally adjusted,Travel Agency & Tour Arrangement Services,,,
4261,ECTM.S1SMN211,2008.1,136.0,,R,Dollars,6,Electronic Card Transactions (ANZSIC06) - ECT,Private - Values - Electronic card transactions  A/S/T by industry,Seasonally adjusted,Travel Agency & Tour Arrangement Services,,,
4262,ECTM.S1SMN211,2008.11,133.6,,R,Dollars,6,Electronic Card Transactions (ANZSIC06) - ECT,Private - Values - Electronic card transactions  A/S/T by industry,Seasonally adjusted,Travel Agency & Tour Arrangement Services,,,
4263,ECTM.S1SMN211,2008.12,135.5,,R,Dollars,6,Electronic Card Transactions (ANZSIC06) - ECT,Private - Values - Electronic card transactions  A/S/T by industry,Seasonally adjusted,Travel Agency & Tour Arrangement Services,,,
4264,ECTM.S1SMN211,2009.01,129.9,,R,Dollars,6,Electronic Card Transactions (ANZSIC06) - ECT,Private - Values - Electronic card transactions  A/S/T by industry,Seasonally adjusted,Travel Agency & Tour Arrangement Services,,,
4265,ECTM.S1SMN211,2009.02,127.7,,R,Dollars,6,Electronic Card Transactions (ANZSIC06) - ECT,Private - Values - Electronic card transactions  A/S/T by industry,Seasonally adjusted,Travel Agency & Tour Arrangement Services,,,
4266,ECTM.S1SMN211,2009.03,125.7,,R,Dollars,6,Electronic Card Transactions (ANZSIC06) - ECT,Private - Values - Electronic card transactions  A/S/T by industry,Seasonally adjusted,Travel Agency & Tour Arrangement Services,,,
4267,ECTM.S1SMN211,2009.04,132.0,,R,Dollars,6,Electronic Card Transactions (ANZSIC06) - ECT,Private - Values - Electronic card transactions  A/S/T by industry,Seasonally adjusted,Travel Agency & Tour Arrangement Services,,,
4268,ECTM.S1SMN211,2009.05,130.5,,R,Dollars,6,Electronic Card Transactions (ANZSIC06) - ECT,Private - Values - Electronic card transactions  A/S/T by industry,Seasonally adjusted,Travel Agency & Tour Arrangement Services,,,
4269,ECTM.S1SMN211,2009.06,131.4,,R,Dollars,6,Electronic Card Transactions (ANZSIC06) - ECT,Private - Values - Electronic card transactions  A/S/T by industry,Seasonally adjusted,Travel Agency & Tour Arrangement Services,,,
4270,ECTM.S1SMN211,2009.07,141.8,,R,Dollars,6,Electronic Card Transactions (ANZSIC06) - ECT,Private - Values - Electronic card transactions  A/S/T by industry,Seasonally adjusted,Travel Agency & Tour Arrangement Services,,,
4271,ECTM.S1SMN211,2009.08,140.1,,R,Dollars,6,Electronic Card Transactions (ANZSIC06) - ECT,Private - Values - Electronic card transactions  A/S/T by industry,Seasonally adjusted,Travel Agency & Tour Arrangement Services,,,
4272,ECTM.S1SMN211,2009.09,141.8,,R,Dollars,6,Electronic Card Transactions (ANZSIC06) - ECT,Private - Values - Electronic card transactions  A/S/T by industry,Seasonally adjusted,Travel Agency & Tour Arrangement Services,,,
4273,ECTM.S1SMN211,2009.1,143.2,,R,Dollars,6,Electronic Card Transactions (ANZSIC06) - ECT,Private - Values - Electronic card transactions  A/S/T by industry,Seasonally adjusted,Travel Agency & Tour Arrangement Services,,,
4274,ECTM.S1SMN211,2009.11,135.0,,R,Dollars,6,Electronic Card Transactions (ANZSIC06) - ECT,Private - Values - Electronic card transactions  A/S/T by industry,Seasonally adjusted,Travel Agency & Tour Arrangement Services,,,
4275,ECTM.S1SMN211,2009.12,140.1,,R,Dollars,6,Electronic Card Transactions (ANZSIC06) - ECT,Private - Values - Electronic card transactions  A/S/T by industry,Seasonally adjusted,Travel Agency & Tour Arrangement Services,,,
4276,ECTM.S1SMN211,2010.01,142.1,,R,Dollars,6,Electronic Card Transactions (ANZSIC06) - ECT,Private - Values - Electronic card transactions  A/S/T by industry,Seasonally adjusted,Travel Agency & Tour Arrangement Services,,,
4277,ECTM.S1SMN211,2010.02,137.1,,R,Dollars,6,Electronic Card Transactions (ANZSIC06) - ECT,Private - Values - Electronic card transactions  A/S/T by industry,Seasonally adjusted,Travel Agency & Tour Arrangement Services,,,
4278,ECTM.S1SMN211,2010.03,146.2,,R,Dollars,6,Electronic Card Transactions (ANZSIC06) - ECT,Private - Values - Electronic card transactions  A/S/T by industry,Seasonally adjusted,Travel Agency & Tour Arrangement Services,,,
4279,ECTM.S1SMN211,2010.04,136.3,,R,Dollars,6,Electronic Card Transactions (ANZSIC06) - ECT,Private - Values - Electronic card transactions  A/S/T by industry,Seasonally adjusted,Travel Agency & Tour Arrangement Services,,,
4280,ECTM.S1SMN211,2010.05,135.7,,R,Dollars,6,Electronic Card Transactions (ANZSIC06) - ECT,Private - Values - Electronic card transactions  A/S/T by industry,Seasonally adjusted,Travel Agency & Tour Arrangement Services,,,
4281,ECTM.S1SMN211,2010.06,139.3,,R,Dollars,6,Electronic Card Transactions (ANZSIC06) - ECT,Private - Values - Electronic card transactions  A/S/T by industry,Seasonally adjusted,Travel Agency & Tour Arrangement Services,,,
4282,ECTM.S1SMN211,2010.07,135.5,,R,Dollars,6,Electronic Card Transactions (ANZSIC06) - ECT,Private - Values - Electronic card transactions  A/S/T by industry,Seasonally adjusted,Travel Agency & Tour Arrangement Services,,,
4283,ECTM.S1SMN211,2010.08,142.5,,R,Dollars,6,Electronic Card Transactions (ANZSIC06) - ECT,Private - Values - Electronic card transactions  A/S/T by industry,Seasonally adjusted,Travel Agency & Tour Arrangement Services,,,
4284,ECTM.S1SMN211,2010.09,141.2,,R,Dollars,6,Electronic Card Transactions (ANZSIC06) - ECT,Private - Values - Electronic card transactions  A/S/T by industry,Seasonally adjusted,Travel Agency & Tour Arrangement Services,,,
4285,ECTM.S1SMN211,2010.1,142.8,,R,Dollars,6,Electronic Card Transactions (ANZSIC06) - ECT,Private - Values - Electronic card transactions  A/S/T by industry,Seasonally adjusted,Travel Agency & Tour Arrangement Services,,,
4286,ECTM.S1SMN211,2010.11,144.9,,R,Dollars,6,Electronic Card Transactions (ANZSIC06) - ECT,Private - Values - Electronic card transactions  A/S/T by industry,Seasonally adjusted,Travel Agency & Tour Arrangement Services,,,
4287,ECTM.S1SMN211,2010.12,137.0,,R,Dollars,6,Electronic Card Transactions (ANZSIC06) - ECT,Private - Values - Electronic card transactions  A/S/T by industry,Seasonally adjusted,Travel Agency & Tour Arrangement Services,,,
4288,ECTM.S1SMN211,2011.01,140.4,,R,Dollars,6,Electronic Card Transactions (ANZSIC06) - ECT,Private - Values - Electronic card transactions  A/S/T by industry,Seasonally adjusted,Travel Agency & Tour Arrangement Services,,,
4289,ECTM.S1SMN211,2011.02,140.0,,R,Dollars,6,Electronic Card Transactions (ANZSIC06) - ECT,Private - Values - Electronic card transactions  A/S/T by industry,Seasonally adjusted,Travel Agency & Tour Arrangement Services,,,
4290,ECTM.S1SMN211,2011.03,145.0,,R,Dollars,6,Electronic Card Transactions (ANZSIC06) - ECT,Private - Values - Electronic card transactions  A/S/T by industry,Seasonally adjusted,Travel Agency & Tour Arrangement Services,,,
4291,ECTM.S1SMN211,2011.04,142.5,,R,Dollars,6,Electronic Card Transactions (ANZSIC06) - ECT,Private - Values - Electronic card transactions  A/S/T by industry,Seasonally adjusted,Travel Agency & Tour Arrangement Services,,,
4292,ECTM.S1SMN211,2011.05,148.3,,R,Dollars,6,Electronic Card Transactions (ANZSIC06) - ECT,Private - Values - Electronic card transactions  A/S/T by industry,Seasonally adjusted,Travel Agency & Tour Arrangement Services,,,
4293,ECTM.S1SMN211,2011.06,142.0,,R,Dollars,6,Electronic Card Transactions (ANZSIC06) - ECT,Private - Values - Electronic card transactions  A/S/T by industry,Seasonally adjusted,Travel Agency & Tour Arrangement Services,,,
4294,ECTM.S1SMN211,2011.07,139.3,,R,Dollars,6,Electronic Card Transactions (ANZSIC06) - ECT,Private - Values - Electronic card transactions  A/S/T by industry,Seasonally adjusted,Travel Agency & Tour Arrangement Services,,,
4295,ECTM.S1SMN211,2011.08,138.4,,R,Dollars,6,Electronic Card Transactions (ANZSIC06) - ECT,Private - Values - Electronic card transactions  A/S/T by industry,Seasonally adjusted,Travel Agency & Tour Arrangement Services,,,
4296,ECTM.S1SMN211,2011.09,139.2,,R,Dollars,6,Electronic Card Transactions (ANZSIC06) - ECT,Private - Values - Electronic card transactions  A/S/T by industry,Seasonally adjusted,Travel Agency & Tour Arrangement Services,,,
4297,ECTM.S1SMN211,2011.1,140.2,,R,Dollars,6,Electronic Card Transactions (ANZSIC06) - ECT,Private - Values - Electronic card transactions  A/S/T by industry,Seasonally adjusted,Travel Agency & Tour Arrangement Services,,,
4298,ECTM.S1SMN211,2011.11,148.9,,R,Dollars,6,Electronic Card Transactions (ANZSIC06) - ECT,Private - Values - Electronic card transactions  A/S/T by industry,Seasonally adjusted,Travel Agency & Tour Arrangement Services,,,
4299,ECTM.S1SMN211,2011.12,146.1,,R,Dollars,6,Electronic Card Transactions (ANZSIC06) - ECT,Private - Values - Electronic card transactions  A/S/T by industry,Seasonally adjusted,Travel Agency & Tour Arrangement Services,,,
4300,ECTM.S1SMN211,2012.01,143.0,,R,Dollars,6,Electronic Card Transactions (ANZSIC06) - ECT,Private - Values - Electronic card transactions  A/S/T by industry,Seasonally adjusted,Travel Agency & Tour Arrangement Services,,,
4301,ECTM.S1SMN211,2012.02,147.7,,R,Dollars,6,Electronic Card Transactions (ANZSIC06) - ECT,Private - Values - Electronic card transactions  A/S/T by industry,Seasonally adjusted,Travel Agency & Tour Arrangement Services,,,
4302,ECTM.S1SMN211,2012.03,138.4,,R,Dollars,6,Electronic Card Transactions (ANZSIC06) - ECT,Private - Values - Electronic card transactions  A/S/T by industry,Seasonally adjusted,Travel Agency & Tour Arrangement Services,,,
4303,ECTM.S1SMN211,2012.04,141.9,,R,Dollars,6,Electronic Card Transactions (ANZSIC06) - ECT,Private - Values - Electronic card transactions  A/S/T by industry,Seasonally adjusted,Travel Agency & Tour Arrangement Services,,,
4304,ECTM.S1SMN211,2012.05,144.8,,R,Dollars,6,Electronic Card Transactions (ANZSIC06) - ECT,Private - Values - Electronic card transactions  A/S/T by industry,Seasonally adjusted,Travel Agency & Tour Arrangement Services,,,
4305,ECTM.S1SMN211,2012.06,145.1,,R,Dollars,6,Electronic Card Transactions (ANZSIC06) - ECT,Private - Values - Electronic card transactions  A/S/T by industry,Seasonally adjusted,Travel Agency & Tour Arrangement Services,,,
4306,ECTM.S1SMN211,2012.07,130.5,,R,Dollars,6,Electronic Card Transactions (ANZSIC06) - ECT,Private - Values - Electronic card transactions  A/S/T by industry,Seasonally adjusted,Travel Agency & Tour Arrangement Services,,,
4307,ECTM.S1SMN211,2012.08,132.5,,R,Dollars,6,Electronic Card Transactions (ANZSIC06) - ECT,Private - Values - Electronic card transactions  A/S/T by industry,Seasonally adjusted,Travel Agency & Tour Arrangement Services,,,
4308,ECTM.S1SMN211,2012.09,135.2,,R,Dollars,6,Electronic Card Transactions (ANZSIC06) - ECT,Private - Values - Electronic card transactions  A/S/T by industry,Seasonally adjusted,Travel Agency & Tour Arrangement Services,,,
4309,ECTM.S1SMN211,2012.1,132.2,,R,Dollars,6,Electronic Card Transactions (ANZSIC06) - ECT,Private - Values - Electronic card transactions  A/S/T by industry,Seasonally adjusted,Travel Agency & Tour Arrangement Services,,,
4310,ECTM.S1SMN211,2012.11,130.9,,R,Dollars,6,Electronic Card Transactions (ANZSIC06) - ECT,Private - Values - Electronic card transactions  A/S/T by industry,Seasonally adjusted,Travel Agency & Tour Arrangement Services,,,
4311,ECTM.S1SMN211,2012.12,132.2,,R,Dollars,6,Electronic Card Transactions (ANZSIC06) - ECT,Private - Values - Electronic card transactions  A/S/T by industry,Seasonally adjusted,Travel Agency & Tour Arrangement Services,,,
4312,ECTM.S1SMN211,2013.01,127.5,,R,Dollars,6,Electronic Card Transactions (ANZSIC06) - ECT,Private - Values - Electronic card transactions  A/S/T by industry,Seasonally adjusted,Travel Agency & Tour Arrangement Services,,,
4313,ECTM.S1SMN211,2013.02,133.1,,R,Dollars,6,Electronic Card Transactions (ANZSIC06) - ECT,Private - Values - Electronic card transactions  A/S/T by industry,Seasonally adjusted,Travel Agency & Tour Arrangement Services,,,
4314,ECTM.S1SMN211,2013.03,129.5,,R,Dollars,6,Electronic Card Transactions (ANZSIC06) - ECT,Private - Values - Electronic card transactions  A/S/T by industry,Seasonally adjusted,Travel Agency & Tour Arrangement Services,,,
4315,ECTM.S1SMN211,2013.04,134.4,,R,Dollars,6,Electronic Card Transactions (ANZSIC06) - ECT,Private - Values - Electronic card transactions  A/S/T by industry,Seasonally adjusted,Travel Agency & Tour Arrangement Services,,,
4316,ECTM.S1SMN211,2013.05,127.4,,R,Dollars,6,Electronic Card Transactions (ANZSIC06) - ECT,Private - Values - Electronic card transactions  A/S/T by industry,Seasonally adjusted,Travel Agency & Tour Arrangement Services,,,
4317,ECTM.S1SMN211,2013.06,133.6,,R,Dollars,6,Electronic Card Transactions (ANZSIC06) - ECT,Private - Values - Electronic card transactions  A/S/T by industry,Seasonally adjusted,Travel Agency & Tour Arrangement Services,,,
4318,ECTM.S1SMN211,2013.07,135.7,,R,Dollars,6,Electronic Card Transactions (ANZSIC06) - ECT,Private - Values - Electronic card transactions  A/S/T by industry,Seasonally adjusted,Travel Agency & Tour Arrangement Services,,,
4319,ECTM.S1SMN211,2013.08,134.0,,R,Dollars,6,Electronic Card Transactions (ANZSIC06) - ECT,Private - Values - Electronic card transactions  A/S/T by industry,Seasonally adjusted,Travel Agency & Tour Arrangement Services,,,
4320,ECTM.S1SMN211,2013.09,132.0,,R,Dollars,6,Electronic Card Transactions (ANZSIC06) - ECT,Private - Values - Electronic card transactions  A/S/T by industry,Seasonally adjusted,Travel Agency & Tour Arrangement Services,,,
4321,ECTM.S1SMN211,2013.1,135.2,,R,Dollars,6,Electronic Card Transactions (ANZSIC06) - ECT,Private - Values - Electronic card transactions  A/S/T by industry,Seasonally adjusted,Travel Agency & Tour Arrangement Services,,,
4322,ECTM.S1SMN211,2013.11,130.4,,R,Dollars,6,Electronic Card Transactions (ANZSIC06) - ECT,Private - Values - Electronic card transactions  A/S/T by industry,Seasonally adjusted,Travel Agency & Tour Arrangement Services,,,
4323,ECTM.S1SMN211,2013.12,130.2,,R,Dollars,6,Electronic Card Transactions (ANZSIC06) - ECT,Private - Values - Electronic card transactions  A/S/T by industry,Seasonally adjusted,Travel Agency & Tour Arrangement Services,,,
4324,ECTM.S1SMN211,2014.01,131.9,,R,Dollars,6,Electronic Card Transactions (ANZSIC06) - ECT,Private - Values - Electronic card transactions  A/S/T by industry,Seasonally adjusted,Travel Agency & Tour Arrangement Services,,,
4325,ECTM.S1SMN211,2014.02,131.0,,R,Dollars,6,Electronic Card Transactions (ANZSIC06) - ECT,Private - Values - Electronic card transactions  A/S/T by industry,Seasonally adjusted,Travel Agency & Tour Arrangement Services,,,
4326,ECTM.S1SMN211,2014.03,133.1,,R,Dollars,6,Electronic Card Transactions (ANZSIC06) - ECT,Private - Values - Electronic card transactions  A/S/T by industry,Seasonally adjusted,Travel Agency & Tour Arrangement Services,,,
4327,ECTM.S1SMN211,2014.04,130.8,,R,Dollars,6,Electronic Card Transactions (ANZSIC06) - ECT,Private - Values - Electronic card transactions  A/S/T by industry,Seasonally adjusted,Travel Agency & Tour Arrangement Services,,,
4328,ECTM.S1SMN211,2014.05,129.8,,R,Dollars,6,Electronic Card Transactions (ANZSIC06) - ECT,Private - Values - Electronic card transactions  A/S/T by industry,Seasonally adjusted,Travel Agency & Tour Arrangement Services,,,
4329,ECTM.S1SMN211,2014.06,130.8,,R,Dollars,6,Electronic Card Transactions (ANZSIC06) - ECT,Private - Values - Electronic card transactions  A/S/T by industry,Seasonally adjusted,Travel Agency & Tour Arrangement Services,,,
4330,ECTM.S1SMN211,2014.07,134.4,,R,Dollars,6,Electronic Card Transactions (ANZSIC06) - ECT,Private - Values - Electronic card transactions  A/S/T by industry,Seasonally adjusted,Travel Agency & Tour Arrangement Services,,,
4331,ECTM.S1SMN211,2014.08,137.2,,R,Dollars,6,Electronic Card Transactions (ANZSIC06) - ECT,Private - Values - Electronic card transactions  A/S/T by industry,Seasonally adjusted,Travel Agency & Tour Arrangement Services,,,
4332,ECTM.S1SMN211,2014.09,132.9,,R,Dollars,6,Electronic Card Transactions (ANZSIC06) - ECT,Private - Values - Electronic card transactions  A/S/T by industry,Seasonally adjusted,Travel Agency & Tour Arrangement Services,,,
4333,ECTM.S1SMN211,2014.1,137.4,,R,Dollars,6,Electronic Card Transactions (ANZSIC06) - ECT,Private - Values - Electronic card transactions  A/S/T by industry,Seasonally adjusted,Travel Agency & Tour Arrangement Services,,,
4334,ECTM.S1SMN211,2014.11,133.9,,R,Dollars,6,Electronic Card Transactions (ANZSIC06) - ECT,Private - Values - Electronic card transactions  A/S/T by industry,Seasonally adjusted,Travel Agency & Tour Arrangement Services,,,
4335,ECTM.S1SMN211,2014.12,137.9,,R,Dollars,6,Electronic Card Transactions (ANZSIC06) - ECT,Private - Values - Electronic card transactions  A/S/T by industry,Seasonally adjusted,Travel Agency & Tour Arrangement Services,,,
4336,ECTM.S1SMN211,2015.01,138.2,,R,Dollars,6,Electronic Card Transactions (ANZSIC06) - ECT,Private - Values - Electronic card transactions  A/S/T by industry,Seasonally adjusted,Travel Agency & Tour Arrangement Services,,,
4337,ECTM.S1SMN211,2015.02,133.2,,R,Dollars,6,Electronic Card Transactions (ANZSIC06) - ECT,Private - Values - Electronic card transactions  A/S/T by industry,Seasonally adjusted,Travel Agency & Tour Arrangement Services,,,
4338,ECTM.S1SMN211,2015.03,134.7,,R,Dollars,6,Electronic Card Transactions (ANZSIC06) - ECT,Private - Values - Electronic card transactions  A/S/T by industry,Seasonally adjusted,Travel Agency & Tour Arrangement Services,,,
4339,ECTM.S1SMN211,2015.04,131.6,,R,Dollars,6,Electronic Card Transactions (ANZSIC06) - ECT,Private - Values - Electronic card transactions  A/S/T by industry,Seasonally adjusted,Travel Agency & Tour Arrangement Services,,,
4340,ECTM.S1SMN211,2015.05,135.7,,R,Dollars,6,Electronic Card Transactions (ANZSIC06) - ECT,Private - Values - Electronic card transactions  A/S/T by industry,Seasonally adjusted,Travel Agency & Tour Arrangement Services,,,
4341,ECTM.S1SMN211,2015.06,138.0,,R,Dollars,6,Electronic Card Transactions (ANZSIC06) - ECT,Private - Values - Electronic card transactions  A/S/T by industry,Seasonally adjusted,Travel Agency & Tour Arrangement Services,,,
4342,ECTM.S1SMN211,2015.07,137.3,,R,Dollars,6,Electronic Card Transactions (ANZSIC06) - ECT,Private - Values - Electronic card transactions  A/S/T by industry,Seasonally adjusted,Travel Agency & Tour Arrangement Services,,,
4343,ECTM.S1SMN211,2015.08,144.3,,R,Dollars,6,Electronic Card Transactions (ANZSIC06) - ECT,Private - Values - Electronic card transactions  A/S/T by industry,Seasonally adjusted,Travel Agency & Tour Arrangement Services,,,
4344,ECTM.S1SMN211,2015.09,137.9,,R,Dollars,6,Electronic Card Transactions (ANZSIC06) - ECT,Private - Values - Electronic card transactions  A/S/T by industry,Seasonally adjusted,Travel Agency & Tour Arrangement Services,,,
4345,ECTM.S1SMN211,2015.1,138.0,,R,Dollars,6,Electronic Card Transactions (ANZSIC06) - ECT,Private - Values - Electronic card transactions  A/S/T by industry,Seasonally adjusted,Travel Agency & Tour Arrangement Services,,,
4346,ECTM.S1SMN211,2015.11,139.4,,R,Dollars,6,Electronic Card Transactions (ANZSIC06) - ECT,Private - Values - Electronic card transactions  A/S/T by industry,Seasonally adjusted,Travel Agency & Tour Arrangement Services,,,
4347,ECTM.S1SMN211,2015.12,140.5,,R,Dollars,6,Electronic Card Transactions (ANZSIC06) - ECT,Private - Values - Electronic card transactions  A/S/T by industry,Seasonally adjusted,Travel Agency & Tour Arrangement Services,,,
4348,ECTM.S1SMN211,2016.01,138.5,,R,Dollars,6,Electronic Card Transactions (ANZSIC06) - ECT,Private - Values - Electronic card transactions  A/S/T by industry,Seasonally adjusted,Travel Agency & Tour Arrangement Services,,,
4349,ECTM.S1SMN211,2016.02,143.7,,R,Dollars,6,Electronic Card Transactions (ANZSIC06) - ECT,Private - Values - Electronic card transactions  A/S/T by industry,Seasonally adjusted,Travel Agency & Tour Arrangement Services,,,
4350,ECTM.S1SMN211,2016.03,140.2,,R,Dollars,6,Electronic Card Transactions (ANZSIC06) - ECT,Private - Values - Electronic card transactions  A/S/T by industry,Seasonally adjusted,Travel Agency & Tour Arrangement Services,,,
4351,ECTM.S1SMN211,2016.04,145.5,,R,Dollars,6,Electronic Card Transactions (ANZSIC06) - ECT,Private - Values - Electronic card transactions  A/S/T by industry,Seasonally adjusted,Travel Agency & Tour Arrangement Services,,,
4352,ECTM.S1SMN211,2016.05,144.8,,R,Dollars,6,Electronic Card Transactions (ANZSIC06) - ECT,Private - Values - Electronic card transactions  A/S/T by industry,Seasonally adjusted,Travel Agency & Tour Arrangement Services,,,
4353,ECTM.S1SMN211,2016.06,142.6,,R,Dollars,6,Electronic Card Transactions (ANZSIC06) - ECT,Private - Values - Electronic card transactions  A/S/T by industry,Seasonally adjusted,Travel Agency & Tour Arrangement Services,,,
4354,ECTM.S1SMN211,2016.07,145.4,,R,Dollars,6,Electronic Card Transactions (ANZSIC06) - ECT,Private - Values - Electronic card transactions  A/S/T by industry,Seasonally adjusted,Travel Agency & Tour Arrangement Services,,,
4355,ECTM.S1SMN211,2016.08,137.8,,R,Dollars,6,Electronic Card Transactions (ANZSIC06) - ECT,Private - Values - Electronic card transactions  A/S/T by industry,Seasonally adjusted,Travel Agency & Tour Arrangement Services,,,
4356,ECTM.S1SMN211,2016.09,153.8,,R,Dollars,6,Electronic Card Transactions (ANZSIC06) - ECT,Private - Values - Electronic card transactions  A/S/T by industry,Seasonally adjusted,Travel Agency & Tour Arrangement Services,,,
4357,ECTM.S1SMN211,2016.1,147.5,,R,Dollars,6,Electronic Card Transactions (ANZSIC06) - ECT,Private - Values - Electronic card transactions  A/S/T by industry,Seasonally adjusted,Travel Agency & Tour Arrangement Services,,,
4358,ECTM.S1SMN211,2016.11,138.6,,R,Dollars,6,Electronic Card Transactions (ANZSIC06) - ECT,Private - Values - Electronic card transactions  A/S/T by industry,Seasonally adjusted,Travel Agency & Tour Arrangement Services,,,
4359,ECTM.S1SMN211,2016.12,143.8,,R,Dollars,6,Electronic Card Transactions (ANZSIC06) - ECT,Private - Values - Electronic card transactions  A/S/T by industry,Seasonally adjusted,Travel Agency & Tour Arrangement Services,,,
4360,ECTM.S1SMN211,2017.01,155.5,,R,Dollars,6,Electronic Card Transactions (ANZSIC06) - ECT,Private - Values - Electronic card transactions  A/S/T by industry,Seasonally adjusted,Travel Agency & Tour Arrangement Services,,,
4361,ECTM.S1SMN211,2017.02,154.7,,R,Dollars,6,Electronic Card Transactions (ANZSIC06) - ECT,Private - Values - Electronic card transactions  A/S/T by industry,Seasonally adjusted,Travel Agency & Tour Arrangement Services,,,
4362,ECTM.S1SMN211,2017.03,160.2,,R,Dollars,6,Electronic Card Transactions (ANZSIC06) - ECT,Private - Values - Electronic card transactions  A/S/T by industry,Seasonally adjusted,Travel Agency & Tour Arrangement Services,,,
4363,ECTM.S1SMN211,2017.04,159.2,,R,Dollars,6,Electronic Card Transactions (ANZSIC06) - ECT,Private - Values - Electronic card transactions  A/S/T by industry,Seasonally adjusted,Travel Agency & Tour Arrangement Services,,,
4364,ECTM.S1SMN211,2017.05,156.0,,R,Dollars,6,Electronic Card Transactions (ANZSIC06) - ECT,Private - Values - Electronic card transactions  A/S/T by industry,Seasonally adjusted,Travel Agency & Tour Arrangement Services,,,
4365,ECTM.S1SMN211,2017.06,158.5,,R,Dollars,6,Electronic Card Transactions (ANZSIC06) - ECT,Private - Values - Electronic card transactions  A/S/T by industry,Seasonally adjusted,Travel Agency & Tour Arrangement Services,,,
4366,ECTM.S1SMN211,2017.07,159.2,,R,Dollars,6,Electronic Card Transactions (ANZSIC06) - ECT,Private - Values - Electronic card transactions  A/S/T by industry,Seasonally adjusted,Travel Agency & Tour Arrangement Services,,,
4367,ECTM.S1SMN211,2017.08,155.6,,R,Dollars,6,Electronic Card Transactions (ANZSIC06) - ECT,Private - Values - Electronic card transactions  A/S/T by industry,Seasonally adjusted,Travel Agency & Tour Arrangement Services,,,
4368,ECTM.S1SMN211,2017.09,161.4,,R,Dollars,6,Electronic Card Transactions (ANZSIC06) - ECT,Private - Values - Electronic card transactions  A/S/T by industry,Seasonally adjusted,Travel Agency & Tour Arrangement Services,,,
4369,ECTM.S1SMN211,2017.1,159.2,,R,Dollars,6,Electronic Card Transactions (ANZSIC06) - ECT,Private - Values - Electronic card transactions  A/S/T by industry,Seasonally adjusted,Travel Agency & Tour Arrangement Services,,,
4370,ECTM.S1SMN211,2017.11,166.5,,R,Dollars,6,Electronic Card Transactions (ANZSIC06) - ECT,Private - Values - Electronic card transactions  A/S/T by industry,Seasonally adjusted,Travel Agency & Tour Arrangement Services,,,
4371,ECTM.S1SMN211,2017.12,164.1,,R,Dollars,6,Electronic Card Transactions (ANZSIC06) - ECT,Private - Values - Electronic card transactions  A/S/T by industry,Seasonally adjusted,Travel Agency & Tour Arrangement Services,,,
4372,ECTM.S1SMN211,2018.01,158.2,,R,Dollars,6,Electronic Card Transactions (ANZSIC06) - ECT,Private - Values - Electronic card transactions  A/S/T by industry,Seasonally adjusted,Travel Agency & Tour Arrangement Services,,,
4373,ECTM.S1SMN211,2018.02,158.9,,R,Dollars,6,Electronic Card Transactions (ANZSIC06) - ECT,Private - Values - Electronic card transactions  A/S/T by industry,Seasonally adjusted,Travel Agency & Tour Arrangement Services,,,
4374,ECTM.S1SMN211,2018.03,156.9,,R,Dollars,6,Electronic Card Transactions (ANZSIC06) - ECT,Private - Values - Electronic card transactions  A/S/T by industry,Seasonally adjusted,Travel Agency & Tour Arrangement Services,,,
4375,ECTM.S1SMN211,2018.04,158.8,,R,Dollars,6,Electronic Card Transactions (ANZSIC06) - ECT,Private - Values - Electronic card transactions  A/S/T by industry,Seasonally adjusted,Travel Agency & Tour Arrangement Services,,,
4376,ECTM.S1SMN211,2018.05,160.5,,R,Dollars,6,Electronic Card Transactions (ANZSIC06) - ECT,Private - Values - Electronic card transactions  A/S/T by industry,Seasonally adjusted,Travel Agency & Tour Arrangement Services,,,
4377,ECTM.S1SMN211,2018.06,157.7,,R,Dollars,6,Electronic Card Transactions (ANZSIC06) - ECT,Private - Values - Electronic card transactions  A/S/T by industry,Seasonally adjusted,Travel Agency & Tour Arrangement Services,,,
4378,ECTM.S1SMN211,2018.07,160.8,,R,Dollars,6,Electronic Card Transactions (ANZSIC06) - ECT,Private - Values - Electronic card transactions  A/S/T by industry,Seasonally adjusted,Travel Agency & Tour Arrangement Services,,,
4379,ECTM.S1SMN211,2018.08,159.8,,R,Dollars,6,Electronic Card Transactions (ANZSIC06) - ECT,Private - Values - Electronic card transactions  A/S/T by industry,Seasonally adjusted,Travel Agency & Tour Arrangement Services,,,
4380,ECTM.S1SMN211,2018.09,162.2,,R,Dollars,6,Electronic Card Transactions (ANZSIC06) - ECT,Private - Values - Electronic card transactions  A/S/T by industry,Seasonally adjusted,Travel Agency & Tour Arrangement Services,,,
4381,ECTM.S1SMN211,2018.1,160.3,,R,Dollars,6,Electronic Card Transactions (ANZSIC06) - ECT,Private - Values - Electronic card transactions  A/S/T by industry,Seasonally adjusted,Travel Agency & Tour Arrangement Services,,,
4382,ECTM.S1SMN211,2018.11,155.6,,R,Dollars,6,Electronic Card Transactions (ANZSIC06) - ECT,Private - Values - Electronic card transactions  A/S/T by industry,Seasonally adjusted,Travel Agency & Tour Arrangement Services,,,
4383,ECTM.S1SMN211,2018.12,157.5,,R,Dollars,6,Electronic Card Transactions (ANZSIC06) - ECT,Private - Values - Electronic card transactions  A/S/T by industry,Seasonally adjusted,Travel Agency & Tour Arrangement Services,,,
4384,ECTM.S1SMN211,2019.01,164.4,,R,Dollars,6,Electronic Card Transactions (ANZSIC06) - ECT,Private - Values - Electronic card transactions  A/S/T by industry,Seasonally adjusted,Travel Agency & Tour Arrangement Services,,,
4385,ECTM.S1SMN211,2019.02,163.6,,R,Dollars,6,Electronic Card Transactions (ANZSIC06) - ECT,Private - Values - Electronic card transactions  A/S/T by industry,Seasonally adjusted,Travel Agency & Tour Arrangement Services,,,
4386,ECTM.S1SMN211,2019.03,161.9,,R,Dollars,6,Electronic Card Transactions (ANZSIC06) - ECT,Private - Values - Electronic card transactions  A/S/T by industry,Seasonally adjusted,Travel Agency & Tour Arrangement Services,,,
4387,ECTM.S1SMN211,2019.04,159.7,,R,Dollars,6,Electronic Card Transactions (ANZSIC06) - ECT,Private - Values - Electronic card transactions  A/S/T by industry,Seasonally adjusted,Travel Agency & Tour Arrangement Services,,,
4388,ECTM.S1SMN211,2019.05,160.4,,R,Dollars,6,Electronic Card Transactions (ANZSIC06) - ECT,Private - Values - Electronic card transactions  A/S/T by industry,Seasonally adjusted,Travel Agency & Tour Arrangement Services,,,
4389,ECTM.S1SMN211,2019.06,160.1,,R,Dollars,6,Electronic Card Transactions (ANZSIC06) - ECT,Private - Values - Electronic card transactions  A/S/T by industry,Seasonally adjusted,Travel Agency & Tour Arrangement Services,,,
4390,ECTM.S1SMN211,2019.07,156.2,,R,Dollars,6,Electronic Card Transactions (ANZSIC06) - ECT,Private - Values - Electronic card transactions  A/S/T by industry,Seasonally adjusted,Travel Agency & Tour Arrangement Services,,,
4391,ECTM.S1SMN211,2019.08,160.1,,R,Dollars,6,Electronic Card Transactions (ANZSIC06) - ECT,Private - Values - Electronic card transactions  A/S/T by industry,Seasonally adjusted,Travel Agency & Tour Arrangement Services,,,
4392,ECTM.S1SMN211,2019.09,160.0,,R,Dollars,6,Electronic Card Transactions (ANZSIC06) - ECT,Private - Values - Electronic card transactions  A/S/T by industry,Seasonally adjusted,Travel Agency & Tour Arrangement Services,,,
4393,ECTM.S1SMN211,2019.1,156.2,,R,Dollars,6,Electronic Card Transactions (ANZSIC06) - ECT,Private - Values - Electronic card transactions  A/S/T by industry,Seasonally adjusted,Travel Agency & Tour Arrangement Services,,,
4394,ECTM.S1SMN211,2019.11,156.0,,R,Dollars,6,Electronic Card Transactions (ANZSIC06) - ECT,Private - Values - Electronic card transactions  A/S/T by industry,Seasonally adjusted,Travel Agency & Tour Arrangement Services,,,
4395,ECTM.S1SMN211,2019.12,153.1,,R,Dollars,6,Electronic Card Transactions (ANZSIC06) - ECT,Private - Values - Electronic card transactions  A/S/T by industry,Seasonally adjusted,Travel Agency & Tour Arrangement Services,,,
4396,ECTM.S1SMN211,2020.01,148.2,,R,Dollars,6,Electronic Card Transactions (ANZSIC06) - ECT,Private - Values - Electronic card transactions  A/S/T by industry,Seasonally adjusted,Travel Agency & Tour Arrangement Services,,,
4397,ECTM.S1SMN211,2020.02,132.0,,R,Dollars,6,Electronic Card Transactions (ANZSIC06) - ECT,Private - Values - Electronic card transactions  A/S/T by industry,Seasonally adjusted,Travel Agency & Tour Arrangement Services,,,
4398,ECTM.S1SMN211,2020.03,42.8,,R,Dollars,6,Electronic Card Transactions (ANZSIC06) - ECT,Private - Values - Electronic card transactions  A/S/T by industry,Seasonally adjusted,Travel Agency & Tour Arrangement Services,,,
4399,ECTM.S1SMN211,2020.04,-1.1,,R,Dollars,6,Electronic Card Transactions (ANZSIC06) - ECT,Private - Values - Electronic card transactions  A/S/T by industry,Seasonally adjusted,Travel Agency & Tour Arrangement Services,,,
4400,ECTM.S1SMN211,2020.05,4.8,,R,Dollars,6,Electronic Card Transactions (ANZSIC06) - ECT,Private - Values - Electronic card transactions  A/S/T by industry,Seasonally adjusted,Travel Agency & Tour Arrangement Services,,,
4401,ECTM.S1SMN211,2020.06,17.2,,R,Dollars,6,Electronic Card Transactions (ANZSIC06) - ECT,Private - Values - Electronic card transactions  A/S/T by industry,Seasonally adjusted,Travel Agency & Tour Arrangement Services,,,
4402,ECTM.S1SMN211,2020.07,25.4,,F,Dollars,6,Electronic Card Transactions (ANZSIC06) - ECT,Private - Values - Electronic card transactions  A/S/T by industry,Seasonally adjusted,Travel Agency & Tour Arrangement Services,,,
4403,ECTM.S1AQQ112,2000.01,2.3,,C,Dollars,6,Electronic Card Transactions (ANZSIC06) - ECT,Private - Values - Electronic card transactions  A/S/T by industry,Actual,Medical and Other Health Care Services,,,
4404,ECTM.S1AQQ112,2000.02,2.9,,C,Dollars,6,Electronic Card Transactions (ANZSIC06) - ECT,Private - Values - Electronic card transactions  A/S/T by industry,Actual,Medical and Other Health Care Services,,,
4405,ECTM.S1AQQ112,2000.03,3.5,,C,Dollars,6,Electronic Card Transactions (ANZSIC06) - ECT,Private - Values - Electronic card transactions  A/S/T by industry,Actual,Medical and Other Health Care Services,,,
4406,ECTM.S1AQQ112,2000.04,2.6,,C,Dollars,6,Electronic Card Transactions (ANZSIC06) - ECT,Private - Values - Electronic card transactions  A/S/T by industry,Actual,Medical and Other Health Care Services,,,
4407,ECTM.S1AQQ112,2000.05,3.5,,C,Dollars,6,Electronic Card Transactions (ANZSIC06) - ECT,Private - Values - Electronic card transactions  A/S/T by industry,Actual,Medical and Other Health Care Services,,,
4408,ECTM.S1AQQ112,2000.06,3.4,,C,Dollars,6,Electronic Card Transactions (ANZSIC06) - ECT,Private - Values - Electronic card transactions  A/S/T by industry,Actual,Medical and Other Health Care Services,,,
4409,ECTM.S1AQQ112,2000.07,3.2,,C,Dollars,6,Electronic Card Transactions (ANZSIC06) - ECT,Private - Values - Electronic card transactions  A/S/T by industry,Actual,Medical and Other Health Care Services,,,
4410,ECTM.S1AQQ112,2000.08,3.9,,C,Dollars,6,Electronic Card Transactions (ANZSIC06) - ECT,Private - Values - Electronic card transactions  A/S/T by industry,Actual,Medical and Other Health Care Services,,,
4411,ECTM.S1AQQ112,2000.09,3.8,,C,Dollars,6,Electronic Card Transactions (ANZSIC06) - ECT,Private - Values - Electronic card transactions  A/S/T by industry,Actual,Medical and Other Health Care Services,,,
4412,ECTM.S1AQQ112,2000.1,4.3,,C,Dollars,6,Electronic Card Transactions (ANZSIC06) - ECT,Private - Values - Electronic card transactions  A/S/T by industry,Actual,Medical and Other Health Care Services,,,
4413,ECTM.S1AQQ112,2000.11,5.2,,C,Dollars,6,Electronic Card Transactions (ANZSIC06) - ECT,Private - Values - Electronic card transactions  A/S/T by industry,Actual,Medical and Other Health Care Services,,,
4414,ECTM.S1AQQ112,2000.12,5.2,,C,Dollars,6,Electronic Card Transactions (ANZSIC06) - ECT,Private - Values - Electronic card transactions  A/S/T by industry,Actual,Medical and Other Health Care Services,,,
4415,ECTM.S1AQQ112,2001.01,4.9,,C,Dollars,6,Electronic Card Transactions (ANZSIC06) - ECT,Private - Values - Electronic card transactions  A/S/T by industry,Actual,Medical and Other Health Care Services,,,
4416,ECTM.S1AQQ112,2001.02,5.8,,C,Dollars,6,Electronic Card Transactions (ANZSIC06) - ECT,Private - Values - Electronic card transactions  A/S/T by industry,Actual,Medical and Other Health Care Services,,,
4417,ECTM.S1AQQ112,2001.03,6.9,,C,Dollars,6,Electronic Card Transactions (ANZSIC06) - ECT,Private - Values - Electronic card transactions  A/S/T by industry,Actual,Medical and Other Health Care Services,,,
4418,ECTM.S1AQQ112,2001.04,6.3,,C,Dollars,6,Electronic Card Transactions (ANZSIC06) - ECT,Private - Values - Electronic card transactions  A/S/T by industry,Actual,Medical and Other Health Care Services,,,
4419,ECTM.S1AQQ112,2001.05,7.8,,C,Dollars,6,Electronic Card Transactions (ANZSIC06) - ECT,Private - Values - Electronic card transactions  A/S/T by industry,Actual,Medical and Other Health Care Services,,,
4420,ECTM.S1AQQ112,2001.06,7.2,,C,Dollars,6,Electronic Card Transactions (ANZSIC06) - ECT,Private - Values - Electronic card transactions  A/S/T by industry,Actual,Medical and Other Health Care Services,,,
4421,ECTM.S1AQQ112,2001.07,7.9,,C,Dollars,6,Electronic Card Transactions (ANZSIC06) - ECT,Private - Values - Electronic card transactions  A/S/T by industry,Actual,Medical and Other Health Care Services,,,
4422,ECTM.S1AQQ112,2001.08,69.3,,C,Dollars,6,Electronic Card Transactions (ANZSIC06) - ECT,Private - Values - Electronic card transactions  A/S/T by industry,Actual,Medical and Other Health Care Services,,,
4423,ECTM.S1AQQ112,2001.09,60.1,,C,Dollars,6,Electronic Card Transactions (ANZSIC06) - ECT,Private - Values - Electronic card transactions  A/S/T by industry,Actual,Medical and Other Health Care Services,,,
4424,ECTM.S1AQQ112,2001.1,66.2,,C,Dollars,6,Electronic Card Transactions (ANZSIC06) - ECT,Private - Values - Electronic card transactions  A/S/T by industry,Actual,Medical and Other Health Care Services,,,
4425,ECTM.S1AQQ112,2001.11,70.4,,C,Dollars,6,Electronic Card Transactions (ANZSIC06) - ECT,Private - Values - Electronic card transactions  A/S/T by industry,Actual,Medical and Other Health Care Services,,,
4426,ECTM.S1AQQ112,2001.12,64.8,,C,Dollars,6,Electronic Card Transactions (ANZSIC06) - ECT,Private - Values - Electronic card transactions  A/S/T by industry,Actual,Medical and Other Health Care Services,,,
4427,ECTM.S1AQQ112,2002.01,57.7,,C,Dollars,6,Electronic Card Transactions (ANZSIC06) - ECT,Private - Values - Electronic card transactions  A/S/T by industry,Actual,Medical and Other Health Care Services,,,
4428,ECTM.S1AQQ112,2002.02,63.9,,C,Dollars,6,Electronic Card Transactions (ANZSIC06) - ECT,Private - Values - Electronic card transactions  A/S/T by industry,Actual,Medical and Other Health Care Services,,,
4429,ECTM.S1AQQ112,2002.03,69.5,,C,Dollars,6,Electronic Card Transactions (ANZSIC06) - ECT,Private - Values - Electronic card transactions  A/S/T by industry,Actual,Medical and Other Health Care Services,,,
4430,ECTM.S1AQQ112,2002.04,68.8,,C,Dollars,6,Electronic Card Transactions (ANZSIC06) - ECT,Private - Values - Electronic card transactions  A/S/T by industry,Actual,Medical and Other Health Care Services,,,
4431,ECTM.S1AQQ112,2002.05,78.8,,C,Dollars,6,Electronic Card Transactions (ANZSIC06) - ECT,Private - Values - Electronic card transactions  A/S/T by industry,Actual,Medical and Other Health Care Services,,,
4432,ECTM.S1AQQ112,2002.06,68.0,,C,Dollars,6,Electronic Card Transactions (ANZSIC06) - ECT,Private - Values - Electronic card transactions  A/S/T by industry,Actual,Medical and Other Health Care Services,,,
4433,ECTM.S1AQQ112,2002.07,76.7,,C,Dollars,6,Electronic Card Transactions (ANZSIC06) - ECT,Private - Values - Electronic card transactions  A/S/T by industry,Actual,Medical and Other Health Care Services,,,
4434,ECTM.S1AQQ112,2002.08,13.0,,C,Dollars,6,Electronic Card Transactions (ANZSIC06) - ECT,Private - Values - Electronic card transactions  A/S/T by industry,Actual,Medical and Other Health Care Services,,,
4435,ECTM.S1AQQ112,2002.09,12.4,,C,Dollars,6,Electronic Card Transactions (ANZSIC06) - ECT,Private - Values - Electronic card transactions  A/S/T by industry,Actual,Medical and Other Health Care Services,,,
4436,ECTM.S1AQQ112,2002.1,79.8,,F,Dollars,6,Electronic Card Transactions (ANZSIC06) - ECT,Private - Values - Electronic card transactions  A/S/T by industry,Actual,Medical and Other Health Care Services,,,
4437,ECTM.S1AQQ112,2002.11,79.8,,F,Dollars,6,Electronic Card Transactions (ANZSIC06) - ECT,Private - Values - Electronic card transactions  A/S/T by industry,Actual,Medical and Other Health Care Services,,,
4438,ECTM.S1AQQ112,2002.12,76.0,,F,Dollars,6,Electronic Card Transactions (ANZSIC06) - ECT,Private - Values - Electronic card transactions  A/S/T by industry,Actual,Medical and Other Health Care Services,,,
4439,ECTM.S1AQQ112,2003.01,66.4,,F,Dollars,6,Electronic Card Transactions (ANZSIC06) - ECT,Private - Values - Electronic card transactions  A/S/T by industry,Actual,Medical and Other Health Care Services,,,
4440,ECTM.S1AQQ112,2003.02,73.8,,F,Dollars,6,Electronic Card Transactions (ANZSIC06) - ECT,Private - Values - Electronic card transactions  A/S/T by industry,Actual,Medical and Other Health Care Services,,,
4441,ECTM.S1AQQ112,2003.03,81.2,,F,Dollars,6,Electronic Card Transactions (ANZSIC06) - ECT,Private - Values - Electronic card transactions  A/S/T by industry,Actual,Medical and Other Health Care Services,,,
4442,ECTM.S1AQQ112,2003.04,75.2,,F,Dollars,6,Electronic Card Transactions (ANZSIC06) - ECT,Private - Values - Electronic card transactions  A/S/T by industry,Actual,Medical and Other Health Care Services,,,
4443,ECTM.S1AQQ112,2003.05,87.2,,F,Dollars,6,Electronic Card Transactions (ANZSIC06) - ECT,Private - Values - Electronic card transactions  A/S/T by industry,Actual,Medical and Other Health Care Services,,,
4444,ECTM.S1AQQ112,2003.06,79.7,,F,Dollars,6,Electronic Card Transactions (ANZSIC06) - ECT,Private - Values - Electronic card transactions  A/S/T by industry,Actual,Medical and Other Health Care Services,,,
4445,ECTM.S1AQQ112,2003.07,87.6,,F,Dollars,6,Electronic Card Transactions (ANZSIC06) - ECT,Private - Values - Electronic card transactions  A/S/T by industry,Actual,Medical and Other Health Care Services,,,
4446,ECTM.S1AQQ112,2003.08,84.3,,F,Dollars,6,Electronic Card Transactions (ANZSIC06) - ECT,Private - Values - Electronic card transactions  A/S/T by industry,Actual,Medical and Other Health Care Services,,,
4447,ECTM.S1AQQ112,2003.09,86.4,,F,Dollars,6,Electronic Card Transactions (ANZSIC06) - ECT,Private - Values - Electronic card transactions  A/S/T by industry,Actual,Medical and Other Health Care Services,,,
4448,ECTM.S1AQQ112,2003.1,90.5,,F,Dollars,6,Electronic Card Transactions (ANZSIC06) - ECT,Private - Values - Electronic card transactions  A/S/T by industry,Actual,Medical and Other Health Care Services,,,
4449,ECTM.S1AQQ112,2003.11,87.4,,F,Dollars,6,Electronic Card Transactions (ANZSIC06) - ECT,Private - Values - Electronic card transactions  A/S/T by industry,Actual,Medical and Other Health Care Services,,,
4450,ECTM.S1AQQ112,2003.12,89.1,,F,Dollars,6,Electronic Card Transactions (ANZSIC06) - ECT,Private - Values - Electronic card transactions  A/S/T by industry,Actual,Medical and Other Health Care Services,,,
4451,ECTM.S1AQQ112,2004.01,73.1,,F,Dollars,6,Electronic Card Transactions (ANZSIC06) - ECT,Private - Values - Electronic card transactions  A/S/T by industry,Actual,Medical and Other Health Care Services,,,
4452,ECTM.S1AQQ112,2004.02,84.9,,F,Dollars,6,Electronic Card Transactions (ANZSIC06) - ECT,Private - Values - Electronic card transactions  A/S/T by industry,Actual,Medical and Other Health Care Services,,,
4453,ECTM.S1AQQ112,2004.03,99.2,,F,Dollars,6,Electronic Card Transactions (ANZSIC06) - ECT,Private - Values - Electronic card transactions  A/S/T by industry,Actual,Medical and Other Health Care Services,,,
4454,ECTM.S1AQQ112,2004.04,89.6,,F,Dollars,6,Electronic Card Transactions (ANZSIC06) - ECT,Private - Values - Electronic card transactions  A/S/T by industry,Actual,Medical and Other Health Care Services,,,
4455,ECTM.S1AQQ112,2004.05,94.8,,F,Dollars,6,Electronic Card Transactions (ANZSIC06) - ECT,Private - Values - Electronic card transactions  A/S/T by industry,Actual,Medical and Other Health Care Services,,,
4456,ECTM.S1AQQ112,2004.06,94.2,,F,Dollars,6,Electronic Card Transactions (ANZSIC06) - ECT,Private - Values - Electronic card transactions  A/S/T by industry,Actual,Medical and Other Health Care Services,,,
4457,ECTM.S1AQQ112,2004.07,96.8,,F,Dollars,6,Electronic Card Transactions (ANZSIC06) - ECT,Private - Values - Electronic card transactions  A/S/T by industry,Actual,Medical and Other Health Care Services,,,
4458,ECTM.S1AQQ112,2004.08,98.5,,F,Dollars,6,Electronic Card Transactions (ANZSIC06) - ECT,Private - Values - Electronic card transactions  A/S/T by industry,Actual,Medical and Other Health Care Services,,,
4459,ECTM.S1AQQ112,2004.09,98.7,,F,Dollars,6,Electronic Card Transactions (ANZSIC06) - ECT,Private - Values - Electronic card transactions  A/S/T by industry,Actual,Medical and Other Health Care Services,,,
4460,ECTM.S1AQQ112,2004.1,94.8,,F,Dollars,6,Electronic Card Transactions (ANZSIC06) - ECT,Private - Values - Electronic card transactions  A/S/T by industry,Actual,Medical and Other Health Care Services,,,
4461,ECTM.S1AQQ112,2004.11,105.4,,F,Dollars,6,Electronic Card Transactions (ANZSIC06) - ECT,Private - Values - Electronic card transactions  A/S/T by industry,Actual,Medical and Other Health Care Services,,,
4462,ECTM.S1AQQ112,2004.12,99.8,,F,Dollars,6,Electronic Card Transactions (ANZSIC06) - ECT,Private - Values - Electronic card transactions  A/S/T by industry,Actual,Medical and Other Health Care Services,,,
4463,ECTM.S1AQQ112,2005.01,76.0,,F,Dollars,6,Electronic Card Transactions (ANZSIC06) - ECT,Private - Values - Electronic card transactions  A/S/T by industry,Actual,Medical and Other Health Care Services,,,
4464,ECTM.S1AQQ112,2005.02,97.5,,F,Dollars,6,Electronic Card Transactions (ANZSIC06) - ECT,Private - Values - Electronic card transactions  A/S/T by industry,Actual,Medical and Other Health Care Services,,,
4465,ECTM.S1AQQ112,2005.03,103.9,,F,Dollars,6,Electronic Card Transactions (ANZSIC06) - ECT,Private - Values - Electronic card transactions  A/S/T by industry,Actual,Medical and Other Health Care Services,,,
4466,ECTM.S1AQQ112,2005.04,100.8,,F,Dollars,6,Electronic Card Transactions (ANZSIC06) - ECT,Private - Values - Electronic card transactions  A/S/T by industry,Actual,Medical and Other Health Care Services,,,
4467,ECTM.S1AQQ112,2005.05,109.7,,F,Dollars,6,Electronic Card Transactions (ANZSIC06) - ECT,Private - Values - Electronic card transactions  A/S/T by industry,Actual,Medical and Other Health Care Services,,,
4468,ECTM.S1AQQ112,2005.06,105.1,,F,Dollars,6,Electronic Card Transactions (ANZSIC06) - ECT,Private - Values - Electronic card transactions  A/S/T by industry,Actual,Medical and Other Health Care Services,,,
4469,ECTM.S1AQQ112,2005.07,101.9,,F,Dollars,6,Electronic Card Transactions (ANZSIC06) - ECT,Private - Values - Electronic card transactions  A/S/T by industry,Actual,Medical and Other Health Care Services,,,
4470,ECTM.S1AQQ112,2005.08,114.7,,F,Dollars,6,Electronic Card Transactions (ANZSIC06) - ECT,Private - Values - Electronic card transactions  A/S/T by industry,Actual,Medical and Other Health Care Services,,,
4471,ECTM.S1AQQ112,2005.09,107.6,,F,Dollars,6,Electronic Card Transactions (ANZSIC06) - ECT,Private - Values - Electronic card transactions  A/S/T by industry,Actual,Medical and Other Health Care Services,,,
4472,ECTM.S1AQQ112,2005.1,102.8,,F,Dollars,6,Electronic Card Transactions (ANZSIC06) - ECT,Private - Values - Electronic card transactions  A/S/T by industry,Actual,Medical and Other Health Care Services,,,
4473,ECTM.S1AQQ112,2005.11,117.5,,F,Dollars,6,Electronic Card Transactions (ANZSIC06) - ECT,Private - Values - Electronic card transactions  A/S/T by industry,Actual,Medical and Other Health Care Services,,,
4474,ECTM.S1AQQ112,2005.12,106.3,,F,Dollars,6,Electronic Card Transactions (ANZSIC06) - ECT,Private - Values - Electronic card transactions  A/S/T by industry,Actual,Medical and Other Health Care Services,,,
4475,ECTM.S1AQQ112,2006.01,87.2,,F,Dollars,6,Electronic Card Transactions (ANZSIC06) - ECT,Private - Values - Electronic card transactions  A/S/T by industry,Actual,Medical and Other Health Care Services,,,
4476,ECTM.S1AQQ112,2006.02,105.0,,F,Dollars,6,Electronic Card Transactions (ANZSIC06) - ECT,Private - Values - Electronic card transactions  A/S/T by industry,Actual,Medical and Other Health Care Services,,,
4477,ECTM.S1AQQ112,2006.03,124.2,,F,Dollars,6,Electronic Card Transactions (ANZSIC06) - ECT,Private - Values - Electronic card transactions  A/S/T by industry,Actual,Medical and Other Health Care Services,,,
4478,ECTM.S1AQQ112,2006.04,98.5,,F,Dollars,6,Electronic Card Transactions (ANZSIC06) - ECT,Private - Values - Electronic card transactions  A/S/T by industry,Actual,Medical and Other Health Care Services,,,
4479,ECTM.S1AQQ112,2006.05,127.3,,F,Dollars,6,Electronic Card Transactions (ANZSIC06) - ECT,Private - Values - Electronic card transactions  A/S/T by industry,Actual,Medical and Other Health Care Services,,,
4480,ECTM.S1AQQ112,2006.06,115.8,,F,Dollars,6,Electronic Card Transactions (ANZSIC06) - ECT,Private - Values - Electronic card transactions  A/S/T by industry,Actual,Medical and Other Health Care Services,,,
4481,ECTM.S1AQQ112,2006.07,113.7,,F,Dollars,6,Electronic Card Transactions (ANZSIC06) - ECT,Private - Values - Electronic card transactions  A/S/T by industry,Actual,Medical and Other Health Care Services,,,
4482,ECTM.S1AQQ112,2006.08,127.0,,F,Dollars,6,Electronic Card Transactions (ANZSIC06) - ECT,Private - Values - Electronic card transactions  A/S/T by industry,Actual,Medical and Other Health Care Services,,,
4483,ECTM.S1AQQ112,2006.09,115.1,,F,Dollars,6,Electronic Card Transactions (ANZSIC06) - ECT,Private - Values - Electronic card transactions  A/S/T by industry,Actual,Medical and Other Health Care Services,,,
4484,ECTM.S1AQQ112,2006.1,119.1,,F,Dollars,6,Electronic Card Transactions (ANZSIC06) - ECT,Private - Values - Electronic card transactions  A/S/T by industry,Actual,Medical and Other Health Care Services,,,
4485,ECTM.S1AQQ112,2006.11,130.8,,F,Dollars,6,Electronic Card Transactions (ANZSIC06) - ECT,Private - Values - Electronic card transactions  A/S/T by industry,Actual,Medical and Other Health Care Services,,,
4486,ECTM.S1AQQ112,2006.12,114.0,,F,Dollars,6,Electronic Card Transactions (ANZSIC06) - ECT,Private - Values - Electronic card transactions  A/S/T by industry,Actual,Medical and Other Health Care Services,,,
4487,ECTM.S1AQQ112,2007.01,100.3,,F,Dollars,6,Electronic Card Transactions (ANZSIC06) - ECT,Private - Values - Electronic card transactions  A/S/T by industry,Actual,Medical and Other Health Care Services,,,
4488,ECTM.S1AQQ112,2007.02,115.1,,F,Dollars,6,Electronic Card Transactions (ANZSIC06) - ECT,Private - Values - Electronic card transactions  A/S/T by industry,Actual,Medical and Other Health Care Services,,,
4489,ECTM.S1AQQ112,2007.03,134.9,,F,Dollars,6,Electronic Card Transactions (ANZSIC06) - ECT,Private - Values - Electronic card transactions  A/S/T by industry,Actual,Medical and Other Health Care Services,,,
4490,ECTM.S1AQQ112,2007.04,114.5,,F,Dollars,6,Electronic Card Transactions (ANZSIC06) - ECT,Private - Values - Electronic card transactions  A/S/T by industry,Actual,Medical and Other Health Care Services,,,
4491,ECTM.S1AQQ112,2007.05,142.3,,F,Dollars,6,Electronic Card Transactions (ANZSIC06) - ECT,Private - Values - Electronic card transactions  A/S/T by industry,Actual,Medical and Other Health Care Services,,,
4492,ECTM.S1AQQ112,2007.06,123.8,,F,Dollars,6,Electronic Card Transactions (ANZSIC06) - ECT,Private - Values - Electronic card transactions  A/S/T by industry,Actual,Medical and Other Health Care Services,,,
4493,ECTM.S1AQQ112,2007.07,128.1,,F,Dollars,6,Electronic Card Transactions (ANZSIC06) - ECT,Private - Values - Electronic card transactions  A/S/T by industry,Actual,Medical and Other Health Care Services,,,
4494,ECTM.S1AQQ112,2007.08,139.4,,F,Dollars,6,Electronic Card Transactions (ANZSIC06) - ECT,Private - Values - Electronic card transactions  A/S/T by industry,Actual,Medical and Other Health Care Services,,,
4495,ECTM.S1AQQ112,2007.09,123.3,,F,Dollars,6,Electronic Card Transactions (ANZSIC06) - ECT,Private - Values - Electronic card transactions  A/S/T by industry,Actual,Medical and Other Health Care Services,,,
4496,ECTM.S1AQQ112,2007.1,134.5,,F,Dollars,6,Electronic Card Transactions (ANZSIC06) - ECT,Private - Values - Electronic card transactions  A/S/T by industry,Actual,Medical and Other Health Care Services,,,
4497,ECTM.S1AQQ112,2007.11,143.1,,F,Dollars,6,Electronic Card Transactions (ANZSIC06) - ECT,Private - Values - Electronic card transactions  A/S/T by industry,Actual,Medical and Other Health Care Services,,,
4498,ECTM.S1AQQ112,2007.12,120.3,,F,Dollars,6,Electronic Card Transactions (ANZSIC06) - ECT,Private - Values - Electronic card transactions  A/S/T by industry,Actual,Medical and Other Health Care Services,,,
4499,ECTM.S1AQQ112,2008.01,113.9,,F,Dollars,6,Electronic Card Transactions (ANZSIC06) - ECT,Private - Values - Electronic card transactions  A/S/T by industry,Actual,Medical and Other Health Care Services,,,
4500,ECTM.S1AQQ112,2008.02,130.2,,F,Dollars,6,Electronic Card Transactions (ANZSIC06) - ECT,Private - Values - Electronic card transactions  A/S/T by industry,Actual,Medical and Other Health Care Services,,,
4501,ECTM.S1AQQ112,2008.03,129.4,,F,Dollars,6,Electronic Card Transactions (ANZSIC06) - ECT,Private - Values - Electronic card transactions  A/S/T by industry,Actual,Medical and Other Health Care Services,,,
4502,ECTM.S1AQQ112,2008.04,137.1,,F,Dollars,6,Electronic Card Transactions (ANZSIC06) - ECT,Private - Values - Electronic card transactions  A/S/T by industry,Actual,Medical and Other Health Care Services,,,
4503,ECTM.S1AQQ112,2008.05,143.2,,F,Dollars,6,Electronic Card Transactions (ANZSIC06) - ECT,Private - Values - Electronic card transactions  A/S/T by industry,Actual,Medical and Other Health Care Services,,,
4504,ECTM.S1AQQ112,2008.06,129.6,,F,Dollars,6,Electronic Card Transactions (ANZSIC06) - ECT,Private - Values - Electronic card transactions  A/S/T by industry,Actual,Medical and Other Health Care Services,,,
4505,ECTM.S1AQQ112,2008.07,141.3,,F,Dollars,6,Electronic Card Transactions (ANZSIC06) - ECT,Private - Values - Electronic card transactions  A/S/T by industry,Actual,Medical and Other Health Care Services,,,
4506,ECTM.S1AQQ112,2008.08,135.0,,F,Dollars,6,Electronic Card Transactions (ANZSIC06) - ECT,Private - Values - Electronic card transactions  A/S/T by industry,Actual,Medical and Other Health Care Services,,,
4507,ECTM.S1AQQ112,2008.09,138.1,,F,Dollars,6,Electronic Card Transactions (ANZSIC06) - ECT,Private - Values - Electronic card transactions  A/S/T by industry,Actual,Medical and Other Health Care Services,,,
4508,ECTM.S1AQQ112,2008.1,140.4,,F,Dollars,6,Electronic Card Transactions (ANZSIC06) - ECT,Private - Values - Electronic card transactions  A/S/T by industry,Actual,Medical and Other Health Care Services,,,
4509,ECTM.S1AQQ112,2008.11,136.8,,F,Dollars,6,Electronic Card Transactions (ANZSIC06) - ECT,Private - Values - Electronic card transactions  A/S/T by industry,Actual,Medical and Other Health Care Services,,,
4510,ECTM.S1AQQ112,2008.12,134.1,,F,Dollars,6,Electronic Card Transactions (ANZSIC06) - ECT,Private - Values - Electronic card transactions  A/S/T by industry,Actual,Medical and Other Health Care Services,,,
4511,ECTM.S1AQQ112,2009.01,110.2,,F,Dollars,6,Electronic Card Transactions (ANZSIC06) - ECT,Private - Values - Electronic card transactions  A/S/T by industry,Actual,Medical and Other Health Care Services,,,
4512,ECTM.S1AQQ112,2009.02,129.1,,F,Dollars,6,Electronic Card Transactions (ANZSIC06) - ECT,Private - Values - Electronic card transactions  A/S/T by industry,Actual,Medical and Other Health Care Services,,,
4513,ECTM.S1AQQ112,2009.03,147.5,,F,Dollars,6,Electronic Card Transactions (ANZSIC06) - ECT,Private - Values - Electronic card transactions  A/S/T by industry,Actual,Medical and Other Health Care Services,,,
4514,ECTM.S1AQQ112,2009.04,135.3,,F,Dollars,6,Electronic Card Transactions (ANZSIC06) - ECT,Private - Values - Electronic card transactions  A/S/T by industry,Actual,Medical and Other Health Care Services,,,
4515,ECTM.S1AQQ112,2009.05,140.1,,F,Dollars,6,Electronic Card Transactions (ANZSIC06) - ECT,Private - Values - Electronic card transactions  A/S/T by industry,Actual,Medical and Other Health Care Services,,,
4516,ECTM.S1AQQ112,2009.06,137.9,,F,Dollars,6,Electronic Card Transactions (ANZSIC06) - ECT,Private - Values - Electronic card transactions  A/S/T by industry,Actual,Medical and Other Health Care Services,,,
4517,ECTM.S1AQQ112,2009.07,145.0,,F,Dollars,6,Electronic Card Transactions (ANZSIC06) - ECT,Private - Values - Electronic card transactions  A/S/T by industry,Actual,Medical and Other Health Care Services,,,
4518,ECTM.S1AQQ112,2009.08,139.9,,F,Dollars,6,Electronic Card Transactions (ANZSIC06) - ECT,Private - Values - Electronic card transactions  A/S/T by industry,Actual,Medical and Other Health Care Services,,,
4519,ECTM.S1AQQ112,2009.09,142.0,,F,Dollars,6,Electronic Card Transactions (ANZSIC06) - ECT,Private - Values - Electronic card transactions  A/S/T by industry,Actual,Medical and Other Health Care Services,,,
4520,ECTM.S1AQQ112,2009.1,139.2,,F,Dollars,6,Electronic Card Transactions (ANZSIC06) - ECT,Private - Values - Electronic card transactions  A/S/T by industry,Actual,Medical and Other Health Care Services,,,
4521,ECTM.S1AQQ112,2009.11,145.4,,F,Dollars,6,Electronic Card Transactions (ANZSIC06) - ECT,Private - Values - Electronic card transactions  A/S/T by industry,Actual,Medical and Other Health Care Services,,,
4522,ECTM.S1AQQ112,2009.12,138.4,,F,Dollars,6,Electronic Card Transactions (ANZSIC06) - ECT,Private - Values - Electronic card transactions  A/S/T by industry,Actual,Medical and Other Health Care Services,,,
4523,ECTM.S1AQQ112,2010.01,112.9,,F,Dollars,6,Electronic Card Transactions (ANZSIC06) - ECT,Private - Values - Electronic card transactions  A/S/T by industry,Actual,Medical and Other Health Care Services,,,
4524,ECTM.S1AQQ112,2010.02,133.7,,F,Dollars,6,Electronic Card Transactions (ANZSIC06) - ECT,Private - Values - Electronic card transactions  A/S/T by industry,Actual,Medical and Other Health Care Services,,,
4525,ECTM.S1AQQ112,2010.03,157.8,,F,Dollars,6,Electronic Card Transactions (ANZSIC06) - ECT,Private - Values - Electronic card transactions  A/S/T by industry,Actual,Medical and Other Health Care Services,,,
4526,ECTM.S1AQQ112,2010.04,139.1,,F,Dollars,6,Electronic Card Transactions (ANZSIC06) - ECT,Private - Values - Electronic card transactions  A/S/T by industry,Actual,Medical and Other Health Care Services,,,
4527,ECTM.S1AQQ112,2010.05,147.7,,F,Dollars,6,Electronic Card Transactions (ANZSIC06) - ECT,Private - Values - Electronic card transactions  A/S/T by industry,Actual,Medical and Other Health Care Services,,,
4528,ECTM.S1AQQ112,2010.06,144.5,,F,Dollars,6,Electronic Card Transactions (ANZSIC06) - ECT,Private - Values - Electronic card transactions  A/S/T by industry,Actual,Medical and Other Health Care Services,,,
4529,ECTM.S1AQQ112,2010.07,145.6,,F,Dollars,6,Electronic Card Transactions (ANZSIC06) - ECT,Private - Values - Electronic card transactions  A/S/T by industry,Actual,Medical and Other Health Care Services,,,
4530,ECTM.S1AQQ112,2010.08,150.3,,F,Dollars,6,Electronic Card Transactions (ANZSIC06) - ECT,Private - Values - Electronic card transactions  A/S/T by industry,Actual,Medical and Other Health Care Services,,,
4531,ECTM.S1AQQ112,2010.09,148.1,,F,Dollars,6,Electronic Card Transactions (ANZSIC06) - ECT,Private - Values - Electronic card transactions  A/S/T by industry,Actual,Medical and Other Health Care Services,,,
4532,ECTM.S1AQQ112,2010.1,139.6,,F,Dollars,6,Electronic Card Transactions (ANZSIC06) - ECT,Private - Values - Electronic card transactions  A/S/T by industry,Actual,Medical and Other Health Care Services,,,
4533,ECTM.S1AQQ112,2010.11,159.2,,F,Dollars,6,Electronic Card Transactions (ANZSIC06) - ECT,Private - Values - Electronic card transactions  A/S/T by industry,Actual,Medical and Other Health Care Services,,,
4534,ECTM.S1AQQ112,2010.12,144.1,,F,Dollars,6,Electronic Card Transactions (ANZSIC06) - ECT,Private - Values - Electronic card transactions  A/S/T by industry,Actual,Medical and Other Health Care Services,,,
4535,ECTM.S1AQQ112,2011.01,116.2,,F,Dollars,6,Electronic Card Transactions (ANZSIC06) - ECT,Private - Values - Electronic card transactions  A/S/T by industry,Actual,Medical and Other Health Care Services,,,
4536,ECTM.S1AQQ112,2011.02,141.0,,F,Dollars,6,Electronic Card Transactions (ANZSIC06) - ECT,Private - Values - Electronic card transactions  A/S/T by industry,Actual,Medical and Other Health Care Services,,,
4537,ECTM.S1AQQ112,2011.03,159.6,,F,Dollars,6,Electronic Card Transactions (ANZSIC06) - ECT,Private - Values - Electronic card transactions  A/S/T by industry,Actual,Medical and Other Health Care Services,,,
4538,ECTM.S1AQQ112,2011.04,138.6,,F,Dollars,6,Electronic Card Transactions (ANZSIC06) - ECT,Private - Values - Electronic card transactions  A/S/T by industry,Actual,Medical and Other Health Care Services,,,
4539,ECTM.S1AQQ112,2011.05,160.6,,F,Dollars,6,Electronic Card Transactions (ANZSIC06) - ECT,Private - Values - Electronic card transactions  A/S/T by industry,Actual,Medical and Other Health Care Services,,,
4540,ECTM.S1AQQ112,2011.06,152.6,,F,Dollars,6,Electronic Card Transactions (ANZSIC06) - ECT,Private - Values - Electronic card transactions  A/S/T by industry,Actual,Medical and Other Health Care Services,,,
4541,ECTM.S1AQQ112,2011.07,145.1,,F,Dollars,6,Electronic Card Transactions (ANZSIC06) - ECT,Private - Values - Electronic card transactions  A/S/T by industry,Actual,Medical and Other Health Care Services,,,
4542,ECTM.S1AQQ112,2011.08,161.6,,F,Dollars,6,Electronic Card Transactions (ANZSIC06) - ECT,Private - Values - Electronic card transactions  A/S/T by industry,Actual,Medical and Other Health Care Services,,,
4543,ECTM.S1AQQ112,2011.09,158.4,,F,Dollars,6,Electronic Card Transactions (ANZSIC06) - ECT,Private - Values - Electronic card transactions  A/S/T by industry,Actual,Medical and Other Health Care Services,,,
4544,ECTM.S1AQQ112,2011.1,147.8,,F,Dollars,6,Electronic Card Transactions (ANZSIC06) - ECT,Private - Values - Electronic card transactions  A/S/T by industry,Actual,Medical and Other Health Care Services,,,
4545,ECTM.S1AQQ112,2011.11,166.3,,F,Dollars,6,Electronic Card Transactions (ANZSIC06) - ECT,Private - Values - Electronic card transactions  A/S/T by industry,Actual,Medical and Other Health Care Services,,,
4546,ECTM.S1AQQ112,2011.12,146.2,,F,Dollars,6,Electronic Card Transactions (ANZSIC06) - ECT,Private - Values - Electronic card transactions  A/S/T by industry,Actual,Medical and Other Health Care Services,,,
4547,ECTM.S1AQQ112,2012.01,124.9,,F,Dollars,6,Electronic Card Transactions (ANZSIC06) - ECT,Private - Values - Electronic card transactions  A/S/T by industry,Actual,Medical and Other Health Care Services,,,
4548,ECTM.S1AQQ112,2012.02,155.3,,F,Dollars,6,Electronic Card Transactions (ANZSIC06) - ECT,Private - Values - Electronic card transactions  A/S/T by industry,Actual,Medical and Other Health Care Services,,,
4549,ECTM.S1AQQ112,2012.03,170.0,,F,Dollars,6,Electronic Card Transactions (ANZSIC06) - ECT,Private - Values - Electronic card transactions  A/S/T by industry,Actual,Medical and Other Health Care Services,,,
4550,ECTM.S1AQQ112,2012.04,144.7,,F,Dollars,6,Electronic Card Transactions (ANZSIC06) - ECT,Private - Values - Electronic card transactions  A/S/T by industry,Actual,Medical and Other Health Care Services,,,
4551,ECTM.S1AQQ112,2012.05,177.7,,F,Dollars,6,Electronic Card Transactions (ANZSIC06) - ECT,Private - Values - Electronic card transactions  A/S/T by industry,Actual,Medical and Other Health Care Services,,,
4552,ECTM.S1AQQ112,2012.06,155.2,,F,Dollars,6,Electronic Card Transactions (ANZSIC06) - ECT,Private - Values - Electronic card transactions  A/S/T by industry,Actual,Medical and Other Health Care Services,,,
4553,ECTM.S1AQQ112,2012.07,162.9,,F,Dollars,6,Electronic Card Transactions (ANZSIC06) - ECT,Private - Values - Electronic card transactions  A/S/T by industry,Actual,Medical and Other Health Care Services,,,
4554,ECTM.S1AQQ112,2012.08,173.2,,F,Dollars,6,Electronic Card Transactions (ANZSIC06) - ECT,Private - Values - Electronic card transactions  A/S/T by industry,Actual,Medical and Other Health Care Services,,,
4555,ECTM.S1AQQ112,2012.09,154.1,,F,Dollars,6,Electronic Card Transactions (ANZSIC06) - ECT,Private - Values - Electronic card transactions  A/S/T by industry,Actual,Medical and Other Health Care Services,,,
4556,ECTM.S1AQQ112,2012.1,168.0,,F,Dollars,6,Electronic Card Transactions (ANZSIC06) - ECT,Private - Values - Electronic card transactions  A/S/T by industry,Actual,Medical and Other Health Care Services,,,
4557,ECTM.S1AQQ112,2012.11,176.1,,F,Dollars,6,Electronic Card Transactions (ANZSIC06) - ECT,Private - Values - Electronic card transactions  A/S/T by industry,Actual,Medical and Other Health Care Services,,,
4558,ECTM.S1AQQ112,2012.12,144.8,,F,Dollars,6,Electronic Card Transactions (ANZSIC06) - ECT,Private - Values - Electronic card transactions  A/S/T by industry,Actual,Medical and Other Health Care Services,,,
4559,ECTM.S1AQQ112,2013.01,139.0,,F,Dollars,6,Electronic Card Transactions (ANZSIC06) - ECT,Private - Values - Electronic card transactions  A/S/T by industry,Actual,Medical and Other Health Care Services,,,
4560,ECTM.S1AQQ112,2013.02,154.9,,F,Dollars,6,Electronic Card Transactions (ANZSIC06) - ECT,Private - Values - Electronic card transactions  A/S/T by industry,Actual,Medical and Other Health Care Services,,,
4561,ECTM.S1AQQ112,2013.03,164.5,,F,Dollars,6,Electronic Card Transactions (ANZSIC06) - ECT,Private - Values - Electronic card transactions  A/S/T by industry,Actual,Medical and Other Health Care Services,,,
4562,ECTM.S1AQQ112,2013.04,164.9,,F,Dollars,6,Electronic Card Transactions (ANZSIC06) - ECT,Private - Values - Electronic card transactions  A/S/T by industry,Actual,Medical and Other Health Care Services,,,
4563,ECTM.S1AQQ112,2013.05,186.6,,F,Dollars,6,Electronic Card Transactions (ANZSIC06) - ECT,Private - Values - Electronic card transactions  A/S/T by industry,Actual,Medical and Other Health Care Services,,,
4564,ECTM.S1AQQ112,2013.06,158.7,,F,Dollars,6,Electronic Card Transactions (ANZSIC06) - ECT,Private - Values - Electronic card transactions  A/S/T by industry,Actual,Medical and Other Health Care Services,,,
4565,ECTM.S1AQQ112,2013.07,177.1,,F,Dollars,6,Electronic Card Transactions (ANZSIC06) - ECT,Private - Values - Electronic card transactions  A/S/T by industry,Actual,Medical and Other Health Care Services,,,
4566,ECTM.S1AQQ112,2013.08,176.1,,F,Dollars,6,Electronic Card Transactions (ANZSIC06) - ECT,Private - Values - Electronic card transactions  A/S/T by industry,Actual,Medical and Other Health Care Services,,,
4567,ECTM.S1AQQ112,2013.09,164.6,,F,Dollars,6,Electronic Card Transactions (ANZSIC06) - ECT,Private - Values - Electronic card transactions  A/S/T by industry,Actual,Medical and Other Health Care Services,,,
4568,ECTM.S1AQQ112,2013.1,174.4,,F,Dollars,6,Electronic Card Transactions (ANZSIC06) - ECT,Private - Values - Electronic card transactions  A/S/T by industry,Actual,Medical and Other Health Care Services,,,
4569,ECTM.S1AQQ112,2013.11,176.4,,F,Dollars,6,Electronic Card Transactions (ANZSIC06) - ECT,Private - Values - Electronic card transactions  A/S/T by industry,Actual,Medical and Other Health Care Services,,,
4570,ECTM.S1AQQ112,2013.12,156.4,,F,Dollars,6,Electronic Card Transactions (ANZSIC06) - ECT,Private - Values - Electronic card transactions  A/S/T by industry,Actual,Medical and Other Health Care Services,,,
4571,ECTM.S1AQQ112,2014.01,146.6,,F,Dollars,6,Electronic Card Transactions (ANZSIC06) - ECT,Private - Values - Electronic card transactions  A/S/T by industry,Actual,Medical and Other Health Care Services,,,
4572,ECTM.S1AQQ112,2014.02,160.6,,F,Dollars,6,Electronic Card Transactions (ANZSIC06) - ECT,Private - Values - Electronic card transactions  A/S/T by industry,Actual,Medical and Other Health Care Services,,,
4573,ECTM.S1AQQ112,2014.03,177.1,,F,Dollars,6,Electronic Card Transactions (ANZSIC06) - ECT,Private - Values - Electronic card transactions  A/S/T by industry,Actual,Medical and Other Health Care Services,,,
4574,ECTM.S1AQQ112,2014.04,164.2,,F,Dollars,6,Electronic Card Transactions (ANZSIC06) - ECT,Private - Values - Electronic card transactions  A/S/T by industry,Actual,Medical and Other Health Care Services,,,
4575,ECTM.S1AQQ112,2014.05,188.4,,F,Dollars,6,Electronic Card Transactions (ANZSIC06) - ECT,Private - Values - Electronic card transactions  A/S/T by industry,Actual,Medical and Other Health Care Services,,,
4576,ECTM.S1AQQ112,2014.06,170.7,,F,Dollars,6,Electronic Card Transactions (ANZSIC06) - ECT,Private - Values - Electronic card transactions  A/S/T by industry,Actual,Medical and Other Health Care Services,,,
4577,ECTM.S1AQQ112,2014.07,185.9,,F,Dollars,6,Electronic Card Transactions (ANZSIC06) - ECT,Private - Values - Electronic card transactions  A/S/T by industry,Actual,Medical and Other Health Care Services,,,
4578,ECTM.S1AQQ112,2014.08,175.8,,F,Dollars,6,Electronic Card Transactions (ANZSIC06) - ECT,Private - Values - Electronic card transactions  A/S/T by industry,Actual,Medical and Other Health Care Services,,,
4579,ECTM.S1AQQ112,2014.09,181.0,,F,Dollars,6,Electronic Card Transactions (ANZSIC06) - ECT,Private - Values - Electronic card transactions  A/S/T by industry,Actual,Medical and Other Health Care Services,,,
4580,ECTM.S1AQQ112,2014.1,184.6,,F,Dollars,6,Electronic Card Transactions (ANZSIC06) - ECT,Private - Values - Electronic card transactions  A/S/T by industry,Actual,Medical and Other Health Care Services,,,
4581,ECTM.S1AQQ112,2014.11,179.0,,F,Dollars,6,Electronic Card Transactions (ANZSIC06) - ECT,Private - Values - Electronic card transactions  A/S/T by industry,Actual,Medical and Other Health Care Services,,,
4582,ECTM.S1AQQ112,2014.12,170.9,,F,Dollars,6,Electronic Card Transactions (ANZSIC06) - ECT,Private - Values - Electronic card transactions  A/S/T by industry,Actual,Medical and Other Health Care Services,,,
4583,ECTM.S1AQQ112,2015.01,149.0,,F,Dollars,6,Electronic Card Transactions (ANZSIC06) - ECT,Private - Values - Electronic card transactions  A/S/T by industry,Actual,Medical and Other Health Care Services,,,
4584,ECTM.S1AQQ112,2015.02,168.2,,F,Dollars,6,Electronic Card Transactions (ANZSIC06) - ECT,Private - Values - Electronic card transactions  A/S/T by industry,Actual,Medical and Other Health Care Services,,,
4585,ECTM.S1AQQ112,2015.03,193.3,,F,Dollars,6,Electronic Card Transactions (ANZSIC06) - ECT,Private - Values - Electronic card transactions  A/S/T by industry,Actual,Medical and Other Health Care Services,,,
4586,ECTM.S1AQQ112,2015.04,174.6,,F,Dollars,6,Electronic Card Transactions (ANZSIC06) - ECT,Private - Values - Electronic card transactions  A/S/T by industry,Actual,Medical and Other Health Care Services,,,
4587,ECTM.S1AQQ112,2015.05,193.2,,F,Dollars,6,Electronic Card Transactions (ANZSIC06) - ECT,Private - Values - Electronic card transactions  A/S/T by industry,Actual,Medical and Other Health Care Services,,,
4588,ECTM.S1AQQ112,2015.06,188.1,,F,Dollars,6,Electronic Card Transactions (ANZSIC06) - ECT,Private - Values - Electronic card transactions  A/S/T by industry,Actual,Medical and Other Health Care Services,,,
4589,ECTM.S1AQQ112,2015.07,195.8,,F,Dollars,6,Electronic Card Transactions (ANZSIC06) - ECT,Private - Values - Electronic card transactions  A/S/T by industry,Actual,Medical and Other Health Care Services,,,
4590,ECTM.S1AQQ112,2015.08,185.9,,F,Dollars,6,Electronic Card Transactions (ANZSIC06) - ECT,Private - Values - Electronic card transactions  A/S/T by industry,Actual,Medical and Other Health Care Services,,,
4591,ECTM.S1AQQ112,2015.09,191.4,,F,Dollars,6,Electronic Card Transactions (ANZSIC06) - ECT,Private - Values - Electronic card transactions  A/S/T by industry,Actual,Medical and Other Health Care Services,,,
4592,ECTM.S1AQQ112,2015.1,188.8,,F,Dollars,6,Electronic Card Transactions (ANZSIC06) - ECT,Private - Values - Electronic card transactions  A/S/T by industry,Actual,Medical and Other Health Care Services,,,
4593,ECTM.S1AQQ112,2015.11,196.6,,F,Dollars,6,Electronic Card Transactions (ANZSIC06) - ECT,Private - Values - Electronic card transactions  A/S/T by industry,Actual,Medical and Other Health Care Services,,,
4594,ECTM.S1AQQ112,2015.12,184.7,,F,Dollars,6,Electronic Card Transactions (ANZSIC06) - ECT,Private - Values - Electronic card transactions  A/S/T by industry,Actual,Medical and Other Health Care Services,,,
4595,ECTM.S1AQQ112,2016.01,155.1,,F,Dollars,6,Electronic Card Transactions (ANZSIC06) - ECT,Private - Values - Electronic card transactions  A/S/T by industry,Actual,Medical and Other Health Care Services,,,
4596,ECTM.S1AQQ112,2016.02,186.0,,F,Dollars,6,Electronic Card Transactions (ANZSIC06) - ECT,Private - Values - Electronic card transactions  A/S/T by industry,Actual,Medical and Other Health Care Services,,,
4597,ECTM.S1AQQ112,2016.03,203.4,,F,Dollars,6,Electronic Card Transactions (ANZSIC06) - ECT,Private - Values - Electronic card transactions  A/S/T by industry,Actual,Medical and Other Health Care Services,,,
4598,ECTM.S1AQQ112,2016.04,195.3,,F,Dollars,6,Electronic Card Transactions (ANZSIC06) - ECT,Private - Values - Electronic card transactions  A/S/T by industry,Actual,Medical and Other Health Care Services,,,
4599,ECTM.S1AQQ112,2016.05,213.1,,F,Dollars,6,Electronic Card Transactions (ANZSIC06) - ECT,Private - Values - Electronic card transactions  A/S/T by industry,Actual,Medical and Other Health Care Services,,,
4600,ECTM.S1AQQ112,2016.06,202.1,,F,Dollars,6,Electronic Card Transactions (ANZSIC06) - ECT,Private - Values - Electronic card transactions  A/S/T by industry,Actual,Medical and Other Health Care Services,,,
4601,ECTM.S1AQQ112,2016.07,194.1,,F,Dollars,6,Electronic Card Transactions (ANZSIC06) - ECT,Private - Values - Electronic card transactions  A/S/T by industry,Actual,Medical and Other Health Care Services,,,
4602,ECTM.S1AQQ112,2016.08,212.6,,F,Dollars,6,Electronic Card Transactions (ANZSIC06) - ECT,Private - Values - Electronic card transactions  A/S/T by industry,Actual,Medical and Other Health Care Services,,,
4603,ECTM.S1AQQ112,2016.09,205.0,,F,Dollars,6,Electronic Card Transactions (ANZSIC06) - ECT,Private - Values - Electronic card transactions  A/S/T by industry,Actual,Medical and Other Health Care Services,,,
4604,ECTM.S1AQQ112,2016.1,195.4,,F,Dollars,6,Electronic Card Transactions (ANZSIC06) - ECT,Private - Values - Electronic card transactions  A/S/T by industry,Actual,Medical and Other Health Care Services,,,
4605,ECTM.S1AQQ112,2016.11,220.5,,F,Dollars,6,Electronic Card Transactions (ANZSIC06) - ECT,Private - Values - Electronic card transactions  A/S/T by industry,Actual,Medical and Other Health Care Services,,,
4606,ECTM.S1AQQ112,2016.12,189.6,,F,Dollars,6,Electronic Card Transactions (ANZSIC06) - ECT,Private - Values - Electronic card transactions  A/S/T by industry,Actual,Medical and Other Health Care Services,,,
4607,ECTM.S1AQQ112,2017.01,165.7,,F,Dollars,6,Electronic Card Transactions (ANZSIC06) - ECT,Private - Values - Electronic card transactions  A/S/T by industry,Actual,Medical and Other Health Care Services,,,
4608,ECTM.S1AQQ112,2017.02,191.6,,F,Dollars,6,Electronic Card Transactions (ANZSIC06) - ECT,Private - Values - Electronic card transactions  A/S/T by industry,Actual,Medical and Other Health Care Services,,,
4609,ECTM.S1AQQ112,2017.03,230.1,,F,Dollars,6,Electronic Card Transactions (ANZSIC06) - ECT,Private - Values - Electronic card transactions  A/S/T by industry,Actual,Medical and Other Health Care Services,,,
4610,ECTM.S1AQQ112,2017.04,180.1,,F,Dollars,6,Electronic Card Transactions (ANZSIC06) - ECT,Private - Values - Electronic card transactions  A/S/T by industry,Actual,Medical and Other Health Care Services,,,
4611,ECTM.S1AQQ112,2017.05,234.9,,F,Dollars,6,Electronic Card Transactions (ANZSIC06) - ECT,Private - Values - Electronic card transactions  A/S/T by industry,Actual,Medical and Other Health Care Services,,,
4612,ECTM.S1AQQ112,2017.06,213.5,,F,Dollars,6,Electronic Card Transactions (ANZSIC06) - ECT,Private - Values - Electronic card transactions  A/S/T by industry,Actual,Medical and Other Health Care Services,,,
4613,ECTM.S1AQQ112,2017.07,204.2,,F,Dollars,6,Electronic Card Transactions (ANZSIC06) - ECT,Private - Values - Electronic card transactions  A/S/T by industry,Actual,Medical and Other Health Care Services,,,
4614,ECTM.S1AQQ112,2017.08,226.4,,F,Dollars,6,Electronic Card Transactions (ANZSIC06) - ECT,Private - Values - Electronic card transactions  A/S/T by industry,Actual,Medical and Other Health Care Services,,,
4615,ECTM.S1AQQ112,2017.09,207.1,,F,Dollars,6,Electronic Card Transactions (ANZSIC06) - ECT,Private - Values - Electronic card transactions  A/S/T by industry,Actual,Medical and Other Health Care Services,,,
4616,ECTM.S1AQQ112,2017.1,210.2,,F,Dollars,6,Electronic Card Transactions (ANZSIC06) - ECT,Private - Values - Electronic card transactions  A/S/T by industry,Actual,Medical and Other Health Care Services,,,
4617,ECTM.S1AQQ112,2017.11,231.5,,F,Dollars,6,Electronic Card Transactions (ANZSIC06) - ECT,Private - Values - Electronic card transactions  A/S/T by industry,Actual,Medical and Other Health Care Services,,,
4618,ECTM.S1AQQ112,2017.12,191.9,,F,Dollars,6,Electronic Card Transactions (ANZSIC06) - ECT,Private - Values - Electronic card transactions  A/S/T by industry,Actual,Medical and Other Health Care Services,,,
4619,ECTM.S1AQQ112,2018.01,179.5,,F,Dollars,6,Electronic Card Transactions (ANZSIC06) - ECT,Private - Values - Electronic card transactions  A/S/T by industry,Actual,Medical and Other Health Care Services,,,
4620,ECTM.S1AQQ112,2018.02,201.9,,F,Dollars,6,Electronic Card Transactions (ANZSIC06) - ECT,Private - Values - Electronic card transactions  A/S/T by industry,Actual,Medical and Other Health Care Services,,,
4621,ECTM.S1AQQ112,2018.03,224.9,,F,Dollars,6,Electronic Card Transactions (ANZSIC06) - ECT,Private - Values - Electronic card transactions  A/S/T by industry,Actual,Medical and Other Health Care Services,,,
4622,ECTM.S1AQQ112,2018.04,203.9,,F,Dollars,6,Electronic Card Transactions (ANZSIC06) - ECT,Private - Values - Electronic card transactions  A/S/T by industry,Actual,Medical and Other Health Care Services,,,
4623,ECTM.S1AQQ112,2018.05,245.4,,F,Dollars,6,Electronic Card Transactions (ANZSIC06) - ECT,Private - Values - Electronic card transactions  A/S/T by industry,Actual,Medical and Other Health Care Services,,,
4624,ECTM.S1AQQ112,2018.06,215.8,,F,Dollars,6,Electronic Card Transactions (ANZSIC06) - ECT,Private - Values - Electronic card transactions  A/S/T by industry,Actual,Medical and Other Health Care Services,,,
4625,ECTM.S1AQQ112,2018.07,226.9,,F,Dollars,6,Electronic Card Transactions (ANZSIC06) - ECT,Private - Values - Electronic card transactions  A/S/T by industry,Actual,Medical and Other Health Care Services,,,
4626,ECTM.S1AQQ112,2018.08,238.3,,F,Dollars,6,Electronic Card Transactions (ANZSIC06) - ECT,Private - Values - Electronic card transactions  A/S/T by industry,Actual,Medical and Other Health Care Services,,,
4627,ECTM.S1AQQ112,2018.09,212.2,,F,Dollars,6,Electronic Card Transactions (ANZSIC06) - ECT,Private - Values - Electronic card transactions  A/S/T by industry,Actual,Medical and Other Health Care Services,,,
4628,ECTM.S1AQQ112,2018.1,232.1,,F,Dollars,6,Electronic Card Transactions (ANZSIC06) - ECT,Private - Values - Electronic card transactions  A/S/T by industry,Actual,Medical and Other Health Care Services,,,
4629,ECTM.S1AQQ112,2018.11,243.8,,F,Dollars,6,Electronic Card Transactions (ANZSIC06) - ECT,Private - Values - Electronic card transactions  A/S/T by industry,Actual,Medical and Other Health Care Services,,,
4630,ECTM.S1AQQ112,2018.12,196.8,,F,Dollars,6,Electronic Card Transactions (ANZSIC06) - ECT,Private - Values - Electronic card transactions  A/S/T by industry,Actual,Medical and Other Health Care Services,,,
4631,ECTM.S1AQQ112,2019.01,194.5,,F,Dollars,6,Electronic Card Transactions (ANZSIC06) - ECT,Private - Values - Electronic card transactions  A/S/T by industry,Actual,Medical and Other Health Care Services,,,
4632,ECTM.S1AQQ112,2019.02,213.1,,F,Dollars,6,Electronic Card Transactions (ANZSIC06) - ECT,Private - Values - Electronic card transactions  A/S/T by industry,Actual,Medical and Other Health Care Services,,,
4633,ECTM.S1AQQ112,2019.03,233.9,,F,Dollars,6,Electronic Card Transactions (ANZSIC06) - ECT,Private - Values - Electronic card transactions  A/S/T by industry,Actual,Medical and Other Health Care Services,,,
4634,ECTM.S1AQQ112,2019.04,214.3,,F,Dollars,6,Electronic Card Transactions (ANZSIC06) - ECT,Private - Values - Electronic card transactions  A/S/T by industry,Actual,Medical and Other Health Care Services,,,
4635,ECTM.S1AQQ112,2019.05,259.1,,F,Dollars,6,Electronic Card Transactions (ANZSIC06) - ECT,Private - Values - Electronic card transactions  A/S/T by industry,Actual,Medical and Other Health Care Services,,,
4636,ECTM.S1AQQ112,2019.06,217.9,,F,Dollars,6,Electronic Card Transactions (ANZSIC06) - ECT,Private - Values - Electronic card transactions  A/S/T by industry,Actual,Medical and Other Health Care Services,,,
4637,ECTM.S1AQQ112,2019.07,245.7,,F,Dollars,6,Electronic Card Transactions (ANZSIC06) - ECT,Private - Values - Electronic card transactions  A/S/T by industry,Actual,Medical and Other Health Care Services,,,
4638,ECTM.S1AQQ112,2019.08,245.8,,F,Dollars,6,Electronic Card Transactions (ANZSIC06) - ECT,Private - Values - Electronic card transactions  A/S/T by industry,Actual,Medical and Other Health Care Services,,,
4639,ECTM.S1AQQ112,2019.09,231.3,,F,Dollars,6,Electronic Card Transactions (ANZSIC06) - ECT,Private - Values - Electronic card transactions  A/S/T by industry,Actual,Medical and Other Health Care Services,,,
4640,ECTM.S1AQQ112,2019.1,248.6,,F,Dollars,6,Electronic Card Transactions (ANZSIC06) - ECT,Private - Values - Electronic card transactions  A/S/T by industry,Actual,Medical and Other Health Care Services,,,
4641,ECTM.S1AQQ112,2019.11,251.0,,F,Dollars,6,Electronic Card Transactions (ANZSIC06) - ECT,Private - Values - Electronic card transactions  A/S/T by industry,Actual,Medical and Other Health Care Services,,,
4642,ECTM.S1AQQ112,2019.12,213.7,,F,Dollars,6,Electronic Card Transactions (ANZSIC06) - ECT,Private - Values - Electronic card transactions  A/S/T by industry,Actual,Medical and Other Health Care Services,,,
4643,ECTM.S1AQQ112,2020.01,207.5,,F,Dollars,6,Electronic Card Transactions (ANZSIC06) - ECT,Private - Values - Electronic card transactions  A/S/T by industry,Actual,Medical and Other Health Care Services,,,
4644,ECTM.S1AQQ112,2020.02,228.3,,F,Dollars,6,Electronic Card Transactions (ANZSIC06) - ECT,Private - Values - Electronic card transactions  A/S/T by industry,Actual,Medical and Other Health Care Services,,,
4645,ECTM.S1AQQ112,2020.03,194.6,,F,Dollars,6,Electronic Card Transactions (ANZSIC06) - ECT,Private - Values - Electronic card transactions  A/S/T by industry,Actual,Medical and Other Health Care Services,,,
4646,ECTM.S1AQQ112,2020.04,29.1,,F,Dollars,6,Electronic Card Transactions (ANZSIC06) - ECT,Private - Values - Electronic card transactions  A/S/T by industry,Actual,Medical and Other Health Care Services,,,
4647,ECTM.S1AQQ112,2020.05,153.9,,F,Dollars,6,Electronic Card Transactions (ANZSIC06) - ECT,Private - Values - Electronic card transactions  A/S/T by industry,Actual,Medical and Other Health Care Services,,,
4648,ECTM.S1AQQ112,2020.06,260.7,,F,Dollars,6,Electronic Card Transactions (ANZSIC06) - ECT,Private - Values - Electronic card transactions  A/S/T by industry,Actual,Medical and Other Health Care Services,,,
4649,ECTM.S1AQQ112,2020.07,284.0,,F,Dollars,6,Electronic Card Transactions (ANZSIC06) - ECT,Private - Values - Electronic card transactions  A/S/T by industry,Actual,Medical and Other Health Care Services,,,
4650,ECTM.S1SQQ112,2007.03,125.3,,R,Dollars,6,Electronic Card Transactions (ANZSIC06) - ECT,Private - Values - Electronic card transactions  A/S/T by industry,Seasonally adjusted,Medical and Other Health Care Services,,,
4651,ECTM.S1SQQ112,2007.04,122.3,,R,Dollars,6,Electronic Card Transactions (ANZSIC06) - ECT,Private - Values - Electronic card transactions  A/S/T by industry,Seasonally adjusted,Medical and Other Health Care Services,,,
4652,ECTM.S1SQQ112,2007.05,127.8,,R,Dollars,6,Electronic Card Transactions (ANZSIC06) - ECT,Private - Values - Electronic card transactions  A/S/T by industry,Seasonally adjusted,Medical and Other Health Care Services,,,
4653,ECTM.S1SQQ112,2007.06,126.7,,R,Dollars,6,Electronic Card Transactions (ANZSIC06) - ECT,Private - Values - Electronic card transactions  A/S/T by industry,Seasonally adjusted,Medical and Other Health Care Services,,,
4654,ECTM.S1SQQ112,2007.07,127.4,,R,Dollars,6,Electronic Card Transactions (ANZSIC06) - ECT,Private - Values - Electronic card transactions  A/S/T by industry,Seasonally adjusted,Medical and Other Health Care Services,,,
4655,ECTM.S1SQQ112,2007.08,127.7,,R,Dollars,6,Electronic Card Transactions (ANZSIC06) - ECT,Private - Values - Electronic card transactions  A/S/T by industry,Seasonally adjusted,Medical and Other Health Care Services,,,
4656,ECTM.S1SQQ112,2007.09,129.5,,R,Dollars,6,Electronic Card Transactions (ANZSIC06) - ECT,Private - Values - Electronic card transactions  A/S/T by industry,Seasonally adjusted,Medical and Other Health Care Services,,,
4657,ECTM.S1SQQ112,2007.1,129.9,,R,Dollars,6,Electronic Card Transactions (ANZSIC06) - ECT,Private - Values - Electronic card transactions  A/S/T by industry,Seasonally adjusted,Medical and Other Health Care Services,,,
4658,ECTM.S1SQQ112,2007.11,130.5,,R,Dollars,6,Electronic Card Transactions (ANZSIC06) - ECT,Private - Values - Electronic card transactions  A/S/T by industry,Seasonally adjusted,Medical and Other Health Care Services,,,
4659,ECTM.S1SQQ112,2007.12,131.7,,R,Dollars,6,Electronic Card Transactions (ANZSIC06) - ECT,Private - Values - Electronic card transactions  A/S/T by industry,Seasonally adjusted,Medical and Other Health Care Services,,,
4660,ECTM.S1SQQ112,2008.01,132.0,,R,Dollars,6,Electronic Card Transactions (ANZSIC06) - ECT,Private - Values - Electronic card transactions  A/S/T by industry,Seasonally adjusted,Medical and Other Health Care Services,,,
4661,ECTM.S1SQQ112,2008.02,130.8,,R,Dollars,6,Electronic Card Transactions (ANZSIC06) - ECT,Private - Values - Electronic card transactions  A/S/T by industry,Seasonally adjusted,Medical and Other Health Care Services,,,
4662,ECTM.S1SQQ112,2008.03,126.2,,R,Dollars,6,Electronic Card Transactions (ANZSIC06) - ECT,Private - Values - Electronic card transactions  A/S/T by industry,Seasonally adjusted,Medical and Other Health Care Services,,,
4663,ECTM.S1SQQ112,2008.04,139.8,,R,Dollars,6,Electronic Card Transactions (ANZSIC06) - ECT,Private - Values - Electronic card transactions  A/S/T by industry,Seasonally adjusted,Medical and Other Health Care Services,,,
4664,ECTM.S1SQQ112,2008.05,132.8,,R,Dollars,6,Electronic Card Transactions (ANZSIC06) - ECT,Private - Values - Electronic card transactions  A/S/T by industry,Seasonally adjusted,Medical and Other Health Care Services,,,
4665,ECTM.S1SQQ112,2008.06,134.3,,R,Dollars,6,Electronic Card Transactions (ANZSIC06) - ECT,Private - Values - Electronic card transactions  A/S/T by industry,Seasonally adjusted,Medical and Other Health Care Services,,,
4666,ECTM.S1SQQ112,2008.07,134.5,,R,Dollars,6,Electronic Card Transactions (ANZSIC06) - ECT,Private - Values - Electronic card transactions  A/S/T by industry,Seasonally adjusted,Medical and Other Health Care Services,,,
4667,ECTM.S1SQQ112,2008.08,133.5,,R,Dollars,6,Electronic Card Transactions (ANZSIC06) - ECT,Private - Values - Electronic card transactions  A/S/T by industry,Seasonally adjusted,Medical and Other Health Care Services,,,
4668,ECTM.S1SQQ112,2008.09,134.5,,R,Dollars,6,Electronic Card Transactions (ANZSIC06) - ECT,Private - Values - Electronic card transactions  A/S/T by industry,Seasonally adjusted,Medical and Other Health Care Services,,,
4669,ECTM.S1SQQ112,2008.1,134.7,,R,Dollars,6,Electronic Card Transactions (ANZSIC06) - ECT,Private - Values - Electronic card transactions  A/S/T by industry,Seasonally adjusted,Medical and Other Health Care Services,,,
4670,ECTM.S1SQQ112,2008.11,135.1,,R,Dollars,6,Electronic Card Transactions (ANZSIC06) - ECT,Private - Values - Electronic card transactions  A/S/T by industry,Seasonally adjusted,Medical and Other Health Care Services,,,
4671,ECTM.S1SQQ112,2008.12,135.7,,R,Dollars,6,Electronic Card Transactions (ANZSIC06) - ECT,Private - Values - Electronic card transactions  A/S/T by industry,Seasonally adjusted,Medical and Other Health Care Services,,,
4672,ECTM.S1SQQ112,2009.01,132.2,,R,Dollars,6,Electronic Card Transactions (ANZSIC06) - ECT,Private - Values - Electronic card transactions  A/S/T by industry,Seasonally adjusted,Medical and Other Health Care Services,,,
4673,ECTM.S1SQQ112,2009.02,136.2,,R,Dollars,6,Electronic Card Transactions (ANZSIC06) - ECT,Private - Values - Electronic card transactions  A/S/T by industry,Seasonally adjusted,Medical and Other Health Care Services,,,
4674,ECTM.S1SQQ112,2009.03,139.0,,R,Dollars,6,Electronic Card Transactions (ANZSIC06) - ECT,Private - Values - Electronic card transactions  A/S/T by industry,Seasonally adjusted,Medical and Other Health Care Services,,,
4675,ECTM.S1SQQ112,2009.04,138.6,,R,Dollars,6,Electronic Card Transactions (ANZSIC06) - ECT,Private - Values - Electronic card transactions  A/S/T by industry,Seasonally adjusted,Medical and Other Health Care Services,,,
4676,ECTM.S1SQQ112,2009.05,135.0,,R,Dollars,6,Electronic Card Transactions (ANZSIC06) - ECT,Private - Values - Electronic card transactions  A/S/T by industry,Seasonally adjusted,Medical and Other Health Care Services,,,
4677,ECTM.S1SQQ112,2009.06,136.7,,R,Dollars,6,Electronic Card Transactions (ANZSIC06) - ECT,Private - Values - Electronic card transactions  A/S/T by industry,Seasonally adjusted,Medical and Other Health Care Services,,,
4678,ECTM.S1SQQ112,2009.07,137.5,,R,Dollars,6,Electronic Card Transactions (ANZSIC06) - ECT,Private - Values - Electronic card transactions  A/S/T by industry,Seasonally adjusted,Medical and Other Health Care Services,,,
4679,ECTM.S1SQQ112,2009.08,139.4,,R,Dollars,6,Electronic Card Transactions (ANZSIC06) - ECT,Private - Values - Electronic card transactions  A/S/T by industry,Seasonally adjusted,Medical and Other Health Care Services,,,
4680,ECTM.S1SQQ112,2009.09,137.4,,R,Dollars,6,Electronic Card Transactions (ANZSIC06) - ECT,Private - Values - Electronic card transactions  A/S/T by industry,Seasonally adjusted,Medical and Other Health Care Services,,,
4681,ECTM.S1SQQ112,2009.1,138.3,,R,Dollars,6,Electronic Card Transactions (ANZSIC06) - ECT,Private - Values - Electronic card transactions  A/S/T by industry,Seasonally adjusted,Medical and Other Health Care Services,,,
4682,ECTM.S1SQQ112,2009.11,139.1,,R,Dollars,6,Electronic Card Transactions (ANZSIC06) - ECT,Private - Values - Electronic card transactions  A/S/T by industry,Seasonally adjusted,Medical and Other Health Care Services,,,
4683,ECTM.S1SQQ112,2009.12,140.2,,R,Dollars,6,Electronic Card Transactions (ANZSIC06) - ECT,Private - Values - Electronic card transactions  A/S/T by industry,Seasonally adjusted,Medical and Other Health Care Services,,,
4684,ECTM.S1SQQ112,2010.01,141.3,,R,Dollars,6,Electronic Card Transactions (ANZSIC06) - ECT,Private - Values - Electronic card transactions  A/S/T by industry,Seasonally adjusted,Medical and Other Health Care Services,,,
4685,ECTM.S1SQQ112,2010.02,140.8,,R,Dollars,6,Electronic Card Transactions (ANZSIC06) - ECT,Private - Values - Electronic card transactions  A/S/T by industry,Seasonally adjusted,Medical and Other Health Care Services,,,
4686,ECTM.S1SQQ112,2010.03,142.9,,R,Dollars,6,Electronic Card Transactions (ANZSIC06) - ECT,Private - Values - Electronic card transactions  A/S/T by industry,Seasonally adjusted,Medical and Other Health Care Services,,,
4687,ECTM.S1SQQ112,2010.04,142.4,,R,Dollars,6,Electronic Card Transactions (ANZSIC06) - ECT,Private - Values - Electronic card transactions  A/S/T by industry,Seasonally adjusted,Medical and Other Health Care Services,,,
4688,ECTM.S1SQQ112,2010.05,143.2,,R,Dollars,6,Electronic Card Transactions (ANZSIC06) - ECT,Private - Values - Electronic card transactions  A/S/T by industry,Seasonally adjusted,Medical and Other Health Care Services,,,
4689,ECTM.S1SQQ112,2010.06,142.3,,R,Dollars,6,Electronic Card Transactions (ANZSIC06) - ECT,Private - Values - Electronic card transactions  A/S/T by industry,Seasonally adjusted,Medical and Other Health Care Services,,,
4690,ECTM.S1SQQ112,2010.07,143.0,,R,Dollars,6,Electronic Card Transactions (ANZSIC06) - ECT,Private - Values - Electronic card transactions  A/S/T by industry,Seasonally adjusted,Medical and Other Health Care Services,,,
4691,ECTM.S1SQQ112,2010.08,144.5,,R,Dollars,6,Electronic Card Transactions (ANZSIC06) - ECT,Private - Values - Electronic card transactions  A/S/T by industry,Seasonally adjusted,Medical and Other Health Care Services,,,
4692,ECTM.S1SQQ112,2010.09,143.5,,R,Dollars,6,Electronic Card Transactions (ANZSIC06) - ECT,Private - Values - Electronic card transactions  A/S/T by industry,Seasonally adjusted,Medical and Other Health Care Services,,,
4693,ECTM.S1SQQ112,2010.1,144.1,,R,Dollars,6,Electronic Card Transactions (ANZSIC06) - ECT,Private - Values - Electronic card transactions  A/S/T by industry,Seasonally adjusted,Medical and Other Health Care Services,,,
4694,ECTM.S1SQQ112,2010.11,146.2,,R,Dollars,6,Electronic Card Transactions (ANZSIC06) - ECT,Private - Values - Electronic card transactions  A/S/T by industry,Seasonally adjusted,Medical and Other Health Care Services,,,
4695,ECTM.S1SQQ112,2010.12,146.0,,R,Dollars,6,Electronic Card Transactions (ANZSIC06) - ECT,Private - Values - Electronic card transactions  A/S/T by industry,Seasonally adjusted,Medical and Other Health Care Services,,,
4696,ECTM.S1SQQ112,2011.01,146.8,,R,Dollars,6,Electronic Card Transactions (ANZSIC06) - ECT,Private - Values - Electronic card transactions  A/S/T by industry,Seasonally adjusted,Medical and Other Health Care Services,,,
4697,ECTM.S1SQQ112,2011.02,148.4,,R,Dollars,6,Electronic Card Transactions (ANZSIC06) - ECT,Private - Values - Electronic card transactions  A/S/T by industry,Seasonally adjusted,Medical and Other Health Care Services,,,
4698,ECTM.S1SQQ112,2011.03,144.4,,R,Dollars,6,Electronic Card Transactions (ANZSIC06) - ECT,Private - Values - Electronic card transactions  A/S/T by industry,Seasonally adjusted,Medical and Other Health Care Services,,,
4699,ECTM.S1SQQ112,2011.04,147.4,,R,Dollars,6,Electronic Card Transactions (ANZSIC06) - ECT,Private - Values - Electronic card transactions  A/S/T by industry,Seasonally adjusted,Medical and Other Health Care Services,,,
4700,ECTM.S1SQQ112,2011.05,149.7,,R,Dollars,6,Electronic Card Transactions (ANZSIC06) - ECT,Private - Values - Electronic card transactions  A/S/T by industry,Seasonally adjusted,Medical and Other Health Care Services,,,
4701,ECTM.S1SQQ112,2011.06,150.1,,R,Dollars,6,Electronic Card Transactions (ANZSIC06) - ECT,Private - Values - Electronic card transactions  A/S/T by industry,Seasonally adjusted,Medical and Other Health Care Services,,,
4702,ECTM.S1SQQ112,2011.07,147.8,,R,Dollars,6,Electronic Card Transactions (ANZSIC06) - ECT,Private - Values - Electronic card transactions  A/S/T by industry,Seasonally adjusted,Medical and Other Health Care Services,,,
4703,ECTM.S1SQQ112,2011.08,149.0,,R,Dollars,6,Electronic Card Transactions (ANZSIC06) - ECT,Private - Values - Electronic card transactions  A/S/T by industry,Seasonally adjusted,Medical and Other Health Care Services,,,
4704,ECTM.S1SQQ112,2011.09,152.8,,R,Dollars,6,Electronic Card Transactions (ANZSIC06) - ECT,Private - Values - Electronic card transactions  A/S/T by industry,Seasonally adjusted,Medical and Other Health Care Services,,,
4705,ECTM.S1SQQ112,2011.1,153.5,,R,Dollars,6,Electronic Card Transactions (ANZSIC06) - ECT,Private - Values - Electronic card transactions  A/S/T by industry,Seasonally adjusted,Medical and Other Health Care Services,,,
4706,ECTM.S1SQQ112,2011.11,152.2,,R,Dollars,6,Electronic Card Transactions (ANZSIC06) - ECT,Private - Values - Electronic card transactions  A/S/T by industry,Seasonally adjusted,Medical and Other Health Care Services,,,
4707,ECTM.S1SQQ112,2011.12,154.4,,R,Dollars,6,Electronic Card Transactions (ANZSIC06) - ECT,Private - Values - Electronic card transactions  A/S/T by industry,Seasonally adjusted,Medical and Other Health Care Services,,,
4708,ECTM.S1SQQ112,2012.01,152.3,,R,Dollars,6,Electronic Card Transactions (ANZSIC06) - ECT,Private - Values - Electronic card transactions  A/S/T by industry,Seasonally adjusted,Medical and Other Health Care Services,,,
4709,ECTM.S1SQQ112,2012.02,156.0,,R,Dollars,6,Electronic Card Transactions (ANZSIC06) - ECT,Private - Values - Electronic card transactions  A/S/T by industry,Seasonally adjusted,Medical and Other Health Care Services,,,
4710,ECTM.S1SQQ112,2012.03,159.1,,R,Dollars,6,Electronic Card Transactions (ANZSIC06) - ECT,Private - Values - Electronic card transactions  A/S/T by industry,Seasonally adjusted,Medical and Other Health Care Services,,,
4711,ECTM.S1SQQ112,2012.04,156.5,,R,Dollars,6,Electronic Card Transactions (ANZSIC06) - ECT,Private - Values - Electronic card transactions  A/S/T by industry,Seasonally adjusted,Medical and Other Health Care Services,,,
4712,ECTM.S1SQQ112,2012.05,157.9,,R,Dollars,6,Electronic Card Transactions (ANZSIC06) - ECT,Private - Values - Electronic card transactions  A/S/T by industry,Seasonally adjusted,Medical and Other Health Care Services,,,
4713,ECTM.S1SQQ112,2012.06,156.9,,R,Dollars,6,Electronic Card Transactions (ANZSIC06) - ECT,Private - Values - Electronic card transactions  A/S/T by industry,Seasonally adjusted,Medical and Other Health Care Services,,,
4714,ECTM.S1SQQ112,2012.07,160.8,,R,Dollars,6,Electronic Card Transactions (ANZSIC06) - ECT,Private - Values - Electronic card transactions  A/S/T by industry,Seasonally adjusted,Medical and Other Health Care Services,,,
4715,ECTM.S1SQQ112,2012.08,159.0,,R,Dollars,6,Electronic Card Transactions (ANZSIC06) - ECT,Private - Values - Electronic card transactions  A/S/T by industry,Seasonally adjusted,Medical and Other Health Care Services,,,
4716,ECTM.S1SQQ112,2012.09,160.9,,R,Dollars,6,Electronic Card Transactions (ANZSIC06) - ECT,Private - Values - Electronic card transactions  A/S/T by industry,Seasonally adjusted,Medical and Other Health Care Services,,,
4717,ECTM.S1SQQ112,2012.1,161.1,,R,Dollars,6,Electronic Card Transactions (ANZSIC06) - ECT,Private - Values - Electronic card transactions  A/S/T by industry,Seasonally adjusted,Medical and Other Health Care Services,,,
4718,ECTM.S1SQQ112,2012.11,161.3,,R,Dollars,6,Electronic Card Transactions (ANZSIC06) - ECT,Private - Values - Electronic card transactions  A/S/T by industry,Seasonally adjusted,Medical and Other Health Care Services,,,
4719,ECTM.S1SQQ112,2012.12,161.0,,R,Dollars,6,Electronic Card Transactions (ANZSIC06) - ECT,Private - Values - Electronic card transactions  A/S/T by industry,Seasonally adjusted,Medical and Other Health Care Services,,,
4720,ECTM.S1SQQ112,2013.01,162.0,,R,Dollars,6,Electronic Card Transactions (ANZSIC06) - ECT,Private - Values - Electronic card transactions  A/S/T by industry,Seasonally adjusted,Medical and Other Health Care Services,,,
4721,ECTM.S1SQQ112,2013.02,163.6,,R,Dollars,6,Electronic Card Transactions (ANZSIC06) - ECT,Private - Values - Electronic card transactions  A/S/T by industry,Seasonally adjusted,Medical and Other Health Care Services,,,
4722,ECTM.S1SQQ112,2013.03,160.0,,R,Dollars,6,Electronic Card Transactions (ANZSIC06) - ECT,Private - Values - Electronic card transactions  A/S/T by industry,Seasonally adjusted,Medical and Other Health Care Services,,,
4723,ECTM.S1SQQ112,2013.04,171.5,,R,Dollars,6,Electronic Card Transactions (ANZSIC06) - ECT,Private - Values - Electronic card transactions  A/S/T by industry,Seasonally adjusted,Medical and Other Health Care Services,,,
4724,ECTM.S1SQQ112,2013.05,164.7,,R,Dollars,6,Electronic Card Transactions (ANZSIC06) - ECT,Private - Values - Electronic card transactions  A/S/T by industry,Seasonally adjusted,Medical and Other Health Care Services,,,
4725,ECTM.S1SQQ112,2013.06,167.3,,R,Dollars,6,Electronic Card Transactions (ANZSIC06) - ECT,Private - Values - Electronic card transactions  A/S/T by industry,Seasonally adjusted,Medical and Other Health Care Services,,,
4726,ECTM.S1SQQ112,2013.07,167.1,,R,Dollars,6,Electronic Card Transactions (ANZSIC06) - ECT,Private - Values - Electronic card transactions  A/S/T by industry,Seasonally adjusted,Medical and Other Health Care Services,,,
4727,ECTM.S1SQQ112,2013.08,167.9,,R,Dollars,6,Electronic Card Transactions (ANZSIC06) - ECT,Private - Values - Electronic card transactions  A/S/T by industry,Seasonally adjusted,Medical and Other Health Care Services,,,
4728,ECTM.S1SQQ112,2013.09,166.6,,R,Dollars,6,Electronic Card Transactions (ANZSIC06) - ECT,Private - Values - Electronic card transactions  A/S/T by industry,Seasonally adjusted,Medical and Other Health Care Services,,,
4729,ECTM.S1SQQ112,2013.1,166.8,,R,Dollars,6,Electronic Card Transactions (ANZSIC06) - ECT,Private - Values - Electronic card transactions  A/S/T by industry,Seasonally adjusted,Medical and Other Health Care Services,,,
4730,ECTM.S1SQQ112,2013.11,167.2,,R,Dollars,6,Electronic Card Transactions (ANZSIC06) - ECT,Private - Values - Electronic card transactions  A/S/T by industry,Seasonally adjusted,Medical and Other Health Care Services,,,
4731,ECTM.S1SQQ112,2013.12,168.4,,R,Dollars,6,Electronic Card Transactions (ANZSIC06) - ECT,Private - Values - Electronic card transactions  A/S/T by industry,Seasonally adjusted,Medical and Other Health Care Services,,,
4732,ECTM.S1SQQ112,2014.01,170.2,,R,Dollars,6,Electronic Card Transactions (ANZSIC06) - ECT,Private - Values - Electronic card transactions  A/S/T by industry,Seasonally adjusted,Medical and Other Health Care Services,,,
4733,ECTM.S1SQQ112,2014.02,170.4,,R,Dollars,6,Electronic Card Transactions (ANZSIC06) - ECT,Private - Values - Electronic card transactions  A/S/T by industry,Seasonally adjusted,Medical and Other Health Care Services,,,
4734,ECTM.S1SQQ112,2014.03,173.2,,R,Dollars,6,Electronic Card Transactions (ANZSIC06) - ECT,Private - Values - Electronic card transactions  A/S/T by industry,Seasonally adjusted,Medical and Other Health Care Services,,,
4735,ECTM.S1SQQ112,2014.04,170.0,,R,Dollars,6,Electronic Card Transactions (ANZSIC06) - ECT,Private - Values - Electronic card transactions  A/S/T by industry,Seasonally adjusted,Medical and Other Health Care Services,,,
4736,ECTM.S1SQQ112,2014.05,172.1,,R,Dollars,6,Electronic Card Transactions (ANZSIC06) - ECT,Private - Values - Electronic card transactions  A/S/T by industry,Seasonally adjusted,Medical and Other Health Care Services,,,
4737,ECTM.S1SQQ112,2014.06,173.9,,R,Dollars,6,Electronic Card Transactions (ANZSIC06) - ECT,Private - Values - Electronic card transactions  A/S/T by industry,Seasonally adjusted,Medical and Other Health Care Services,,,
4738,ECTM.S1SQQ112,2014.07,174.9,,R,Dollars,6,Electronic Card Transactions (ANZSIC06) - ECT,Private - Values - Electronic card transactions  A/S/T by industry,Seasonally adjusted,Medical and Other Health Care Services,,,
4739,ECTM.S1SQQ112,2014.08,174.5,,R,Dollars,6,Electronic Card Transactions (ANZSIC06) - ECT,Private - Values - Electronic card transactions  A/S/T by industry,Seasonally adjusted,Medical and Other Health Care Services,,,
4740,ECTM.S1SQQ112,2014.09,176.0,,R,Dollars,6,Electronic Card Transactions (ANZSIC06) - ECT,Private - Values - Electronic card transactions  A/S/T by industry,Seasonally adjusted,Medical and Other Health Care Services,,,
4741,ECTM.S1SQQ112,2014.1,176.0,,R,Dollars,6,Electronic Card Transactions (ANZSIC06) - ECT,Private - Values - Electronic card transactions  A/S/T by industry,Seasonally adjusted,Medical and Other Health Care Services,,,
4742,ECTM.S1SQQ112,2014.11,177.5,,R,Dollars,6,Electronic Card Transactions (ANZSIC06) - ECT,Private - Values - Electronic card transactions  A/S/T by industry,Seasonally adjusted,Medical and Other Health Care Services,,,
4743,ECTM.S1SQQ112,2014.12,176.7,,R,Dollars,6,Electronic Card Transactions (ANZSIC06) - ECT,Private - Values - Electronic card transactions  A/S/T by industry,Seasonally adjusted,Medical and Other Health Care Services,,,
4744,ECTM.S1SQQ112,2015.01,179.2,,R,Dollars,6,Electronic Card Transactions (ANZSIC06) - ECT,Private - Values - Electronic card transactions  A/S/T by industry,Seasonally adjusted,Medical and Other Health Care Services,,,
4745,ECTM.S1SQQ112,2015.02,179.1,,R,Dollars,6,Electronic Card Transactions (ANZSIC06) - ECT,Private - Values - Electronic card transactions  A/S/T by industry,Seasonally adjusted,Medical and Other Health Care Services,,,
4746,ECTM.S1SQQ112,2015.03,182.1,,R,Dollars,6,Electronic Card Transactions (ANZSIC06) - ECT,Private - Values - Electronic card transactions  A/S/T by industry,Seasonally adjusted,Medical and Other Health Care Services,,,
4747,ECTM.S1SQQ112,2015.04,180.9,,R,Dollars,6,Electronic Card Transactions (ANZSIC06) - ECT,Private - Values - Electronic card transactions  A/S/T by industry,Seasonally adjusted,Medical and Other Health Care Services,,,
4748,ECTM.S1SQQ112,2015.05,183.4,,R,Dollars,6,Electronic Card Transactions (ANZSIC06) - ECT,Private - Values - Electronic card transactions  A/S/T by industry,Seasonally adjusted,Medical and Other Health Care Services,,,
4749,ECTM.S1SQQ112,2015.06,183.5,,R,Dollars,6,Electronic Card Transactions (ANZSIC06) - ECT,Private - Values - Electronic card transactions  A/S/T by industry,Seasonally adjusted,Medical and Other Health Care Services,,,
4750,ECTM.S1SQQ112,2015.07,183.4,,R,Dollars,6,Electronic Card Transactions (ANZSIC06) - ECT,Private - Values - Electronic card transactions  A/S/T by industry,Seasonally adjusted,Medical and Other Health Care Services,,,
4751,ECTM.S1SQQ112,2015.08,186.2,,R,Dollars,6,Electronic Card Transactions (ANZSIC06) - ECT,Private - Values - Electronic card transactions  A/S/T by industry,Seasonally adjusted,Medical and Other Health Care Services,,,
4752,ECTM.S1SQQ112,2015.09,185.7,,R,Dollars,6,Electronic Card Transactions (ANZSIC06) - ECT,Private - Values - Electronic card transactions  A/S/T by industry,Seasonally adjusted,Medical and Other Health Care Services,,,
4753,ECTM.S1SQQ112,2015.1,186.6,,R,Dollars,6,Electronic Card Transactions (ANZSIC06) - ECT,Private - Values - Electronic card transactions  A/S/T by industry,Seasonally adjusted,Medical and Other Health Care Services,,,
4754,ECTM.S1SQQ112,2015.11,188.6,,R,Dollars,6,Electronic Card Transactions (ANZSIC06) - ECT,Private - Values - Electronic card transactions  A/S/T by industry,Seasonally adjusted,Medical and Other Health Care Services,,,
4755,ECTM.S1SQQ112,2015.12,190.8,,R,Dollars,6,Electronic Card Transactions (ANZSIC06) - ECT,Private - Values - Electronic card transactions  A/S/T by industry,Seasonally adjusted,Medical and Other Health Care Services,,,
4756,ECTM.S1SQQ112,2016.01,194.2,,R,Dollars,6,Electronic Card Transactions (ANZSIC06) - ECT,Private - Values - Electronic card transactions  A/S/T by industry,Seasonally adjusted,Medical and Other Health Care Services,,,
4757,ECTM.S1SQQ112,2016.02,190.2,,R,Dollars,6,Electronic Card Transactions (ANZSIC06) - ECT,Private - Values - Electronic card transactions  A/S/T by industry,Seasonally adjusted,Medical and Other Health Care Services,,,
4758,ECTM.S1SQQ112,2016.03,183.5,,R,Dollars,6,Electronic Card Transactions (ANZSIC06) - ECT,Private - Values - Electronic card transactions  A/S/T by industry,Seasonally adjusted,Medical and Other Health Care Services,,,
4759,ECTM.S1SQQ112,2016.04,208.0,,R,Dollars,6,Electronic Card Transactions (ANZSIC06) - ECT,Private - Values - Electronic card transactions  A/S/T by industry,Seasonally adjusted,Medical and Other Health Care Services,,,
4760,ECTM.S1SQQ112,2016.05,196.5,,R,Dollars,6,Electronic Card Transactions (ANZSIC06) - ECT,Private - Values - Electronic card transactions  A/S/T by industry,Seasonally adjusted,Medical and Other Health Care Services,,,
4761,ECTM.S1SQQ112,2016.06,197.0,,R,Dollars,6,Electronic Card Transactions (ANZSIC06) - ECT,Private - Values - Electronic card transactions  A/S/T by industry,Seasonally adjusted,Medical and Other Health Care Services,,,
4762,ECTM.S1SQQ112,2016.07,196.2,,R,Dollars,6,Electronic Card Transactions (ANZSIC06) - ECT,Private - Values - Electronic card transactions  A/S/T by industry,Seasonally adjusted,Medical and Other Health Care Services,,,
4763,ECTM.S1SQQ112,2016.08,196.8,,R,Dollars,6,Electronic Card Transactions (ANZSIC06) - ECT,Private - Values - Electronic card transactions  A/S/T by industry,Seasonally adjusted,Medical and Other Health Care Services,,,
4764,ECTM.S1SQQ112,2016.09,199.0,,R,Dollars,6,Electronic Card Transactions (ANZSIC06) - ECT,Private - Values - Electronic card transactions  A/S/T by industry,Seasonally adjusted,Medical and Other Health Care Services,,,
4765,ECTM.S1SQQ112,2016.1,202.3,,R,Dollars,6,Electronic Card Transactions (ANZSIC06) - ECT,Private - Values - Electronic card transactions  A/S/T by industry,Seasonally adjusted,Medical and Other Health Care Services,,,
4766,ECTM.S1SQQ112,2016.11,201.5,,R,Dollars,6,Electronic Card Transactions (ANZSIC06) - ECT,Private - Values - Electronic card transactions  A/S/T by industry,Seasonally adjusted,Medical and Other Health Care Services,,,
4767,ECTM.S1SQQ112,2016.12,202.7,,R,Dollars,6,Electronic Card Transactions (ANZSIC06) - ECT,Private - Values - Electronic card transactions  A/S/T by industry,Seasonally adjusted,Medical and Other Health Care Services,,,
4768,ECTM.S1SQQ112,2017.01,201.6,,R,Dollars,6,Electronic Card Transactions (ANZSIC06) - ECT,Private - Values - Electronic card transactions  A/S/T by industry,Seasonally adjusted,Medical and Other Health Care Services,,,
4769,ECTM.S1SQQ112,2017.02,204.3,,R,Dollars,6,Electronic Card Transactions (ANZSIC06) - ECT,Private - Values - Electronic card transactions  A/S/T by industry,Seasonally adjusted,Medical and Other Health Care Services,,,
4770,ECTM.S1SQQ112,2017.03,207.6,,R,Dollars,6,Electronic Card Transactions (ANZSIC06) - ECT,Private - Values - Electronic card transactions  A/S/T by industry,Seasonally adjusted,Medical and Other Health Care Services,,,
4771,ECTM.S1SQQ112,2017.04,200.1,,R,Dollars,6,Electronic Card Transactions (ANZSIC06) - ECT,Private - Values - Electronic card transactions  A/S/T by industry,Seasonally adjusted,Medical and Other Health Care Services,,,
4772,ECTM.S1SQQ112,2017.05,207.6,,R,Dollars,6,Electronic Card Transactions (ANZSIC06) - ECT,Private - Values - Electronic card transactions  A/S/T by industry,Seasonally adjusted,Medical and Other Health Care Services,,,
4773,ECTM.S1SQQ112,2017.06,207.8,,R,Dollars,6,Electronic Card Transactions (ANZSIC06) - ECT,Private - Values - Electronic card transactions  A/S/T by industry,Seasonally adjusted,Medical and Other Health Care Services,,,
4774,ECTM.S1SQQ112,2017.07,207.8,,R,Dollars,6,Electronic Card Transactions (ANZSIC06) - ECT,Private - Values - Electronic card transactions  A/S/T by industry,Seasonally adjusted,Medical and Other Health Care Services,,,
4775,ECTM.S1SQQ112,2017.08,209.2,,R,Dollars,6,Electronic Card Transactions (ANZSIC06) - ECT,Private - Values - Electronic card transactions  A/S/T by industry,Seasonally adjusted,Medical and Other Health Care Services,,,
4776,ECTM.S1SQQ112,2017.09,207.8,,R,Dollars,6,Electronic Card Transactions (ANZSIC06) - ECT,Private - Values - Electronic card transactions  A/S/T by industry,Seasonally adjusted,Medical and Other Health Care Services,,,
4777,ECTM.S1SQQ112,2017.1,209.5,,R,Dollars,6,Electronic Card Transactions (ANZSIC06) - ECT,Private - Values - Electronic card transactions  A/S/T by industry,Seasonally adjusted,Medical and Other Health Care Services,,,
4778,ECTM.S1SQQ112,2017.11,211.9,,R,Dollars,6,Electronic Card Transactions (ANZSIC06) - ECT,Private - Values - Electronic card transactions  A/S/T by industry,Seasonally adjusted,Medical and Other Health Care Services,,,
4779,ECTM.S1SQQ112,2017.12,214.0,,R,Dollars,6,Electronic Card Transactions (ANZSIC06) - ECT,Private - Values - Electronic card transactions  A/S/T by industry,Seasonally adjusted,Medical and Other Health Care Services,,,
4780,ECTM.S1SQQ112,2018.01,209.4,,R,Dollars,6,Electronic Card Transactions (ANZSIC06) - ECT,Private - Values - Electronic card transactions  A/S/T by industry,Seasonally adjusted,Medical and Other Health Care Services,,,
4781,ECTM.S1SQQ112,2018.02,214.9,,R,Dollars,6,Electronic Card Transactions (ANZSIC06) - ECT,Private - Values - Electronic card transactions  A/S/T by industry,Seasonally adjusted,Medical and Other Health Care Services,,,
4782,ECTM.S1SQQ112,2018.03,210.8,,R,Dollars,6,Electronic Card Transactions (ANZSIC06) - ECT,Private - Values - Electronic card transactions  A/S/T by industry,Seasonally adjusted,Medical and Other Health Care Services,,,
4783,ECTM.S1SQQ112,2018.04,219.0,,R,Dollars,6,Electronic Card Transactions (ANZSIC06) - ECT,Private - Values - Electronic card transactions  A/S/T by industry,Seasonally adjusted,Medical and Other Health Care Services,,,
4784,ECTM.S1SQQ112,2018.05,216.8,,R,Dollars,6,Electronic Card Transactions (ANZSIC06) - ECT,Private - Values - Electronic card transactions  A/S/T by industry,Seasonally adjusted,Medical and Other Health Care Services,,,
4785,ECTM.S1SQQ112,2018.06,217.6,,R,Dollars,6,Electronic Card Transactions (ANZSIC06) - ECT,Private - Values - Electronic card transactions  A/S/T by industry,Seasonally adjusted,Medical and Other Health Care Services,,,
4786,ECTM.S1SQQ112,2018.07,222.6,,R,Dollars,6,Electronic Card Transactions (ANZSIC06) - ECT,Private - Values - Electronic card transactions  A/S/T by industry,Seasonally adjusted,Medical and Other Health Care Services,,,
4787,ECTM.S1SQQ112,2018.08,219.4,,R,Dollars,6,Electronic Card Transactions (ANZSIC06) - ECT,Private - Values - Electronic card transactions  A/S/T by industry,Seasonally adjusted,Medical and Other Health Care Services,,,
4788,ECTM.S1SQQ112,2018.09,222.8,,R,Dollars,6,Electronic Card Transactions (ANZSIC06) - ECT,Private - Values - Electronic card transactions  A/S/T by industry,Seasonally adjusted,Medical and Other Health Care Services,,,
4789,ECTM.S1SQQ112,2018.1,221.6,,R,Dollars,6,Electronic Card Transactions (ANZSIC06) - ECT,Private - Values - Electronic card transactions  A/S/T by industry,Seasonally adjusted,Medical and Other Health Care Services,,,
4790,ECTM.S1SQQ112,2018.11,222.4,,R,Dollars,6,Electronic Card Transactions (ANZSIC06) - ECT,Private - Values - Electronic card transactions  A/S/T by industry,Seasonally adjusted,Medical and Other Health Care Services,,,
4791,ECTM.S1SQQ112,2018.12,221.4,,R,Dollars,6,Electronic Card Transactions (ANZSIC06) - ECT,Private - Values - Electronic card transactions  A/S/T by industry,Seasonally adjusted,Medical and Other Health Care Services,,,
4792,ECTM.S1SQQ112,2019.01,226.4,,R,Dollars,6,Electronic Card Transactions (ANZSIC06) - ECT,Private - Values - Electronic card transactions  A/S/T by industry,Seasonally adjusted,Medical and Other Health Care Services,,,
4793,ECTM.S1SQQ112,2019.02,226.4,,R,Dollars,6,Electronic Card Transactions (ANZSIC06) - ECT,Private - Values - Electronic card transactions  A/S/T by industry,Seasonally adjusted,Medical and Other Health Care Services,,,
4794,ECTM.S1SQQ112,2019.03,228.9,,R,Dollars,6,Electronic Card Transactions (ANZSIC06) - ECT,Private - Values - Electronic card transactions  A/S/T by industry,Seasonally adjusted,Medical and Other Health Care Services,,,
4795,ECTM.S1SQQ112,2019.04,220.3,,R,Dollars,6,Electronic Card Transactions (ANZSIC06) - ECT,Private - Values - Electronic card transactions  A/S/T by industry,Seasonally adjusted,Medical and Other Health Care Services,,,
4796,ECTM.S1SQQ112,2019.05,228.6,,R,Dollars,6,Electronic Card Transactions (ANZSIC06) - ECT,Private - Values - Electronic card transactions  A/S/T by industry,Seasonally adjusted,Medical and Other Health Care Services,,,
4797,ECTM.S1SQQ112,2019.06,230.2,,R,Dollars,6,Electronic Card Transactions (ANZSIC06) - ECT,Private - Values - Electronic card transactions  A/S/T by industry,Seasonally adjusted,Medical and Other Health Care Services,,,
4798,ECTM.S1SQQ112,2019.07,230.8,,R,Dollars,6,Electronic Card Transactions (ANZSIC06) - ECT,Private - Values - Electronic card transactions  A/S/T by industry,Seasonally adjusted,Medical and Other Health Care Services,,,
4799,ECTM.S1SQQ112,2019.08,234.5,,R,Dollars,6,Electronic Card Transactions (ANZSIC06) - ECT,Private - Values - Electronic card transactions  A/S/T by industry,Seasonally adjusted,Medical and Other Health Care Services,,,
4800,ECTM.S1SQQ112,2019.09,234.8,,R,Dollars,6,Electronic Card Transactions (ANZSIC06) - ECT,Private - Values - Electronic card transactions  A/S/T by industry,Seasonally adjusted,Medical and Other Health Care Services,,,
4801,ECTM.S1SQQ112,2019.1,236.7,,R,Dollars,6,Electronic Card Transactions (ANZSIC06) - ECT,Private - Values - Electronic card transactions  A/S/T by industry,Seasonally adjusted,Medical and Other Health Care Services,,,
4802,ECTM.S1SQQ112,2019.11,236.8,,R,Dollars,6,Electronic Card Transactions (ANZSIC06) - ECT,Private - Values - Electronic card transactions  A/S/T by industry,Seasonally adjusted,Medical and Other Health Care Services,,,
4803,ECTM.S1SQQ112,2019.12,232.2,,R,Dollars,6,Electronic Card Transactions (ANZSIC06) - ECT,Private - Values - Electronic card transactions  A/S/T by industry,Seasonally adjusted,Medical and Other Health Care Services,,,
4804,ECTM.S1SQQ112,2020.01,240.6,,R,Dollars,6,Electronic Card Transactions (ANZSIC06) - ECT,Private - Values - Electronic card transactions  A/S/T by industry,Seasonally adjusted,Medical and Other Health Care Services,,,
4805,ECTM.S1SQQ112,2020.02,239.6,,R,Dollars,6,Electronic Card Transactions (ANZSIC06) - ECT,Private - Values - Electronic card transactions  A/S/T by industry,Seasonally adjusted,Medical and Other Health Care Services,,,
4806,ECTM.S1SQQ112,2020.03,185.1,,R,Dollars,6,Electronic Card Transactions (ANZSIC06) - ECT,Private - Values - Electronic card transactions  A/S/T by industry,Seasonally adjusted,Medical and Other Health Care Services,,,
4807,ECTM.S1SQQ112,2020.04,29.9,,R,Dollars,6,Electronic Card Transactions (ANZSIC06) - ECT,Private - Values - Electronic card transactions  A/S/T by industry,Seasonally adjusted,Medical and Other Health Care Services,,,
4808,ECTM.S1SQQ112,2020.05,146.7,,R,Dollars,6,Electronic Card Transactions (ANZSIC06) - ECT,Private - Values - Electronic card transactions  A/S/T by industry,Seasonally adjusted,Medical and Other Health Care Services,,,
4809,ECTM.S1SQQ112,2020.06,255.7,,R,Dollars,6,Electronic Card Transactions (ANZSIC06) - ECT,Private - Values - Electronic card transactions  A/S/T by industry,Seasonally adjusted,Medical and Other Health Care Services,,,
4810,ECTM.S1SQQ112,2020.07,265.4,,F,Dollars,6,Electronic Card Transactions (ANZSIC06) - ECT,Private - Values - Electronic card transactions  A/S/T by industry,Seasonally adjusted,Medical and Other Health Care Services,,,
