index,Series_reference,Period,Data_value,Suppressed,STATUS,UNITS,Magnitude,Subject,Group,Series_title_1,Series_title_2,Series_title_3,Series_title_4,Series_title_5
0,ECTM.S1AG1210,2007.03,925.1,,F,Dollars,6,Electronic Card Transactions (ANZSIC06) - ECT,Private - Values - Electronic card transactions  A/S/T by industry,Actual,Supermarket and grocery stores,,,
1,ECTM.S1AG1210,2007.04,880,,F,Dollars,6,Electronic Card Transactions (ANZSIC06) - ECT,Private - Values - Electronic card transactions  A/S/T by industry,Actual,Supermarket and grocery stores,,,
2,ECTM.S1AG1210,2007.05,905.1,,F,Dollars,6,Electronic Card Transactions (ANZSIC06) - ECT,Private - Values - Electronic card transactions  A/S/T by industry,Actual,Supermarket and grocery stores,,,
3,ECTM.S1AG1210,2007.06,874.3,,F,Dollars,6,Electronic Card Transactions (ANZSIC06) - ECT,Private - Values - Electronic card transactions  A/S/T by industry,Actual,Supermarket and grocery stores,,,
4,ECTM.S1AG1210,2007.07,890.5,,F,Dollars,6,Electronic Card Transactions (ANZSIC06) - ECT,Private - Values - Electronic card transactions  A/S/T by industry,Actual,Supermarket and grocery stores,,,
5,ECTM.S1AG1210,2007.08,917.7,,F,Dollars,6,Electronic Card Transactions (ANZSIC06) - ECT,Private - Values - Electronic card transactions  A/S/T by industry,Actual,Supermarket and grocery stores,,,
6,ECTM.S1AG1210,2007.09,895.9,,F,Dollars,6,Electronic Card Transactions (ANZSIC06) - ECT,Private - Values - Electronic card transactions  A/S/T by industry,Actual,Supermarket and grocery stores,,,
7,ECTM.S1AG1210,2007.1,945.9,,F,Dollars,6,Electronic Card Transactions (ANZSIC06) - ECT,Private - Values - Electronic card transactions  A/S/T by industry,Actual,Supermarket and grocery stores,,,
8,ECTM.S1AG1210,2007.11,960.8,,F,Dollars,6,Electronic Card Transactions (ANZSIC06) - ECT,Private - Values - Electronic card transactions  A/S/T by industry,Actual,Supermarket and grocery stores,,,
9,ECTM.S1AG1210,2007.12,1102.2,,F,Dollars,6,Electronic Card Transactions (ANZSIC06) - ECT,Private - Values - Electronic card transactions  A/S/T by industry,Actual,Supermarket and grocery stores,,,
10,ECTM.S1AG1210,2008.01,959.2,,F,Dollars,6,Electronic Card Transactions (ANZSIC06) - ECT,Private - Values - Electronic card transactions  A/S/T by industry,Actual,Supermarket and grocery stores,,,
11,ECTM.S1AG1210,2008.02,924.5,,F,Dollars,6,Electronic Card Transactions (ANZSIC06) - ECT,Private - Values - Electronic card transactions  A/S/T by industry,Actual,Supermarket and grocery stores,,,
12,ECTM.S1AG1210,2008.03,988,,F,Dollars,6,Electronic Card Transactions (ANZSIC06) - ECT,Private - Values - Electronic card transactions  A/S/T by industry,Actual,Supermarket and grocery stores,,,
13,ECTM.S1AG1210,2008.04,922.8,,F,Dollars,6,Electronic Card Transactions (ANZSIC06) - ECT,Private - Values - Electronic card transactions  A/S/T by industry,Actual,Supermarket and grocery stores,,,
14,ECTM.S1AG1210,2008.05,960.5,,F,Dollars,6,Electronic Card Transactions (ANZSIC06) - ECT,Private - Values - Electronic card transactions  A/S/T by industry,Actual,Supermarket and grocery stores,,,
15,ECTM.S1AG1210,2008.06,904,,F,Dollars,6,Electronic Card Transactions (ANZSIC06) - ECT,Private - Values - Electronic card transactions  A/S/T by industry,Actual,Supermarket and grocery stores,,,
16,ECTM.S1AG1210,2008.07,942.7,,F,Dollars,6,Electronic Card Transactions (ANZSIC06) - ECT,Private - Values - Electronic card transactions  A/S/T by industry,Actual,Supermarket and grocery stores,,,
17,ECTM.S1AG1210,2008.08,981,,F,Dollars,6,Electronic Card Transactions (ANZSIC06) - ECT,Private - Values - Electronic card transactions  A/S/T by industry,Actual,Supermarket and grocery stores,,,
18,ECTM.S1AG1210,2008.09,958.3,,F,Dollars,6,Electronic Card Transactions (ANZSIC06) - ECT,Private - Values - Electronic card transactions  A/S/T by industry,Actual,Supermarket and grocery stores,,,
19,ECTM.S1AG1210,2008.1,1032.2,,F,Dollars,6,Electronic Card Transactions (ANZSIC06) - ECT,Private - Values - Electronic card transactions  A/S/T by industry,Actual,Supermarket and grocery stores,,,
20,ECTM.S1AG1210,2008.11,1039.9,,F,Dollars,6,Electronic Card Transactions (ANZSIC06) - ECT,Private - Values - Electronic card transactions  A/S/T by industry,Actual,Supermarket and grocery stores,,,
21,ECTM.S1AG1210,2008.12,1180.5,,F,Dollars,6,Electronic Card Transactions (ANZSIC06) - ECT,Private - Values - Electronic card transactions  A/S/T by industry,Actual,Supermarket and grocery stores,,,
22,ECTM.S1AG1210,2009.01,1046.5,,F,Dollars,6,Electronic Card Transactions (ANZSIC06) - ECT,Private - Values - Electronic card transactions  A/S/T by industry,Actual,Supermarket and grocery stores,,,
23,ECTM.S1AG1210,2009.02,962,,F,Dollars,6,Electronic Card Transactions (ANZSIC06) - ECT,Private - Values - Electronic card transactions  A/S/T by industry,Actual,Supermarket and grocery stores,,,
24,ECTM.S1AG1210,2009.03,1041.7,,F,Dollars,6,Electronic Card Transactions (ANZSIC06) - ECT,Private - Values - Electronic card transactions  A/S/T by industry,Actual,Supermarket and grocery stores,,,
25,ECTM.S1AG1210,2009.04,1024.6,,F,Dollars,6,Electronic Card Transactions (ANZSIC06) - ECT,Private - Values - Electronic card transactions  A/S/T by industry,Actual,Supermarket and grocery stores,,,
26,ECTM.S1AG1210,2009.05,1046.4,,F,Dollars,6,Electronic Card Transactions (ANZSIC06) - ECT,Private - Values - Electronic card transactions  A/S/T by industry,Actual,Supermarket and grocery stores,,,
27,ECTM.S1AG1210,2009.06,996.9,,F,Dollars,6,Electronic Card Transactions (ANZSIC06) - ECT,Private - Values - Electronic card transactions  A/S/T by industry,Actual,Supermarket and grocery stores,,,
28,ECTM.S1AG1210,2009.07,1039,,F,Dollars,6,Electronic Card Transactions (ANZSIC06) - ECT,Private - Values - Electronic card transactions  A/S/T by industry,Actual,Supermarket and grocery stores,,,
29,ECTM.S1AG1210,2009.08,1053.1,,F,Dollars,6,Electronic Card Transactions (ANZSIC06) - ECT,Private - Values - Electronic card transactions  A/S/T by industry,Actual,Supermarket and grocery stores,,,
30,ECTM.S1AG1210,2009.09,1026.5,,F,Dollars,6,Electronic Card Transactions (ANZSIC06) - ECT,Private - Values - Electronic card transactions  A/S/T by industry,Actual,Supermarket and grocery stores,,,
31,ECTM.S1AG1210,2009.1,1090.1,,F,Dollars,6,Electronic Card Transactions (ANZSIC06) - ECT,Private - Values - Electronic card transactions  A/S/T by industry,Actual,Supermarket and grocery stores,,,
32,ECTM.S1AG1210,2009.11,1071.2,,F,Dollars,6,Electronic Card Transactions (ANZSIC06) - ECT,Private - Values - Electronic card transactions  A/S/T by industry,Actual,Supermarket and grocery stores,,,
33,ECTM.S1AG1210,2009.12,1255.4,,F,Dollars,6,Electronic Card Transactions (ANZSIC06) - ECT,Private - Values - Electronic card transactions  A/S/T by industry,Actual,Supermarket and grocery stores,,,
34,ECTM.S1AG1210,2010.01,1077.9,,F,Dollars,6,Electronic Card Transactions (ANZSIC06) - ECT,Private - Values - Electronic card transactions  A/S/T by industry,Actual,Supermarket and grocery stores,,,
35,ECTM.S1AG1210,2010.02,1005.3,,F,Dollars,6,Electronic Card Transactions (ANZSIC06) - ECT,Private - Values - Electronic card transactions  A/S/T by industry,Actual,Supermarket and grocery stores,,,
36,ECTM.S1AG1210,2010.03,1106.4,,F,Dollars,6,Electronic Card Transactions (ANZSIC06) - ECT,Private - Values - Electronic card transactions  A/S/T by industry,Actual,Supermarket and grocery stores,,,
37,ECTM.S1AG1210,2010.04,1045.1,,F,Dollars,6,Electronic Card Transactions (ANZSIC06) - ECT,Private - Values - Electronic card transactions  A/S/T by industry,Actual,Supermarket and grocery stores,,,
38,ECTM.S1AG1210,2010.05,1072.7,,F,Dollars,6,Electronic Card Transactions (ANZSIC06) - ECT,Private - Values - Electronic card transactions  A/S/T by industry,Actual,Supermarket and grocery stores,,,
39,ECTM.S1AG1210,2010.06,1029,,F,Dollars,6,Electronic Card Transactions (ANZSIC06) - ECT,Private - Values - Electronic card transactions  A/S/T by industry,Actual,Supermarket and grocery stores,,,
40,ECTM.S1AG1210,2010.07,1086.9,,F,Dollars,6,Electronic Card Transactions (ANZSIC06) - ECT,Private - Values - Electronic card transactions  A/S/T by industry,Actual,Supermarket and grocery stores,,,
41,ECTM.S1AG1210,2010.08,1087.5,,F,Dollars,6,Electronic Card Transactions (ANZSIC06) - ECT,Private - Values - Electronic card transactions  A/S/T by industry,Actual,Supermarket and grocery stores,,,
42,ECTM.S1AG1210,2010.09,1091.1,,F,Dollars,6,Electronic Card Transactions (ANZSIC06) - ECT,Private - Values - Electronic card transactions  A/S/T by industry,Actual,Supermarket and grocery stores,,,
43,ECTM.S1AG1210,2010.1,1178.5,,F,Dollars,6,Electronic Card Transactions (ANZSIC06) - ECT,Private - Values - Electronic card transactions  A/S/T by industry,Actual,Supermarket and grocery stores,,,
44,ECTM.S1AG1210,2010.11,1164.4,,F,Dollars,6,Electronic Card Transactions (ANZSIC06) - ECT,Private - Values - Electronic card transactions  A/S/T by industry,Actual,Supermarket and grocery stores,,,
45,ECTM.S1AG1210,2010.12,1361,,F,Dollars,6,Electronic Card Transactions (ANZSIC06) - ECT,Private - Values - Electronic card transactions  A/S/T by industry,Actual,Supermarket and grocery stores,,,
46,ECTM.S1AG1210,2011.01,1166,,F,Dollars,6,Electronic Card Transactions (ANZSIC06) - ECT,Private - Values - Electronic card transactions  A/S/T by industry,Actual,Supermarket and grocery stores,,,
47,ECTM.S1AG1210,2011.02,1095,,F,Dollars,6,Electronic Card Transactions (ANZSIC06) - ECT,Private - Values - Electronic card transactions  A/S/T by industry,Actual,Supermarket and grocery stores,,,
48,ECTM.S1AG1210,2011.03,1196.5,,F,Dollars,6,Electronic Card Transactions (ANZSIC06) - ECT,Private - Values - Electronic card transactions  A/S/T by industry,Actual,Supermarket and grocery stores,,,
49,ECTM.S1AG1210,2011.04,1171.6,,F,Dollars,6,Electronic Card Transactions (ANZSIC06) - ECT,Private - Values - Electronic card transactions  A/S/T by industry,Actual,Supermarket and grocery stores,,,
50,ECTM.S1AG1210,2011.05,1168.1,,F,Dollars,6,Electronic Card Transactions (ANZSIC06) - ECT,Private - Values - Electronic card transactions  A/S/T by industry,Actual,Supermarket and grocery stores,,,
51,ECTM.S1AG1210,2011.06,1142.2,,F,Dollars,6,Electronic Card Transactions (ANZSIC06) - ECT,Private - Values - Electronic card transactions  A/S/T by industry,Actual,Supermarket and grocery stores,,,
52,ECTM.S1AG1210,2011.07,1185.5,,F,Dollars,6,Electronic Card Transactions (ANZSIC06) - ECT,Private - Values - Electronic card transactions  A/S/T by industry,Actual,Supermarket and grocery stores,,,
53,ECTM.S1AG1210,2011.08,1186.5,,F,Dollars,6,Electronic Card Transactions (ANZSIC06) - ECT,Private - Values - Electronic card transactions  A/S/T by industry,Actual,Supermarket and grocery stores,,,
54,ECTM.S1AG1210,2011.09,1184.1,,F,Dollars,6,Electronic Card Transactions (ANZSIC06) - ECT,Private - Values - Electronic card transactions  A/S/T by industry,Actual,Supermarket and grocery stores,,,
55,ECTM.S1AG1210,2011.1,1247.4,,F,Dollars,6,Electronic Card Transactions (ANZSIC06) - ECT,Private - Values - Electronic card transactions  A/S/T by industry,Actual,Supermarket and grocery stores,,,
56,ECTM.S1AG1210,2011.11,1224.5,,F,Dollars,6,Electronic Card Transactions (ANZSIC06) - ECT,Private - Values - Electronic card transactions  A/S/T by industry,Actual,Supermarket and grocery stores,,,
57,ECTM.S1AG1210,2011.12,1439.9,,F,Dollars,6,Electronic Card Transactions (ANZSIC06) - ECT,Private - Values - Electronic card transactions  A/S/T by industry,Actual,Supermarket and grocery stores,,,
58,ECTM.S1AG1210,2012.01,1221.4,,F,Dollars,6,Electronic Card Transactions (ANZSIC06) - ECT,Private - Values - Electronic card transactions  A/S/T by industry,Actual,Supermarket and grocery stores,,,
59,ECTM.S1AG1210,2012.02,1189.6,,F,Dollars,6,Electronic Card Transactions (ANZSIC06) - ECT,Private - Values - Electronic card transactions  A/S/T by industry,Actual,Supermarket and grocery stores,,,
60,ECTM.S1AG1210,2012.03,1271.5,,F,Dollars,6,Electronic Card Transactions (ANZSIC06) - ECT,Private - Values - Electronic card transactions  A/S/T by industry,Actual,Supermarket and grocery stores,,,
61,ECTM.S1AG1210,2012.04,1213.1,,F,Dollars,6,Electronic Card Transactions (ANZSIC06) - ECT,Private - Values - Electronic card transactions  A/S/T by industry,Actual,Supermarket and grocery stores,,,
62,ECTM.S1AG1210,2012.05,1222.3,,F,Dollars,6,Electronic Card Transactions (ANZSIC06) - ECT,Private - Values - Electronic card transactions  A/S/T by industry,Actual,Supermarket and grocery stores,,,
63,ECTM.S1AG1210,2012.06,1191.3,,F,Dollars,6,Electronic Card Transactions (ANZSIC06) - ECT,Private - Values - Electronic card transactions  A/S/T by industry,Actual,Supermarket and grocery stores,,,
64,ECTM.S1AG1210,2012.07,1216.7,,F,Dollars,6,Electronic Card Transactions (ANZSIC06) - ECT,Private - Values - Electronic card transactions  A/S/T by industry,Actual,Supermarket and grocery stores,,,
65,ECTM.S1AG1210,2012.08,1252,,F,Dollars,6,Electronic Card Transactions (ANZSIC06) - ECT,Private - Values - Electronic card transactions  A/S/T by industry,Actual,Supermarket and grocery stores,,,
66,ECTM.S1AG1210,2012.09,1221.3,,F,Dollars,6,Electronic Card Transactions (ANZSIC06) - ECT,Private - Values - Electronic card transactions  A/S/T by industry,Actual,Supermarket and grocery stores,,,
67,ECTM.S1AG1210,2012.1,1270.5,,F,Dollars,6,Electronic Card Transactions (ANZSIC06) - ECT,Private - Values - Electronic card transactions  A/S/T by industry,Actual,Supermarket and grocery stores,,,
68,ECTM.S1AG1210,2012.11,1280.8,,F,Dollars,6,Electronic Card Transactions (ANZSIC06) - ECT,Private - Values - Electronic card transactions  A/S/T by industry,Actual,Supermarket and grocery stores,,,
69,ECTM.S1AG1210,2012.12,1480.2,,F,Dollars,6,Electronic Card Transactions (ANZSIC06) - ECT,Private - Values - Electronic card transactions  A/S/T by industry,Actual,Supermarket and grocery stores,,,
70,ECTM.S1AG1210,2013.01,1287.5,,F,Dollars,6,Electronic Card Transactions (ANZSIC06) - ECT,Private - Values - Electronic card transactions  A/S/T by industry,Actual,Supermarket and grocery stores,,,
71,ECTM.S1AG1210,2013.02,1199.6,,F,Dollars,6,Electronic Card Transactions (ANZSIC06) - ECT,Private - Values - Electronic card transactions  A/S/T by industry,Actual,Supermarket and grocery stores,,,
72,ECTM.S1AG1210,2013.03,1304.1,,F,Dollars,6,Electronic Card Transactions (ANZSIC06) - ECT,Private - Values - Electronic card transactions  A/S/T by industry,Actual,Supermarket and grocery stores,,,
73,ECTM.S1AG1210,2013.04,1217,,F,Dollars,6,Electronic Card Transactions (ANZSIC06) - ECT,Private - Values - Electronic card transactions  A/S/T by industry,Actual,Supermarket and grocery stores,,,
74,ECTM.S1AG1210,2013.05,1257.4,,F,Dollars,6,Electronic Card Transactions (ANZSIC06) - ECT,Private - Values - Electronic card transactions  A/S/T by industry,Actual,Supermarket and grocery stores,,,
75,ECTM.S1AG1210,2013.06,1210.3,,F,Dollars,6,Electronic Card Transactions (ANZSIC06) - ECT,Private - Values - Electronic card transactions  A/S/T by industry,Actual,Supermarket and grocery stores,,,
76,ECTM.S1AG1210,2013.07,1239.9,,F,Dollars,6,Electronic Card Transactions (ANZSIC06) - ECT,Private - Values - Electronic card transactions  A/S/T by industry,Actual,Supermarket and grocery stores,,,
77,ECTM.S1AG1210,2013.08,1281.5,,F,Dollars,6,Electronic Card Transactions (ANZSIC06) - ECT,Private - Values - Electronic card transactions  A/S/T by industry,Actual,Supermarket and grocery stores,,,
78,ECTM.S1AG1210,2013.09,1236.8,,F,Dollars,6,Electronic Card Transactions (ANZSIC06) - ECT,Private - Values - Electronic card transactions  A/S/T by industry,Actual,Supermarket and grocery stores,,,
79,ECTM.S1AG1210,2013.1,1320,,F,Dollars,6,Electronic Card Transactions (ANZSIC06) - ECT,Private - Values - Electronic card transactions  A/S/T by industry,Actual,Supermarket and grocery stores,,,
80,ECTM.S1AG1210,2013.11,1334.7,,F,Dollars,6,Electronic Card Transactions (ANZSIC06) - ECT,Private - Values - Electronic card transactions  A/S/T by industry,Actual,Supermarket and grocery stores,,,
81,ECTM.S1AG1210,2013.12,1516.7,,F,Dollars,6,Electronic Card Transactions (ANZSIC06) - ECT,Private - Values - Electronic card transactions  A/S/T by industry,Actual,Supermarket and grocery stores,,,
82,ECTM.S1AG1210,2014.01,1317.3,,F,Dollars,6,Electronic Card Transactions (ANZSIC06) - ECT,Private - Values - Electronic card transactions  A/S/T by industry,Actual,Supermarket and grocery stores,,,
83,ECTM.S1AG1210,2014.02,1224.5,,F,Dollars,6,Electronic Card Transactions (ANZSIC06) - ECT,Private - Values - Electronic card transactions  A/S/T by industry,Actual,Supermarket and grocery stores,,,
84,ECTM.S1AG1210,2014.03,1336.7,,F,Dollars,6,Electronic Card Transactions (ANZSIC06) - ECT,Private - Values - Electronic card transactions  A/S/T by industry,Actual,Supermarket and grocery stores,,,
85,ECTM.S1AG1210,2014.04,1284,,F,Dollars,6,Electronic Card Transactions (ANZSIC06) - ECT,Private - Values - Electronic card transactions  A/S/T by industry,Actual,Supermarket and grocery stores,,,
86,ECTM.S1AG1210,2014.05,1333,,F,Dollars,6,Electronic Card Transactions (ANZSIC06) - ECT,Private - Values - Electronic card transactions  A/S/T by industry,Actual,Supermarket and grocery stores,,,
87,ECTM.S1AG1210,2014.06,1255.3,,F,Dollars,6,Electronic Card Transactions (ANZSIC06) - ECT,Private - Values - Electronic card transactions  A/S/T by industry,Actual,Supermarket and grocery stores,,,
88,ECTM.S1AG1210,2014.07,1312.5,,F,Dollars,6,Electronic Card Transactions (ANZSIC06) - ECT,Private - Values - Electronic card transactions  A/S/T by industry,Actual,Supermarket and grocery stores,,,
89,ECTM.S1AG1210,2014.08,1340,,F,Dollars,6,Electronic Card Transactions (ANZSIC06) - ECT,Private - Values - Electronic card transactions  A/S/T by industry,Actual,Supermarket and grocery stores,,,
90,ECTM.S1AG1210,2014.09,1287.2,,F,Dollars,6,Electronic Card Transactions (ANZSIC06) - ECT,Private - Values - Electronic card transactions  A/S/T by industry,Actual,Supermarket and grocery stores,,,
91,ECTM.S1AG1210,2014.1,1383.8,,F,Dollars,6,Electronic Card Transactions (ANZSIC06) - ECT,Private - Values - Electronic card transactions  A/S/T by industry,Actual,Supermarket and grocery stores,,,
92,ECTM.S1AG1210,2014.11,1384.4,,F,Dollars,6,Electronic Card Transactions (ANZSIC06) - ECT,Private - Values - Electronic card transactions  A/S/T by industry,Actual,Supermarket and grocery stores,,,
93,ECTM.S1AG1210,2014.12,1591.8,,F,Dollars,6,Electronic Card Transactions (ANZSIC06) - ECT,Private - Values - Electronic card transactions  A/S/T by industry,Actual,Supermarket and grocery stores,,,
94,ECTM.S1AG1210,2015.01,1420.8,,F,Dollars,6,Electronic Card Transactions (ANZSIC06) - ECT,Private - Values - Electronic card transactions  A/S/T by industry,Actual,Supermarket and grocery stores,,,
95,ECTM.S1AG1210,2015.02,1297.3,,F,Dollars,6,Electronic Card Transactions (ANZSIC06) - ECT,Private - Values - Electronic card transactions  A/S/T by industry,Actual,Supermarket and grocery stores,,,
96,ECTM.S1AG1210,2015.03,1411.2,,F,Dollars,6,Electronic Card Transactions (ANZSIC06) - ECT,Private - Values - Electronic card transactions  A/S/T by industry,Actual,Supermarket and grocery stores,,,
97,ECTM.S1AG1210,2015.04,1354,,F,Dollars,6,Electronic Card Transactions (ANZSIC06) - ECT,Private - Values - Electronic card transactions  A/S/T by industry,Actual,Supermarket and grocery stores,,,
98,ECTM.S1AG1210,2015.05,1387.5,,F,Dollars,6,Electronic Card Transactions (ANZSIC06) - ECT,Private - Values - Electronic card transactions  A/S/T by industry,Actual,Supermarket and grocery stores,,,
99,ECTM.S1AG1210,2015.06,1323.4,,F,Dollars,6,Electronic Card Transactions (ANZSIC06) - ECT,Private - Values - Electronic card transactions  A/S/T by industry,Actual,Supermarket and grocery stores,,,
100,ECTM.S1AG1210,2015.07,1380.8,,F,Dollars,6,Electronic Card Transactions (ANZSIC06) - ECT,Private - Values - Electronic card transactions  A/S/T by industry,Actual,Supermarket and grocery stores,,,
101,ECTM.S1AG1210,2015.08,1405.1,,F,Dollars,6,Electronic Card Transactions (ANZSIC06) - ECT,Private - Values - Electronic card transactions  A/S/T by industry,Actual,Supermarket and grocery stores,,,
102,ECTM.S1AG1210,2015.09,1366.7,,F,Dollars,6,Electronic Card Transactions (ANZSIC06) - ECT,Private - Values - Electronic card transactions  A/S/T by industry,Actual,Supermarket and grocery stores,,,
103,ECTM.S1AG1210,2015.1,1481.7,,F,Dollars,6,Electronic Card Transactions (ANZSIC06) - ECT,Private - Values - Electronic card transactions  A/S/T by industry,Actual,Supermarket and grocery stores,,,
104,ECTM.S1AG1210,2015.11,1449.2,,F,Dollars,6,Electronic Card Transactions (ANZSIC06) - ECT,Private - Values - Electronic card transactions  A/S/T by industry,Actual,Supermarket and grocery stores,,,
105,ECTM.S1AG1210,2015.12,1685.4,,F,Dollars,6,Electronic Card Transactions (ANZSIC06) - ECT,Private - Values - Electronic card transactions  A/S/T by industry,Actual,Supermarket and grocery stores,,,
106,ECTM.S1AG1210,2016.01,1461.3,,F,Dollars,6,Electronic Card Transactions (ANZSIC06) - ECT,Private - Values - Electronic card transactions  A/S/T by industry,Actual,Supermarket and grocery stores,,,
107,ECTM.S1AG1210,2016.02,1419.3,,F,Dollars,6,Electronic Card Transactions (ANZSIC06) - ECT,Private - Values - Electronic card transactions  A/S/T by industry,Actual,Supermarket and grocery stores,,,
108,ECTM.S1AG1210,2016.03,1504.4,,F,Dollars,6,Electronic Card Transactions (ANZSIC06) - ECT,Private - Values - Electronic card transactions  A/S/T by industry,Actual,Supermarket and grocery stores,,,
109,ECTM.S1AG1210,2016.04,1424.7,,F,Dollars,6,Electronic Card Transactions (ANZSIC06) - ECT,Private - Values - Electronic card transactions  A/S/T by industry,Actual,Supermarket and grocery stores,,,
110,ECTM.S1AG1210,2016.05,1446.7,,F,Dollars,6,Electronic Card Transactions (ANZSIC06) - ECT,Private - Values - Electronic card transactions  A/S/T by industry,Actual,Supermarket and grocery stores,,,
111,ECTM.S1AG1210,2016.06,1400.9,,F,Dollars,6,Electronic Card Transactions (ANZSIC06) - ECT,Private - Values - Electronic card transactions  A/S/T by industry,Actual,Supermarket and grocery stores,,,
112,ECTM.S1AG1210,2016.07,1454.1,,F,Dollars,6,Electronic Card Transactions (ANZSIC06) - ECT,Private - Values - Electronic card transactions  A/S/T by industry,Actual,Supermarket and grocery stores,,,
113,ECTM.S1AG1210,2016.08,1449.3,,F,Dollars,6,Electronic Card Transactions (ANZSIC06) - ECT,Private - Values - Electronic card transactions  A/S/T by industry,Actual,Supermarket and grocery stores,,,
114,ECTM.S1AG1210,2016.09,1438.1,,F,Dollars,6,Electronic Card Transactions (ANZSIC06) - ECT,Private - Values - Electronic card transactions  A/S/T by industry,Actual,Supermarket and grocery stores,,,
115,ECTM.S1AG1210,2016.1,1538,,F,Dollars,6,Electronic Card Transactions (ANZSIC06) - ECT,Private - Values - Electronic card transactions  A/S/T by industry,Actual,Supermarket and grocery stores,,,
116,ECTM.S1AG1210,2016.11,1538.7,,F,Dollars,6,Electronic Card Transactions (ANZSIC06) - ECT,Private - Values - Electronic card transactions  A/S/T by industry,Actual,Supermarket and grocery stores,,,
117,ECTM.S1AG1210,2016.12,1780.7,,F,Dollars,6,Electronic Card Transactions (ANZSIC06) - ECT,Private - Values - Electronic card transactions  A/S/T by industry,Actual,Supermarket and grocery stores,,,
118,ECTM.S1AG1210,2017.01,1555.3,,F,Dollars,6,Electronic Card Transactions (ANZSIC06) - ECT,Private - Values - Electronic card transactions  A/S/T by industry,Actual,Supermarket and grocery stores,,,
119,ECTM.S1AG1210,2017.02,1465.3,,F,Dollars,6,Electronic Card Transactions (ANZSIC06) - ECT,Private - Values - Electronic card transactions  A/S/T by industry,Actual,Supermarket and grocery stores,,,
120,ECTM.S1AG1210,2017.03,1592.7,,F,Dollars,6,Electronic Card Transactions (ANZSIC06) - ECT,Private - Values - Electronic card transactions  A/S/T by industry,Actual,Supermarket and grocery stores,,,
121,ECTM.S1AG1210,2017.04,1555.1,,F,Dollars,6,Electronic Card Transactions (ANZSIC06) - ECT,Private - Values - Electronic card transactions  A/S/T by industry,Actual,Supermarket and grocery stores,,,
122,ECTM.S1AG1210,2017.05,1554.4,,F,Dollars,6,Electronic Card Transactions (ANZSIC06) - ECT,Private - Values - Electronic card transactions  A/S/T by industry,Actual,Supermarket and grocery stores,,,
123,ECTM.S1AG1210,2017.06,1504.9,,F,Dollars,6,Electronic Card Transactions (ANZSIC06) - ECT,Private - Values - Electronic card transactions  A/S/T by industry,Actual,Supermarket and grocery stores,,,
124,ECTM.S1AG1210,2017.07,1546.3,,F,Dollars,6,Electronic Card Transactions (ANZSIC06) - ECT,Private - Values - Electronic card transactions  A/S/T by industry,Actual,Supermarket and grocery stores,,,
125,ECTM.S1AG1210,2017.08,1571.4,,F,Dollars,6,Electronic Card Transactions (ANZSIC06) - ECT,Private - Values - Electronic card transactions  A/S/T by industry,Actual,Supermarket and grocery stores,,,
126,ECTM.S1AG1210,2017.09,1544.8,,F,Dollars,6,Electronic Card Transactions (ANZSIC06) - ECT,Private - Values - Electronic card transactions  A/S/T by industry,Actual,Supermarket and grocery stores,,,
127,ECTM.S1AG1210,2017.1,1627.2,,F,Dollars,6,Electronic Card Transactions (ANZSIC06) - ECT,Private - Values - Electronic card transactions  A/S/T by industry,Actual,Supermarket and grocery stores,,,
128,ECTM.S1AG1210,2017.11,1638.3,,F,Dollars,6,Electronic Card Transactions (ANZSIC06) - ECT,Private - Values - Electronic card transactions  A/S/T by industry,Actual,Supermarket and grocery stores,,,
129,ECTM.S1AG1210,2017.12,1885.1,,F,Dollars,6,Electronic Card Transactions (ANZSIC06) - ECT,Private - Values - Electronic card transactions  A/S/T by industry,Actual,Supermarket and grocery stores,,,
130,ECTM.S1AG1210,2018.01,1634.8,,F,Dollars,6,Electronic Card Transactions (ANZSIC06) - ECT,Private - Values - Electronic card transactions  A/S/T by industry,Actual,Supermarket and grocery stores,,,
131,ECTM.S1AG1210,2018.02,1524.8,,F,Dollars,6,Electronic Card Transactions (ANZSIC06) - ECT,Private - Values - Electronic card transactions  A/S/T by industry,Actual,Supermarket and grocery stores,,,
132,ECTM.S1AG1210,2018.03,1719.3,,F,Dollars,6,Electronic Card Transactions (ANZSIC06) - ECT,Private - Values - Electronic card transactions  A/S/T by industry,Actual,Supermarket and grocery stores,,,
133,ECTM.S1AG1210,2018.04,1543,,F,Dollars,6,Electronic Card Transactions (ANZSIC06) - ECT,Private - Values - Electronic card transactions  A/S/T by industry,Actual,Supermarket and grocery stores,,,
134,ECTM.S1AG1210,2018.05,1615.9,,F,Dollars,6,Electronic Card Transactions (ANZSIC06) - ECT,Private - Values - Electronic card transactions  A/S/T by industry,Actual,Supermarket and grocery stores,,,
135,ECTM.S1AG1210,2018.06,1558.6,,F,Dollars,6,Electronic Card Transactions (ANZSIC06) - ECT,Private - Values - Electronic card transactions  A/S/T by industry,Actual,Supermarket and grocery stores,,,
136,ECTM.S1AG1210,2018.07,1599.5,,F,Dollars,6,Electronic Card Transactions (ANZSIC06) - ECT,Private - Values - Electronic card transactions  A/S/T by industry,Actual,Supermarket and grocery stores,,,
137,ECTM.S1AG1210,2018.08,1632,,F,Dollars,6,Electronic Card Transactions (ANZSIC06) - ECT,Private - Values - Electronic card transactions  A/S/T by industry,Actual,Supermarket and grocery stores,,,
138,ECTM.S1AG1210,2018.09,1614.6,,F,Dollars,6,Electronic Card Transactions (ANZSIC06) - ECT,Private - Values - Electronic card transactions  A/S/T by industry,Actual,Supermarket and grocery stores,,,
139,ECTM.S1AG1210,2018.1,1698.5,,F,Dollars,6,Electronic Card Transactions (ANZSIC06) - ECT,Private - Values - Electronic card transactions  A/S/T by industry,Actual,Supermarket and grocery stores,,,
140,ECTM.S1AG1210,2018.11,1696.3,,F,Dollars,6,Electronic Card Transactions (ANZSIC06) - ECT,Private - Values - Electronic card transactions  A/S/T by industry,Actual,Supermarket and grocery stores,,,
141,ECTM.S1AG1210,2018.12,1947.6,,F,Dollars,6,Electronic Card Transactions (ANZSIC06) - ECT,Private - Values - Electronic card transactions  A/S/T by industry,Actual,Supermarket and grocery stores,,,
142,ECTM.S1AG1210,2019.01,1713.2,,F,Dollars,6,Electronic Card Transactions (ANZSIC06) - ECT,Private - Values - Electronic card transactions  A/S/T by industry,Actual,Supermarket and grocery stores,,,
143,ECTM.S1AG1210,2019.02,1601.7,,F,Dollars,6,Electronic Card Transactions (ANZSIC06) - ECT,Private - Values - Electronic card transactions  A/S/T by industry,Actual,Supermarket and grocery stores,,,
144,ECTM.S1AG1210,2019.03,1756.4,,F,Dollars,6,Electronic Card Transactions (ANZSIC06) - ECT,Private - Values - Electronic card transactions  A/S/T by industry,Actual,Supermarket and grocery stores,,,
145,ECTM.S1AG1210,2019.04,1662.6,,F,Dollars,6,Electronic Card Transactions (ANZSIC06) - ECT,Private - Values - Electronic card transactions  A/S/T by industry,Actual,Supermarket and grocery stores,,,
146,ECTM.S1AG1210,2019.05,1690.3,,F,Dollars,6,Electronic Card Transactions (ANZSIC06) - ECT,Private - Values - Electronic card transactions  A/S/T by industry,Actual,Supermarket and grocery stores,,,
147,ECTM.S1AG1210,2019.06,1620,,F,Dollars,6,Electronic Card Transactions (ANZSIC06) - ECT,Private - Values - Electronic card transactions  A/S/T by industry,Actual,Supermarket and grocery stores,,,
148,ECTM.S1AG1210,2019.07,1650.7,,F,Dollars,6,Electronic Card Transactions (ANZSIC06) - ECT,Private - Values - Electronic card transactions  A/S/T by industry,Actual,Supermarket and grocery stores,,,
149,ECTM.S1AG1210,2019.08,1705.3,,F,Dollars,6,Electronic Card Transactions (ANZSIC06) - ECT,Private - Values - Electronic card transactions  A/S/T by industry,Actual,Supermarket and grocery stores,,,
150,ECTM.S1AG1210,2019.09,1661.6,,F,Dollars,6,Electronic Card Transactions (ANZSIC06) - ECT,Private - Values - Electronic card transactions  A/S/T by industry,Actual,Supermarket and grocery stores,,,
151,ECTM.S1AG1210,2019.1,1759.3,,F,Dollars,6,Electronic Card Transactions (ANZSIC06) - ECT,Private - Values - Electronic card transactions  A/S/T by industry,Actual,Supermarket and grocery stores,,,
152,ECTM.S1AG1210,2019.11,1781.2,,F,Dollars,6,Electronic Card Transactions (ANZSIC06) - ECT,Private - Values - Electronic card transactions  A/S/T by industry,Actual,Supermarket and grocery stores,,,
153,ECTM.S1AG1210,2019.12,2018.1,,F,Dollars,6,Electronic Card Transactions (ANZSIC06) - ECT,Private - Values - Electronic card transactions  A/S/T by industry,Actual,Supermarket and grocery stores,,,
154,ECTM.S1AG1210,2020.01,1779.1,,F,Dollars,6,Electronic Card Transactions (ANZSIC06) - ECT,Private - Values - Electronic card transactions  A/S/T by industry,Actual,Supermarket and grocery stores,,,
155,ECTM.S1AG1210,2020.02,1759.1,,F,Dollars,6,Electronic Card Transactions (ANZSIC06) - ECT,Private - Values - Electronic card transactions  A/S/T by industry,Actual,Supermarket and grocery stores,,,
156,ECTM.S1AG1210,2020.03,2205.9,,F,Dollars,6,Electronic Card Transactions (ANZSIC06) - ECT,Private - Values - Electronic card transactions  A/S/T by industry,Actual,Supermarket and grocery stores,,,
157,ECTM.S1AG1210,2020.04,2073,,F,Dollars,6,Electronic Card Transactions (ANZSIC06) - ECT,Private - Values - Electronic card transactions  A/S/T by industry,Actual,Supermarket and grocery stores,,,
158,ECTM.S1SG1210,2007.03,906.3,,R,Dollars,6,Electronic Card Transactions (ANZSIC06) - ECT,Private - Values - Electronic card transactions  A/S/T by industry,Seasonally adjusted,Supermarket and grocery stores,,,
159,ECTM.S1SG1210,2007.04,910.4,,R,Dollars,6,Electronic Card Transactions (ANZSIC06) - ECT,Private - Values - Electronic card transactions  A/S/T by industry,Seasonally adjusted,Supermarket and grocery stores,,,
160,ECTM.S1SG1210,2007.05,916,,R,Dollars,6,Electronic Card Transactions (ANZSIC06) - ECT,Private - Values - Electronic card transactions  A/S/T by industry,Seasonally adjusted,Supermarket and grocery stores,,,
161,ECTM.S1SG1210,2007.06,923.6,,R,Dollars,6,Electronic Card Transactions (ANZSIC06) - ECT,Private - Values - Electronic card transactions  A/S/T by industry,Seasonally adjusted,Supermarket and grocery stores,,,
162,ECTM.S1SG1210,2007.07,922.3,,R,Dollars,6,Electronic Card Transactions (ANZSIC06) - ECT,Private - Values - Electronic card transactions  A/S/T by industry,Seasonally adjusted,Supermarket and grocery stores,,,
163,ECTM.S1SG1210,2007.08,927.4,,R,Dollars,6,Electronic Card Transactions (ANZSIC06) - ECT,Private - Values - Electronic card transactions  A/S/T by industry,Seasonally adjusted,Supermarket and grocery stores,,,
164,ECTM.S1SG1210,2007.09,924.1,,R,Dollars,6,Electronic Card Transactions (ANZSIC06) - ECT,Private - Values - Electronic card transactions  A/S/T by industry,Seasonally adjusted,Supermarket and grocery stores,,,
165,ECTM.S1SG1210,2007.1,931.9,,R,Dollars,6,Electronic Card Transactions (ANZSIC06) - ECT,Private - Values - Electronic card transactions  A/S/T by industry,Seasonally adjusted,Supermarket and grocery stores,,,
166,ECTM.S1SG1210,2007.11,940.4,,R,Dollars,6,Electronic Card Transactions (ANZSIC06) - ECT,Private - Values - Electronic card transactions  A/S/T by industry,Seasonally adjusted,Supermarket and grocery stores,,,
167,ECTM.S1SG1210,2007.12,941.4,,R,Dollars,6,Electronic Card Transactions (ANZSIC06) - ECT,Private - Values - Electronic card transactions  A/S/T by industry,Seasonally adjusted,Supermarket and grocery stores,,,
168,ECTM.S1SG1210,2008.01,952.4,,R,Dollars,6,Electronic Card Transactions (ANZSIC06) - ECT,Private - Values - Electronic card transactions  A/S/T by industry,Seasonally adjusted,Supermarket and grocery stores,,,
169,ECTM.S1SG1210,2008.02,955.9,,R,Dollars,6,Electronic Card Transactions (ANZSIC06) - ECT,Private - Values - Electronic card transactions  A/S/T by industry,Seasonally adjusted,Supermarket and grocery stores,,,
170,ECTM.S1SG1210,2008.03,976.3,,R,Dollars,6,Electronic Card Transactions (ANZSIC06) - ECT,Private - Values - Electronic card transactions  A/S/T by industry,Seasonally adjusted,Supermarket and grocery stores,,,
171,ECTM.S1SG1210,2008.04,953.4,,R,Dollars,6,Electronic Card Transactions (ANZSIC06) - ECT,Private - Values - Electronic card transactions  A/S/T by industry,Seasonally adjusted,Supermarket and grocery stores,,,
172,ECTM.S1SG1210,2008.05,964.4,,R,Dollars,6,Electronic Card Transactions (ANZSIC06) - ECT,Private - Values - Electronic card transactions  A/S/T by industry,Seasonally adjusted,Supermarket and grocery stores,,,
173,ECTM.S1SG1210,2008.06,963.5,,R,Dollars,6,Electronic Card Transactions (ANZSIC06) - ECT,Private - Values - Electronic card transactions  A/S/T by industry,Seasonally adjusted,Supermarket and grocery stores,,,
174,ECTM.S1SG1210,2008.07,969.7,,R,Dollars,6,Electronic Card Transactions (ANZSIC06) - ECT,Private - Values - Electronic card transactions  A/S/T by industry,Seasonally adjusted,Supermarket and grocery stores,,,
175,ECTM.S1SG1210,2008.08,989.2,,R,Dollars,6,Electronic Card Transactions (ANZSIC06) - ECT,Private - Values - Electronic card transactions  A/S/T by industry,Seasonally adjusted,Supermarket and grocery stores,,,
176,ECTM.S1SG1210,2008.09,996.4,,R,Dollars,6,Electronic Card Transactions (ANZSIC06) - ECT,Private - Values - Electronic card transactions  A/S/T by industry,Seasonally adjusted,Supermarket and grocery stores,,,
177,ECTM.S1SG1210,2008.1,1008.4,,R,Dollars,6,Electronic Card Transactions (ANZSIC06) - ECT,Private - Values - Electronic card transactions  A/S/T by industry,Seasonally adjusted,Supermarket and grocery stores,,,
178,ECTM.S1SG1210,2008.11,1018.8,,R,Dollars,6,Electronic Card Transactions (ANZSIC06) - ECT,Private - Values - Electronic card transactions  A/S/T by industry,Seasonally adjusted,Supermarket and grocery stores,,,
179,ECTM.S1SG1210,2008.12,1016.4,,R,Dollars,6,Electronic Card Transactions (ANZSIC06) - ECT,Private - Values - Electronic card transactions  A/S/T by industry,Seasonally adjusted,Supermarket and grocery stores,,,
180,ECTM.S1SG1210,2009.01,1031,,R,Dollars,6,Electronic Card Transactions (ANZSIC06) - ECT,Private - Values - Electronic card transactions  A/S/T by industry,Seasonally adjusted,Supermarket and grocery stores,,,
181,ECTM.S1SG1210,2009.02,1029.7,,R,Dollars,6,Electronic Card Transactions (ANZSIC06) - ECT,Private - Values - Electronic card transactions  A/S/T by industry,Seasonally adjusted,Supermarket and grocery stores,,,
182,ECTM.S1SG1210,2009.03,1034.9,,R,Dollars,6,Electronic Card Transactions (ANZSIC06) - ECT,Private - Values - Electronic card transactions  A/S/T by industry,Seasonally adjusted,Supermarket and grocery stores,,,
183,ECTM.S1SG1210,2009.04,1051.6,,R,Dollars,6,Electronic Card Transactions (ANZSIC06) - ECT,Private - Values - Electronic card transactions  A/S/T by industry,Seasonally adjusted,Supermarket and grocery stores,,,
184,ECTM.S1SG1210,2009.05,1057.9,,R,Dollars,6,Electronic Card Transactions (ANZSIC06) - ECT,Private - Values - Electronic card transactions  A/S/T by industry,Seasonally adjusted,Supermarket and grocery stores,,,
185,ECTM.S1SG1210,2009.06,1061.2,,R,Dollars,6,Electronic Card Transactions (ANZSIC06) - ECT,Private - Values - Electronic card transactions  A/S/T by industry,Seasonally adjusted,Supermarket and grocery stores,,,
186,ECTM.S1SG1210,2009.07,1067.5,,R,Dollars,6,Electronic Card Transactions (ANZSIC06) - ECT,Private - Values - Electronic card transactions  A/S/T by industry,Seasonally adjusted,Supermarket and grocery stores,,,
187,ECTM.S1SG1210,2009.08,1065.6,,R,Dollars,6,Electronic Card Transactions (ANZSIC06) - ECT,Private - Values - Electronic card transactions  A/S/T by industry,Seasonally adjusted,Supermarket and grocery stores,,,
188,ECTM.S1SG1210,2009.09,1066.5,,R,Dollars,6,Electronic Card Transactions (ANZSIC06) - ECT,Private - Values - Electronic card transactions  A/S/T by industry,Seasonally adjusted,Supermarket and grocery stores,,,
189,ECTM.S1SG1210,2009.1,1056.2,,R,Dollars,6,Electronic Card Transactions (ANZSIC06) - ECT,Private - Values - Electronic card transactions  A/S/T by industry,Seasonally adjusted,Supermarket and grocery stores,,,
190,ECTM.S1SG1210,2009.11,1060.3,,R,Dollars,6,Electronic Card Transactions (ANZSIC06) - ECT,Private - Values - Electronic card transactions  A/S/T by industry,Seasonally adjusted,Supermarket and grocery stores,,,
191,ECTM.S1SG1210,2009.12,1072.5,,R,Dollars,6,Electronic Card Transactions (ANZSIC06) - ECT,Private - Values - Electronic card transactions  A/S/T by industry,Seasonally adjusted,Supermarket and grocery stores,,,
192,ECTM.S1SG1210,2010.01,1068.9,,R,Dollars,6,Electronic Card Transactions (ANZSIC06) - ECT,Private - Values - Electronic card transactions  A/S/T by industry,Seasonally adjusted,Supermarket and grocery stores,,,
193,ECTM.S1SG1210,2010.02,1075.9,,R,Dollars,6,Electronic Card Transactions (ANZSIC06) - ECT,Private - Values - Electronic card transactions  A/S/T by industry,Seasonally adjusted,Supermarket and grocery stores,,,
194,ECTM.S1SG1210,2010.03,1100.8,,R,Dollars,6,Electronic Card Transactions (ANZSIC06) - ECT,Private - Values - Electronic card transactions  A/S/T by industry,Seasonally adjusted,Supermarket and grocery stores,,,
195,ECTM.S1SG1210,2010.04,1067.9,,R,Dollars,6,Electronic Card Transactions (ANZSIC06) - ECT,Private - Values - Electronic card transactions  A/S/T by industry,Seasonally adjusted,Supermarket and grocery stores,,,
196,ECTM.S1SG1210,2010.05,1089.1,,R,Dollars,6,Electronic Card Transactions (ANZSIC06) - ECT,Private - Values - Electronic card transactions  A/S/T by industry,Seasonally adjusted,Supermarket and grocery stores,,,
197,ECTM.S1SG1210,2010.06,1094.1,,R,Dollars,6,Electronic Card Transactions (ANZSIC06) - ECT,Private - Values - Electronic card transactions  A/S/T by industry,Seasonally adjusted,Supermarket and grocery stores,,,
198,ECTM.S1SG1210,2010.07,1105.8,,R,Dollars,6,Electronic Card Transactions (ANZSIC06) - ECT,Private - Values - Electronic card transactions  A/S/T by industry,Seasonally adjusted,Supermarket and grocery stores,,,
199,ECTM.S1SG1210,2010.08,1107.1,,R,Dollars,6,Electronic Card Transactions (ANZSIC06) - ECT,Private - Values - Electronic card transactions  A/S/T by industry,Seasonally adjusted,Supermarket and grocery stores,,,
200,ECTM.S1SG1210,2010.09,1127.2,,R,Dollars,6,Electronic Card Transactions (ANZSIC06) - ECT,Private - Values - Electronic card transactions  A/S/T by industry,Seasonally adjusted,Supermarket and grocery stores,,,
201,ECTM.S1SG1210,2010.1,1149.5,,R,Dollars,6,Electronic Card Transactions (ANZSIC06) - ECT,Private - Values - Electronic card transactions  A/S/T by industry,Seasonally adjusted,Supermarket and grocery stores,,,
202,ECTM.S1SG1210,2010.11,1154.1,,R,Dollars,6,Electronic Card Transactions (ANZSIC06) - ECT,Private - Values - Electronic card transactions  A/S/T by industry,Seasonally adjusted,Supermarket and grocery stores,,,
203,ECTM.S1SG1210,2010.12,1162.7,,R,Dollars,6,Electronic Card Transactions (ANZSIC06) - ECT,Private - Values - Electronic card transactions  A/S/T by industry,Seasonally adjusted,Supermarket and grocery stores,,,
204,ECTM.S1SG1210,2011.01,1160.3,,R,Dollars,6,Electronic Card Transactions (ANZSIC06) - ECT,Private - Values - Electronic card transactions  A/S/T by industry,Seasonally adjusted,Supermarket and grocery stores,,,
205,ECTM.S1SG1210,2011.02,1171.5,,R,Dollars,6,Electronic Card Transactions (ANZSIC06) - ECT,Private - Values - Electronic card transactions  A/S/T by industry,Seasonally adjusted,Supermarket and grocery stores,,,
206,ECTM.S1SG1210,2011.03,1179.5,,R,Dollars,6,Electronic Card Transactions (ANZSIC06) - ECT,Private - Values - Electronic card transactions  A/S/T by industry,Seasonally adjusted,Supermarket and grocery stores,,,
207,ECTM.S1SG1210,2011.04,1195.1,,R,Dollars,6,Electronic Card Transactions (ANZSIC06) - ECT,Private - Values - Electronic card transactions  A/S/T by industry,Seasonally adjusted,Supermarket and grocery stores,,,
208,ECTM.S1SG1210,2011.05,1193.5,,R,Dollars,6,Electronic Card Transactions (ANZSIC06) - ECT,Private - Values - Electronic card transactions  A/S/T by industry,Seasonally adjusted,Supermarket and grocery stores,,,
209,ECTM.S1SG1210,2011.06,1207.5,,R,Dollars,6,Electronic Card Transactions (ANZSIC06) - ECT,Private - Values - Electronic card transactions  A/S/T by industry,Seasonally adjusted,Supermarket and grocery stores,,,
210,ECTM.S1SG1210,2011.07,1211.7,,R,Dollars,6,Electronic Card Transactions (ANZSIC06) - ECT,Private - Values - Electronic card transactions  A/S/T by industry,Seasonally adjusted,Supermarket and grocery stores,,,
211,ECTM.S1SG1210,2011.08,1210.3,,R,Dollars,6,Electronic Card Transactions (ANZSIC06) - ECT,Private - Values - Electronic card transactions  A/S/T by industry,Seasonally adjusted,Supermarket and grocery stores,,,
212,ECTM.S1SG1210,2011.09,1221.2,,R,Dollars,6,Electronic Card Transactions (ANZSIC06) - ECT,Private - Values - Electronic card transactions  A/S/T by industry,Seasonally adjusted,Supermarket and grocery stores,,,
213,ECTM.S1SG1210,2011.1,1221.4,,R,Dollars,6,Electronic Card Transactions (ANZSIC06) - ECT,Private - Values - Electronic card transactions  A/S/T by industry,Seasonally adjusted,Supermarket and grocery stores,,,
214,ECTM.S1SG1210,2011.11,1215.4,,R,Dollars,6,Electronic Card Transactions (ANZSIC06) - ECT,Private - Values - Electronic card transactions  A/S/T by industry,Seasonally adjusted,Supermarket and grocery stores,,,
215,ECTM.S1SG1210,2011.12,1220.2,,R,Dollars,6,Electronic Card Transactions (ANZSIC06) - ECT,Private - Values - Electronic card transactions  A/S/T by industry,Seasonally adjusted,Supermarket and grocery stores,,,
216,ECTM.S1SG1210,2012.01,1222.4,,R,Dollars,6,Electronic Card Transactions (ANZSIC06) - ECT,Private - Values - Electronic card transactions  A/S/T by industry,Seasonally adjusted,Supermarket and grocery stores,,,
217,ECTM.S1SG1210,2012.02,1232.2,,R,Dollars,6,Electronic Card Transactions (ANZSIC06) - ECT,Private - Values - Electronic card transactions  A/S/T by industry,Seasonally adjusted,Supermarket and grocery stores,,,
218,ECTM.S1SG1210,2012.03,1240.9,,R,Dollars,6,Electronic Card Transactions (ANZSIC06) - ECT,Private - Values - Electronic card transactions  A/S/T by industry,Seasonally adjusted,Supermarket and grocery stores,,,
219,ECTM.S1SG1210,2012.04,1248.7,,R,Dollars,6,Electronic Card Transactions (ANZSIC06) - ECT,Private - Values - Electronic card transactions  A/S/T by industry,Seasonally adjusted,Supermarket and grocery stores,,,
220,ECTM.S1SG1210,2012.05,1241,,R,Dollars,6,Electronic Card Transactions (ANZSIC06) - ECT,Private - Values - Electronic card transactions  A/S/T by industry,Seasonally adjusted,Supermarket and grocery stores,,,
221,ECTM.S1SG1210,2012.06,1254.7,,R,Dollars,6,Electronic Card Transactions (ANZSIC06) - ECT,Private - Values - Electronic card transactions  A/S/T by industry,Seasonally adjusted,Supermarket and grocery stores,,,
222,ECTM.S1SG1210,2012.07,1253.8,,R,Dollars,6,Electronic Card Transactions (ANZSIC06) - ECT,Private - Values - Electronic card transactions  A/S/T by industry,Seasonally adjusted,Supermarket and grocery stores,,,
223,ECTM.S1SG1210,2012.08,1266.4,,R,Dollars,6,Electronic Card Transactions (ANZSIC06) - ECT,Private - Values - Electronic card transactions  A/S/T by industry,Seasonally adjusted,Supermarket and grocery stores,,,
224,ECTM.S1SG1210,2012.09,1261.8,,R,Dollars,6,Electronic Card Transactions (ANZSIC06) - ECT,Private - Values - Electronic card transactions  A/S/T by industry,Seasonally adjusted,Supermarket and grocery stores,,,
225,ECTM.S1SG1210,2012.1,1255.3,,R,Dollars,6,Electronic Card Transactions (ANZSIC06) - ECT,Private - Values - Electronic card transactions  A/S/T by industry,Seasonally adjusted,Supermarket and grocery stores,,,
226,ECTM.S1SG1210,2012.11,1262.6,,R,Dollars,6,Electronic Card Transactions (ANZSIC06) - ECT,Private - Values - Electronic card transactions  A/S/T by industry,Seasonally adjusted,Supermarket and grocery stores,,,
227,ECTM.S1SG1210,2012.12,1266.4,,R,Dollars,6,Electronic Card Transactions (ANZSIC06) - ECT,Private - Values - Electronic card transactions  A/S/T by industry,Seasonally adjusted,Supermarket and grocery stores,,,
228,ECTM.S1SG1210,2013.01,1280.1,,R,Dollars,6,Electronic Card Transactions (ANZSIC06) - ECT,Private - Values - Electronic card transactions  A/S/T by industry,Seasonally adjusted,Supermarket and grocery stores,,,
229,ECTM.S1SG1210,2013.02,1280.8,,R,Dollars,6,Electronic Card Transactions (ANZSIC06) - ECT,Private - Values - Electronic card transactions  A/S/T by industry,Seasonally adjusted,Supermarket and grocery stores,,,
230,ECTM.S1SG1210,2013.03,1277,,R,Dollars,6,Electronic Card Transactions (ANZSIC06) - ECT,Private - Values - Electronic card transactions  A/S/T by industry,Seasonally adjusted,Supermarket and grocery stores,,,
231,ECTM.S1SG1210,2013.04,1253.3,,R,Dollars,6,Electronic Card Transactions (ANZSIC06) - ECT,Private - Values - Electronic card transactions  A/S/T by industry,Seasonally adjusted,Supermarket and grocery stores,,,
232,ECTM.S1SG1210,2013.05,1275,,R,Dollars,6,Electronic Card Transactions (ANZSIC06) - ECT,Private - Values - Electronic card transactions  A/S/T by industry,Seasonally adjusted,Supermarket and grocery stores,,,
233,ECTM.S1SG1210,2013.06,1275.5,,R,Dollars,6,Electronic Card Transactions (ANZSIC06) - ECT,Private - Values - Electronic card transactions  A/S/T by industry,Seasonally adjusted,Supermarket and grocery stores,,,
234,ECTM.S1SG1210,2013.07,1280.4,,R,Dollars,6,Electronic Card Transactions (ANZSIC06) - ECT,Private - Values - Electronic card transactions  A/S/T by industry,Seasonally adjusted,Supermarket and grocery stores,,,
235,ECTM.S1SG1210,2013.08,1285.3,,R,Dollars,6,Electronic Card Transactions (ANZSIC06) - ECT,Private - Values - Electronic card transactions  A/S/T by industry,Seasonally adjusted,Supermarket and grocery stores,,,
236,ECTM.S1SG1210,2013.09,1292.3,,R,Dollars,6,Electronic Card Transactions (ANZSIC06) - ECT,Private - Values - Electronic card transactions  A/S/T by industry,Seasonally adjusted,Supermarket and grocery stores,,,
237,ECTM.S1SG1210,2013.1,1294.8,,R,Dollars,6,Electronic Card Transactions (ANZSIC06) - ECT,Private - Values - Electronic card transactions  A/S/T by industry,Seasonally adjusted,Supermarket and grocery stores,,,
238,ECTM.S1SG1210,2013.11,1315,,R,Dollars,6,Electronic Card Transactions (ANZSIC06) - ECT,Private - Values - Electronic card transactions  A/S/T by industry,Seasonally adjusted,Supermarket and grocery stores,,,
239,ECTM.S1SG1210,2013.12,1307.7,,R,Dollars,6,Electronic Card Transactions (ANZSIC06) - ECT,Private - Values - Electronic card transactions  A/S/T by industry,Seasonally adjusted,Supermarket and grocery stores,,,
240,ECTM.S1SG1210,2014.01,1307.6,,R,Dollars,6,Electronic Card Transactions (ANZSIC06) - ECT,Private - Values - Electronic card transactions  A/S/T by industry,Seasonally adjusted,Supermarket and grocery stores,,,
241,ECTM.S1SG1210,2014.02,1305.4,,R,Dollars,6,Electronic Card Transactions (ANZSIC06) - ECT,Private - Values - Electronic card transactions  A/S/T by industry,Seasonally adjusted,Supermarket and grocery stores,,,
242,ECTM.S1SG1210,2014.03,1309,,R,Dollars,6,Electronic Card Transactions (ANZSIC06) - ECT,Private - Values - Electronic card transactions  A/S/T by industry,Seasonally adjusted,Supermarket and grocery stores,,,
243,ECTM.S1SG1210,2014.04,1323,,R,Dollars,6,Electronic Card Transactions (ANZSIC06) - ECT,Private - Values - Electronic card transactions  A/S/T by industry,Seasonally adjusted,Supermarket and grocery stores,,,
244,ECTM.S1SG1210,2014.05,1338.3,,R,Dollars,6,Electronic Card Transactions (ANZSIC06) - ECT,Private - Values - Electronic card transactions  A/S/T by industry,Seasonally adjusted,Supermarket and grocery stores,,,
245,ECTM.S1SG1210,2014.06,1334.9,,R,Dollars,6,Electronic Card Transactions (ANZSIC06) - ECT,Private - Values - Electronic card transactions  A/S/T by industry,Seasonally adjusted,Supermarket and grocery stores,,,
246,ECTM.S1SG1210,2014.07,1345,,R,Dollars,6,Electronic Card Transactions (ANZSIC06) - ECT,Private - Values - Electronic card transactions  A/S/T by industry,Seasonally adjusted,Supermarket and grocery stores,,,
247,ECTM.S1SG1210,2014.08,1352.7,,R,Dollars,6,Electronic Card Transactions (ANZSIC06) - ECT,Private - Values - Electronic card transactions  A/S/T by industry,Seasonally adjusted,Supermarket and grocery stores,,,
248,ECTM.S1SG1210,2014.09,1346.9,,R,Dollars,6,Electronic Card Transactions (ANZSIC06) - ECT,Private - Values - Electronic card transactions  A/S/T by industry,Seasonally adjusted,Supermarket and grocery stores,,,
249,ECTM.S1SG1210,2014.1,1358.7,,R,Dollars,6,Electronic Card Transactions (ANZSIC06) - ECT,Private - Values - Electronic card transactions  A/S/T by industry,Seasonally adjusted,Supermarket and grocery stores,,,
250,ECTM.S1SG1210,2014.11,1364.7,,R,Dollars,6,Electronic Card Transactions (ANZSIC06) - ECT,Private - Values - Electronic card transactions  A/S/T by industry,Seasonally adjusted,Supermarket and grocery stores,,,
251,ECTM.S1SG1210,2014.12,1378.2,,R,Dollars,6,Electronic Card Transactions (ANZSIC06) - ECT,Private - Values - Electronic card transactions  A/S/T by industry,Seasonally adjusted,Supermarket and grocery stores,,,
252,ECTM.S1SG1210,2015.01,1396.9,,R,Dollars,6,Electronic Card Transactions (ANZSIC06) - ECT,Private - Values - Electronic card transactions  A/S/T by industry,Seasonally adjusted,Supermarket and grocery stores,,,
253,ECTM.S1SG1210,2015.02,1381.6,,R,Dollars,6,Electronic Card Transactions (ANZSIC06) - ECT,Private - Values - Electronic card transactions  A/S/T by industry,Seasonally adjusted,Supermarket and grocery stores,,,
254,ECTM.S1SG1210,2015.03,1384.5,,R,Dollars,6,Electronic Card Transactions (ANZSIC06) - ECT,Private - Values - Electronic card transactions  A/S/T by industry,Seasonally adjusted,Supermarket and grocery stores,,,
255,ECTM.S1SG1210,2015.04,1388.3,,R,Dollars,6,Electronic Card Transactions (ANZSIC06) - ECT,Private - Values - Electronic card transactions  A/S/T by industry,Seasonally adjusted,Supermarket and grocery stores,,,
256,ECTM.S1SG1210,2015.05,1399.2,,R,Dollars,6,Electronic Card Transactions (ANZSIC06) - ECT,Private - Values - Electronic card transactions  A/S/T by industry,Seasonally adjusted,Supermarket and grocery stores,,,
257,ECTM.S1SG1210,2015.06,1406.7,,R,Dollars,6,Electronic Card Transactions (ANZSIC06) - ECT,Private - Values - Electronic card transactions  A/S/T by industry,Seasonally adjusted,Supermarket and grocery stores,,,
258,ECTM.S1SG1210,2015.07,1415.2,,R,Dollars,6,Electronic Card Transactions (ANZSIC06) - ECT,Private - Values - Electronic card transactions  A/S/T by industry,Seasonally adjusted,Supermarket and grocery stores,,,
259,ECTM.S1SG1210,2015.08,1424.7,,R,Dollars,6,Electronic Card Transactions (ANZSIC06) - ECT,Private - Values - Electronic card transactions  A/S/T by industry,Seasonally adjusted,Supermarket and grocery stores,,,
260,ECTM.S1SG1210,2015.09,1432,,R,Dollars,6,Electronic Card Transactions (ANZSIC06) - ECT,Private - Values - Electronic card transactions  A/S/T by industry,Seasonally adjusted,Supermarket and grocery stores,,,
261,ECTM.S1SG1210,2015.1,1443.2,,R,Dollars,6,Electronic Card Transactions (ANZSIC06) - ECT,Private - Values - Electronic card transactions  A/S/T by industry,Seasonally adjusted,Supermarket and grocery stores,,,
262,ECTM.S1SG1210,2015.11,1442,,R,Dollars,6,Electronic Card Transactions (ANZSIC06) - ECT,Private - Values - Electronic card transactions  A/S/T by industry,Seasonally adjusted,Supermarket and grocery stores,,,
263,ECTM.S1SG1210,2015.12,1452,,R,Dollars,6,Electronic Card Transactions (ANZSIC06) - ECT,Private - Values - Electronic card transactions  A/S/T by industry,Seasonally adjusted,Supermarket and grocery stores,,,
264,ECTM.S1SG1210,2016.01,1444.3,,R,Dollars,6,Electronic Card Transactions (ANZSIC06) - ECT,Private - Values - Electronic card transactions  A/S/T by industry,Seasonally adjusted,Supermarket and grocery stores,,,
265,ECTM.S1SG1210,2016.02,1463.7,,R,Dollars,6,Electronic Card Transactions (ANZSIC06) - ECT,Private - Values - Electronic card transactions  A/S/T by industry,Seasonally adjusted,Supermarket and grocery stores,,,
266,ECTM.S1SG1210,2016.03,1461.3,,R,Dollars,6,Electronic Card Transactions (ANZSIC06) - ECT,Private - Values - Electronic card transactions  A/S/T by industry,Seasonally adjusted,Supermarket and grocery stores,,,
267,ECTM.S1SG1210,2016.04,1453.8,,R,Dollars,6,Electronic Card Transactions (ANZSIC06) - ECT,Private - Values - Electronic card transactions  A/S/T by industry,Seasonally adjusted,Supermarket and grocery stores,,,
268,ECTM.S1SG1210,2016.05,1469.8,,R,Dollars,6,Electronic Card Transactions (ANZSIC06) - ECT,Private - Values - Electronic card transactions  A/S/T by industry,Seasonally adjusted,Supermarket and grocery stores,,,
269,ECTM.S1SG1210,2016.06,1479.9,,R,Dollars,6,Electronic Card Transactions (ANZSIC06) - ECT,Private - Values - Electronic card transactions  A/S/T by industry,Seasonally adjusted,Supermarket and grocery stores,,,
270,ECTM.S1SG1210,2016.07,1486.6,,R,Dollars,6,Electronic Card Transactions (ANZSIC06) - ECT,Private - Values - Electronic card transactions  A/S/T by industry,Seasonally adjusted,Supermarket and grocery stores,,,
271,ECTM.S1SG1210,2016.08,1483.5,,R,Dollars,6,Electronic Card Transactions (ANZSIC06) - ECT,Private - Values - Electronic card transactions  A/S/T by industry,Seasonally adjusted,Supermarket and grocery stores,,,
272,ECTM.S1SG1210,2016.09,1494.8,,R,Dollars,6,Electronic Card Transactions (ANZSIC06) - ECT,Private - Values - Electronic card transactions  A/S/T by industry,Seasonally adjusted,Supermarket and grocery stores,,,
273,ECTM.S1SG1210,2016.1,1512.8,,R,Dollars,6,Electronic Card Transactions (ANZSIC06) - ECT,Private - Values - Electronic card transactions  A/S/T by industry,Seasonally adjusted,Supermarket and grocery stores,,,
274,ECTM.S1SG1210,2016.11,1532.5,,R,Dollars,6,Electronic Card Transactions (ANZSIC06) - ECT,Private - Values - Electronic card transactions  A/S/T by industry,Seasonally adjusted,Supermarket and grocery stores,,,
275,ECTM.S1SG1210,2016.12,1528,,R,Dollars,6,Electronic Card Transactions (ANZSIC06) - ECT,Private - Values - Electronic card transactions  A/S/T by industry,Seasonally adjusted,Supermarket and grocery stores,,,
276,ECTM.S1SG1210,2017.01,1552.2,,R,Dollars,6,Electronic Card Transactions (ANZSIC06) - ECT,Private - Values - Electronic card transactions  A/S/T by industry,Seasonally adjusted,Supermarket and grocery stores,,,
277,ECTM.S1SG1210,2017.02,1559.6,,R,Dollars,6,Electronic Card Transactions (ANZSIC06) - ECT,Private - Values - Electronic card transactions  A/S/T by industry,Seasonally adjusted,Supermarket and grocery stores,,,
278,ECTM.S1SG1210,2017.03,1539.5,,R,Dollars,6,Electronic Card Transactions (ANZSIC06) - ECT,Private - Values - Electronic card transactions  A/S/T by industry,Seasonally adjusted,Supermarket and grocery stores,,,
279,ECTM.S1SG1210,2017.04,1583.1,,R,Dollars,6,Electronic Card Transactions (ANZSIC06) - ECT,Private - Values - Electronic card transactions  A/S/T by industry,Seasonally adjusted,Supermarket and grocery stores,,,
280,ECTM.S1SG1210,2017.05,1578.7,,R,Dollars,6,Electronic Card Transactions (ANZSIC06) - ECT,Private - Values - Electronic card transactions  A/S/T by industry,Seasonally adjusted,Supermarket and grocery stores,,,
281,ECTM.S1SG1210,2017.06,1582.9,,R,Dollars,6,Electronic Card Transactions (ANZSIC06) - ECT,Private - Values - Electronic card transactions  A/S/T by industry,Seasonally adjusted,Supermarket and grocery stores,,,
282,ECTM.S1SG1210,2017.07,1585.4,,R,Dollars,6,Electronic Card Transactions (ANZSIC06) - ECT,Private - Values - Electronic card transactions  A/S/T by industry,Seasonally adjusted,Supermarket and grocery stores,,,
283,ECTM.S1SG1210,2017.08,1597.5,,R,Dollars,6,Electronic Card Transactions (ANZSIC06) - ECT,Private - Values - Electronic card transactions  A/S/T by industry,Seasonally adjusted,Supermarket and grocery stores,,,
284,ECTM.S1SG1210,2017.09,1604.3,,R,Dollars,6,Electronic Card Transactions (ANZSIC06) - ECT,Private - Values - Electronic card transactions  A/S/T by industry,Seasonally adjusted,Supermarket and grocery stores,,,
285,ECTM.S1SG1210,2017.1,1613.3,,R,Dollars,6,Electronic Card Transactions (ANZSIC06) - ECT,Private - Values - Electronic card transactions  A/S/T by industry,Seasonally adjusted,Supermarket and grocery stores,,,
286,ECTM.S1SG1210,2017.11,1627,,R,Dollars,6,Electronic Card Transactions (ANZSIC06) - ECT,Private - Values - Electronic card transactions  A/S/T by industry,Seasonally adjusted,Supermarket and grocery stores,,,
287,ECTM.S1SG1210,2017.12,1635.5,,R,Dollars,6,Electronic Card Transactions (ANZSIC06) - ECT,Private - Values - Electronic card transactions  A/S/T by industry,Seasonally adjusted,Supermarket and grocery stores,,,
288,ECTM.S1SG1210,2018.01,1637,,R,Dollars,6,Electronic Card Transactions (ANZSIC06) - ECT,Private - Values - Electronic card transactions  A/S/T by industry,Seasonally adjusted,Supermarket and grocery stores,,,
289,ECTM.S1SG1210,2018.02,1624.7,,R,Dollars,6,Electronic Card Transactions (ANZSIC06) - ECT,Private - Values - Electronic card transactions  A/S/T by industry,Seasonally adjusted,Supermarket and grocery stores,,,
290,ECTM.S1SG1210,2018.03,1639.6,,R,Dollars,6,Electronic Card Transactions (ANZSIC06) - ECT,Private - Values - Electronic card transactions  A/S/T by industry,Seasonally adjusted,Supermarket and grocery stores,,,
291,ECTM.S1SG1210,2018.04,1577.6,,R,Dollars,6,Electronic Card Transactions (ANZSIC06) - ECT,Private - Values - Electronic card transactions  A/S/T by industry,Seasonally adjusted,Supermarket and grocery stores,,,
292,ECTM.S1SG1210,2018.05,1623.5,,R,Dollars,6,Electronic Card Transactions (ANZSIC06) - ECT,Private - Values - Electronic card transactions  A/S/T by industry,Seasonally adjusted,Supermarket and grocery stores,,,
293,ECTM.S1SG1210,2018.06,1635.9,,R,Dollars,6,Electronic Card Transactions (ANZSIC06) - ECT,Private - Values - Electronic card transactions  A/S/T by industry,Seasonally adjusted,Supermarket and grocery stores,,,
294,ECTM.S1SG1210,2018.07,1649.8,,R,Dollars,6,Electronic Card Transactions (ANZSIC06) - ECT,Private - Values - Electronic card transactions  A/S/T by industry,Seasonally adjusted,Supermarket and grocery stores,,,
295,ECTM.S1SG1210,2018.08,1659.9,,R,Dollars,6,Electronic Card Transactions (ANZSIC06) - ECT,Private - Values - Electronic card transactions  A/S/T by industry,Seasonally adjusted,Supermarket and grocery stores,,,
296,ECTM.S1SG1210,2018.09,1676.8,,R,Dollars,6,Electronic Card Transactions (ANZSIC06) - ECT,Private - Values - Electronic card transactions  A/S/T by industry,Seasonally adjusted,Supermarket and grocery stores,,,
297,ECTM.S1SG1210,2018.1,1691.7,,R,Dollars,6,Electronic Card Transactions (ANZSIC06) - ECT,Private - Values - Electronic card transactions  A/S/T by industry,Seasonally adjusted,Supermarket and grocery stores,,,
298,ECTM.S1SG1210,2018.11,1683.9,,R,Dollars,6,Electronic Card Transactions (ANZSIC06) - ECT,Private - Values - Electronic card transactions  A/S/T by industry,Seasonally adjusted,Supermarket and grocery stores,,,
299,ECTM.S1SG1210,2018.12,1702,,R,Dollars,6,Electronic Card Transactions (ANZSIC06) - ECT,Private - Values - Electronic card transactions  A/S/T by industry,Seasonally adjusted,Supermarket and grocery stores,,,
300,ECTM.S1SG1210,2019.01,1704.9,,R,Dollars,6,Electronic Card Transactions (ANZSIC06) - ECT,Private - Values - Electronic card transactions  A/S/T by industry,Seasonally adjusted,Supermarket and grocery stores,,,
301,ECTM.S1SG1210,2019.02,1710.1,,R,Dollars,6,Electronic Card Transactions (ANZSIC06) - ECT,Private - Values - Electronic card transactions  A/S/T by industry,Seasonally adjusted,Supermarket and grocery stores,,,
302,ECTM.S1SG1210,2019.03,1676.5,,R,Dollars,6,Electronic Card Transactions (ANZSIC06) - ECT,Private - Values - Electronic card transactions  A/S/T by industry,Seasonally adjusted,Supermarket and grocery stores,,,
303,ECTM.S1SG1210,2019.04,1692.3,,R,Dollars,6,Electronic Card Transactions (ANZSIC06) - ECT,Private - Values - Electronic card transactions  A/S/T by industry,Seasonally adjusted,Supermarket and grocery stores,,,
304,ECTM.S1SG1210,2019.05,1693.3,,R,Dollars,6,Electronic Card Transactions (ANZSIC06) - ECT,Private - Values - Electronic card transactions  A/S/T by industry,Seasonally adjusted,Supermarket and grocery stores,,,
305,ECTM.S1SG1210,2019.06,1699.3,,R,Dollars,6,Electronic Card Transactions (ANZSIC06) - ECT,Private - Values - Electronic card transactions  A/S/T by industry,Seasonally adjusted,Supermarket and grocery stores,,,
306,ECTM.S1SG1210,2019.07,1706,,R,Dollars,6,Electronic Card Transactions (ANZSIC06) - ECT,Private - Values - Electronic card transactions  A/S/T by industry,Seasonally adjusted,Supermarket and grocery stores,,,
307,ECTM.S1SG1210,2019.08,1720.3,,R,Dollars,6,Electronic Card Transactions (ANZSIC06) - ECT,Private - Values - Electronic card transactions  A/S/T by industry,Seasonally adjusted,Supermarket and grocery stores,,,
308,ECTM.S1SG1210,2019.09,1740.5,,R,Dollars,6,Electronic Card Transactions (ANZSIC06) - ECT,Private - Values - Electronic card transactions  A/S/T by industry,Seasonally adjusted,Supermarket and grocery stores,,,
309,ECTM.S1SG1210,2019.1,1741.7,,R,Dollars,6,Electronic Card Transactions (ANZSIC06) - ECT,Private - Values - Electronic card transactions  A/S/T by industry,Seasonally adjusted,Supermarket and grocery stores,,,
310,ECTM.S1SG1210,2019.11,1771.1,,R,Dollars,6,Electronic Card Transactions (ANZSIC06) - ECT,Private - Values - Electronic card transactions  A/S/T by industry,Seasonally adjusted,Supermarket and grocery stores,,,
311,ECTM.S1SG1210,2019.12,1778.4,,R,Dollars,6,Electronic Card Transactions (ANZSIC06) - ECT,Private - Values - Electronic card transactions  A/S/T by industry,Seasonally adjusted,Supermarket and grocery stores,,,
312,ECTM.S1SG1210,2020.01,1772.9,,R,Dollars,6,Electronic Card Transactions (ANZSIC06) - ECT,Private - Values - Electronic card transactions  A/S/T by industry,Seasonally adjusted,Supermarket and grocery stores,,,
313,ECTM.S1SG1210,2020.02,1807.2,,R,Dollars,6,Electronic Card Transactions (ANZSIC06) - ECT,Private - Values - Electronic card transactions  A/S/T by industry,Seasonally adjusted,Supermarket and grocery stores,,,
314,ECTM.S1SG1210,2020.03,2117.1,,R,Dollars,6,Electronic Card Transactions (ANZSIC06) - ECT,Private - Values - Electronic card transactions  A/S/T by industry,Seasonally adjusted,Supermarket and grocery stores,,,
315,ECTM.S1SG1210,2020.04,2092.1,,F,Dollars,6,Electronic Card Transactions (ANZSIC06) - ECT,Private - Values - Electronic card transactions  A/S/T by industry,Seasonally adjusted,Supermarket and grocery stores,,,
316,ECTM.S1AG1221,2007.03,96.9,,F,Dollars,6,Electronic Card Transactions (ANZSIC06) - ECT,Private - Values - Electronic card transactions  A/S/T by industry,Actual,Specialised food,,,
317,ECTM.S1AG1221,2007.04,89.4,,F,Dollars,6,Electronic Card Transactions (ANZSIC06) - ECT,Private - Values - Electronic card transactions  A/S/T by industry,Actual,Specialised food,,,
318,ECTM.S1AG1221,2007.05,94,,F,Dollars,6,Electronic Card Transactions (ANZSIC06) - ECT,Private - Values - Electronic card transactions  A/S/T by industry,Actual,Specialised food,,,
319,ECTM.S1AG1221,2007.06,90.3,,F,Dollars,6,Electronic Card Transactions (ANZSIC06) - ECT,Private - Values - Electronic card transactions  A/S/T by industry,Actual,Specialised food,,,
320,ECTM.S1AG1221,2007.07,92.2,,F,Dollars,6,Electronic Card Transactions (ANZSIC06) - ECT,Private - Values - Electronic card transactions  A/S/T by industry,Actual,Specialised food,,,
321,ECTM.S1AG1221,2007.08,96.4,,F,Dollars,6,Electronic Card Transactions (ANZSIC06) - ECT,Private - Values - Electronic card transactions  A/S/T by industry,Actual,Specialised food,,,
322,ECTM.S1AG1221,2007.09,95.2,,F,Dollars,6,Electronic Card Transactions (ANZSIC06) - ECT,Private - Values - Electronic card transactions  A/S/T by industry,Actual,Specialised food,,,
323,ECTM.S1AG1221,2007.1,100.8,,F,Dollars,6,Electronic Card Transactions (ANZSIC06) - ECT,Private - Values - Electronic card transactions  A/S/T by industry,Actual,Specialised food,,,
324,ECTM.S1AG1221,2007.11,105,,F,Dollars,6,Electronic Card Transactions (ANZSIC06) - ECT,Private - Values - Electronic card transactions  A/S/T by industry,Actual,Specialised food,,,
325,ECTM.S1AG1221,2007.12,125.8,,F,Dollars,6,Electronic Card Transactions (ANZSIC06) - ECT,Private - Values - Electronic card transactions  A/S/T by industry,Actual,Specialised food,,,
326,ECTM.S1AG1221,2008.01,99.6,,F,Dollars,6,Electronic Card Transactions (ANZSIC06) - ECT,Private - Values - Electronic card transactions  A/S/T by industry,Actual,Specialised food,,,
327,ECTM.S1AG1221,2008.02,99.3,,F,Dollars,6,Electronic Card Transactions (ANZSIC06) - ECT,Private - Values - Electronic card transactions  A/S/T by industry,Actual,Specialised food,,,
328,ECTM.S1AG1221,2008.03,103.5,,F,Dollars,6,Electronic Card Transactions (ANZSIC06) - ECT,Private - Values - Electronic card transactions  A/S/T by industry,Actual,Specialised food,,,
329,ECTM.S1AG1221,2008.04,99.2,,F,Dollars,6,Electronic Card Transactions (ANZSIC06) - ECT,Private - Values - Electronic card transactions  A/S/T by industry,Actual,Specialised food,,,
330,ECTM.S1AG1221,2008.05,105.1,,F,Dollars,6,Electronic Card Transactions (ANZSIC06) - ECT,Private - Values - Electronic card transactions  A/S/T by industry,Actual,Specialised food,,,
331,ECTM.S1AG1221,2008.06,95.8,,F,Dollars,6,Electronic Card Transactions (ANZSIC06) - ECT,Private - Values - Electronic card transactions  A/S/T by industry,Actual,Specialised food,,,
332,ECTM.S1AG1221,2008.07,101.9,,F,Dollars,6,Electronic Card Transactions (ANZSIC06) - ECT,Private - Values - Electronic card transactions  A/S/T by industry,Actual,Specialised food,,,
333,ECTM.S1AG1221,2008.08,106.5,,F,Dollars,6,Electronic Card Transactions (ANZSIC06) - ECT,Private - Values - Electronic card transactions  A/S/T by industry,Actual,Specialised food,,,
334,ECTM.S1AG1221,2008.09,107.9,,F,Dollars,6,Electronic Card Transactions (ANZSIC06) - ECT,Private - Values - Electronic card transactions  A/S/T by industry,Actual,Specialised food,,,
335,ECTM.S1AG1221,2008.1,115.4,,F,Dollars,6,Electronic Card Transactions (ANZSIC06) - ECT,Private - Values - Electronic card transactions  A/S/T by industry,Actual,Specialised food,,,
336,ECTM.S1AG1221,2008.11,117.9,,F,Dollars,6,Electronic Card Transactions (ANZSIC06) - ECT,Private - Values - Electronic card transactions  A/S/T by industry,Actual,Specialised food,,,
337,ECTM.S1AG1221,2008.12,143.1,,F,Dollars,6,Electronic Card Transactions (ANZSIC06) - ECT,Private - Values - Electronic card transactions  A/S/T by industry,Actual,Specialised food,,,
338,ECTM.S1AG1221,2009.01,115.9,,F,Dollars,6,Electronic Card Transactions (ANZSIC06) - ECT,Private - Values - Electronic card transactions  A/S/T by industry,Actual,Specialised food,,,
339,ECTM.S1AG1221,2009.02,105.4,,F,Dollars,6,Electronic Card Transactions (ANZSIC06) - ECT,Private - Values - Electronic card transactions  A/S/T by industry,Actual,Specialised food,,,
340,ECTM.S1AG1221,2009.03,116.3,,F,Dollars,6,Electronic Card Transactions (ANZSIC06) - ECT,Private - Values - Electronic card transactions  A/S/T by industry,Actual,Specialised food,,,
341,ECTM.S1AG1221,2009.04,113.4,,F,Dollars,6,Electronic Card Transactions (ANZSIC06) - ECT,Private - Values - Electronic card transactions  A/S/T by industry,Actual,Specialised food,,,
342,ECTM.S1AG1221,2009.05,115.3,,F,Dollars,6,Electronic Card Transactions (ANZSIC06) - ECT,Private - Values - Electronic card transactions  A/S/T by industry,Actual,Specialised food,,,
343,ECTM.S1AG1221,2009.06,109.6,,F,Dollars,6,Electronic Card Transactions (ANZSIC06) - ECT,Private - Values - Electronic card transactions  A/S/T by industry,Actual,Specialised food,,,
344,ECTM.S1AG1221,2009.07,118,,F,Dollars,6,Electronic Card Transactions (ANZSIC06) - ECT,Private - Values - Electronic card transactions  A/S/T by industry,Actual,Specialised food,,,
345,ECTM.S1AG1221,2009.08,119,,F,Dollars,6,Electronic Card Transactions (ANZSIC06) - ECT,Private - Values - Electronic card transactions  A/S/T by industry,Actual,Specialised food,,,
346,ECTM.S1AG1221,2009.09,118.3,,F,Dollars,6,Electronic Card Transactions (ANZSIC06) - ECT,Private - Values - Electronic card transactions  A/S/T by industry,Actual,Specialised food,,,
347,ECTM.S1AG1221,2009.1,125.2,,F,Dollars,6,Electronic Card Transactions (ANZSIC06) - ECT,Private - Values - Electronic card transactions  A/S/T by industry,Actual,Specialised food,,,
348,ECTM.S1AG1221,2009.11,121,,F,Dollars,6,Electronic Card Transactions (ANZSIC06) - ECT,Private - Values - Electronic card transactions  A/S/T by industry,Actual,Specialised food,,,
349,ECTM.S1AG1221,2009.12,151.9,,F,Dollars,6,Electronic Card Transactions (ANZSIC06) - ECT,Private - Values - Electronic card transactions  A/S/T by industry,Actual,Specialised food,,,
350,ECTM.S1AG1221,2010.01,119.6,,F,Dollars,6,Electronic Card Transactions (ANZSIC06) - ECT,Private - Values - Electronic card transactions  A/S/T by industry,Actual,Specialised food,,,
351,ECTM.S1AG1221,2010.02,111.7,,F,Dollars,6,Electronic Card Transactions (ANZSIC06) - ECT,Private - Values - Electronic card transactions  A/S/T by industry,Actual,Specialised food,,,
352,ECTM.S1AG1221,2010.03,123.5,,F,Dollars,6,Electronic Card Transactions (ANZSIC06) - ECT,Private - Values - Electronic card transactions  A/S/T by industry,Actual,Specialised food,,,
353,ECTM.S1AG1221,2010.04,116.5,,F,Dollars,6,Electronic Card Transactions (ANZSIC06) - ECT,Private - Values - Electronic card transactions  A/S/T by industry,Actual,Specialised food,,,
354,ECTM.S1AG1221,2010.05,116.6,,F,Dollars,6,Electronic Card Transactions (ANZSIC06) - ECT,Private - Values - Electronic card transactions  A/S/T by industry,Actual,Specialised food,,,
355,ECTM.S1AG1221,2010.06,112.8,,F,Dollars,6,Electronic Card Transactions (ANZSIC06) - ECT,Private - Values - Electronic card transactions  A/S/T by industry,Actual,Specialised food,,,
356,ECTM.S1AG1221,2010.07,122.3,,F,Dollars,6,Electronic Card Transactions (ANZSIC06) - ECT,Private - Values - Electronic card transactions  A/S/T by industry,Actual,Specialised food,,,
357,ECTM.S1AG1221,2010.08,120,,F,Dollars,6,Electronic Card Transactions (ANZSIC06) - ECT,Private - Values - Electronic card transactions  A/S/T by industry,Actual,Specialised food,,,
358,ECTM.S1AG1221,2010.09,120.8,,F,Dollars,6,Electronic Card Transactions (ANZSIC06) - ECT,Private - Values - Electronic card transactions  A/S/T by industry,Actual,Specialised food,,,
359,ECTM.S1AG1221,2010.1,131,,F,Dollars,6,Electronic Card Transactions (ANZSIC06) - ECT,Private - Values - Electronic card transactions  A/S/T by industry,Actual,Specialised food,,,
360,ECTM.S1AG1221,2010.11,131.8,,F,Dollars,6,Electronic Card Transactions (ANZSIC06) - ECT,Private - Values - Electronic card transactions  A/S/T by industry,Actual,Specialised food,,,
361,ECTM.S1AG1221,2010.12,162.3,,F,Dollars,6,Electronic Card Transactions (ANZSIC06) - ECT,Private - Values - Electronic card transactions  A/S/T by industry,Actual,Specialised food,,,
362,ECTM.S1AG1221,2011.01,124.8,,F,Dollars,6,Electronic Card Transactions (ANZSIC06) - ECT,Private - Values - Electronic card transactions  A/S/T by industry,Actual,Specialised food,,,
363,ECTM.S1AG1221,2011.02,118.1,,F,Dollars,6,Electronic Card Transactions (ANZSIC06) - ECT,Private - Values - Electronic card transactions  A/S/T by industry,Actual,Specialised food,,,
364,ECTM.S1AG1221,2011.03,130.6,,F,Dollars,6,Electronic Card Transactions (ANZSIC06) - ECT,Private - Values - Electronic card transactions  A/S/T by industry,Actual,Specialised food,,,
365,ECTM.S1AG1221,2011.04,125.6,,F,Dollars,6,Electronic Card Transactions (ANZSIC06) - ECT,Private - Values - Electronic card transactions  A/S/T by industry,Actual,Specialised food,,,
366,ECTM.S1AG1221,2011.05,126.1,,F,Dollars,6,Electronic Card Transactions (ANZSIC06) - ECT,Private - Values - Electronic card transactions  A/S/T by industry,Actual,Specialised food,,,
367,ECTM.S1AG1221,2011.06,123.8,,F,Dollars,6,Electronic Card Transactions (ANZSIC06) - ECT,Private - Values - Electronic card transactions  A/S/T by industry,Actual,Specialised food,,,
368,ECTM.S1AG1221,2011.07,130.1,,F,Dollars,6,Electronic Card Transactions (ANZSIC06) - ECT,Private - Values - Electronic card transactions  A/S/T by industry,Actual,Specialised food,,,
369,ECTM.S1AG1221,2011.08,132.3,,F,Dollars,6,Electronic Card Transactions (ANZSIC06) - ECT,Private - Values - Electronic card transactions  A/S/T by industry,Actual,Specialised food,,,
370,ECTM.S1AG1221,2011.09,133.1,,F,Dollars,6,Electronic Card Transactions (ANZSIC06) - ECT,Private - Values - Electronic card transactions  A/S/T by industry,Actual,Specialised food,,,
371,ECTM.S1AG1221,2011.1,135.3,,F,Dollars,6,Electronic Card Transactions (ANZSIC06) - ECT,Private - Values - Electronic card transactions  A/S/T by industry,Actual,Specialised food,,,
372,ECTM.S1AG1221,2011.11,136.3,,F,Dollars,6,Electronic Card Transactions (ANZSIC06) - ECT,Private - Values - Electronic card transactions  A/S/T by industry,Actual,Specialised food,,,
373,ECTM.S1AG1221,2011.12,168.4,,F,Dollars,6,Electronic Card Transactions (ANZSIC06) - ECT,Private - Values - Electronic card transactions  A/S/T by industry,Actual,Specialised food,,,
374,ECTM.S1AG1221,2012.01,130.6,,F,Dollars,6,Electronic Card Transactions (ANZSIC06) - ECT,Private - Values - Electronic card transactions  A/S/T by industry,Actual,Specialised food,,,
375,ECTM.S1AG1221,2012.02,127.1,,F,Dollars,6,Electronic Card Transactions (ANZSIC06) - ECT,Private - Values - Electronic card transactions  A/S/T by industry,Actual,Specialised food,,,
376,ECTM.S1AG1221,2012.03,138.1,,F,Dollars,6,Electronic Card Transactions (ANZSIC06) - ECT,Private - Values - Electronic card transactions  A/S/T by industry,Actual,Specialised food,,,
377,ECTM.S1AG1221,2012.04,126.5,,F,Dollars,6,Electronic Card Transactions (ANZSIC06) - ECT,Private - Values - Electronic card transactions  A/S/T by industry,Actual,Specialised food,,,
378,ECTM.S1AG1221,2012.05,135.1,,F,Dollars,6,Electronic Card Transactions (ANZSIC06) - ECT,Private - Values - Electronic card transactions  A/S/T by industry,Actual,Specialised food,,,
379,ECTM.S1AG1221,2012.06,130.2,,F,Dollars,6,Electronic Card Transactions (ANZSIC06) - ECT,Private - Values - Electronic card transactions  A/S/T by industry,Actual,Specialised food,,,
380,ECTM.S1AG1221,2012.07,132.5,,F,Dollars,6,Electronic Card Transactions (ANZSIC06) - ECT,Private - Values - Electronic card transactions  A/S/T by industry,Actual,Specialised food,,,
381,ECTM.S1AG1221,2012.08,137.7,,F,Dollars,6,Electronic Card Transactions (ANZSIC06) - ECT,Private - Values - Electronic card transactions  A/S/T by industry,Actual,Specialised food,,,
382,ECTM.S1AG1221,2012.09,133.7,,F,Dollars,6,Electronic Card Transactions (ANZSIC06) - ECT,Private - Values - Electronic card transactions  A/S/T by industry,Actual,Specialised food,,,
383,ECTM.S1AG1221,2012.1,140,,F,Dollars,6,Electronic Card Transactions (ANZSIC06) - ECT,Private - Values - Electronic card transactions  A/S/T by industry,Actual,Specialised food,,,
384,ECTM.S1AG1221,2012.11,145,,F,Dollars,6,Electronic Card Transactions (ANZSIC06) - ECT,Private - Values - Electronic card transactions  A/S/T by industry,Actual,Specialised food,,,
385,ECTM.S1AG1221,2012.12,172.6,,F,Dollars,6,Electronic Card Transactions (ANZSIC06) - ECT,Private - Values - Electronic card transactions  A/S/T by industry,Actual,Specialised food,,,
386,ECTM.S1AG1221,2013.01,138,,F,Dollars,6,Electronic Card Transactions (ANZSIC06) - ECT,Private - Values - Electronic card transactions  A/S/T by industry,Actual,Specialised food,,,
387,ECTM.S1AG1221,2013.02,130.9,,F,Dollars,6,Electronic Card Transactions (ANZSIC06) - ECT,Private - Values - Electronic card transactions  A/S/T by industry,Actual,Specialised food,,,
388,ECTM.S1AG1221,2013.03,144.1,,F,Dollars,6,Electronic Card Transactions (ANZSIC06) - ECT,Private - Values - Electronic card transactions  A/S/T by industry,Actual,Specialised food,,,
389,ECTM.S1AG1221,2013.04,133.8,,F,Dollars,6,Electronic Card Transactions (ANZSIC06) - ECT,Private - Values - Electronic card transactions  A/S/T by industry,Actual,Specialised food,,,
390,ECTM.S1AG1221,2013.05,140.9,,F,Dollars,6,Electronic Card Transactions (ANZSIC06) - ECT,Private - Values - Electronic card transactions  A/S/T by industry,Actual,Specialised food,,,
391,ECTM.S1AG1221,2013.06,134.4,,F,Dollars,6,Electronic Card Transactions (ANZSIC06) - ECT,Private - Values - Electronic card transactions  A/S/T by industry,Actual,Specialised food,,,
392,ECTM.S1AG1221,2013.07,140.3,,F,Dollars,6,Electronic Card Transactions (ANZSIC06) - ECT,Private - Values - Electronic card transactions  A/S/T by industry,Actual,Specialised food,,,
393,ECTM.S1AG1221,2013.08,145.5,,F,Dollars,6,Electronic Card Transactions (ANZSIC06) - ECT,Private - Values - Electronic card transactions  A/S/T by industry,Actual,Specialised food,,,
394,ECTM.S1AG1221,2013.09,138.9,,F,Dollars,6,Electronic Card Transactions (ANZSIC06) - ECT,Private - Values - Electronic card transactions  A/S/T by industry,Actual,Specialised food,,,
395,ECTM.S1AG1221,2013.1,150.4,,F,Dollars,6,Electronic Card Transactions (ANZSIC06) - ECT,Private - Values - Electronic card transactions  A/S/T by industry,Actual,Specialised food,,,
396,ECTM.S1AG1221,2013.11,155.6,,F,Dollars,6,Electronic Card Transactions (ANZSIC06) - ECT,Private - Values - Electronic card transactions  A/S/T by industry,Actual,Specialised food,,,
397,ECTM.S1AG1221,2013.12,187.1,,F,Dollars,6,Electronic Card Transactions (ANZSIC06) - ECT,Private - Values - Electronic card transactions  A/S/T by industry,Actual,Specialised food,,,
398,ECTM.S1AG1221,2014.01,149.5,,F,Dollars,6,Electronic Card Transactions (ANZSIC06) - ECT,Private - Values - Electronic card transactions  A/S/T by industry,Actual,Specialised food,,,
399,ECTM.S1AG1221,2014.02,140.9,,F,Dollars,6,Electronic Card Transactions (ANZSIC06) - ECT,Private - Values - Electronic card transactions  A/S/T by industry,Actual,Specialised food,,,
400,ECTM.S1AG1221,2014.03,156.3,,F,Dollars,6,Electronic Card Transactions (ANZSIC06) - ECT,Private - Values - Electronic card transactions  A/S/T by industry,Actual,Specialised food,,,
401,ECTM.S1AG1221,2014.04,149.7,,F,Dollars,6,Electronic Card Transactions (ANZSIC06) - ECT,Private - Values - Electronic card transactions  A/S/T by industry,Actual,Specialised food,,,
402,ECTM.S1AG1221,2014.05,159.9,,F,Dollars,6,Electronic Card Transactions (ANZSIC06) - ECT,Private - Values - Electronic card transactions  A/S/T by industry,Actual,Specialised food,,,
403,ECTM.S1AG1221,2014.06,148.3,,F,Dollars,6,Electronic Card Transactions (ANZSIC06) - ECT,Private - Values - Electronic card transactions  A/S/T by industry,Actual,Specialised food,,,
404,ECTM.S1AG1221,2014.07,155.5,,F,Dollars,6,Electronic Card Transactions (ANZSIC06) - ECT,Private - Values - Electronic card transactions  A/S/T by industry,Actual,Specialised food,,,
405,ECTM.S1AG1221,2014.08,160.5,,F,Dollars,6,Electronic Card Transactions (ANZSIC06) - ECT,Private - Values - Electronic card transactions  A/S/T by industry,Actual,Specialised food,,,
406,ECTM.S1AG1221,2014.09,155.1,,F,Dollars,6,Electronic Card Transactions (ANZSIC06) - ECT,Private - Values - Electronic card transactions  A/S/T by industry,Actual,Specialised food,,,
407,ECTM.S1AG1221,2014.1,167.4,,F,Dollars,6,Electronic Card Transactions (ANZSIC06) - ECT,Private - Values - Electronic card transactions  A/S/T by industry,Actual,Specialised food,,,
408,ECTM.S1AG1221,2014.11,168.5,,F,Dollars,6,Electronic Card Transactions (ANZSIC06) - ECT,Private - Values - Electronic card transactions  A/S/T by industry,Actual,Specialised food,,,
409,ECTM.S1AG1221,2014.12,205.6,,F,Dollars,6,Electronic Card Transactions (ANZSIC06) - ECT,Private - Values - Electronic card transactions  A/S/T by industry,Actual,Specialised food,,,
410,ECTM.S1AG1221,2015.01,167.1,,F,Dollars,6,Electronic Card Transactions (ANZSIC06) - ECT,Private - Values - Electronic card transactions  A/S/T by industry,Actual,Specialised food,,,
411,ECTM.S1AG1221,2015.02,155.7,,F,Dollars,6,Electronic Card Transactions (ANZSIC06) - ECT,Private - Values - Electronic card transactions  A/S/T by industry,Actual,Specialised food,,,
412,ECTM.S1AG1221,2015.03,171,,F,Dollars,6,Electronic Card Transactions (ANZSIC06) - ECT,Private - Values - Electronic card transactions  A/S/T by industry,Actual,Specialised food,,,
413,ECTM.S1AG1221,2015.04,159.5,,F,Dollars,6,Electronic Card Transactions (ANZSIC06) - ECT,Private - Values - Electronic card transactions  A/S/T by industry,Actual,Specialised food,,,
414,ECTM.S1AG1221,2015.05,167.9,,F,Dollars,6,Electronic Card Transactions (ANZSIC06) - ECT,Private - Values - Electronic card transactions  A/S/T by industry,Actual,Specialised food,,,
415,ECTM.S1AG1221,2015.06,159.6,,F,Dollars,6,Electronic Card Transactions (ANZSIC06) - ECT,Private - Values - Electronic card transactions  A/S/T by industry,Actual,Specialised food,,,
416,ECTM.S1AG1221,2015.07,167,,F,Dollars,6,Electronic Card Transactions (ANZSIC06) - ECT,Private - Values - Electronic card transactions  A/S/T by industry,Actual,Specialised food,,,
417,ECTM.S1AG1221,2015.08,167.7,,F,Dollars,6,Electronic Card Transactions (ANZSIC06) - ECT,Private - Values - Electronic card transactions  A/S/T by industry,Actual,Specialised food,,,
418,ECTM.S1AG1221,2015.09,165.9,,F,Dollars,6,Electronic Card Transactions (ANZSIC06) - ECT,Private - Values - Electronic card transactions  A/S/T by industry,Actual,Specialised food,,,
419,ECTM.S1AG1221,2015.1,177,,F,Dollars,6,Electronic Card Transactions (ANZSIC06) - ECT,Private - Values - Electronic card transactions  A/S/T by industry,Actual,Specialised food,,,
420,ECTM.S1AG1221,2015.11,176.2,,F,Dollars,6,Electronic Card Transactions (ANZSIC06) - ECT,Private - Values - Electronic card transactions  A/S/T by industry,Actual,Specialised food,,,
421,ECTM.S1AG1221,2015.12,216.8,,F,Dollars,6,Electronic Card Transactions (ANZSIC06) - ECT,Private - Values - Electronic card transactions  A/S/T by industry,Actual,Specialised food,,,
422,ECTM.S1AG1221,2016.01,170.2,,F,Dollars,6,Electronic Card Transactions (ANZSIC06) - ECT,Private - Values - Electronic card transactions  A/S/T by industry,Actual,Specialised food,,,
423,ECTM.S1AG1221,2016.02,166.6,,F,Dollars,6,Electronic Card Transactions (ANZSIC06) - ECT,Private - Values - Electronic card transactions  A/S/T by industry,Actual,Specialised food,,,
424,ECTM.S1AG1221,2016.03,178.5,,F,Dollars,6,Electronic Card Transactions (ANZSIC06) - ECT,Private - Values - Electronic card transactions  A/S/T by industry,Actual,Specialised food,,,
425,ECTM.S1AG1221,2016.04,173.5,,F,Dollars,6,Electronic Card Transactions (ANZSIC06) - ECT,Private - Values - Electronic card transactions  A/S/T by industry,Actual,Specialised food,,,
426,ECTM.S1AG1221,2016.05,171.1,,F,Dollars,6,Electronic Card Transactions (ANZSIC06) - ECT,Private - Values - Electronic card transactions  A/S/T by industry,Actual,Specialised food,,,
427,ECTM.S1AG1221,2016.06,166.8,,F,Dollars,6,Electronic Card Transactions (ANZSIC06) - ECT,Private - Values - Electronic card transactions  A/S/T by industry,Actual,Specialised food,,,
428,ECTM.S1AG1221,2016.07,172.7,,F,Dollars,6,Electronic Card Transactions (ANZSIC06) - ECT,Private - Values - Electronic card transactions  A/S/T by industry,Actual,Specialised food,,,
429,ECTM.S1AG1221,2016.08,170.3,,F,Dollars,6,Electronic Card Transactions (ANZSIC06) - ECT,Private - Values - Electronic card transactions  A/S/T by industry,Actual,Specialised food,,,
430,ECTM.S1AG1221,2016.09,170.9,,F,Dollars,6,Electronic Card Transactions (ANZSIC06) - ECT,Private - Values - Electronic card transactions  A/S/T by industry,Actual,Specialised food,,,
431,ECTM.S1AG1221,2016.1,177.3,,F,Dollars,6,Electronic Card Transactions (ANZSIC06) - ECT,Private - Values - Electronic card transactions  A/S/T by industry,Actual,Specialised food,,,
432,ECTM.S1AG1221,2016.11,179.5,,F,Dollars,6,Electronic Card Transactions (ANZSIC06) - ECT,Private - Values - Electronic card transactions  A/S/T by industry,Actual,Specialised food,,,
433,ECTM.S1AG1221,2016.12,222.9,,F,Dollars,6,Electronic Card Transactions (ANZSIC06) - ECT,Private - Values - Electronic card transactions  A/S/T by industry,Actual,Specialised food,,,
434,ECTM.S1AG1221,2017.01,176.3,,F,Dollars,6,Electronic Card Transactions (ANZSIC06) - ECT,Private - Values - Electronic card transactions  A/S/T by industry,Actual,Specialised food,,,
435,ECTM.S1AG1221,2017.02,170.8,,F,Dollars,6,Electronic Card Transactions (ANZSIC06) - ECT,Private - Values - Electronic card transactions  A/S/T by industry,Actual,Specialised food,,,
436,ECTM.S1AG1221,2017.03,190.9,,F,Dollars,6,Electronic Card Transactions (ANZSIC06) - ECT,Private - Values - Electronic card transactions  A/S/T by industry,Actual,Specialised food,,,
437,ECTM.S1AG1221,2017.04,179.8,,F,Dollars,6,Electronic Card Transactions (ANZSIC06) - ECT,Private - Values - Electronic card transactions  A/S/T by industry,Actual,Specialised food,,,
438,ECTM.S1AG1221,2017.05,187.5,,F,Dollars,6,Electronic Card Transactions (ANZSIC06) - ECT,Private - Values - Electronic card transactions  A/S/T by industry,Actual,Specialised food,,,
439,ECTM.S1AG1221,2017.06,184,,F,Dollars,6,Electronic Card Transactions (ANZSIC06) - ECT,Private - Values - Electronic card transactions  A/S/T by industry,Actual,Specialised food,,,
440,ECTM.S1AG1221,2017.07,184.5,,F,Dollars,6,Electronic Card Transactions (ANZSIC06) - ECT,Private - Values - Electronic card transactions  A/S/T by industry,Actual,Specialised food,,,
441,ECTM.S1AG1221,2017.08,188.5,,F,Dollars,6,Electronic Card Transactions (ANZSIC06) - ECT,Private - Values - Electronic card transactions  A/S/T by industry,Actual,Specialised food,,,
442,ECTM.S1AG1221,2017.09,188.1,,F,Dollars,6,Electronic Card Transactions (ANZSIC06) - ECT,Private - Values - Electronic card transactions  A/S/T by industry,Actual,Specialised food,,,
443,ECTM.S1AG1221,2017.1,194.1,,F,Dollars,6,Electronic Card Transactions (ANZSIC06) - ECT,Private - Values - Electronic card transactions  A/S/T by industry,Actual,Specialised food,,,
444,ECTM.S1AG1221,2017.11,201.4,,F,Dollars,6,Electronic Card Transactions (ANZSIC06) - ECT,Private - Values - Electronic card transactions  A/S/T by industry,Actual,Specialised food,,,
445,ECTM.S1AG1221,2017.12,241.6,,F,Dollars,6,Electronic Card Transactions (ANZSIC06) - ECT,Private - Values - Electronic card transactions  A/S/T by industry,Actual,Specialised food,,,
446,ECTM.S1AG1221,2018.01,185.7,,F,Dollars,6,Electronic Card Transactions (ANZSIC06) - ECT,Private - Values - Electronic card transactions  A/S/T by industry,Actual,Specialised food,,,
447,ECTM.S1AG1221,2018.02,179.6,,F,Dollars,6,Electronic Card Transactions (ANZSIC06) - ECT,Private - Values - Electronic card transactions  A/S/T by industry,Actual,Specialised food,,,
448,ECTM.S1AG1221,2018.03,209.9,,F,Dollars,6,Electronic Card Transactions (ANZSIC06) - ECT,Private - Values - Electronic card transactions  A/S/T by industry,Actual,Specialised food,,,
449,ECTM.S1AG1221,2018.04,186.9,,F,Dollars,6,Electronic Card Transactions (ANZSIC06) - ECT,Private - Values - Electronic card transactions  A/S/T by industry,Actual,Specialised food,,,
450,ECTM.S1AG1221,2018.05,198.8,,F,Dollars,6,Electronic Card Transactions (ANZSIC06) - ECT,Private - Values - Electronic card transactions  A/S/T by industry,Actual,Specialised food,,,
451,ECTM.S1AG1221,2018.06,193.2,,F,Dollars,6,Electronic Card Transactions (ANZSIC06) - ECT,Private - Values - Electronic card transactions  A/S/T by industry,Actual,Specialised food,,,
452,ECTM.S1AG1221,2018.07,194.1,,F,Dollars,6,Electronic Card Transactions (ANZSIC06) - ECT,Private - Values - Electronic card transactions  A/S/T by industry,Actual,Specialised food,,,
453,ECTM.S1AG1221,2018.08,203.3,,F,Dollars,6,Electronic Card Transactions (ANZSIC06) - ECT,Private - Values - Electronic card transactions  A/S/T by industry,Actual,Specialised food,,,
454,ECTM.S1AG1221,2018.09,198.9,,F,Dollars,6,Electronic Card Transactions (ANZSIC06) - ECT,Private - Values - Electronic card transactions  A/S/T by industry,Actual,Specialised food,,,
455,ECTM.S1AG1221,2018.1,206.8,,F,Dollars,6,Electronic Card Transactions (ANZSIC06) - ECT,Private - Values - Electronic card transactions  A/S/T by industry,Actual,Specialised food,,,
456,ECTM.S1AG1221,2018.11,212.6,,F,Dollars,6,Electronic Card Transactions (ANZSIC06) - ECT,Private - Values - Electronic card transactions  A/S/T by industry,Actual,Specialised food,,,
457,ECTM.S1AG1221,2018.12,245.6,,F,Dollars,6,Electronic Card Transactions (ANZSIC06) - ECT,Private - Values - Electronic card transactions  A/S/T by industry,Actual,Specialised food,,,
458,ECTM.S1AG1221,2019.01,195.5,,F,Dollars,6,Electronic Card Transactions (ANZSIC06) - ECT,Private - Values - Electronic card transactions  A/S/T by industry,Actual,Specialised food,,,
459,ECTM.S1AG1221,2019.02,187.9,,F,Dollars,6,Electronic Card Transactions (ANZSIC06) - ECT,Private - Values - Electronic card transactions  A/S/T by industry,Actual,Specialised food,,,
460,ECTM.S1AG1221,2019.03,209.2,,F,Dollars,6,Electronic Card Transactions (ANZSIC06) - ECT,Private - Values - Electronic card transactions  A/S/T by industry,Actual,Specialised food,,,
461,ECTM.S1AG1221,2019.04,193.2,,F,Dollars,6,Electronic Card Transactions (ANZSIC06) - ECT,Private - Values - Electronic card transactions  A/S/T by industry,Actual,Specialised food,,,
462,ECTM.S1AG1221,2019.05,202.9,,F,Dollars,6,Electronic Card Transactions (ANZSIC06) - ECT,Private - Values - Electronic card transactions  A/S/T by industry,Actual,Specialised food,,,
463,ECTM.S1AG1221,2019.06,189.4,,F,Dollars,6,Electronic Card Transactions (ANZSIC06) - ECT,Private - Values - Electronic card transactions  A/S/T by industry,Actual,Specialised food,,,
464,ECTM.S1AG1221,2019.07,195.2,,F,Dollars,6,Electronic Card Transactions (ANZSIC06) - ECT,Private - Values - Electronic card transactions  A/S/T by industry,Actual,Specialised food,,,
465,ECTM.S1AG1221,2019.08,203.9,,F,Dollars,6,Electronic Card Transactions (ANZSIC06) - ECT,Private - Values - Electronic card transactions  A/S/T by industry,Actual,Specialised food,,,
466,ECTM.S1AG1221,2019.09,196,,F,Dollars,6,Electronic Card Transactions (ANZSIC06) - ECT,Private - Values - Electronic card transactions  A/S/T by industry,Actual,Specialised food,,,
467,ECTM.S1AG1221,2019.1,207.8,,F,Dollars,6,Electronic Card Transactions (ANZSIC06) - ECT,Private - Values - Electronic card transactions  A/S/T by industry,Actual,Specialised food,,,
468,ECTM.S1AG1221,2019.11,214.9,,F,Dollars,6,Electronic Card Transactions (ANZSIC06) - ECT,Private - Values - Electronic card transactions  A/S/T by industry,Actual,Specialised food,,,
469,ECTM.S1AG1221,2019.12,248,,F,Dollars,6,Electronic Card Transactions (ANZSIC06) - ECT,Private - Values - Electronic card transactions  A/S/T by industry,Actual,Specialised food,,,
470,ECTM.S1AG1221,2020.01,200.3,,F,Dollars,6,Electronic Card Transactions (ANZSIC06) - ECT,Private - Values - Electronic card transactions  A/S/T by industry,Actual,Specialised food,,,
471,ECTM.S1AG1221,2020.02,202.9,,F,Dollars,6,Electronic Card Transactions (ANZSIC06) - ECT,Private - Values - Electronic card transactions  A/S/T by industry,Actual,Specialised food,,,
472,ECTM.S1AG1221,2020.03,213.6,,F,Dollars,6,Electronic Card Transactions (ANZSIC06) - ECT,Private - Values - Electronic card transactions  A/S/T by industry,Actual,Specialised food,,,
473,ECTM.S1AG1221,2020.04,68.8,,F,Dollars,6,Electronic Card Transactions (ANZSIC06) - ECT,Private - Values - Electronic card transactions  A/S/T by industry,Actual,Specialised food,,,
474,ECTM.S1SG1221,2007.03,95.7,,R,Dollars,6,Electronic Card Transactions (ANZSIC06) - ECT,Private - Values - Electronic card transactions  A/S/T by industry,Seasonally adjusted,Specialised food,,,
475,ECTM.S1SG1221,2007.04,95.5,,R,Dollars,6,Electronic Card Transactions (ANZSIC06) - ECT,Private - Values - Electronic card transactions  A/S/T by industry,Seasonally adjusted,Specialised food,,,
476,ECTM.S1SG1221,2007.05,97.1,,R,Dollars,6,Electronic Card Transactions (ANZSIC06) - ECT,Private - Values - Electronic card transactions  A/S/T by industry,Seasonally adjusted,Specialised food,,,
477,ECTM.S1SG1221,2007.06,96.5,,R,Dollars,6,Electronic Card Transactions (ANZSIC06) - ECT,Private - Values - Electronic card transactions  A/S/T by industry,Seasonally adjusted,Specialised food,,,
478,ECTM.S1SG1221,2007.07,93.9,,R,Dollars,6,Electronic Card Transactions (ANZSIC06) - ECT,Private - Values - Electronic card transactions  A/S/T by industry,Seasonally adjusted,Specialised food,,,
479,ECTM.S1SG1221,2007.08,99.3,,R,Dollars,6,Electronic Card Transactions (ANZSIC06) - ECT,Private - Values - Electronic card transactions  A/S/T by industry,Seasonally adjusted,Specialised food,,,
480,ECTM.S1SG1221,2007.09,99.2,,R,Dollars,6,Electronic Card Transactions (ANZSIC06) - ECT,Private - Values - Electronic card transactions  A/S/T by industry,Seasonally adjusted,Specialised food,,,
481,ECTM.S1SG1221,2007.1,97.4,,R,Dollars,6,Electronic Card Transactions (ANZSIC06) - ECT,Private - Values - Electronic card transactions  A/S/T by industry,Seasonally adjusted,Specialised food,,,
482,ECTM.S1SG1221,2007.11,101,,R,Dollars,6,Electronic Card Transactions (ANZSIC06) - ECT,Private - Values - Electronic card transactions  A/S/T by industry,Seasonally adjusted,Specialised food,,,
483,ECTM.S1SG1221,2007.12,100.5,,R,Dollars,6,Electronic Card Transactions (ANZSIC06) - ECT,Private - Values - Electronic card transactions  A/S/T by industry,Seasonally adjusted,Specialised food,,,
484,ECTM.S1SG1221,2008.01,101.8,,R,Dollars,6,Electronic Card Transactions (ANZSIC06) - ECT,Private - Values - Electronic card transactions  A/S/T by industry,Seasonally adjusted,Specialised food,,,
485,ECTM.S1SG1221,2008.02,103.3,,R,Dollars,6,Electronic Card Transactions (ANZSIC06) - ECT,Private - Values - Electronic card transactions  A/S/T by industry,Seasonally adjusted,Specialised food,,,
486,ECTM.S1SG1221,2008.03,104.1,,R,Dollars,6,Electronic Card Transactions (ANZSIC06) - ECT,Private - Values - Electronic card transactions  A/S/T by industry,Seasonally adjusted,Specialised food,,,
487,ECTM.S1SG1221,2008.04,105.1,,R,Dollars,6,Electronic Card Transactions (ANZSIC06) - ECT,Private - Values - Electronic card transactions  A/S/T by industry,Seasonally adjusted,Specialised food,,,
488,ECTM.S1SG1221,2008.05,106.4,,R,Dollars,6,Electronic Card Transactions (ANZSIC06) - ECT,Private - Values - Electronic card transactions  A/S/T by industry,Seasonally adjusted,Specialised food,,,
489,ECTM.S1SG1221,2008.06,105.3,,R,Dollars,6,Electronic Card Transactions (ANZSIC06) - ECT,Private - Values - Electronic card transactions  A/S/T by industry,Seasonally adjusted,Specialised food,,,
490,ECTM.S1SG1221,2008.07,105.4,,R,Dollars,6,Electronic Card Transactions (ANZSIC06) - ECT,Private - Values - Electronic card transactions  A/S/T by industry,Seasonally adjusted,Specialised food,,,
491,ECTM.S1SG1221,2008.08,108.3,,R,Dollars,6,Electronic Card Transactions (ANZSIC06) - ECT,Private - Values - Electronic card transactions  A/S/T by industry,Seasonally adjusted,Specialised food,,,
492,ECTM.S1SG1221,2008.09,107.6,,R,Dollars,6,Electronic Card Transactions (ANZSIC06) - ECT,Private - Values - Electronic card transactions  A/S/T by industry,Seasonally adjusted,Specialised food,,,
493,ECTM.S1SG1221,2008.1,113.9,,R,Dollars,6,Electronic Card Transactions (ANZSIC06) - ECT,Private - Values - Electronic card transactions  A/S/T by industry,Seasonally adjusted,Specialised food,,,
494,ECTM.S1SG1221,2008.11,116,,R,Dollars,6,Electronic Card Transactions (ANZSIC06) - ECT,Private - Values - Electronic card transactions  A/S/T by industry,Seasonally adjusted,Specialised food,,,
495,ECTM.S1SG1221,2008.12,112.9,,R,Dollars,6,Electronic Card Transactions (ANZSIC06) - ECT,Private - Values - Electronic card transactions  A/S/T by industry,Seasonally adjusted,Specialised food,,,
496,ECTM.S1SG1221,2009.01,116.3,,R,Dollars,6,Electronic Card Transactions (ANZSIC06) - ECT,Private - Values - Electronic card transactions  A/S/T by industry,Seasonally adjusted,Specialised food,,,
497,ECTM.S1SG1221,2009.02,115.1,,R,Dollars,6,Electronic Card Transactions (ANZSIC06) - ECT,Private - Values - Electronic card transactions  A/S/T by industry,Seasonally adjusted,Specialised food,,,
498,ECTM.S1SG1221,2009.03,115.2,,R,Dollars,6,Electronic Card Transactions (ANZSIC06) - ECT,Private - Values - Electronic card transactions  A/S/T by industry,Seasonally adjusted,Specialised food,,,
499,ECTM.S1SG1221,2009.04,123.4,,R,Dollars,6,Electronic Card Transactions (ANZSIC06) - ECT,Private - Values - Electronic card transactions  A/S/T by industry,Seasonally adjusted,Specialised food,,,
500,ECTM.S1SG1221,2009.05,118.2,,R,Dollars,6,Electronic Card Transactions (ANZSIC06) - ECT,Private - Values - Electronic card transactions  A/S/T by industry,Seasonally adjusted,Specialised food,,,
501,ECTM.S1SG1221,2009.06,115.3,,R,Dollars,6,Electronic Card Transactions (ANZSIC06) - ECT,Private - Values - Electronic card transactions  A/S/T by industry,Seasonally adjusted,Specialised food,,,
502,ECTM.S1SG1221,2009.07,122.8,,R,Dollars,6,Electronic Card Transactions (ANZSIC06) - ECT,Private - Values - Electronic card transactions  A/S/T by industry,Seasonally adjusted,Specialised food,,,
503,ECTM.S1SG1221,2009.08,121.8,,R,Dollars,6,Electronic Card Transactions (ANZSIC06) - ECT,Private - Values - Electronic card transactions  A/S/T by industry,Seasonally adjusted,Specialised food,,,
504,ECTM.S1SG1221,2009.09,121.2,,R,Dollars,6,Electronic Card Transactions (ANZSIC06) - ECT,Private - Values - Electronic card transactions  A/S/T by industry,Seasonally adjusted,Specialised food,,,
505,ECTM.S1SG1221,2009.1,120.5,,R,Dollars,6,Electronic Card Transactions (ANZSIC06) - ECT,Private - Values - Electronic card transactions  A/S/T by industry,Seasonally adjusted,Specialised food,,,
506,ECTM.S1SG1221,2009.11,119.2,,R,Dollars,6,Electronic Card Transactions (ANZSIC06) - ECT,Private - Values - Electronic card transactions  A/S/T by industry,Seasonally adjusted,Specialised food,,,
507,ECTM.S1SG1221,2009.12,121.8,,R,Dollars,6,Electronic Card Transactions (ANZSIC06) - ECT,Private - Values - Electronic card transactions  A/S/T by industry,Seasonally adjusted,Specialised food,,,
508,ECTM.S1SG1221,2010.01,121.9,,R,Dollars,6,Electronic Card Transactions (ANZSIC06) - ECT,Private - Values - Electronic card transactions  A/S/T by industry,Seasonally adjusted,Specialised food,,,
509,ECTM.S1SG1221,2010.02,121.9,,R,Dollars,6,Electronic Card Transactions (ANZSIC06) - ECT,Private - Values - Electronic card transactions  A/S/T by industry,Seasonally adjusted,Specialised food,,,
510,ECTM.S1SG1221,2010.03,122.4,,R,Dollars,6,Electronic Card Transactions (ANZSIC06) - ECT,Private - Values - Electronic card transactions  A/S/T by industry,Seasonally adjusted,Specialised food,,,
511,ECTM.S1SG1221,2010.04,122.5,,R,Dollars,6,Electronic Card Transactions (ANZSIC06) - ECT,Private - Values - Electronic card transactions  A/S/T by industry,Seasonally adjusted,Specialised food,,,
512,ECTM.S1SG1221,2010.05,120,,R,Dollars,6,Electronic Card Transactions (ANZSIC06) - ECT,Private - Values - Electronic card transactions  A/S/T by industry,Seasonally adjusted,Specialised food,,,
513,ECTM.S1SG1221,2010.06,121.5,,R,Dollars,6,Electronic Card Transactions (ANZSIC06) - ECT,Private - Values - Electronic card transactions  A/S/T by industry,Seasonally adjusted,Specialised food,,,
514,ECTM.S1SG1221,2010.07,124,,R,Dollars,6,Electronic Card Transactions (ANZSIC06) - ECT,Private - Values - Electronic card transactions  A/S/T by industry,Seasonally adjusted,Specialised food,,,
515,ECTM.S1SG1221,2010.08,121,,R,Dollars,6,Electronic Card Transactions (ANZSIC06) - ECT,Private - Values - Electronic card transactions  A/S/T by industry,Seasonally adjusted,Specialised food,,,
516,ECTM.S1SG1221,2010.09,127,,R,Dollars,6,Electronic Card Transactions (ANZSIC06) - ECT,Private - Values - Electronic card transactions  A/S/T by industry,Seasonally adjusted,Specialised food,,,
517,ECTM.S1SG1221,2010.1,127.9,,R,Dollars,6,Electronic Card Transactions (ANZSIC06) - ECT,Private - Values - Electronic card transactions  A/S/T by industry,Seasonally adjusted,Specialised food,,,
518,ECTM.S1SG1221,2010.11,125.3,,R,Dollars,6,Electronic Card Transactions (ANZSIC06) - ECT,Private - Values - Electronic card transactions  A/S/T by industry,Seasonally adjusted,Specialised food,,,
519,ECTM.S1SG1221,2010.12,131.4,,R,Dollars,6,Electronic Card Transactions (ANZSIC06) - ECT,Private - Values - Electronic card transactions  A/S/T by industry,Seasonally adjusted,Specialised food,,,
520,ECTM.S1SG1221,2011.01,128.1,,R,Dollars,6,Electronic Card Transactions (ANZSIC06) - ECT,Private - Values - Electronic card transactions  A/S/T by industry,Seasonally adjusted,Specialised food,,,
521,ECTM.S1SG1221,2011.02,128.7,,R,Dollars,6,Electronic Card Transactions (ANZSIC06) - ECT,Private - Values - Electronic card transactions  A/S/T by industry,Seasonally adjusted,Specialised food,,,
522,ECTM.S1SG1221,2011.03,131,,R,Dollars,6,Electronic Card Transactions (ANZSIC06) - ECT,Private - Values - Electronic card transactions  A/S/T by industry,Seasonally adjusted,Specialised food,,,
523,ECTM.S1SG1221,2011.04,130.3,,R,Dollars,6,Electronic Card Transactions (ANZSIC06) - ECT,Private - Values - Electronic card transactions  A/S/T by industry,Seasonally adjusted,Specialised food,,,
524,ECTM.S1SG1221,2011.05,127.4,,R,Dollars,6,Electronic Card Transactions (ANZSIC06) - ECT,Private - Values - Electronic card transactions  A/S/T by industry,Seasonally adjusted,Specialised food,,,
525,ECTM.S1SG1221,2011.06,136.3,,R,Dollars,6,Electronic Card Transactions (ANZSIC06) - ECT,Private - Values - Electronic card transactions  A/S/T by industry,Seasonally adjusted,Specialised food,,,
526,ECTM.S1SG1221,2011.07,133.8,,R,Dollars,6,Electronic Card Transactions (ANZSIC06) - ECT,Private - Values - Electronic card transactions  A/S/T by industry,Seasonally adjusted,Specialised food,,,
527,ECTM.S1SG1221,2011.08,133.5,,R,Dollars,6,Electronic Card Transactions (ANZSIC06) - ECT,Private - Values - Electronic card transactions  A/S/T by industry,Seasonally adjusted,Specialised food,,,
528,ECTM.S1SG1221,2011.09,135.1,,R,Dollars,6,Electronic Card Transactions (ANZSIC06) - ECT,Private - Values - Electronic card transactions  A/S/T by industry,Seasonally adjusted,Specialised food,,,
529,ECTM.S1SG1221,2011.1,133.2,,R,Dollars,6,Electronic Card Transactions (ANZSIC06) - ECT,Private - Values - Electronic card transactions  A/S/T by industry,Seasonally adjusted,Specialised food,,,
530,ECTM.S1SG1221,2011.11,133.7,,R,Dollars,6,Electronic Card Transactions (ANZSIC06) - ECT,Private - Values - Electronic card transactions  A/S/T by industry,Seasonally adjusted,Specialised food,,,
531,ECTM.S1SG1221,2011.12,133.2,,R,Dollars,6,Electronic Card Transactions (ANZSIC06) - ECT,Private - Values - Electronic card transactions  A/S/T by industry,Seasonally adjusted,Specialised food,,,
532,ECTM.S1SG1221,2012.01,132.1,,R,Dollars,6,Electronic Card Transactions (ANZSIC06) - ECT,Private - Values - Electronic card transactions  A/S/T by industry,Seasonally adjusted,Specialised food,,,
533,ECTM.S1SG1221,2012.02,136.5,,R,Dollars,6,Electronic Card Transactions (ANZSIC06) - ECT,Private - Values - Electronic card transactions  A/S/T by industry,Seasonally adjusted,Specialised food,,,
534,ECTM.S1SG1221,2012.03,135.5,,R,Dollars,6,Electronic Card Transactions (ANZSIC06) - ECT,Private - Values - Electronic card transactions  A/S/T by industry,Seasonally adjusted,Specialised food,,,
535,ECTM.S1SG1221,2012.04,135.1,,R,Dollars,6,Electronic Card Transactions (ANZSIC06) - ECT,Private - Values - Electronic card transactions  A/S/T by industry,Seasonally adjusted,Specialised food,,,
536,ECTM.S1SG1221,2012.05,138.3,,R,Dollars,6,Electronic Card Transactions (ANZSIC06) - ECT,Private - Values - Electronic card transactions  A/S/T by industry,Seasonally adjusted,Specialised food,,,
537,ECTM.S1SG1221,2012.06,136.1,,R,Dollars,6,Electronic Card Transactions (ANZSIC06) - ECT,Private - Values - Electronic card transactions  A/S/T by industry,Seasonally adjusted,Specialised food,,,
538,ECTM.S1SG1221,2012.07,135.2,,R,Dollars,6,Electronic Card Transactions (ANZSIC06) - ECT,Private - Values - Electronic card transactions  A/S/T by industry,Seasonally adjusted,Specialised food,,,
539,ECTM.S1SG1221,2012.08,141.7,,R,Dollars,6,Electronic Card Transactions (ANZSIC06) - ECT,Private - Values - Electronic card transactions  A/S/T by industry,Seasonally adjusted,Specialised food,,,
540,ECTM.S1SG1221,2012.09,139.1,,R,Dollars,6,Electronic Card Transactions (ANZSIC06) - ECT,Private - Values - Electronic card transactions  A/S/T by industry,Seasonally adjusted,Specialised food,,,
541,ECTM.S1SG1221,2012.1,136.6,,R,Dollars,6,Electronic Card Transactions (ANZSIC06) - ECT,Private - Values - Electronic card transactions  A/S/T by industry,Seasonally adjusted,Specialised food,,,
542,ECTM.S1SG1221,2012.11,141.1,,R,Dollars,6,Electronic Card Transactions (ANZSIC06) - ECT,Private - Values - Electronic card transactions  A/S/T by industry,Seasonally adjusted,Specialised food,,,
543,ECTM.S1SG1221,2012.12,139.9,,R,Dollars,6,Electronic Card Transactions (ANZSIC06) - ECT,Private - Values - Electronic card transactions  A/S/T by industry,Seasonally adjusted,Specialised food,,,
544,ECTM.S1SG1221,2013.01,142.2,,R,Dollars,6,Electronic Card Transactions (ANZSIC06) - ECT,Private - Values - Electronic card transactions  A/S/T by industry,Seasonally adjusted,Specialised food,,,
545,ECTM.S1SG1221,2013.02,142.4,,R,Dollars,6,Electronic Card Transactions (ANZSIC06) - ECT,Private - Values - Electronic card transactions  A/S/T by industry,Seasonally adjusted,Specialised food,,,
546,ECTM.S1SG1221,2013.03,142.7,,R,Dollars,6,Electronic Card Transactions (ANZSIC06) - ECT,Private - Values - Electronic card transactions  A/S/T by industry,Seasonally adjusted,Specialised food,,,
547,ECTM.S1SG1221,2013.04,136.8,,R,Dollars,6,Electronic Card Transactions (ANZSIC06) - ECT,Private - Values - Electronic card transactions  A/S/T by industry,Seasonally adjusted,Specialised food,,,
548,ECTM.S1SG1221,2013.05,144.7,,R,Dollars,6,Electronic Card Transactions (ANZSIC06) - ECT,Private - Values - Electronic card transactions  A/S/T by industry,Seasonally adjusted,Specialised food,,,
549,ECTM.S1SG1221,2013.06,144.7,,R,Dollars,6,Electronic Card Transactions (ANZSIC06) - ECT,Private - Values - Electronic card transactions  A/S/T by industry,Seasonally adjusted,Specialised food,,,
550,ECTM.S1SG1221,2013.07,143.6,,R,Dollars,6,Electronic Card Transactions (ANZSIC06) - ECT,Private - Values - Electronic card transactions  A/S/T by industry,Seasonally adjusted,Specialised food,,,
551,ECTM.S1SG1221,2013.08,145.8,,R,Dollars,6,Electronic Card Transactions (ANZSIC06) - ECT,Private - Values - Electronic card transactions  A/S/T by industry,Seasonally adjusted,Specialised food,,,
552,ECTM.S1SG1221,2013.09,144.8,,R,Dollars,6,Electronic Card Transactions (ANZSIC06) - ECT,Private - Values - Electronic card transactions  A/S/T by industry,Seasonally adjusted,Specialised food,,,
553,ECTM.S1SG1221,2013.1,149.3,,R,Dollars,6,Electronic Card Transactions (ANZSIC06) - ECT,Private - Values - Electronic card transactions  A/S/T by industry,Seasonally adjusted,Specialised food,,,
554,ECTM.S1SG1221,2013.11,149.5,,R,Dollars,6,Electronic Card Transactions (ANZSIC06) - ECT,Private - Values - Electronic card transactions  A/S/T by industry,Seasonally adjusted,Specialised food,,,
555,ECTM.S1SG1221,2013.12,150.1,,R,Dollars,6,Electronic Card Transactions (ANZSIC06) - ECT,Private - Values - Electronic card transactions  A/S/T by industry,Seasonally adjusted,Specialised food,,,
556,ECTM.S1SG1221,2014.01,155,,R,Dollars,6,Electronic Card Transactions (ANZSIC06) - ECT,Private - Values - Electronic card transactions  A/S/T by industry,Seasonally adjusted,Specialised food,,,
557,ECTM.S1SG1221,2014.02,153.2,,R,Dollars,6,Electronic Card Transactions (ANZSIC06) - ECT,Private - Values - Electronic card transactions  A/S/T by industry,Seasonally adjusted,Specialised food,,,
558,ECTM.S1SG1221,2014.03,155.3,,R,Dollars,6,Electronic Card Transactions (ANZSIC06) - ECT,Private - Values - Electronic card transactions  A/S/T by industry,Seasonally adjusted,Specialised food,,,
559,ECTM.S1SG1221,2014.04,156.8,,R,Dollars,6,Electronic Card Transactions (ANZSIC06) - ECT,Private - Values - Electronic card transactions  A/S/T by industry,Seasonally adjusted,Specialised food,,,
560,ECTM.S1SG1221,2014.05,159.8,,R,Dollars,6,Electronic Card Transactions (ANZSIC06) - ECT,Private - Values - Electronic card transactions  A/S/T by industry,Seasonally adjusted,Specialised food,,,
561,ECTM.S1SG1221,2014.06,158.5,,R,Dollars,6,Electronic Card Transactions (ANZSIC06) - ECT,Private - Values - Electronic card transactions  A/S/T by industry,Seasonally adjusted,Specialised food,,,
562,ECTM.S1SG1221,2014.07,161.3,,R,Dollars,6,Electronic Card Transactions (ANZSIC06) - ECT,Private - Values - Electronic card transactions  A/S/T by industry,Seasonally adjusted,Specialised food,,,
563,ECTM.S1SG1221,2014.08,163.2,,R,Dollars,6,Electronic Card Transactions (ANZSIC06) - ECT,Private - Values - Electronic card transactions  A/S/T by industry,Seasonally adjusted,Specialised food,,,
564,ECTM.S1SG1221,2014.09,156.4,,R,Dollars,6,Electronic Card Transactions (ANZSIC06) - ECT,Private - Values - Electronic card transactions  A/S/T by industry,Seasonally adjusted,Specialised food,,,
565,ECTM.S1SG1221,2014.1,167.7,,R,Dollars,6,Electronic Card Transactions (ANZSIC06) - ECT,Private - Values - Electronic card transactions  A/S/T by industry,Seasonally adjusted,Specialised food,,,
566,ECTM.S1SG1221,2014.11,167.1,,R,Dollars,6,Electronic Card Transactions (ANZSIC06) - ECT,Private - Values - Electronic card transactions  A/S/T by industry,Seasonally adjusted,Specialised food,,,
567,ECTM.S1SG1221,2014.12,165.7,,R,Dollars,6,Electronic Card Transactions (ANZSIC06) - ECT,Private - Values - Electronic card transactions  A/S/T by industry,Seasonally adjusted,Specialised food,,,
568,ECTM.S1SG1221,2015.01,169.1,,R,Dollars,6,Electronic Card Transactions (ANZSIC06) - ECT,Private - Values - Electronic card transactions  A/S/T by industry,Seasonally adjusted,Specialised food,,,
569,ECTM.S1SG1221,2015.02,169.3,,R,Dollars,6,Electronic Card Transactions (ANZSIC06) - ECT,Private - Values - Electronic card transactions  A/S/T by industry,Seasonally adjusted,Specialised food,,,
570,ECTM.S1SG1221,2015.03,166.5,,R,Dollars,6,Electronic Card Transactions (ANZSIC06) - ECT,Private - Values - Electronic card transactions  A/S/T by industry,Seasonally adjusted,Specialised food,,,
571,ECTM.S1SG1221,2015.04,170.9,,R,Dollars,6,Electronic Card Transactions (ANZSIC06) - ECT,Private - Values - Electronic card transactions  A/S/T by industry,Seasonally adjusted,Specialised food,,,
572,ECTM.S1SG1221,2015.05,170.2,,R,Dollars,6,Electronic Card Transactions (ANZSIC06) - ECT,Private - Values - Electronic card transactions  A/S/T by industry,Seasonally adjusted,Specialised food,,,
573,ECTM.S1SG1221,2015.06,163.8,,R,Dollars,6,Electronic Card Transactions (ANZSIC06) - ECT,Private - Values - Electronic card transactions  A/S/T by industry,Seasonally adjusted,Specialised food,,,
574,ECTM.S1SG1221,2015.07,174.3,,R,Dollars,6,Electronic Card Transactions (ANZSIC06) - ECT,Private - Values - Electronic card transactions  A/S/T by industry,Seasonally adjusted,Specialised food,,,
575,ECTM.S1SG1221,2015.08,171.7,,R,Dollars,6,Electronic Card Transactions (ANZSIC06) - ECT,Private - Values - Electronic card transactions  A/S/T by industry,Seasonally adjusted,Specialised food,,,
576,ECTM.S1SG1221,2015.09,172.6,,R,Dollars,6,Electronic Card Transactions (ANZSIC06) - ECT,Private - Values - Electronic card transactions  A/S/T by industry,Seasonally adjusted,Specialised food,,,
577,ECTM.S1SG1221,2015.1,173,,R,Dollars,6,Electronic Card Transactions (ANZSIC06) - ECT,Private - Values - Electronic card transactions  A/S/T by industry,Seasonally adjusted,Specialised food,,,
578,ECTM.S1SG1221,2015.11,174,,R,Dollars,6,Electronic Card Transactions (ANZSIC06) - ECT,Private - Values - Electronic card transactions  A/S/T by industry,Seasonally adjusted,Specialised food,,,
579,ECTM.S1SG1221,2015.12,177.2,,R,Dollars,6,Electronic Card Transactions (ANZSIC06) - ECT,Private - Values - Electronic card transactions  A/S/T by industry,Seasonally adjusted,Specialised food,,,
580,ECTM.S1SG1221,2016.01,174.8,,R,Dollars,6,Electronic Card Transactions (ANZSIC06) - ECT,Private - Values - Electronic card transactions  A/S/T by industry,Seasonally adjusted,Specialised food,,,
581,ECTM.S1SG1221,2016.02,173.3,,R,Dollars,6,Electronic Card Transactions (ANZSIC06) - ECT,Private - Values - Electronic card transactions  A/S/T by industry,Seasonally adjusted,Specialised food,,,
582,ECTM.S1SG1221,2016.03,175.6,,R,Dollars,6,Electronic Card Transactions (ANZSIC06) - ECT,Private - Values - Electronic card transactions  A/S/T by industry,Seasonally adjusted,Specialised food,,,
583,ECTM.S1SG1221,2016.04,177.4,,R,Dollars,6,Electronic Card Transactions (ANZSIC06) - ECT,Private - Values - Electronic card transactions  A/S/T by industry,Seasonally adjusted,Specialised food,,,
584,ECTM.S1SG1221,2016.05,172.3,,R,Dollars,6,Electronic Card Transactions (ANZSIC06) - ECT,Private - Values - Electronic card transactions  A/S/T by industry,Seasonally adjusted,Specialised food,,,
585,ECTM.S1SG1221,2016.06,181.2,,R,Dollars,6,Electronic Card Transactions (ANZSIC06) - ECT,Private - Values - Electronic card transactions  A/S/T by industry,Seasonally adjusted,Specialised food,,,
586,ECTM.S1SG1221,2016.07,178.4,,R,Dollars,6,Electronic Card Transactions (ANZSIC06) - ECT,Private - Values - Electronic card transactions  A/S/T by industry,Seasonally adjusted,Specialised food,,,
587,ECTM.S1SG1221,2016.08,172.6,,R,Dollars,6,Electronic Card Transactions (ANZSIC06) - ECT,Private - Values - Electronic card transactions  A/S/T by industry,Seasonally adjusted,Specialised food,,,
588,ECTM.S1SG1221,2016.09,176.3,,R,Dollars,6,Electronic Card Transactions (ANZSIC06) - ECT,Private - Values - Electronic card transactions  A/S/T by industry,Seasonally adjusted,Specialised food,,,
589,ECTM.S1SG1221,2016.1,176.8,,R,Dollars,6,Electronic Card Transactions (ANZSIC06) - ECT,Private - Values - Electronic card transactions  A/S/T by industry,Seasonally adjusted,Specialised food,,,
590,ECTM.S1SG1221,2016.11,175,,R,Dollars,6,Electronic Card Transactions (ANZSIC06) - ECT,Private - Values - Electronic card transactions  A/S/T by industry,Seasonally adjusted,Specialised food,,,
591,ECTM.S1SG1221,2016.12,178.2,,R,Dollars,6,Electronic Card Transactions (ANZSIC06) - ECT,Private - Values - Electronic card transactions  A/S/T by industry,Seasonally adjusted,Specialised food,,,
592,ECTM.S1SG1221,2017.01,179.2,,R,Dollars,6,Electronic Card Transactions (ANZSIC06) - ECT,Private - Values - Electronic card transactions  A/S/T by industry,Seasonally adjusted,Specialised food,,,
593,ECTM.S1SG1221,2017.02,183.7,,R,Dollars,6,Electronic Card Transactions (ANZSIC06) - ECT,Private - Values - Electronic card transactions  A/S/T by industry,Seasonally adjusted,Specialised food,,,
594,ECTM.S1SG1221,2017.03,188.1,,R,Dollars,6,Electronic Card Transactions (ANZSIC06) - ECT,Private - Values - Electronic card transactions  A/S/T by industry,Seasonally adjusted,Specialised food,,,
595,ECTM.S1SG1221,2017.04,191.6,,R,Dollars,6,Electronic Card Transactions (ANZSIC06) - ECT,Private - Values - Electronic card transactions  A/S/T by industry,Seasonally adjusted,Specialised food,,,
596,ECTM.S1SG1221,2017.05,190.1,,R,Dollars,6,Electronic Card Transactions (ANZSIC06) - ECT,Private - Values - Electronic card transactions  A/S/T by industry,Seasonally adjusted,Specialised food,,,
597,ECTM.S1SG1221,2017.06,194,,R,Dollars,6,Electronic Card Transactions (ANZSIC06) - ECT,Private - Values - Electronic card transactions  A/S/T by industry,Seasonally adjusted,Specialised food,,,
598,ECTM.S1SG1221,2017.07,193.3,,R,Dollars,6,Electronic Card Transactions (ANZSIC06) - ECT,Private - Values - Electronic card transactions  A/S/T by industry,Seasonally adjusted,Specialised food,,,
599,ECTM.S1SG1221,2017.08,193.8,,R,Dollars,6,Electronic Card Transactions (ANZSIC06) - ECT,Private - Values - Electronic card transactions  A/S/T by industry,Seasonally adjusted,Specialised food,,,
600,ECTM.S1SG1221,2017.09,191.3,,R,Dollars,6,Electronic Card Transactions (ANZSIC06) - ECT,Private - Values - Electronic card transactions  A/S/T by industry,Seasonally adjusted,Specialised food,,,
601,ECTM.S1SG1221,2017.1,190.6,,R,Dollars,6,Electronic Card Transactions (ANZSIC06) - ECT,Private - Values - Electronic card transactions  A/S/T by industry,Seasonally adjusted,Specialised food,,,
602,ECTM.S1SG1221,2017.11,200.9,,R,Dollars,6,Electronic Card Transactions (ANZSIC06) - ECT,Private - Values - Electronic card transactions  A/S/T by industry,Seasonally adjusted,Specialised food,,,
603,ECTM.S1SG1221,2017.12,195.5,,R,Dollars,6,Electronic Card Transactions (ANZSIC06) - ECT,Private - Values - Electronic card transactions  A/S/T by industry,Seasonally adjusted,Specialised food,,,
604,ECTM.S1SG1221,2018.01,187.6,,R,Dollars,6,Electronic Card Transactions (ANZSIC06) - ECT,Private - Values - Electronic card transactions  A/S/T by industry,Seasonally adjusted,Specialised food,,,
605,ECTM.S1SG1221,2018.02,189.7,,R,Dollars,6,Electronic Card Transactions (ANZSIC06) - ECT,Private - Values - Electronic card transactions  A/S/T by industry,Seasonally adjusted,Specialised food,,,
606,ECTM.S1SG1221,2018.03,201.6,,R,Dollars,6,Electronic Card Transactions (ANZSIC06) - ECT,Private - Values - Electronic card transactions  A/S/T by industry,Seasonally adjusted,Specialised food,,,
607,ECTM.S1SG1221,2018.04,201.8,,R,Dollars,6,Electronic Card Transactions (ANZSIC06) - ECT,Private - Values - Electronic card transactions  A/S/T by industry,Seasonally adjusted,Specialised food,,,
608,ECTM.S1SG1221,2018.05,205.3,,R,Dollars,6,Electronic Card Transactions (ANZSIC06) - ECT,Private - Values - Electronic card transactions  A/S/T by industry,Seasonally adjusted,Specialised food,,,
609,ECTM.S1SG1221,2018.06,202.6,,R,Dollars,6,Electronic Card Transactions (ANZSIC06) - ECT,Private - Values - Electronic card transactions  A/S/T by industry,Seasonally adjusted,Specialised food,,,
610,ECTM.S1SG1221,2018.07,202.2,,R,Dollars,6,Electronic Card Transactions (ANZSIC06) - ECT,Private - Values - Electronic card transactions  A/S/T by industry,Seasonally adjusted,Specialised food,,,
611,ECTM.S1SG1221,2018.08,210.1,,R,Dollars,6,Electronic Card Transactions (ANZSIC06) - ECT,Private - Values - Electronic card transactions  A/S/T by industry,Seasonally adjusted,Specialised food,,,
612,ECTM.S1SG1221,2018.09,208.9,,R,Dollars,6,Electronic Card Transactions (ANZSIC06) - ECT,Private - Values - Electronic card transactions  A/S/T by industry,Seasonally adjusted,Specialised food,,,
613,ECTM.S1SG1221,2018.1,203.1,,R,Dollars,6,Electronic Card Transactions (ANZSIC06) - ECT,Private - Values - Electronic card transactions  A/S/T by industry,Seasonally adjusted,Specialised food,,,
614,ECTM.S1SG1221,2018.11,203.8,,R,Dollars,6,Electronic Card Transactions (ANZSIC06) - ECT,Private - Values - Electronic card transactions  A/S/T by industry,Seasonally adjusted,Specialised food,,,
615,ECTM.S1SG1221,2018.12,200,,R,Dollars,6,Electronic Card Transactions (ANZSIC06) - ECT,Private - Values - Electronic card transactions  A/S/T by industry,Seasonally adjusted,Specialised food,,,
616,ECTM.S1SG1221,2019.01,198.2,,R,Dollars,6,Electronic Card Transactions (ANZSIC06) - ECT,Private - Values - Electronic card transactions  A/S/T by industry,Seasonally adjusted,Specialised food,,,
617,ECTM.S1SG1221,2019.02,194.7,,R,Dollars,6,Electronic Card Transactions (ANZSIC06) - ECT,Private - Values - Electronic card transactions  A/S/T by industry,Seasonally adjusted,Specialised food,,,
618,ECTM.S1SG1221,2019.03,204.2,,R,Dollars,6,Electronic Card Transactions (ANZSIC06) - ECT,Private - Values - Electronic card transactions  A/S/T by industry,Seasonally adjusted,Specialised food,,,
619,ECTM.S1SG1221,2019.04,204.2,,R,Dollars,6,Electronic Card Transactions (ANZSIC06) - ECT,Private - Values - Electronic card transactions  A/S/T by industry,Seasonally adjusted,Specialised food,,,
620,ECTM.S1SG1221,2019.05,211.7,,R,Dollars,6,Electronic Card Transactions (ANZSIC06) - ECT,Private - Values - Electronic card transactions  A/S/T by industry,Seasonally adjusted,Specialised food,,,
621,ECTM.S1SG1221,2019.06,207,,R,Dollars,6,Electronic Card Transactions (ANZSIC06) - ECT,Private - Values - Electronic card transactions  A/S/T by industry,Seasonally adjusted,Specialised food,,,
622,ECTM.S1SG1221,2019.07,205.6,,R,Dollars,6,Electronic Card Transactions (ANZSIC06) - ECT,Private - Values - Electronic card transactions  A/S/T by industry,Seasonally adjusted,Specialised food,,,
623,ECTM.S1SG1221,2019.08,204.8,,R,Dollars,6,Electronic Card Transactions (ANZSIC06) - ECT,Private - Values - Electronic card transactions  A/S/T by industry,Seasonally adjusted,Specialised food,,,
624,ECTM.S1SG1221,2019.09,204.8,,R,Dollars,6,Electronic Card Transactions (ANZSIC06) - ECT,Private - Values - Electronic card transactions  A/S/T by industry,Seasonally adjusted,Specialised food,,,
625,ECTM.S1SG1221,2019.1,206.3,,R,Dollars,6,Electronic Card Transactions (ANZSIC06) - ECT,Private - Values - Electronic card transactions  A/S/T by industry,Seasonally adjusted,Specialised food,,,
626,ECTM.S1SG1221,2019.11,202.7,,R,Dollars,6,Electronic Card Transactions (ANZSIC06) - ECT,Private - Values - Electronic card transactions  A/S/T by industry,Seasonally adjusted,Specialised food,,,
627,ECTM.S1SG1221,2019.12,199.2,,R,Dollars,6,Electronic Card Transactions (ANZSIC06) - ECT,Private - Values - Electronic card transactions  A/S/T by industry,Seasonally adjusted,Specialised food,,,
628,ECTM.S1SG1221,2020.01,202,,R,Dollars,6,Electronic Card Transactions (ANZSIC06) - ECT,Private - Values - Electronic card transactions  A/S/T by industry,Seasonally adjusted,Specialised food,,,
629,ECTM.S1SG1221,2020.02,198.8,,R,Dollars,6,Electronic Card Transactions (ANZSIC06) - ECT,Private - Values - Electronic card transactions  A/S/T by industry,Seasonally adjusted,Specialised food,,,
630,ECTM.S1SG1221,2020.03,208.1,,R,Dollars,6,Electronic Card Transactions (ANZSIC06) - ECT,Private - Values - Electronic card transactions  A/S/T by industry,Seasonally adjusted,Specialised food,,,
631,ECTM.S1SG1221,2020.04,78.2,,F,Dollars,6,Electronic Card Transactions (ANZSIC06) - ECT,Private - Values - Electronic card transactions  A/S/T by industry,Seasonally adjusted,Specialised food,,,
632,ECTM.S1AG1222,2007.03,72,,F,Dollars,6,Electronic Card Transactions (ANZSIC06) - ECT,Private - Values - Electronic card transactions  A/S/T by industry,Actual,Liquor,,,
633,ECTM.S1AG1222,2007.04,64.9,,F,Dollars,6,Electronic Card Transactions (ANZSIC06) - ECT,Private - Values - Electronic card transactions  A/S/T by industry,Actual,Liquor,,,
634,ECTM.S1AG1222,2007.05,62.4,,F,Dollars,6,Electronic Card Transactions (ANZSIC06) - ECT,Private - Values - Electronic card transactions  A/S/T by industry,Actual,Liquor,,,
635,ECTM.S1AG1222,2007.06,63.5,,F,Dollars,6,Electronic Card Transactions (ANZSIC06) - ECT,Private - Values - Electronic card transactions  A/S/T by industry,Actual,Liquor,,,
636,ECTM.S1AG1222,2007.07,62.4,,F,Dollars,6,Electronic Card Transactions (ANZSIC06) - ECT,Private - Values - Electronic card transactions  A/S/T by industry,Actual,Liquor,,,
637,ECTM.S1AG1222,2007.08,66,,F,Dollars,6,Electronic Card Transactions (ANZSIC06) - ECT,Private - Values - Electronic card transactions  A/S/T by industry,Actual,Liquor,,,
638,ECTM.S1AG1222,2007.09,66.7,,F,Dollars,6,Electronic Card Transactions (ANZSIC06) - ECT,Private - Values - Electronic card transactions  A/S/T by industry,Actual,Liquor,,,
639,ECTM.S1AG1222,2007.1,68.4,,F,Dollars,6,Electronic Card Transactions (ANZSIC06) - ECT,Private - Values - Electronic card transactions  A/S/T by industry,Actual,Liquor,,,
640,ECTM.S1AG1222,2007.11,77,,F,Dollars,6,Electronic Card Transactions (ANZSIC06) - ECT,Private - Values - Electronic card transactions  A/S/T by industry,Actual,Liquor,,,
641,ECTM.S1AG1222,2007.12,112.3,,F,Dollars,6,Electronic Card Transactions (ANZSIC06) - ECT,Private - Values - Electronic card transactions  A/S/T by industry,Actual,Liquor,,,
642,ECTM.S1AG1222,2008.01,73.2,,F,Dollars,6,Electronic Card Transactions (ANZSIC06) - ECT,Private - Values - Electronic card transactions  A/S/T by industry,Actual,Liquor,,,
643,ECTM.S1AG1222,2008.02,72.7,,F,Dollars,6,Electronic Card Transactions (ANZSIC06) - ECT,Private - Values - Electronic card transactions  A/S/T by industry,Actual,Liquor,,,
644,ECTM.S1AG1222,2008.03,74.5,,F,Dollars,6,Electronic Card Transactions (ANZSIC06) - ECT,Private - Values - Electronic card transactions  A/S/T by industry,Actual,Liquor,,,
645,ECTM.S1AG1222,2008.04,67.3,,F,Dollars,6,Electronic Card Transactions (ANZSIC06) - ECT,Private - Values - Electronic card transactions  A/S/T by industry,Actual,Liquor,,,
646,ECTM.S1AG1222,2008.05,69.3,,F,Dollars,6,Electronic Card Transactions (ANZSIC06) - ECT,Private - Values - Electronic card transactions  A/S/T by industry,Actual,Liquor,,,
647,ECTM.S1AG1222,2008.06,62.5,,F,Dollars,6,Electronic Card Transactions (ANZSIC06) - ECT,Private - Values - Electronic card transactions  A/S/T by industry,Actual,Liquor,,,
648,ECTM.S1AG1222,2008.07,64.2,,F,Dollars,6,Electronic Card Transactions (ANZSIC06) - ECT,Private - Values - Electronic card transactions  A/S/T by industry,Actual,Liquor,,,
649,ECTM.S1AG1222,2008.08,67.9,,F,Dollars,6,Electronic Card Transactions (ANZSIC06) - ECT,Private - Values - Electronic card transactions  A/S/T by industry,Actual,Liquor,,,
650,ECTM.S1AG1222,2008.09,65.6,,F,Dollars,6,Electronic Card Transactions (ANZSIC06) - ECT,Private - Values - Electronic card transactions  A/S/T by industry,Actual,Liquor,,,
651,ECTM.S1AG1222,2008.1,72.5,,F,Dollars,6,Electronic Card Transactions (ANZSIC06) - ECT,Private - Values - Electronic card transactions  A/S/T by industry,Actual,Liquor,,,
652,ECTM.S1AG1222,2008.11,80.6,,F,Dollars,6,Electronic Card Transactions (ANZSIC06) - ECT,Private - Values - Electronic card transactions  A/S/T by industry,Actual,Liquor,,,
653,ECTM.S1AG1222,2008.12,116.3,,F,Dollars,6,Electronic Card Transactions (ANZSIC06) - ECT,Private - Values - Electronic card transactions  A/S/T by industry,Actual,Liquor,,,
654,ECTM.S1AG1222,2009.01,81.9,,F,Dollars,6,Electronic Card Transactions (ANZSIC06) - ECT,Private - Values - Electronic card transactions  A/S/T by industry,Actual,Liquor,,,
655,ECTM.S1AG1222,2009.02,74.1,,F,Dollars,6,Electronic Card Transactions (ANZSIC06) - ECT,Private - Values - Electronic card transactions  A/S/T by industry,Actual,Liquor,,,
656,ECTM.S1AG1222,2009.03,78.3,,F,Dollars,6,Electronic Card Transactions (ANZSIC06) - ECT,Private - Values - Electronic card transactions  A/S/T by industry,Actual,Liquor,,,
657,ECTM.S1AG1222,2009.04,76.8,,F,Dollars,6,Electronic Card Transactions (ANZSIC06) - ECT,Private - Values - Electronic card transactions  A/S/T by industry,Actual,Liquor,,,
658,ECTM.S1AG1222,2009.05,78.1,,F,Dollars,6,Electronic Card Transactions (ANZSIC06) - ECT,Private - Values - Electronic card transactions  A/S/T by industry,Actual,Liquor,,,
659,ECTM.S1AG1222,2009.06,70,,F,Dollars,6,Electronic Card Transactions (ANZSIC06) - ECT,Private - Values - Electronic card transactions  A/S/T by industry,Actual,Liquor,,,
660,ECTM.S1AG1222,2009.07,75.7,,F,Dollars,6,Electronic Card Transactions (ANZSIC06) - ECT,Private - Values - Electronic card transactions  A/S/T by industry,Actual,Liquor,,,
661,ECTM.S1AG1222,2009.08,76.3,,F,Dollars,6,Electronic Card Transactions (ANZSIC06) - ECT,Private - Values - Electronic card transactions  A/S/T by industry,Actual,Liquor,,,
662,ECTM.S1AG1222,2009.09,74.7,,F,Dollars,6,Electronic Card Transactions (ANZSIC06) - ECT,Private - Values - Electronic card transactions  A/S/T by industry,Actual,Liquor,,,
663,ECTM.S1AG1222,2009.1,82.8,,F,Dollars,6,Electronic Card Transactions (ANZSIC06) - ECT,Private - Values - Electronic card transactions  A/S/T by industry,Actual,Liquor,,,
664,ECTM.S1AG1222,2009.11,83.4,,F,Dollars,6,Electronic Card Transactions (ANZSIC06) - ECT,Private - Values - Electronic card transactions  A/S/T by industry,Actual,Liquor,,,
665,ECTM.S1AG1222,2009.12,122.7,,F,Dollars,6,Electronic Card Transactions (ANZSIC06) - ECT,Private - Values - Electronic card transactions  A/S/T by industry,Actual,Liquor,,,
666,ECTM.S1AG1222,2010.01,84.4,,F,Dollars,6,Electronic Card Transactions (ANZSIC06) - ECT,Private - Values - Electronic card transactions  A/S/T by industry,Actual,Liquor,,,
667,ECTM.S1AG1222,2010.02,78.4,,F,Dollars,6,Electronic Card Transactions (ANZSIC06) - ECT,Private - Values - Electronic card transactions  A/S/T by industry,Actual,Liquor,,,
668,ECTM.S1AG1222,2010.03,80.8,,F,Dollars,6,Electronic Card Transactions (ANZSIC06) - ECT,Private - Values - Electronic card transactions  A/S/T by industry,Actual,Liquor,,,
669,ECTM.S1AG1222,2010.04,78.9,,F,Dollars,6,Electronic Card Transactions (ANZSIC06) - ECT,Private - Values - Electronic card transactions  A/S/T by industry,Actual,Liquor,,,
670,ECTM.S1AG1222,2010.05,74.1,,F,Dollars,6,Electronic Card Transactions (ANZSIC06) - ECT,Private - Values - Electronic card transactions  A/S/T by industry,Actual,Liquor,,,
671,ECTM.S1AG1222,2010.06,68.5,,F,Dollars,6,Electronic Card Transactions (ANZSIC06) - ECT,Private - Values - Electronic card transactions  A/S/T by industry,Actual,Liquor,,,
672,ECTM.S1AG1222,2010.07,74.5,,F,Dollars,6,Electronic Card Transactions (ANZSIC06) - ECT,Private - Values - Electronic card transactions  A/S/T by industry,Actual,Liquor,,,
673,ECTM.S1AG1222,2010.08,69.3,,F,Dollars,6,Electronic Card Transactions (ANZSIC06) - ECT,Private - Values - Electronic card transactions  A/S/T by industry,Actual,Liquor,,,
674,ECTM.S1AG1222,2010.09,72,,F,Dollars,6,Electronic Card Transactions (ANZSIC06) - ECT,Private - Values - Electronic card transactions  A/S/T by industry,Actual,Liquor,,,
675,ECTM.S1AG1222,2010.1,83.2,,F,Dollars,6,Electronic Card Transactions (ANZSIC06) - ECT,Private - Values - Electronic card transactions  A/S/T by industry,Actual,Liquor,,,
676,ECTM.S1AG1222,2010.11,88.2,,F,Dollars,6,Electronic Card Transactions (ANZSIC06) - ECT,Private - Values - Electronic card transactions  A/S/T by industry,Actual,Liquor,,,
677,ECTM.S1AG1222,2010.12,127.6,,F,Dollars,6,Electronic Card Transactions (ANZSIC06) - ECT,Private - Values - Electronic card transactions  A/S/T by industry,Actual,Liquor,,,
678,ECTM.S1AG1222,2011.01,87.8,,F,Dollars,6,Electronic Card Transactions (ANZSIC06) - ECT,Private - Values - Electronic card transactions  A/S/T by industry,Actual,Liquor,,,
679,ECTM.S1AG1222,2011.02,82.3,,F,Dollars,6,Electronic Card Transactions (ANZSIC06) - ECT,Private - Values - Electronic card transactions  A/S/T by industry,Actual,Liquor,,,
680,ECTM.S1AG1222,2011.03,87.7,,F,Dollars,6,Electronic Card Transactions (ANZSIC06) - ECT,Private - Values - Electronic card transactions  A/S/T by industry,Actual,Liquor,,,
681,ECTM.S1AG1222,2011.04,87.2,,F,Dollars,6,Electronic Card Transactions (ANZSIC06) - ECT,Private - Values - Electronic card transactions  A/S/T by industry,Actual,Liquor,,,
682,ECTM.S1AG1222,2011.05,80.6,,F,Dollars,6,Electronic Card Transactions (ANZSIC06) - ECT,Private - Values - Electronic card transactions  A/S/T by industry,Actual,Liquor,,,
683,ECTM.S1AG1222,2011.06,79.5,,F,Dollars,6,Electronic Card Transactions (ANZSIC06) - ECT,Private - Values - Electronic card transactions  A/S/T by industry,Actual,Liquor,,,
684,ECTM.S1AG1222,2011.07,84.7,,F,Dollars,6,Electronic Card Transactions (ANZSIC06) - ECT,Private - Values - Electronic card transactions  A/S/T by industry,Actual,Liquor,,,
685,ECTM.S1AG1222,2011.08,80,,F,Dollars,6,Electronic Card Transactions (ANZSIC06) - ECT,Private - Values - Electronic card transactions  A/S/T by industry,Actual,Liquor,,,
686,ECTM.S1AG1222,2011.09,84.9,,F,Dollars,6,Electronic Card Transactions (ANZSIC06) - ECT,Private - Values - Electronic card transactions  A/S/T by industry,Actual,Liquor,,,
687,ECTM.S1AG1222,2011.1,91.7,,F,Dollars,6,Electronic Card Transactions (ANZSIC06) - ECT,Private - Values - Electronic card transactions  A/S/T by industry,Actual,Liquor,,,
688,ECTM.S1AG1222,2011.11,91.2,,F,Dollars,6,Electronic Card Transactions (ANZSIC06) - ECT,Private - Values - Electronic card transactions  A/S/T by industry,Actual,Liquor,,,
689,ECTM.S1AG1222,2011.12,134.2,,F,Dollars,6,Electronic Card Transactions (ANZSIC06) - ECT,Private - Values - Electronic card transactions  A/S/T by industry,Actual,Liquor,,,
690,ECTM.S1AG1222,2012.01,89.3,,F,Dollars,6,Electronic Card Transactions (ANZSIC06) - ECT,Private - Values - Electronic card transactions  A/S/T by industry,Actual,Liquor,,,
691,ECTM.S1AG1222,2012.02,88.6,,F,Dollars,6,Electronic Card Transactions (ANZSIC06) - ECT,Private - Values - Electronic card transactions  A/S/T by industry,Actual,Liquor,,,
692,ECTM.S1AG1222,2012.03,94.3,,F,Dollars,6,Electronic Card Transactions (ANZSIC06) - ECT,Private - Values - Electronic card transactions  A/S/T by industry,Actual,Liquor,,,
693,ECTM.S1AG1222,2012.04,86.7,,F,Dollars,6,Electronic Card Transactions (ANZSIC06) - ECT,Private - Values - Electronic card transactions  A/S/T by industry,Actual,Liquor,,,
694,ECTM.S1AG1222,2012.05,87.6,,F,Dollars,6,Electronic Card Transactions (ANZSIC06) - ECT,Private - Values - Electronic card transactions  A/S/T by industry,Actual,Liquor,,,
695,ECTM.S1AG1222,2012.06,87.8,,F,Dollars,6,Electronic Card Transactions (ANZSIC06) - ECT,Private - Values - Electronic card transactions  A/S/T by industry,Actual,Liquor,,,
696,ECTM.S1AG1222,2012.07,85.6,,F,Dollars,6,Electronic Card Transactions (ANZSIC06) - ECT,Private - Values - Electronic card transactions  A/S/T by industry,Actual,Liquor,,,
697,ECTM.S1AG1222,2012.08,88.4,,F,Dollars,6,Electronic Card Transactions (ANZSIC06) - ECT,Private - Values - Electronic card transactions  A/S/T by industry,Actual,Liquor,,,
698,ECTM.S1AG1222,2012.09,89.3,,F,Dollars,6,Electronic Card Transactions (ANZSIC06) - ECT,Private - Values - Electronic card transactions  A/S/T by industry,Actual,Liquor,,,
699,ECTM.S1AG1222,2012.1,93.5,,F,Dollars,6,Electronic Card Transactions (ANZSIC06) - ECT,Private - Values - Electronic card transactions  A/S/T by industry,Actual,Liquor,,,
700,ECTM.S1AG1222,2012.11,102.5,,F,Dollars,6,Electronic Card Transactions (ANZSIC06) - ECT,Private - Values - Electronic card transactions  A/S/T by industry,Actual,Liquor,,,
701,ECTM.S1AG1222,2012.12,145.8,,F,Dollars,6,Electronic Card Transactions (ANZSIC06) - ECT,Private - Values - Electronic card transactions  A/S/T by industry,Actual,Liquor,,,
702,ECTM.S1AG1222,2013.01,100.3,,F,Dollars,6,Electronic Card Transactions (ANZSIC06) - ECT,Private - Values - Electronic card transactions  A/S/T by industry,Actual,Liquor,,,
703,ECTM.S1AG1222,2013.02,94.2,,F,Dollars,6,Electronic Card Transactions (ANZSIC06) - ECT,Private - Values - Electronic card transactions  A/S/T by industry,Actual,Liquor,,,
704,ECTM.S1AG1222,2013.03,105.6,,F,Dollars,6,Electronic Card Transactions (ANZSIC06) - ECT,Private - Values - Electronic card transactions  A/S/T by industry,Actual,Liquor,,,
705,ECTM.S1AG1222,2013.04,92.7,,F,Dollars,6,Electronic Card Transactions (ANZSIC06) - ECT,Private - Values - Electronic card transactions  A/S/T by industry,Actual,Liquor,,,
706,ECTM.S1AG1222,2013.05,93.9,,F,Dollars,6,Electronic Card Transactions (ANZSIC06) - ECT,Private - Values - Electronic card transactions  A/S/T by industry,Actual,Liquor,,,
707,ECTM.S1AG1222,2013.06,90.8,,F,Dollars,6,Electronic Card Transactions (ANZSIC06) - ECT,Private - Values - Electronic card transactions  A/S/T by industry,Actual,Liquor,,,
708,ECTM.S1AG1222,2013.07,90.3,,F,Dollars,6,Electronic Card Transactions (ANZSIC06) - ECT,Private - Values - Electronic card transactions  A/S/T by industry,Actual,Liquor,,,
709,ECTM.S1AG1222,2013.08,96,,F,Dollars,6,Electronic Card Transactions (ANZSIC06) - ECT,Private - Values - Electronic card transactions  A/S/T by industry,Actual,Liquor,,,
710,ECTM.S1AG1222,2013.09,89.4,,F,Dollars,6,Electronic Card Transactions (ANZSIC06) - ECT,Private - Values - Electronic card transactions  A/S/T by industry,Actual,Liquor,,,
711,ECTM.S1AG1222,2013.1,100.8,,F,Dollars,6,Electronic Card Transactions (ANZSIC06) - ECT,Private - Values - Electronic card transactions  A/S/T by industry,Actual,Liquor,,,
712,ECTM.S1AG1222,2013.11,109.9,,F,Dollars,6,Electronic Card Transactions (ANZSIC06) - ECT,Private - Values - Electronic card transactions  A/S/T by industry,Actual,Liquor,,,
713,ECTM.S1AG1222,2013.12,152,,F,Dollars,6,Electronic Card Transactions (ANZSIC06) - ECT,Private - Values - Electronic card transactions  A/S/T by industry,Actual,Liquor,,,
714,ECTM.S1AG1222,2014.01,104.5,,F,Dollars,6,Electronic Card Transactions (ANZSIC06) - ECT,Private - Values - Electronic card transactions  A/S/T by industry,Actual,Liquor,,,
715,ECTM.S1AG1222,2014.02,99.5,,F,Dollars,6,Electronic Card Transactions (ANZSIC06) - ECT,Private - Values - Electronic card transactions  A/S/T by industry,Actual,Liquor,,,
716,ECTM.S1AG1222,2014.03,106.4,,F,Dollars,6,Electronic Card Transactions (ANZSIC06) - ECT,Private - Values - Electronic card transactions  A/S/T by industry,Actual,Liquor,,,
717,ECTM.S1AG1222,2014.04,99.7,,F,Dollars,6,Electronic Card Transactions (ANZSIC06) - ECT,Private - Values - Electronic card transactions  A/S/T by industry,Actual,Liquor,,,
718,ECTM.S1AG1222,2014.05,102.1,,F,Dollars,6,Electronic Card Transactions (ANZSIC06) - ECT,Private - Values - Electronic card transactions  A/S/T by industry,Actual,Liquor,,,
719,ECTM.S1AG1222,2014.06,93.4,,F,Dollars,6,Electronic Card Transactions (ANZSIC06) - ECT,Private - Values - Electronic card transactions  A/S/T by industry,Actual,Liquor,,,
720,ECTM.S1AG1222,2014.07,94.1,,F,Dollars,6,Electronic Card Transactions (ANZSIC06) - ECT,Private - Values - Electronic card transactions  A/S/T by industry,Actual,Liquor,,,
721,ECTM.S1AG1222,2014.08,99.1,,F,Dollars,6,Electronic Card Transactions (ANZSIC06) - ECT,Private - Values - Electronic card transactions  A/S/T by industry,Actual,Liquor,,,
722,ECTM.S1AG1222,2014.09,94.7,,F,Dollars,6,Electronic Card Transactions (ANZSIC06) - ECT,Private - Values - Electronic card transactions  A/S/T by industry,Actual,Liquor,,,
723,ECTM.S1AG1222,2014.1,107.5,,F,Dollars,6,Electronic Card Transactions (ANZSIC06) - ECT,Private - Values - Electronic card transactions  A/S/T by industry,Actual,Liquor,,,
724,ECTM.S1AG1222,2014.11,114.4,,F,Dollars,6,Electronic Card Transactions (ANZSIC06) - ECT,Private - Values - Electronic card transactions  A/S/T by industry,Actual,Liquor,,,
725,ECTM.S1AG1222,2014.12,158.3,,F,Dollars,6,Electronic Card Transactions (ANZSIC06) - ECT,Private - Values - Electronic card transactions  A/S/T by industry,Actual,Liquor,,,
726,ECTM.S1AG1222,2015.01,115.4,,F,Dollars,6,Electronic Card Transactions (ANZSIC06) - ECT,Private - Values - Electronic card transactions  A/S/T by industry,Actual,Liquor,,,
727,ECTM.S1AG1222,2015.02,104.6,,F,Dollars,6,Electronic Card Transactions (ANZSIC06) - ECT,Private - Values - Electronic card transactions  A/S/T by industry,Actual,Liquor,,,
728,ECTM.S1AG1222,2015.03,111.5,,F,Dollars,6,Electronic Card Transactions (ANZSIC06) - ECT,Private - Values - Electronic card transactions  A/S/T by industry,Actual,Liquor,,,
729,ECTM.S1AG1222,2015.04,106.3,,F,Dollars,6,Electronic Card Transactions (ANZSIC06) - ECT,Private - Values - Electronic card transactions  A/S/T by industry,Actual,Liquor,,,
730,ECTM.S1AG1222,2015.05,110,,F,Dollars,6,Electronic Card Transactions (ANZSIC06) - ECT,Private - Values - Electronic card transactions  A/S/T by industry,Actual,Liquor,,,
731,ECTM.S1AG1222,2015.06,99.2,,F,Dollars,6,Electronic Card Transactions (ANZSIC06) - ECT,Private - Values - Electronic card transactions  A/S/T by industry,Actual,Liquor,,,
732,ECTM.S1AG1222,2015.07,104.8,,F,Dollars,6,Electronic Card Transactions (ANZSIC06) - ECT,Private - Values - Electronic card transactions  A/S/T by industry,Actual,Liquor,,,
733,ECTM.S1AG1222,2015.08,105.1,,F,Dollars,6,Electronic Card Transactions (ANZSIC06) - ECT,Private - Values - Electronic card transactions  A/S/T by industry,Actual,Liquor,,,
734,ECTM.S1AG1222,2015.09,104.9,,F,Dollars,6,Electronic Card Transactions (ANZSIC06) - ECT,Private - Values - Electronic card transactions  A/S/T by industry,Actual,Liquor,,,
735,ECTM.S1AG1222,2015.1,120.5,,F,Dollars,6,Electronic Card Transactions (ANZSIC06) - ECT,Private - Values - Electronic card transactions  A/S/T by industry,Actual,Liquor,,,
736,ECTM.S1AG1222,2015.11,121.7,,F,Dollars,6,Electronic Card Transactions (ANZSIC06) - ECT,Private - Values - Electronic card transactions  A/S/T by industry,Actual,Liquor,,,
737,ECTM.S1AG1222,2015.12,177.3,,F,Dollars,6,Electronic Card Transactions (ANZSIC06) - ECT,Private - Values - Electronic card transactions  A/S/T by industry,Actual,Liquor,,,
738,ECTM.S1AG1222,2016.01,124.6,,F,Dollars,6,Electronic Card Transactions (ANZSIC06) - ECT,Private - Values - Electronic card transactions  A/S/T by industry,Actual,Liquor,,,
739,ECTM.S1AG1222,2016.02,120.3,,F,Dollars,6,Electronic Card Transactions (ANZSIC06) - ECT,Private - Values - Electronic card transactions  A/S/T by industry,Actual,Liquor,,,
740,ECTM.S1AG1222,2016.03,122.8,,F,Dollars,6,Electronic Card Transactions (ANZSIC06) - ECT,Private - Values - Electronic card transactions  A/S/T by industry,Actual,Liquor,,,
741,ECTM.S1AG1222,2016.04,119.8,,F,Dollars,6,Electronic Card Transactions (ANZSIC06) - ECT,Private - Values - Electronic card transactions  A/S/T by industry,Actual,Liquor,,,
742,ECTM.S1AG1222,2016.05,113.1,,F,Dollars,6,Electronic Card Transactions (ANZSIC06) - ECT,Private - Values - Electronic card transactions  A/S/T by industry,Actual,Liquor,,,
743,ECTM.S1AG1222,2016.06,110.4,,F,Dollars,6,Electronic Card Transactions (ANZSIC06) - ECT,Private - Values - Electronic card transactions  A/S/T by industry,Actual,Liquor,,,
744,ECTM.S1AG1222,2016.07,116.9,,F,Dollars,6,Electronic Card Transactions (ANZSIC06) - ECT,Private - Values - Electronic card transactions  A/S/T by industry,Actual,Liquor,,,
745,ECTM.S1AG1222,2016.08,110.3,,F,Dollars,6,Electronic Card Transactions (ANZSIC06) - ECT,Private - Values - Electronic card transactions  A/S/T by industry,Actual,Liquor,,,
746,ECTM.S1AG1222,2016.09,116,,F,Dollars,6,Electronic Card Transactions (ANZSIC06) - ECT,Private - Values - Electronic card transactions  A/S/T by industry,Actual,Liquor,,,
747,ECTM.S1AG1222,2016.1,124.7,,F,Dollars,6,Electronic Card Transactions (ANZSIC06) - ECT,Private - Values - Electronic card transactions  A/S/T by industry,Actual,Liquor,,,
748,ECTM.S1AG1222,2016.11,130,,F,Dollars,6,Electronic Card Transactions (ANZSIC06) - ECT,Private - Values - Electronic card transactions  A/S/T by industry,Actual,Liquor,,,
749,ECTM.S1AG1222,2016.12,194.4,,F,Dollars,6,Electronic Card Transactions (ANZSIC06) - ECT,Private - Values - Electronic card transactions  A/S/T by industry,Actual,Liquor,,,
750,ECTM.S1AG1222,2017.01,131.7,,F,Dollars,6,Electronic Card Transactions (ANZSIC06) - ECT,Private - Values - Electronic card transactions  A/S/T by industry,Actual,Liquor,,,
751,ECTM.S1AG1222,2017.02,126.8,,F,Dollars,6,Electronic Card Transactions (ANZSIC06) - ECT,Private - Values - Electronic card transactions  A/S/T by industry,Actual,Liquor,,,
752,ECTM.S1AG1222,2017.03,134.4,,F,Dollars,6,Electronic Card Transactions (ANZSIC06) - ECT,Private - Values - Electronic card transactions  A/S/T by industry,Actual,Liquor,,,
753,ECTM.S1AG1222,2017.04,129.4,,F,Dollars,6,Electronic Card Transactions (ANZSIC06) - ECT,Private - Values - Electronic card transactions  A/S/T by industry,Actual,Liquor,,,
754,ECTM.S1AG1222,2017.05,121.7,,F,Dollars,6,Electronic Card Transactions (ANZSIC06) - ECT,Private - Values - Electronic card transactions  A/S/T by industry,Actual,Liquor,,,
755,ECTM.S1AG1222,2017.06,121.9,,F,Dollars,6,Electronic Card Transactions (ANZSIC06) - ECT,Private - Values - Electronic card transactions  A/S/T by industry,Actual,Liquor,,,
756,ECTM.S1AG1222,2017.07,122.8,,F,Dollars,6,Electronic Card Transactions (ANZSIC06) - ECT,Private - Values - Electronic card transactions  A/S/T by industry,Actual,Liquor,,,
757,ECTM.S1AG1222,2017.08,123.8,,F,Dollars,6,Electronic Card Transactions (ANZSIC06) - ECT,Private - Values - Electronic card transactions  A/S/T by industry,Actual,Liquor,,,
758,ECTM.S1AG1222,2017.09,128.6,,F,Dollars,6,Electronic Card Transactions (ANZSIC06) - ECT,Private - Values - Electronic card transactions  A/S/T by industry,Actual,Liquor,,,
759,ECTM.S1AG1222,2017.1,136.5,,F,Dollars,6,Electronic Card Transactions (ANZSIC06) - ECT,Private - Values - Electronic card transactions  A/S/T by industry,Actual,Liquor,,,
760,ECTM.S1AG1222,2017.11,146.9,,F,Dollars,6,Electronic Card Transactions (ANZSIC06) - ECT,Private - Values - Electronic card transactions  A/S/T by industry,Actual,Liquor,,,
761,ECTM.S1AG1222,2017.12,216.4,,F,Dollars,6,Electronic Card Transactions (ANZSIC06) - ECT,Private - Values - Electronic card transactions  A/S/T by industry,Actual,Liquor,,,
762,ECTM.S1AG1222,2018.01,145.5,,F,Dollars,6,Electronic Card Transactions (ANZSIC06) - ECT,Private - Values - Electronic card transactions  A/S/T by industry,Actual,Liquor,,,
763,ECTM.S1AG1222,2018.02,136.7,,F,Dollars,6,Electronic Card Transactions (ANZSIC06) - ECT,Private - Values - Electronic card transactions  A/S/T by industry,Actual,Liquor,,,
764,ECTM.S1AG1222,2018.03,153.8,,F,Dollars,6,Electronic Card Transactions (ANZSIC06) - ECT,Private - Values - Electronic card transactions  A/S/T by industry,Actual,Liquor,,,
765,ECTM.S1AG1222,2018.04,134.6,,F,Dollars,6,Electronic Card Transactions (ANZSIC06) - ECT,Private - Values - Electronic card transactions  A/S/T by industry,Actual,Liquor,,,
766,ECTM.S1AG1222,2018.05,133.9,,F,Dollars,6,Electronic Card Transactions (ANZSIC06) - ECT,Private - Values - Electronic card transactions  A/S/T by industry,Actual,Liquor,,,
767,ECTM.S1AG1222,2018.06,134.1,,F,Dollars,6,Electronic Card Transactions (ANZSIC06) - ECT,Private - Values - Electronic card transactions  A/S/T by industry,Actual,Liquor,,,
768,ECTM.S1AG1222,2018.07,129.6,,F,Dollars,6,Electronic Card Transactions (ANZSIC06) - ECT,Private - Values - Electronic card transactions  A/S/T by industry,Actual,Liquor,,,
769,ECTM.S1AG1222,2018.08,135.4,,F,Dollars,6,Electronic Card Transactions (ANZSIC06) - ECT,Private - Values - Electronic card transactions  A/S/T by industry,Actual,Liquor,,,
770,ECTM.S1AG1222,2018.09,136.7,,F,Dollars,6,Electronic Card Transactions (ANZSIC06) - ECT,Private - Values - Electronic card transactions  A/S/T by industry,Actual,Liquor,,,
771,ECTM.S1AG1222,2018.1,148.1,,F,Dollars,6,Electronic Card Transactions (ANZSIC06) - ECT,Private - Values - Electronic card transactions  A/S/T by industry,Actual,Liquor,,,
772,ECTM.S1AG1222,2018.11,159.6,,F,Dollars,6,Electronic Card Transactions (ANZSIC06) - ECT,Private - Values - Electronic card transactions  A/S/T by industry,Actual,Liquor,,,
773,ECTM.S1AG1222,2018.12,227.3,,F,Dollars,6,Electronic Card Transactions (ANZSIC06) - ECT,Private - Values - Electronic card transactions  A/S/T by industry,Actual,Liquor,,,
774,ECTM.S1AG1222,2019.01,156.8,,F,Dollars,6,Electronic Card Transactions (ANZSIC06) - ECT,Private - Values - Electronic card transactions  A/S/T by industry,Actual,Liquor,,,
775,ECTM.S1AG1222,2019.02,148.5,,F,Dollars,6,Electronic Card Transactions (ANZSIC06) - ECT,Private - Values - Electronic card transactions  A/S/T by industry,Actual,Liquor,,,
776,ECTM.S1AG1222,2019.03,160.7,,F,Dollars,6,Electronic Card Transactions (ANZSIC06) - ECT,Private - Values - Electronic card transactions  A/S/T by industry,Actual,Liquor,,,
777,ECTM.S1AG1222,2019.04,146.2,,F,Dollars,6,Electronic Card Transactions (ANZSIC06) - ECT,Private - Values - Electronic card transactions  A/S/T by industry,Actual,Liquor,,,
778,ECTM.S1AG1222,2019.05,146.3,,F,Dollars,6,Electronic Card Transactions (ANZSIC06) - ECT,Private - Values - Electronic card transactions  A/S/T by industry,Actual,Liquor,,,
779,ECTM.S1AG1222,2019.06,138.3,,F,Dollars,6,Electronic Card Transactions (ANZSIC06) - ECT,Private - Values - Electronic card transactions  A/S/T by industry,Actual,Liquor,,,
780,ECTM.S1AG1222,2019.07,135.6,,F,Dollars,6,Electronic Card Transactions (ANZSIC06) - ECT,Private - Values - Electronic card transactions  A/S/T by industry,Actual,Liquor,,,
781,ECTM.S1AG1222,2019.08,146.2,,F,Dollars,6,Electronic Card Transactions (ANZSIC06) - ECT,Private - Values - Electronic card transactions  A/S/T by industry,Actual,Liquor,,,
782,ECTM.S1AG1222,2019.09,138.5,,F,Dollars,6,Electronic Card Transactions (ANZSIC06) - ECT,Private - Values - Electronic card transactions  A/S/T by industry,Actual,Liquor,,,
783,ECTM.S1AG1222,2019.1,154.9,,F,Dollars,6,Electronic Card Transactions (ANZSIC06) - ECT,Private - Values - Electronic card transactions  A/S/T by industry,Actual,Liquor,,,
784,ECTM.S1AG1222,2019.11,173.1,,F,Dollars,6,Electronic Card Transactions (ANZSIC06) - ECT,Private - Values - Electronic card transactions  A/S/T by industry,Actual,Liquor,,,
785,ECTM.S1AG1222,2019.12,235.2,,F,Dollars,6,Electronic Card Transactions (ANZSIC06) - ECT,Private - Values - Electronic card transactions  A/S/T by industry,Actual,Liquor,,,
786,ECTM.S1AG1222,2020.01,162.9,,F,Dollars,6,Electronic Card Transactions (ANZSIC06) - ECT,Private - Values - Electronic card transactions  A/S/T by industry,Actual,Liquor,,,
787,ECTM.S1AG1222,2020.02,166,,F,Dollars,6,Electronic Card Transactions (ANZSIC06) - ECT,Private - Values - Electronic card transactions  A/S/T by industry,Actual,Liquor,,,
788,ECTM.S1AG1222,2020.03,192.8,,F,Dollars,6,Electronic Card Transactions (ANZSIC06) - ECT,Private - Values - Electronic card transactions  A/S/T by industry,Actual,Liquor,,,
789,ECTM.S1AG1222,2020.04,52.2,,F,Dollars,6,Electronic Card Transactions (ANZSIC06) - ECT,Private - Values - Electronic card transactions  A/S/T by industry,Actual,Liquor,,,
790,ECTM.S1SG1222,2007.03,69.9,,R,Dollars,6,Electronic Card Transactions (ANZSIC06) - ECT,Private - Values - Electronic card transactions  A/S/T by industry,Seasonally adjusted,Liquor,,,
791,ECTM.S1SG1222,2007.04,68.8,,R,Dollars,6,Electronic Card Transactions (ANZSIC06) - ECT,Private - Values - Electronic card transactions  A/S/T by industry,Seasonally adjusted,Liquor,,,
792,ECTM.S1SG1222,2007.05,69.3,,R,Dollars,6,Electronic Card Transactions (ANZSIC06) - ECT,Private - Values - Electronic card transactions  A/S/T by industry,Seasonally adjusted,Liquor,,,
793,ECTM.S1SG1222,2007.06,70.3,,R,Dollars,6,Electronic Card Transactions (ANZSIC06) - ECT,Private - Values - Electronic card transactions  A/S/T by industry,Seasonally adjusted,Liquor,,,
794,ECTM.S1SG1222,2007.07,68.5,,R,Dollars,6,Electronic Card Transactions (ANZSIC06) - ECT,Private - Values - Electronic card transactions  A/S/T by industry,Seasonally adjusted,Liquor,,,
795,ECTM.S1SG1222,2007.08,73.8,,R,Dollars,6,Electronic Card Transactions (ANZSIC06) - ECT,Private - Values - Electronic card transactions  A/S/T by industry,Seasonally adjusted,Liquor,,,
796,ECTM.S1SG1222,2007.09,72.8,,R,Dollars,6,Electronic Card Transactions (ANZSIC06) - ECT,Private - Values - Electronic card transactions  A/S/T by industry,Seasonally adjusted,Liquor,,,
797,ECTM.S1SG1222,2007.1,71.4,,R,Dollars,6,Electronic Card Transactions (ANZSIC06) - ECT,Private - Values - Electronic card transactions  A/S/T by industry,Seasonally adjusted,Liquor,,,
798,ECTM.S1SG1222,2007.11,73.4,,R,Dollars,6,Electronic Card Transactions (ANZSIC06) - ECT,Private - Values - Electronic card transactions  A/S/T by industry,Seasonally adjusted,Liquor,,,
799,ECTM.S1SG1222,2007.12,73.1,,R,Dollars,6,Electronic Card Transactions (ANZSIC06) - ECT,Private - Values - Electronic card transactions  A/S/T by industry,Seasonally adjusted,Liquor,,,
800,ECTM.S1SG1222,2008.01,73.8,,R,Dollars,6,Electronic Card Transactions (ANZSIC06) - ECT,Private - Values - Electronic card transactions  A/S/T by industry,Seasonally adjusted,Liquor,,,
801,ECTM.S1SG1222,2008.02,72.5,,R,Dollars,6,Electronic Card Transactions (ANZSIC06) - ECT,Private - Values - Electronic card transactions  A/S/T by industry,Seasonally adjusted,Liquor,,,
802,ECTM.S1SG1222,2008.03,73.7,,R,Dollars,6,Electronic Card Transactions (ANZSIC06) - ECT,Private - Values - Electronic card transactions  A/S/T by industry,Seasonally adjusted,Liquor,,,
803,ECTM.S1SG1222,2008.04,71.6,,R,Dollars,6,Electronic Card Transactions (ANZSIC06) - ECT,Private - Values - Electronic card transactions  A/S/T by industry,Seasonally adjusted,Liquor,,,
804,ECTM.S1SG1222,2008.05,73.1,,R,Dollars,6,Electronic Card Transactions (ANZSIC06) - ECT,Private - Values - Electronic card transactions  A/S/T by industry,Seasonally adjusted,Liquor,,,
805,ECTM.S1SG1222,2008.06,72.3,,R,Dollars,6,Electronic Card Transactions (ANZSIC06) - ECT,Private - Values - Electronic card transactions  A/S/T by industry,Seasonally adjusted,Liquor,,,
806,ECTM.S1SG1222,2008.07,72.6,,R,Dollars,6,Electronic Card Transactions (ANZSIC06) - ECT,Private - Values - Electronic card transactions  A/S/T by industry,Seasonally adjusted,Liquor,,,
807,ECTM.S1SG1222,2008.08,72.7,,R,Dollars,6,Electronic Card Transactions (ANZSIC06) - ECT,Private - Values - Electronic card transactions  A/S/T by industry,Seasonally adjusted,Liquor,,,
808,ECTM.S1SG1222,2008.09,70.5,,R,Dollars,6,Electronic Card Transactions (ANZSIC06) - ECT,Private - Values - Electronic card transactions  A/S/T by industry,Seasonally adjusted,Liquor,,,
809,ECTM.S1SG1222,2008.1,75.9,,R,Dollars,6,Electronic Card Transactions (ANZSIC06) - ECT,Private - Values - Electronic card transactions  A/S/T by industry,Seasonally adjusted,Liquor,,,
810,ECTM.S1SG1222,2008.11,77.5,,R,Dollars,6,Electronic Card Transactions (ANZSIC06) - ECT,Private - Values - Electronic card transactions  A/S/T by industry,Seasonally adjusted,Liquor,,,
811,ECTM.S1SG1222,2008.12,77.3,,R,Dollars,6,Electronic Card Transactions (ANZSIC06) - ECT,Private - Values - Electronic card transactions  A/S/T by industry,Seasonally adjusted,Liquor,,,
812,ECTM.S1SG1222,2009.01,78.6,,R,Dollars,6,Electronic Card Transactions (ANZSIC06) - ECT,Private - Values - Electronic card transactions  A/S/T by industry,Seasonally adjusted,Liquor,,,
813,ECTM.S1SG1222,2009.02,78.2,,R,Dollars,6,Electronic Card Transactions (ANZSIC06) - ECT,Private - Values - Electronic card transactions  A/S/T by industry,Seasonally adjusted,Liquor,,,
814,ECTM.S1SG1222,2009.03,77.5,,R,Dollars,6,Electronic Card Transactions (ANZSIC06) - ECT,Private - Values - Electronic card transactions  A/S/T by industry,Seasonally adjusted,Liquor,,,
815,ECTM.S1SG1222,2009.04,83.9,,R,Dollars,6,Electronic Card Transactions (ANZSIC06) - ECT,Private - Values - Electronic card transactions  A/S/T by industry,Seasonally adjusted,Liquor,,,
816,ECTM.S1SG1222,2009.05,82.3,,R,Dollars,6,Electronic Card Transactions (ANZSIC06) - ECT,Private - Values - Electronic card transactions  A/S/T by industry,Seasonally adjusted,Liquor,,,
817,ECTM.S1SG1222,2009.06,78.4,,R,Dollars,6,Electronic Card Transactions (ANZSIC06) - ECT,Private - Values - Electronic card transactions  A/S/T by industry,Seasonally adjusted,Liquor,,,
818,ECTM.S1SG1222,2009.07,85.1,,R,Dollars,6,Electronic Card Transactions (ANZSIC06) - ECT,Private - Values - Electronic card transactions  A/S/T by industry,Seasonally adjusted,Liquor,,,
819,ECTM.S1SG1222,2009.08,83.6,,R,Dollars,6,Electronic Card Transactions (ANZSIC06) - ECT,Private - Values - Electronic card transactions  A/S/T by industry,Seasonally adjusted,Liquor,,,
820,ECTM.S1SG1222,2009.09,82.7,,R,Dollars,6,Electronic Card Transactions (ANZSIC06) - ECT,Private - Values - Electronic card transactions  A/S/T by industry,Seasonally adjusted,Liquor,,,
821,ECTM.S1SG1222,2009.1,82.6,,R,Dollars,6,Electronic Card Transactions (ANZSIC06) - ECT,Private - Values - Electronic card transactions  A/S/T by industry,Seasonally adjusted,Liquor,,,
822,ECTM.S1SG1222,2009.11,81.5,,R,Dollars,6,Electronic Card Transactions (ANZSIC06) - ECT,Private - Values - Electronic card transactions  A/S/T by industry,Seasonally adjusted,Liquor,,,
823,ECTM.S1SG1222,2009.12,83.2,,R,Dollars,6,Electronic Card Transactions (ANZSIC06) - ECT,Private - Values - Electronic card transactions  A/S/T by industry,Seasonally adjusted,Liquor,,,
824,ECTM.S1SG1222,2010.01,81.2,,R,Dollars,6,Electronic Card Transactions (ANZSIC06) - ECT,Private - Values - Electronic card transactions  A/S/T by industry,Seasonally adjusted,Liquor,,,
825,ECTM.S1SG1222,2010.02,82.6,,R,Dollars,6,Electronic Card Transactions (ANZSIC06) - ECT,Private - Values - Electronic card transactions  A/S/T by industry,Seasonally adjusted,Liquor,,,
826,ECTM.S1SG1222,2010.03,81.3,,R,Dollars,6,Electronic Card Transactions (ANZSIC06) - ECT,Private - Values - Electronic card transactions  A/S/T by industry,Seasonally adjusted,Liquor,,,
827,ECTM.S1SG1222,2010.04,82,,R,Dollars,6,Electronic Card Transactions (ANZSIC06) - ECT,Private - Values - Electronic card transactions  A/S/T by industry,Seasonally adjusted,Liquor,,,
828,ECTM.S1SG1222,2010.05,79.5,,R,Dollars,6,Electronic Card Transactions (ANZSIC06) - ECT,Private - Values - Electronic card transactions  A/S/T by industry,Seasonally adjusted,Liquor,,,
829,ECTM.S1SG1222,2010.06,78.7,,R,Dollars,6,Electronic Card Transactions (ANZSIC06) - ECT,Private - Values - Electronic card transactions  A/S/T by industry,Seasonally adjusted,Liquor,,,
830,ECTM.S1SG1222,2010.07,80,,R,Dollars,6,Electronic Card Transactions (ANZSIC06) - ECT,Private - Values - Electronic card transactions  A/S/T by industry,Seasonally adjusted,Liquor,,,
831,ECTM.S1SG1222,2010.08,75.9,,R,Dollars,6,Electronic Card Transactions (ANZSIC06) - ECT,Private - Values - Electronic card transactions  A/S/T by industry,Seasonally adjusted,Liquor,,,
832,ECTM.S1SG1222,2010.09,82,,R,Dollars,6,Electronic Card Transactions (ANZSIC06) - ECT,Private - Values - Electronic card transactions  A/S/T by industry,Seasonally adjusted,Liquor,,,
833,ECTM.S1SG1222,2010.1,82.5,,R,Dollars,6,Electronic Card Transactions (ANZSIC06) - ECT,Private - Values - Electronic card transactions  A/S/T by industry,Seasonally adjusted,Liquor,,,
834,ECTM.S1SG1222,2010.11,84,,R,Dollars,6,Electronic Card Transactions (ANZSIC06) - ECT,Private - Values - Electronic card transactions  A/S/T by industry,Seasonally adjusted,Liquor,,,
835,ECTM.S1SG1222,2010.12,86.7,,R,Dollars,6,Electronic Card Transactions (ANZSIC06) - ECT,Private - Values - Electronic card transactions  A/S/T by industry,Seasonally adjusted,Liquor,,,
836,ECTM.S1SG1222,2011.01,86.4,,R,Dollars,6,Electronic Card Transactions (ANZSIC06) - ECT,Private - Values - Electronic card transactions  A/S/T by industry,Seasonally adjusted,Liquor,,,
837,ECTM.S1SG1222,2011.02,86.4,,R,Dollars,6,Electronic Card Transactions (ANZSIC06) - ECT,Private - Values - Electronic card transactions  A/S/T by industry,Seasonally adjusted,Liquor,,,
838,ECTM.S1SG1222,2011.03,89.2,,R,Dollars,6,Electronic Card Transactions (ANZSIC06) - ECT,Private - Values - Electronic card transactions  A/S/T by industry,Seasonally adjusted,Liquor,,,
839,ECTM.S1SG1222,2011.04,88.3,,R,Dollars,6,Electronic Card Transactions (ANZSIC06) - ECT,Private - Values - Electronic card transactions  A/S/T by industry,Seasonally adjusted,Liquor,,,
840,ECTM.S1SG1222,2011.05,85.9,,R,Dollars,6,Electronic Card Transactions (ANZSIC06) - ECT,Private - Values - Electronic card transactions  A/S/T by industry,Seasonally adjusted,Liquor,,,
841,ECTM.S1SG1222,2011.06,93.3,,R,Dollars,6,Electronic Card Transactions (ANZSIC06) - ECT,Private - Values - Electronic card transactions  A/S/T by industry,Seasonally adjusted,Liquor,,,
842,ECTM.S1SG1222,2011.07,91.1,,R,Dollars,6,Electronic Card Transactions (ANZSIC06) - ECT,Private - Values - Electronic card transactions  A/S/T by industry,Seasonally adjusted,Liquor,,,
843,ECTM.S1SG1222,2011.08,89,,R,Dollars,6,Electronic Card Transactions (ANZSIC06) - ECT,Private - Values - Electronic card transactions  A/S/T by industry,Seasonally adjusted,Liquor,,,
844,ECTM.S1SG1222,2011.09,92.2,,R,Dollars,6,Electronic Card Transactions (ANZSIC06) - ECT,Private - Values - Electronic card transactions  A/S/T by industry,Seasonally adjusted,Liquor,,,
845,ECTM.S1SG1222,2011.1,92.3,,R,Dollars,6,Electronic Card Transactions (ANZSIC06) - ECT,Private - Values - Electronic card transactions  A/S/T by industry,Seasonally adjusted,Liquor,,,
846,ECTM.S1SG1222,2011.11,89.7,,R,Dollars,6,Electronic Card Transactions (ANZSIC06) - ECT,Private - Values - Electronic card transactions  A/S/T by industry,Seasonally adjusted,Liquor,,,
847,ECTM.S1SG1222,2011.12,87.9,,R,Dollars,6,Electronic Card Transactions (ANZSIC06) - ECT,Private - Values - Electronic card transactions  A/S/T by industry,Seasonally adjusted,Liquor,,,
848,ECTM.S1SG1222,2012.01,87.7,,R,Dollars,6,Electronic Card Transactions (ANZSIC06) - ECT,Private - Values - Electronic card transactions  A/S/T by industry,Seasonally adjusted,Liquor,,,
849,ECTM.S1SG1222,2012.02,92.6,,R,Dollars,6,Electronic Card Transactions (ANZSIC06) - ECT,Private - Values - Electronic card transactions  A/S/T by industry,Seasonally adjusted,Liquor,,,
850,ECTM.S1SG1222,2012.03,90.8,,R,Dollars,6,Electronic Card Transactions (ANZSIC06) - ECT,Private - Values - Electronic card transactions  A/S/T by industry,Seasonally adjusted,Liquor,,,
851,ECTM.S1SG1222,2012.04,92.3,,R,Dollars,6,Electronic Card Transactions (ANZSIC06) - ECT,Private - Values - Electronic card transactions  A/S/T by industry,Seasonally adjusted,Liquor,,,
852,ECTM.S1SG1222,2012.05,95.8,,R,Dollars,6,Electronic Card Transactions (ANZSIC06) - ECT,Private - Values - Electronic card transactions  A/S/T by industry,Seasonally adjusted,Liquor,,,
853,ECTM.S1SG1222,2012.06,94.7,,R,Dollars,6,Electronic Card Transactions (ANZSIC06) - ECT,Private - Values - Electronic card transactions  A/S/T by industry,Seasonally adjusted,Liquor,,,
854,ECTM.S1SG1222,2012.07,93.9,,R,Dollars,6,Electronic Card Transactions (ANZSIC06) - ECT,Private - Values - Electronic card transactions  A/S/T by industry,Seasonally adjusted,Liquor,,,
855,ECTM.S1SG1222,2012.08,99,,R,Dollars,6,Electronic Card Transactions (ANZSIC06) - ECT,Private - Values - Electronic card transactions  A/S/T by industry,Seasonally adjusted,Liquor,,,
856,ECTM.S1SG1222,2012.09,98.3,,R,Dollars,6,Electronic Card Transactions (ANZSIC06) - ECT,Private - Values - Electronic card transactions  A/S/T by industry,Seasonally adjusted,Liquor,,,
857,ECTM.S1SG1222,2012.1,95.3,,R,Dollars,6,Electronic Card Transactions (ANZSIC06) - ECT,Private - Values - Electronic card transactions  A/S/T by industry,Seasonally adjusted,Liquor,,,
858,ECTM.S1SG1222,2012.11,98.4,,R,Dollars,6,Electronic Card Transactions (ANZSIC06) - ECT,Private - Values - Electronic card transactions  A/S/T by industry,Seasonally adjusted,Liquor,,,
859,ECTM.S1SG1222,2012.12,98.2,,R,Dollars,6,Electronic Card Transactions (ANZSIC06) - ECT,Private - Values - Electronic card transactions  A/S/T by industry,Seasonally adjusted,Liquor,,,
860,ECTM.S1SG1222,2013.01,101.4,,R,Dollars,6,Electronic Card Transactions (ANZSIC06) - ECT,Private - Values - Electronic card transactions  A/S/T by industry,Seasonally adjusted,Liquor,,,
861,ECTM.S1SG1222,2013.02,98.8,,R,Dollars,6,Electronic Card Transactions (ANZSIC06) - ECT,Private - Values - Electronic card transactions  A/S/T by industry,Seasonally adjusted,Liquor,,,
862,ECTM.S1SG1222,2013.03,101.5,,R,Dollars,6,Electronic Card Transactions (ANZSIC06) - ECT,Private - Values - Electronic card transactions  A/S/T by industry,Seasonally adjusted,Liquor,,,
863,ECTM.S1SG1222,2013.04,96.1,,R,Dollars,6,Electronic Card Transactions (ANZSIC06) - ECT,Private - Values - Electronic card transactions  A/S/T by industry,Seasonally adjusted,Liquor,,,
864,ECTM.S1SG1222,2013.05,101.7,,R,Dollars,6,Electronic Card Transactions (ANZSIC06) - ECT,Private - Values - Electronic card transactions  A/S/T by industry,Seasonally adjusted,Liquor,,,
865,ECTM.S1SG1222,2013.06,101,,R,Dollars,6,Electronic Card Transactions (ANZSIC06) - ECT,Private - Values - Electronic card transactions  A/S/T by industry,Seasonally adjusted,Liquor,,,
866,ECTM.S1SG1222,2013.07,100.8,,R,Dollars,6,Electronic Card Transactions (ANZSIC06) - ECT,Private - Values - Electronic card transactions  A/S/T by industry,Seasonally adjusted,Liquor,,,
867,ECTM.S1SG1222,2013.08,102.8,,R,Dollars,6,Electronic Card Transactions (ANZSIC06) - ECT,Private - Values - Electronic card transactions  A/S/T by industry,Seasonally adjusted,Liquor,,,
868,ECTM.S1SG1222,2013.09,100.5,,R,Dollars,6,Electronic Card Transactions (ANZSIC06) - ECT,Private - Values - Electronic card transactions  A/S/T by industry,Seasonally adjusted,Liquor,,,
869,ECTM.S1SG1222,2013.1,104,,R,Dollars,6,Electronic Card Transactions (ANZSIC06) - ECT,Private - Values - Electronic card transactions  A/S/T by industry,Seasonally adjusted,Liquor,,,
870,ECTM.S1SG1222,2013.11,102.5,,R,Dollars,6,Electronic Card Transactions (ANZSIC06) - ECT,Private - Values - Electronic card transactions  A/S/T by industry,Seasonally adjusted,Liquor,,,
871,ECTM.S1SG1222,2013.12,102.6,,R,Dollars,6,Electronic Card Transactions (ANZSIC06) - ECT,Private - Values - Electronic card transactions  A/S/T by industry,Seasonally adjusted,Liquor,,,
872,ECTM.S1SG1222,2014.01,104.8,,R,Dollars,6,Electronic Card Transactions (ANZSIC06) - ECT,Private - Values - Electronic card transactions  A/S/T by industry,Seasonally adjusted,Liquor,,,
873,ECTM.S1SG1222,2014.02,104.3,,R,Dollars,6,Electronic Card Transactions (ANZSIC06) - ECT,Private - Values - Electronic card transactions  A/S/T by industry,Seasonally adjusted,Liquor,,,
874,ECTM.S1SG1222,2014.03,104.2,,R,Dollars,6,Electronic Card Transactions (ANZSIC06) - ECT,Private - Values - Electronic card transactions  A/S/T by industry,Seasonally adjusted,Liquor,,,
875,ECTM.S1SG1222,2014.04,106.6,,R,Dollars,6,Electronic Card Transactions (ANZSIC06) - ECT,Private - Values - Electronic card transactions  A/S/T by industry,Seasonally adjusted,Liquor,,,
876,ECTM.S1SG1222,2014.05,105.9,,R,Dollars,6,Electronic Card Transactions (ANZSIC06) - ECT,Private - Values - Electronic card transactions  A/S/T by industry,Seasonally adjusted,Liquor,,,
877,ECTM.S1SG1222,2014.06,105.2,,R,Dollars,6,Electronic Card Transactions (ANZSIC06) - ECT,Private - Values - Electronic card transactions  A/S/T by industry,Seasonally adjusted,Liquor,,,
878,ECTM.S1SG1222,2014.07,106.4,,R,Dollars,6,Electronic Card Transactions (ANZSIC06) - ECT,Private - Values - Electronic card transactions  A/S/T by industry,Seasonally adjusted,Liquor,,,
879,ECTM.S1SG1222,2014.08,106.5,,R,Dollars,6,Electronic Card Transactions (ANZSIC06) - ECT,Private - Values - Electronic card transactions  A/S/T by industry,Seasonally adjusted,Liquor,,,
880,ECTM.S1SG1222,2014.09,104,,R,Dollars,6,Electronic Card Transactions (ANZSIC06) - ECT,Private - Values - Electronic card transactions  A/S/T by industry,Seasonally adjusted,Liquor,,,
881,ECTM.S1SG1222,2014.1,110.4,,R,Dollars,6,Electronic Card Transactions (ANZSIC06) - ECT,Private - Values - Electronic card transactions  A/S/T by industry,Seasonally adjusted,Liquor,,,
882,ECTM.S1SG1222,2014.11,110.2,,R,Dollars,6,Electronic Card Transactions (ANZSIC06) - ECT,Private - Values - Electronic card transactions  A/S/T by industry,Seasonally adjusted,Liquor,,,
883,ECTM.S1SG1222,2014.12,108.7,,R,Dollars,6,Electronic Card Transactions (ANZSIC06) - ECT,Private - Values - Electronic card transactions  A/S/T by industry,Seasonally adjusted,Liquor,,,
884,ECTM.S1SG1222,2015.01,110.4,,R,Dollars,6,Electronic Card Transactions (ANZSIC06) - ECT,Private - Values - Electronic card transactions  A/S/T by industry,Seasonally adjusted,Liquor,,,
885,ECTM.S1SG1222,2015.02,109.6,,R,Dollars,6,Electronic Card Transactions (ANZSIC06) - ECT,Private - Values - Electronic card transactions  A/S/T by industry,Seasonally adjusted,Liquor,,,
886,ECTM.S1SG1222,2015.03,108.7,,R,Dollars,6,Electronic Card Transactions (ANZSIC06) - ECT,Private - Values - Electronic card transactions  A/S/T by industry,Seasonally adjusted,Liquor,,,
887,ECTM.S1SG1222,2015.04,116.6,,R,Dollars,6,Electronic Card Transactions (ANZSIC06) - ECT,Private - Values - Electronic card transactions  A/S/T by industry,Seasonally adjusted,Liquor,,,
888,ECTM.S1SG1222,2015.05,114.6,,R,Dollars,6,Electronic Card Transactions (ANZSIC06) - ECT,Private - Values - Electronic card transactions  A/S/T by industry,Seasonally adjusted,Liquor,,,
889,ECTM.S1SG1222,2015.06,108.8,,R,Dollars,6,Electronic Card Transactions (ANZSIC06) - ECT,Private - Values - Electronic card transactions  A/S/T by industry,Seasonally adjusted,Liquor,,,
890,ECTM.S1SG1222,2015.07,118.1,,R,Dollars,6,Electronic Card Transactions (ANZSIC06) - ECT,Private - Values - Electronic card transactions  A/S/T by industry,Seasonally adjusted,Liquor,,,
891,ECTM.S1SG1222,2015.08,115.5,,R,Dollars,6,Electronic Card Transactions (ANZSIC06) - ECT,Private - Values - Electronic card transactions  A/S/T by industry,Seasonally adjusted,Liquor,,,
892,ECTM.S1SG1222,2015.09,119.1,,R,Dollars,6,Electronic Card Transactions (ANZSIC06) - ECT,Private - Values - Electronic card transactions  A/S/T by industry,Seasonally adjusted,Liquor,,,
893,ECTM.S1SG1222,2015.1,118.7,,R,Dollars,6,Electronic Card Transactions (ANZSIC06) - ECT,Private - Values - Electronic card transactions  A/S/T by industry,Seasonally adjusted,Liquor,,,
894,ECTM.S1SG1222,2015.11,118.5,,R,Dollars,6,Electronic Card Transactions (ANZSIC06) - ECT,Private - Values - Electronic card transactions  A/S/T by industry,Seasonally adjusted,Liquor,,,
895,ECTM.S1SG1222,2015.12,122.9,,R,Dollars,6,Electronic Card Transactions (ANZSIC06) - ECT,Private - Values - Electronic card transactions  A/S/T by industry,Seasonally adjusted,Liquor,,,
896,ECTM.S1SG1222,2016.01,118.9,,R,Dollars,6,Electronic Card Transactions (ANZSIC06) - ECT,Private - Values - Electronic card transactions  A/S/T by industry,Seasonally adjusted,Liquor,,,
897,ECTM.S1SG1222,2016.02,121.3,,R,Dollars,6,Electronic Card Transactions (ANZSIC06) - ECT,Private - Values - Electronic card transactions  A/S/T by industry,Seasonally adjusted,Liquor,,,
898,ECTM.S1SG1222,2016.03,123.2,,R,Dollars,6,Electronic Card Transactions (ANZSIC06) - ECT,Private - Values - Electronic card transactions  A/S/T by industry,Seasonally adjusted,Liquor,,,
899,ECTM.S1SG1222,2016.04,121.5,,R,Dollars,6,Electronic Card Transactions (ANZSIC06) - ECT,Private - Values - Electronic card transactions  A/S/T by industry,Seasonally adjusted,Liquor,,,
900,ECTM.S1SG1222,2016.05,120.8,,R,Dollars,6,Electronic Card Transactions (ANZSIC06) - ECT,Private - Values - Electronic card transactions  A/S/T by industry,Seasonally adjusted,Liquor,,,
901,ECTM.S1SG1222,2016.06,128.9,,R,Dollars,6,Electronic Card Transactions (ANZSIC06) - ECT,Private - Values - Electronic card transactions  A/S/T by industry,Seasonally adjusted,Liquor,,,
902,ECTM.S1SG1222,2016.07,126.7,,R,Dollars,6,Electronic Card Transactions (ANZSIC06) - ECT,Private - Values - Electronic card transactions  A/S/T by industry,Seasonally adjusted,Liquor,,,
903,ECTM.S1SG1222,2016.08,123.6,,R,Dollars,6,Electronic Card Transactions (ANZSIC06) - ECT,Private - Values - Electronic card transactions  A/S/T by industry,Seasonally adjusted,Liquor,,,
904,ECTM.S1SG1222,2016.09,128.5,,R,Dollars,6,Electronic Card Transactions (ANZSIC06) - ECT,Private - Values - Electronic card transactions  A/S/T by industry,Seasonally adjusted,Liquor,,,
905,ECTM.S1SG1222,2016.1,125.7,,R,Dollars,6,Electronic Card Transactions (ANZSIC06) - ECT,Private - Values - Electronic card transactions  A/S/T by industry,Seasonally adjusted,Liquor,,,
906,ECTM.S1SG1222,2016.11,126.6,,R,Dollars,6,Electronic Card Transactions (ANZSIC06) - ECT,Private - Values - Electronic card transactions  A/S/T by industry,Seasonally adjusted,Liquor,,,
907,ECTM.S1SG1222,2016.12,127.5,,R,Dollars,6,Electronic Card Transactions (ANZSIC06) - ECT,Private - Values - Electronic card transactions  A/S/T by industry,Seasonally adjusted,Liquor,,,
908,ECTM.S1SG1222,2017.01,127.6,,R,Dollars,6,Electronic Card Transactions (ANZSIC06) - ECT,Private - Values - Electronic card transactions  A/S/T by industry,Seasonally adjusted,Liquor,,,
909,ECTM.S1SG1222,2017.02,131.6,,R,Dollars,6,Electronic Card Transactions (ANZSIC06) - ECT,Private - Values - Electronic card transactions  A/S/T by industry,Seasonally adjusted,Liquor,,,
910,ECTM.S1SG1222,2017.03,133.8,,R,Dollars,6,Electronic Card Transactions (ANZSIC06) - ECT,Private - Values - Electronic card transactions  A/S/T by industry,Seasonally adjusted,Liquor,,,
911,ECTM.S1SG1222,2017.04,136.8,,R,Dollars,6,Electronic Card Transactions (ANZSIC06) - ECT,Private - Values - Electronic card transactions  A/S/T by industry,Seasonally adjusted,Liquor,,,
912,ECTM.S1SG1222,2017.05,132.6,,R,Dollars,6,Electronic Card Transactions (ANZSIC06) - ECT,Private - Values - Electronic card transactions  A/S/T by industry,Seasonally adjusted,Liquor,,,
913,ECTM.S1SG1222,2017.06,135.9,,R,Dollars,6,Electronic Card Transactions (ANZSIC06) - ECT,Private - Values - Electronic card transactions  A/S/T by industry,Seasonally adjusted,Liquor,,,
914,ECTM.S1SG1222,2017.07,137.3,,R,Dollars,6,Electronic Card Transactions (ANZSIC06) - ECT,Private - Values - Electronic card transactions  A/S/T by industry,Seasonally adjusted,Liquor,,,
915,ECTM.S1SG1222,2017.08,140.4,,R,Dollars,6,Electronic Card Transactions (ANZSIC06) - ECT,Private - Values - Electronic card transactions  A/S/T by industry,Seasonally adjusted,Liquor,,,
916,ECTM.S1SG1222,2017.09,138.4,,R,Dollars,6,Electronic Card Transactions (ANZSIC06) - ECT,Private - Values - Electronic card transactions  A/S/T by industry,Seasonally adjusted,Liquor,,,
917,ECTM.S1SG1222,2017.1,137.7,,R,Dollars,6,Electronic Card Transactions (ANZSIC06) - ECT,Private - Values - Electronic card transactions  A/S/T by industry,Seasonally adjusted,Liquor,,,
918,ECTM.S1SG1222,2017.11,146.6,,R,Dollars,6,Electronic Card Transactions (ANZSIC06) - ECT,Private - Values - Electronic card transactions  A/S/T by industry,Seasonally adjusted,Liquor,,,
919,ECTM.S1SG1222,2017.12,141.9,,R,Dollars,6,Electronic Card Transactions (ANZSIC06) - ECT,Private - Values - Electronic card transactions  A/S/T by industry,Seasonally adjusted,Liquor,,,
920,ECTM.S1SG1222,2018.01,142.2,,R,Dollars,6,Electronic Card Transactions (ANZSIC06) - ECT,Private - Values - Electronic card transactions  A/S/T by industry,Seasonally adjusted,Liquor,,,
921,ECTM.S1SG1222,2018.02,140.3,,R,Dollars,6,Electronic Card Transactions (ANZSIC06) - ECT,Private - Values - Electronic card transactions  A/S/T by industry,Seasonally adjusted,Liquor,,,
922,ECTM.S1SG1222,2018.03,146.7,,R,Dollars,6,Electronic Card Transactions (ANZSIC06) - ECT,Private - Values - Electronic card transactions  A/S/T by industry,Seasonally adjusted,Liquor,,,
923,ECTM.S1SG1222,2018.04,146.1,,R,Dollars,6,Electronic Card Transactions (ANZSIC06) - ECT,Private - Values - Electronic card transactions  A/S/T by industry,Seasonally adjusted,Liquor,,,
924,ECTM.S1SG1222,2018.05,147.7,,R,Dollars,6,Electronic Card Transactions (ANZSIC06) - ECT,Private - Values - Electronic card transactions  A/S/T by industry,Seasonally adjusted,Liquor,,,
925,ECTM.S1SG1222,2018.06,146.4,,R,Dollars,6,Electronic Card Transactions (ANZSIC06) - ECT,Private - Values - Electronic card transactions  A/S/T by industry,Seasonally adjusted,Liquor,,,
926,ECTM.S1SG1222,2018.07,146.2,,R,Dollars,6,Electronic Card Transactions (ANZSIC06) - ECT,Private - Values - Electronic card transactions  A/S/T by industry,Seasonally adjusted,Liquor,,,
927,ECTM.S1SG1222,2018.08,152.3,,R,Dollars,6,Electronic Card Transactions (ANZSIC06) - ECT,Private - Values - Electronic card transactions  A/S/T by industry,Seasonally adjusted,Liquor,,,
928,ECTM.S1SG1222,2018.09,152.4,,R,Dollars,6,Electronic Card Transactions (ANZSIC06) - ECT,Private - Values - Electronic card transactions  A/S/T by industry,Seasonally adjusted,Liquor,,,
929,ECTM.S1SG1222,2018.1,151.8,,R,Dollars,6,Electronic Card Transactions (ANZSIC06) - ECT,Private - Values - Electronic card transactions  A/S/T by industry,Seasonally adjusted,Liquor,,,
930,ECTM.S1SG1222,2018.11,150.6,,R,Dollars,6,Electronic Card Transactions (ANZSIC06) - ECT,Private - Values - Electronic card transactions  A/S/T by industry,Seasonally adjusted,Liquor,,,
931,ECTM.S1SG1222,2018.12,152,,R,Dollars,6,Electronic Card Transactions (ANZSIC06) - ECT,Private - Values - Electronic card transactions  A/S/T by industry,Seasonally adjusted,Liquor,,,
932,ECTM.S1SG1222,2019.01,153.8,,R,Dollars,6,Electronic Card Transactions (ANZSIC06) - ECT,Private - Values - Electronic card transactions  A/S/T by industry,Seasonally adjusted,Liquor,,,
933,ECTM.S1SG1222,2019.02,150.6,,R,Dollars,6,Electronic Card Transactions (ANZSIC06) - ECT,Private - Values - Electronic card transactions  A/S/T by industry,Seasonally adjusted,Liquor,,,
934,ECTM.S1SG1222,2019.03,154.1,,R,Dollars,6,Electronic Card Transactions (ANZSIC06) - ECT,Private - Values - Electronic card transactions  A/S/T by industry,Seasonally adjusted,Liquor,,,
935,ECTM.S1SG1222,2019.04,156.4,,R,Dollars,6,Electronic Card Transactions (ANZSIC06) - ECT,Private - Values - Electronic card transactions  A/S/T by industry,Seasonally adjusted,Liquor,,,
936,ECTM.S1SG1222,2019.05,160.3,,R,Dollars,6,Electronic Card Transactions (ANZSIC06) - ECT,Private - Values - Electronic card transactions  A/S/T by industry,Seasonally adjusted,Liquor,,,
937,ECTM.S1SG1222,2019.06,157.2,,R,Dollars,6,Electronic Card Transactions (ANZSIC06) - ECT,Private - Values - Electronic card transactions  A/S/T by industry,Seasonally adjusted,Liquor,,,
938,ECTM.S1SG1222,2019.07,156.9,,R,Dollars,6,Electronic Card Transactions (ANZSIC06) - ECT,Private - Values - Electronic card transactions  A/S/T by industry,Seasonally adjusted,Liquor,,,
939,ECTM.S1SG1222,2019.08,156.7,,R,Dollars,6,Electronic Card Transactions (ANZSIC06) - ECT,Private - Values - Electronic card transactions  A/S/T by industry,Seasonally adjusted,Liquor,,,
940,ECTM.S1SG1222,2019.09,156.8,,R,Dollars,6,Electronic Card Transactions (ANZSIC06) - ECT,Private - Values - Electronic card transactions  A/S/T by industry,Seasonally adjusted,Liquor,,,
941,ECTM.S1SG1222,2019.1,160.3,,R,Dollars,6,Electronic Card Transactions (ANZSIC06) - ECT,Private - Values - Electronic card transactions  A/S/T by industry,Seasonally adjusted,Liquor,,,
942,ECTM.S1SG1222,2019.11,158.6,,R,Dollars,6,Electronic Card Transactions (ANZSIC06) - ECT,Private - Values - Electronic card transactions  A/S/T by industry,Seasonally adjusted,Liquor,,,
943,ECTM.S1SG1222,2019.12,157.2,,R,Dollars,6,Electronic Card Transactions (ANZSIC06) - ECT,Private - Values - Electronic card transactions  A/S/T by industry,Seasonally adjusted,Liquor,,,
944,ECTM.S1SG1222,2020.01,157.4,,R,Dollars,6,Electronic Card Transactions (ANZSIC06) - ECT,Private - Values - Electronic card transactions  A/S/T by industry,Seasonally adjusted,Liquor,,,
945,ECTM.S1SG1222,2020.02,158.6,,R,Dollars,6,Electronic Card Transactions (ANZSIC06) - ECT,Private - Values - Electronic card transactions  A/S/T by industry,Seasonally adjusted,Liquor,,,
946,ECTM.S1SG1222,2020.03,190,,R,Dollars,6,Electronic Card Transactions (ANZSIC06) - ECT,Private - Values - Electronic card transactions  A/S/T by industry,Seasonally adjusted,Liquor,,,
947,ECTM.S1SG1222,2020.04,59.9,,F,Dollars,6,Electronic Card Transactions (ANZSIC06) - ECT,Private - Values - Electronic card transactions  A/S/T by industry,Seasonally adjusted,Liquor,,,
948,ECTM.S1AG1310,2007.03,383.9,,F,Dollars,6,Electronic Card Transactions (ANZSIC06) - ECT,Private - Values - Electronic card transactions  A/S/T by industry,Actual,"Furniture, Electrical and Hardware Retailing",,,
949,ECTM.S1AG1310,2007.04,360.7,,F,Dollars,6,Electronic Card Transactions (ANZSIC06) - ECT,Private - Values - Electronic card transactions  A/S/T by industry,Actual,"Furniture, Electrical and Hardware Retailing",,,
950,ECTM.S1AG1310,2007.05,369,,F,Dollars,6,Electronic Card Transactions (ANZSIC06) - ECT,Private - Values - Electronic card transactions  A/S/T by industry,Actual,"Furniture, Electrical and Hardware Retailing",,,
951,ECTM.S1AG1310,2007.06,366.7,,F,Dollars,6,Electronic Card Transactions (ANZSIC06) - ECT,Private - Values - Electronic card transactions  A/S/T by industry,Actual,"Furniture, Electrical and Hardware Retailing",,,
952,ECTM.S1AG1310,2007.07,370.5,,F,Dollars,6,Electronic Card Transactions (ANZSIC06) - ECT,Private - Values - Electronic card transactions  A/S/T by industry,Actual,"Furniture, Electrical and Hardware Retailing",,,
953,ECTM.S1AG1310,2007.08,377.6,,F,Dollars,6,Electronic Card Transactions (ANZSIC06) - ECT,Private - Values - Electronic card transactions  A/S/T by industry,Actual,"Furniture, Electrical and Hardware Retailing",,,
954,ECTM.S1AG1310,2007.09,388.6,,F,Dollars,6,Electronic Card Transactions (ANZSIC06) - ECT,Private - Values - Electronic card transactions  A/S/T by industry,Actual,"Furniture, Electrical and Hardware Retailing",,,
955,ECTM.S1AG1310,2007.1,411,,F,Dollars,6,Electronic Card Transactions (ANZSIC06) - ECT,Private - Values - Electronic card transactions  A/S/T by industry,Actual,"Furniture, Electrical and Hardware Retailing",,,
956,ECTM.S1AG1310,2007.11,426.4,,F,Dollars,6,Electronic Card Transactions (ANZSIC06) - ECT,Private - Values - Electronic card transactions  A/S/T by industry,Actual,"Furniture, Electrical and Hardware Retailing",,,
957,ECTM.S1AG1310,2007.12,531.3,,F,Dollars,6,Electronic Card Transactions (ANZSIC06) - ECT,Private - Values - Electronic card transactions  A/S/T by industry,Actual,"Furniture, Electrical and Hardware Retailing",,,
958,ECTM.S1AG1310,2008.01,384.1,,F,Dollars,6,Electronic Card Transactions (ANZSIC06) - ECT,Private - Values - Electronic card transactions  A/S/T by industry,Actual,"Furniture, Electrical and Hardware Retailing",,,
959,ECTM.S1AG1310,2008.02,356.5,,F,Dollars,6,Electronic Card Transactions (ANZSIC06) - ECT,Private - Values - Electronic card transactions  A/S/T by industry,Actual,"Furniture, Electrical and Hardware Retailing",,,
960,ECTM.S1AG1310,2008.03,383.3,,F,Dollars,6,Electronic Card Transactions (ANZSIC06) - ECT,Private - Values - Electronic card transactions  A/S/T by industry,Actual,"Furniture, Electrical and Hardware Retailing",,,
961,ECTM.S1AG1310,2008.04,359.5,,F,Dollars,6,Electronic Card Transactions (ANZSIC06) - ECT,Private - Values - Electronic card transactions  A/S/T by industry,Actual,"Furniture, Electrical and Hardware Retailing",,,
962,ECTM.S1AG1310,2008.05,371.8,,F,Dollars,6,Electronic Card Transactions (ANZSIC06) - ECT,Private - Values - Electronic card transactions  A/S/T by industry,Actual,"Furniture, Electrical and Hardware Retailing",,,
963,ECTM.S1AG1310,2008.06,349.1,,F,Dollars,6,Electronic Card Transactions (ANZSIC06) - ECT,Private - Values - Electronic card transactions  A/S/T by industry,Actual,"Furniture, Electrical and Hardware Retailing",,,
964,ECTM.S1AG1310,2008.07,396.4,,F,Dollars,6,Electronic Card Transactions (ANZSIC06) - ECT,Private - Values - Electronic card transactions  A/S/T by industry,Actual,"Furniture, Electrical and Hardware Retailing",,,
965,ECTM.S1AG1310,2008.08,401.8,,F,Dollars,6,Electronic Card Transactions (ANZSIC06) - ECT,Private - Values - Electronic card transactions  A/S/T by industry,Actual,"Furniture, Electrical and Hardware Retailing",,,
966,ECTM.S1AG1310,2008.09,403.3,,F,Dollars,6,Electronic Card Transactions (ANZSIC06) - ECT,Private - Values - Electronic card transactions  A/S/T by industry,Actual,"Furniture, Electrical and Hardware Retailing",,,
967,ECTM.S1AG1310,2008.1,442.7,,F,Dollars,6,Electronic Card Transactions (ANZSIC06) - ECT,Private - Values - Electronic card transactions  A/S/T by industry,Actual,"Furniture, Electrical and Hardware Retailing",,,
968,ECTM.S1AG1310,2008.11,437.9,,F,Dollars,6,Electronic Card Transactions (ANZSIC06) - ECT,Private - Values - Electronic card transactions  A/S/T by industry,Actual,"Furniture, Electrical and Hardware Retailing",,,
969,ECTM.S1AG1310,2008.12,604.8,,F,Dollars,6,Electronic Card Transactions (ANZSIC06) - ECT,Private - Values - Electronic card transactions  A/S/T by industry,Actual,"Furniture, Electrical and Hardware Retailing",,,
970,ECTM.S1AG1310,2009.01,415.8,,F,Dollars,6,Electronic Card Transactions (ANZSIC06) - ECT,Private - Values - Electronic card transactions  A/S/T by industry,Actual,"Furniture, Electrical and Hardware Retailing",,,
971,ECTM.S1AG1310,2009.02,370.4,,F,Dollars,6,Electronic Card Transactions (ANZSIC06) - ECT,Private - Values - Electronic card transactions  A/S/T by industry,Actual,"Furniture, Electrical and Hardware Retailing",,,
972,ECTM.S1AG1310,2009.03,409.2,,F,Dollars,6,Electronic Card Transactions (ANZSIC06) - ECT,Private - Values - Electronic card transactions  A/S/T by industry,Actual,"Furniture, Electrical and Hardware Retailing",,,
973,ECTM.S1AG1310,2009.04,387.4,,F,Dollars,6,Electronic Card Transactions (ANZSIC06) - ECT,Private - Values - Electronic card transactions  A/S/T by industry,Actual,"Furniture, Electrical and Hardware Retailing",,,
974,ECTM.S1AG1310,2009.05,401.1,,F,Dollars,6,Electronic Card Transactions (ANZSIC06) - ECT,Private - Values - Electronic card transactions  A/S/T by industry,Actual,"Furniture, Electrical and Hardware Retailing",,,
975,ECTM.S1AG1310,2009.06,381,,F,Dollars,6,Electronic Card Transactions (ANZSIC06) - ECT,Private - Values - Electronic card transactions  A/S/T by industry,Actual,"Furniture, Electrical and Hardware Retailing",,,
976,ECTM.S1AG1310,2009.07,396.1,,F,Dollars,6,Electronic Card Transactions (ANZSIC06) - ECT,Private - Values - Electronic card transactions  A/S/T by industry,Actual,"Furniture, Electrical and Hardware Retailing",,,
977,ECTM.S1AG1310,2009.08,404.3,,F,Dollars,6,Electronic Card Transactions (ANZSIC06) - ECT,Private - Values - Electronic card transactions  A/S/T by industry,Actual,"Furniture, Electrical and Hardware Retailing",,,
978,ECTM.S1AG1310,2009.09,407.1,,F,Dollars,6,Electronic Card Transactions (ANZSIC06) - ECT,Private - Values - Electronic card transactions  A/S/T by industry,Actual,"Furniture, Electrical and Hardware Retailing",,,
979,ECTM.S1AG1310,2009.1,451.9,,F,Dollars,6,Electronic Card Transactions (ANZSIC06) - ECT,Private - Values - Electronic card transactions  A/S/T by industry,Actual,"Furniture, Electrical and Hardware Retailing",,,
980,ECTM.S1AG1310,2009.11,451.6,,F,Dollars,6,Electronic Card Transactions (ANZSIC06) - ECT,Private - Values - Electronic card transactions  A/S/T by industry,Actual,"Furniture, Electrical and Hardware Retailing",,,
981,ECTM.S1AG1310,2009.12,600.7,,F,Dollars,6,Electronic Card Transactions (ANZSIC06) - ECT,Private - Values - Electronic card transactions  A/S/T by industry,Actual,"Furniture, Electrical and Hardware Retailing",,,
982,ECTM.S1AG1310,2010.01,419.9,,F,Dollars,6,Electronic Card Transactions (ANZSIC06) - ECT,Private - Values - Electronic card transactions  A/S/T by industry,Actual,"Furniture, Electrical and Hardware Retailing",,,
983,ECTM.S1AG1310,2010.02,369.4,,F,Dollars,6,Electronic Card Transactions (ANZSIC06) - ECT,Private - Values - Electronic card transactions  A/S/T by industry,Actual,"Furniture, Electrical and Hardware Retailing",,,
984,ECTM.S1AG1310,2010.03,424.7,,F,Dollars,6,Electronic Card Transactions (ANZSIC06) - ECT,Private - Values - Electronic card transactions  A/S/T by industry,Actual,"Furniture, Electrical and Hardware Retailing",,,
985,ECTM.S1AG1310,2010.04,395.9,,F,Dollars,6,Electronic Card Transactions (ANZSIC06) - ECT,Private - Values - Electronic card transactions  A/S/T by industry,Actual,"Furniture, Electrical and Hardware Retailing",,,
986,ECTM.S1AG1310,2010.05,411.6,,F,Dollars,6,Electronic Card Transactions (ANZSIC06) - ECT,Private - Values - Electronic card transactions  A/S/T by industry,Actual,"Furniture, Electrical and Hardware Retailing",,,
987,ECTM.S1AG1310,2010.06,393.6,,F,Dollars,6,Electronic Card Transactions (ANZSIC06) - ECT,Private - Values - Electronic card transactions  A/S/T by industry,Actual,"Furniture, Electrical and Hardware Retailing",,,
988,ECTM.S1AG1310,2010.07,410.3,,F,Dollars,6,Electronic Card Transactions (ANZSIC06) - ECT,Private - Values - Electronic card transactions  A/S/T by industry,Actual,"Furniture, Electrical and Hardware Retailing",,,
989,ECTM.S1AG1310,2010.08,402.4,,F,Dollars,6,Electronic Card Transactions (ANZSIC06) - ECT,Private - Values - Electronic card transactions  A/S/T by industry,Actual,"Furniture, Electrical and Hardware Retailing",,,
990,ECTM.S1AG1310,2010.09,447.9,,F,Dollars,6,Electronic Card Transactions (ANZSIC06) - ECT,Private - Values - Electronic card transactions  A/S/T by industry,Actual,"Furniture, Electrical and Hardware Retailing",,,
991,ECTM.S1AG1310,2010.1,439.7,,F,Dollars,6,Electronic Card Transactions (ANZSIC06) - ECT,Private - Values - Electronic card transactions  A/S/T by industry,Actual,"Furniture, Electrical and Hardware Retailing",,,
992,ECTM.S1AG1310,2010.11,451.1,,F,Dollars,6,Electronic Card Transactions (ANZSIC06) - ECT,Private - Values - Electronic card transactions  A/S/T by industry,Actual,"Furniture, Electrical and Hardware Retailing",,,
993,ECTM.S1AG1310,2010.12,621.6,,F,Dollars,6,Electronic Card Transactions (ANZSIC06) - ECT,Private - Values - Electronic card transactions  A/S/T by industry,Actual,"Furniture, Electrical and Hardware Retailing",,,
994,ECTM.S1AG1310,2011.01,429.7,,F,Dollars,6,Electronic Card Transactions (ANZSIC06) - ECT,Private - Values - Electronic card transactions  A/S/T by industry,Actual,"Furniture, Electrical and Hardware Retailing",,,
995,ECTM.S1AG1310,2011.02,371.6,,F,Dollars,6,Electronic Card Transactions (ANZSIC06) - ECT,Private - Values - Electronic card transactions  A/S/T by industry,Actual,"Furniture, Electrical and Hardware Retailing",,,
996,ECTM.S1AG1310,2011.03,433.3,,F,Dollars,6,Electronic Card Transactions (ANZSIC06) - ECT,Private - Values - Electronic card transactions  A/S/T by industry,Actual,"Furniture, Electrical and Hardware Retailing",,,
997,ECTM.S1AG1310,2011.04,420.5,,F,Dollars,6,Electronic Card Transactions (ANZSIC06) - ECT,Private - Values - Electronic card transactions  A/S/T by industry,Actual,"Furniture, Electrical and Hardware Retailing",,,
998,ECTM.S1AG1310,2011.05,420.6,,F,Dollars,6,Electronic Card Transactions (ANZSIC06) - ECT,Private - Values - Electronic card transactions  A/S/T by industry,Actual,"Furniture, Electrical and Hardware Retailing",,,
999,ECTM.S1AG1310,2011.06,414.9,,F,Dollars,6,Electronic Card Transactions (ANZSIC06) - ECT,Private - Values - Electronic card transactions  A/S/T by industry,Actual,"Furniture, Electrical and Hardware Retailing",,,
1000,ECTM.S1AG1310,2011.07,428.1,,F,Dollars,6,Electronic Card Transactions (ANZSIC06) - ECT,Private - Values - Electronic card transactions  A/S/T by industry,Actual,"Furniture, Electrical and Hardware Retailing",,,
1001,ECTM.S1AG1310,2011.08,414.5,,F,Dollars,6,Electronic Card Transactions (ANZSIC06) - ECT,Private - Values - Electronic card transactions  A/S/T by industry,Actual,"Furniture, Electrical and Hardware Retailing",,,
1002,ECTM.S1AG1310,2011.09,428.7,,F,Dollars,6,Electronic Card Transactions (ANZSIC06) - ECT,Private - Values - Electronic card transactions  A/S/T by industry,Actual,"Furniture, Electrical and Hardware Retailing",,,
1003,ECTM.S1AG1310,2011.1,467.5,,F,Dollars,6,Electronic Card Transactions (ANZSIC06) - ECT,Private - Values - Electronic card transactions  A/S/T by industry,Actual,"Furniture, Electrical and Hardware Retailing",,,
1004,ECTM.S1AG1310,2011.11,474.7,,F,Dollars,6,Electronic Card Transactions (ANZSIC06) - ECT,Private - Values - Electronic card transactions  A/S/T by industry,Actual,"Furniture, Electrical and Hardware Retailing",,,
1005,ECTM.S1AG1310,2011.12,656.7,,F,Dollars,6,Electronic Card Transactions (ANZSIC06) - ECT,Private - Values - Electronic card transactions  A/S/T by industry,Actual,"Furniture, Electrical and Hardware Retailing",,,
1006,ECTM.S1AG1310,2012.01,445.1,,F,Dollars,6,Electronic Card Transactions (ANZSIC06) - ECT,Private - Values - Electronic card transactions  A/S/T by industry,Actual,"Furniture, Electrical and Hardware Retailing",,,
1007,ECTM.S1AG1310,2012.02,402.2,,F,Dollars,6,Electronic Card Transactions (ANZSIC06) - ECT,Private - Values - Electronic card transactions  A/S/T by industry,Actual,"Furniture, Electrical and Hardware Retailing",,,
1008,ECTM.S1AG1310,2012.03,446.1,,F,Dollars,6,Electronic Card Transactions (ANZSIC06) - ECT,Private - Values - Electronic card transactions  A/S/T by industry,Actual,"Furniture, Electrical and Hardware Retailing",,,
1009,ECTM.S1AG1310,2012.04,429.5,,F,Dollars,6,Electronic Card Transactions (ANZSIC06) - ECT,Private - Values - Electronic card transactions  A/S/T by industry,Actual,"Furniture, Electrical and Hardware Retailing",,,
1010,ECTM.S1AG1310,2012.05,436.2,,F,Dollars,6,Electronic Card Transactions (ANZSIC06) - ECT,Private - Values - Electronic card transactions  A/S/T by industry,Actual,"Furniture, Electrical and Hardware Retailing",,,
1011,ECTM.S1AG1310,2012.06,435.3,,F,Dollars,6,Electronic Card Transactions (ANZSIC06) - ECT,Private - Values - Electronic card transactions  A/S/T by industry,Actual,"Furniture, Electrical and Hardware Retailing",,,
1012,ECTM.S1AG1310,2012.07,435.7,,F,Dollars,6,Electronic Card Transactions (ANZSIC06) - ECT,Private - Values - Electronic card transactions  A/S/T by industry,Actual,"Furniture, Electrical and Hardware Retailing",,,
1013,ECTM.S1AG1310,2012.08,431.2,,F,Dollars,6,Electronic Card Transactions (ANZSIC06) - ECT,Private - Values - Electronic card transactions  A/S/T by industry,Actual,"Furniture, Electrical and Hardware Retailing",,,
1014,ECTM.S1AG1310,2012.09,452.4,,F,Dollars,6,Electronic Card Transactions (ANZSIC06) - ECT,Private - Values - Electronic card transactions  A/S/T by industry,Actual,"Furniture, Electrical and Hardware Retailing",,,
1015,ECTM.S1AG1310,2012.1,495.6,,F,Dollars,6,Electronic Card Transactions (ANZSIC06) - ECT,Private - Values - Electronic card transactions  A/S/T by industry,Actual,"Furniture, Electrical and Hardware Retailing",,,
1016,ECTM.S1AG1310,2012.11,510.8,,F,Dollars,6,Electronic Card Transactions (ANZSIC06) - ECT,Private - Values - Electronic card transactions  A/S/T by industry,Actual,"Furniture, Electrical and Hardware Retailing",,,
1017,ECTM.S1AG1310,2012.12,678.7,,F,Dollars,6,Electronic Card Transactions (ANZSIC06) - ECT,Private - Values - Electronic card transactions  A/S/T by industry,Actual,"Furniture, Electrical and Hardware Retailing",,,
1018,ECTM.S1AG1310,2013.01,466.2,,F,Dollars,6,Electronic Card Transactions (ANZSIC06) - ECT,Private - Values - Electronic card transactions  A/S/T by industry,Actual,"Furniture, Electrical and Hardware Retailing",,,
1019,ECTM.S1AG1310,2013.02,414.9,,F,Dollars,6,Electronic Card Transactions (ANZSIC06) - ECT,Private - Values - Electronic card transactions  A/S/T by industry,Actual,"Furniture, Electrical and Hardware Retailing",,,
1020,ECTM.S1AG1310,2013.03,465.9,,F,Dollars,6,Electronic Card Transactions (ANZSIC06) - ECT,Private - Values - Electronic card transactions  A/S/T by industry,Actual,"Furniture, Electrical and Hardware Retailing",,,
1021,ECTM.S1AG1310,2013.04,466.6,,F,Dollars,6,Electronic Card Transactions (ANZSIC06) - ECT,Private - Values - Electronic card transactions  A/S/T by industry,Actual,"Furniture, Electrical and Hardware Retailing",,,
1022,ECTM.S1AG1310,2013.05,461.8,,F,Dollars,6,Electronic Card Transactions (ANZSIC06) - ECT,Private - Values - Electronic card transactions  A/S/T by industry,Actual,"Furniture, Electrical and Hardware Retailing",,,
1023,ECTM.S1AG1310,2013.06,461.2,,F,Dollars,6,Electronic Card Transactions (ANZSIC06) - ECT,Private - Values - Electronic card transactions  A/S/T by industry,Actual,"Furniture, Electrical and Hardware Retailing",,,
1024,ECTM.S1AG1310,2013.07,455.6,,F,Dollars,6,Electronic Card Transactions (ANZSIC06) - ECT,Private - Values - Electronic card transactions  A/S/T by industry,Actual,"Furniture, Electrical and Hardware Retailing",,,
1025,ECTM.S1AG1310,2013.08,470.1,,F,Dollars,6,Electronic Card Transactions (ANZSIC06) - ECT,Private - Values - Electronic card transactions  A/S/T by industry,Actual,"Furniture, Electrical and Hardware Retailing",,,
1026,ECTM.S1AG1310,2013.09,464.6,,F,Dollars,6,Electronic Card Transactions (ANZSIC06) - ECT,Private - Values - Electronic card transactions  A/S/T by industry,Actual,"Furniture, Electrical and Hardware Retailing",,,
1027,ECTM.S1AG1310,2013.1,538.3,,F,Dollars,6,Electronic Card Transactions (ANZSIC06) - ECT,Private - Values - Electronic card transactions  A/S/T by industry,Actual,"Furniture, Electrical and Hardware Retailing",,,
1028,ECTM.S1AG1310,2013.11,553.4,,F,Dollars,6,Electronic Card Transactions (ANZSIC06) - ECT,Private - Values - Electronic card transactions  A/S/T by industry,Actual,"Furniture, Electrical and Hardware Retailing",,,
1029,ECTM.S1AG1310,2013.12,710.3,,F,Dollars,6,Electronic Card Transactions (ANZSIC06) - ECT,Private - Values - Electronic card transactions  A/S/T by industry,Actual,"Furniture, Electrical and Hardware Retailing",,,
1030,ECTM.S1AG1310,2014.01,487.9,,F,Dollars,6,Electronic Card Transactions (ANZSIC06) - ECT,Private - Values - Electronic card transactions  A/S/T by industry,Actual,"Furniture, Electrical and Hardware Retailing",,,
1031,ECTM.S1AG1310,2014.02,435.4,,F,Dollars,6,Electronic Card Transactions (ANZSIC06) - ECT,Private - Values - Electronic card transactions  A/S/T by industry,Actual,"Furniture, Electrical and Hardware Retailing",,,
1032,ECTM.S1AG1310,2014.03,496.4,,F,Dollars,6,Electronic Card Transactions (ANZSIC06) - ECT,Private - Values - Electronic card transactions  A/S/T by industry,Actual,"Furniture, Electrical and Hardware Retailing",,,
1033,ECTM.S1AG1310,2014.04,476.7,,F,Dollars,6,Electronic Card Transactions (ANZSIC06) - ECT,Private - Values - Electronic card transactions  A/S/T by industry,Actual,"Furniture, Electrical and Hardware Retailing",,,
1034,ECTM.S1AG1310,2014.05,488.2,,F,Dollars,6,Electronic Card Transactions (ANZSIC06) - ECT,Private - Values - Electronic card transactions  A/S/T by industry,Actual,"Furniture, Electrical and Hardware Retailing",,,
1035,ECTM.S1AG1310,2014.06,472,,F,Dollars,6,Electronic Card Transactions (ANZSIC06) - ECT,Private - Values - Electronic card transactions  A/S/T by industry,Actual,"Furniture, Electrical and Hardware Retailing",,,
1036,ECTM.S1AG1310,2014.07,478.5,,F,Dollars,6,Electronic Card Transactions (ANZSIC06) - ECT,Private - Values - Electronic card transactions  A/S/T by industry,Actual,"Furniture, Electrical and Hardware Retailing",,,
1037,ECTM.S1AG1310,2014.08,478.1,,F,Dollars,6,Electronic Card Transactions (ANZSIC06) - ECT,Private - Values - Electronic card transactions  A/S/T by industry,Actual,"Furniture, Electrical and Hardware Retailing",,,
1038,ECTM.S1AG1310,2014.09,486.4,,F,Dollars,6,Electronic Card Transactions (ANZSIC06) - ECT,Private - Values - Electronic card transactions  A/S/T by industry,Actual,"Furniture, Electrical and Hardware Retailing",,,
1039,ECTM.S1AG1310,2014.1,569,,F,Dollars,6,Electronic Card Transactions (ANZSIC06) - ECT,Private - Values - Electronic card transactions  A/S/T by industry,Actual,"Furniture, Electrical and Hardware Retailing",,,
1040,ECTM.S1AG1310,2014.11,573.6,,F,Dollars,6,Electronic Card Transactions (ANZSIC06) - ECT,Private - Values - Electronic card transactions  A/S/T by industry,Actual,"Furniture, Electrical and Hardware Retailing",,,
1041,ECTM.S1AG1310,2014.12,745,,F,Dollars,6,Electronic Card Transactions (ANZSIC06) - ECT,Private - Values - Electronic card transactions  A/S/T by industry,Actual,"Furniture, Electrical and Hardware Retailing",,,
1042,ECTM.S1AG1310,2015.01,530.5,,F,Dollars,6,Electronic Card Transactions (ANZSIC06) - ECT,Private - Values - Electronic card transactions  A/S/T by industry,Actual,"Furniture, Electrical and Hardware Retailing",,,
1043,ECTM.S1AG1310,2015.02,471.2,,F,Dollars,6,Electronic Card Transactions (ANZSIC06) - ECT,Private - Values - Electronic card transactions  A/S/T by industry,Actual,"Furniture, Electrical and Hardware Retailing",,,
1044,ECTM.S1AG1310,2015.03,516.5,,F,Dollars,6,Electronic Card Transactions (ANZSIC06) - ECT,Private - Values - Electronic card transactions  A/S/T by industry,Actual,"Furniture, Electrical and Hardware Retailing",,,
1045,ECTM.S1AG1310,2015.04,498.9,,F,Dollars,6,Electronic Card Transactions (ANZSIC06) - ECT,Private - Values - Electronic card transactions  A/S/T by industry,Actual,"Furniture, Electrical and Hardware Retailing",,,
1046,ECTM.S1AG1310,2015.05,523.1,,F,Dollars,6,Electronic Card Transactions (ANZSIC06) - ECT,Private - Values - Electronic card transactions  A/S/T by industry,Actual,"Furniture, Electrical and Hardware Retailing",,,
1047,ECTM.S1AG1310,2015.06,507.5,,F,Dollars,6,Electronic Card Transactions (ANZSIC06) - ECT,Private - Values - Electronic card transactions  A/S/T by industry,Actual,"Furniture, Electrical and Hardware Retailing",,,
1048,ECTM.S1AG1310,2015.07,513.9,,F,Dollars,6,Electronic Card Transactions (ANZSIC06) - ECT,Private - Values - Electronic card transactions  A/S/T by industry,Actual,"Furniture, Electrical and Hardware Retailing",,,
1049,ECTM.S1AG1310,2015.08,518.1,,F,Dollars,6,Electronic Card Transactions (ANZSIC06) - ECT,Private - Values - Electronic card transactions  A/S/T by industry,Actual,"Furniture, Electrical and Hardware Retailing",,,
1050,ECTM.S1AG1310,2015.09,534.6,,F,Dollars,6,Electronic Card Transactions (ANZSIC06) - ECT,Private - Values - Electronic card transactions  A/S/T by industry,Actual,"Furniture, Electrical and Hardware Retailing",,,
1051,ECTM.S1AG1310,2015.1,625.2,,F,Dollars,6,Electronic Card Transactions (ANZSIC06) - ECT,Private - Values - Electronic card transactions  A/S/T by industry,Actual,"Furniture, Electrical and Hardware Retailing",,,
1052,ECTM.S1AG1310,2015.11,611.3,,F,Dollars,6,Electronic Card Transactions (ANZSIC06) - ECT,Private - Values - Electronic card transactions  A/S/T by industry,Actual,"Furniture, Electrical and Hardware Retailing",,,
1053,ECTM.S1AG1310,2015.12,805.1,,F,Dollars,6,Electronic Card Transactions (ANZSIC06) - ECT,Private - Values - Electronic card transactions  A/S/T by industry,Actual,"Furniture, Electrical and Hardware Retailing",,,
1054,ECTM.S1AG1310,2016.01,566.3,,F,Dollars,6,Electronic Card Transactions (ANZSIC06) - ECT,Private - Values - Electronic card transactions  A/S/T by industry,Actual,"Furniture, Electrical and Hardware Retailing",,,
1055,ECTM.S1AG1310,2016.02,529.6,,F,Dollars,6,Electronic Card Transactions (ANZSIC06) - ECT,Private - Values - Electronic card transactions  A/S/T by industry,Actual,"Furniture, Electrical and Hardware Retailing",,,
1056,ECTM.S1AG1310,2016.03,568.6,,F,Dollars,6,Electronic Card Transactions (ANZSIC06) - ECT,Private - Values - Electronic card transactions  A/S/T by industry,Actual,"Furniture, Electrical and Hardware Retailing",,,
1057,ECTM.S1AG1310,2016.04,565,,F,Dollars,6,Electronic Card Transactions (ANZSIC06) - ECT,Private - Values - Electronic card transactions  A/S/T by industry,Actual,"Furniture, Electrical and Hardware Retailing",,,
1058,ECTM.S1AG1310,2016.05,553.8,,F,Dollars,6,Electronic Card Transactions (ANZSIC06) - ECT,Private - Values - Electronic card transactions  A/S/T by industry,Actual,"Furniture, Electrical and Hardware Retailing",,,
1059,ECTM.S1AG1310,2016.06,551,,F,Dollars,6,Electronic Card Transactions (ANZSIC06) - ECT,Private - Values - Electronic card transactions  A/S/T by industry,Actual,"Furniture, Electrical and Hardware Retailing",,,
1060,ECTM.S1AG1310,2016.07,560.7,,F,Dollars,6,Electronic Card Transactions (ANZSIC06) - ECT,Private - Values - Electronic card transactions  A/S/T by industry,Actual,"Furniture, Electrical and Hardware Retailing",,,
1061,ECTM.S1AG1310,2016.08,536,,F,Dollars,6,Electronic Card Transactions (ANZSIC06) - ECT,Private - Values - Electronic card transactions  A/S/T by industry,Actual,"Furniture, Electrical and Hardware Retailing",,,
1062,ECTM.S1AG1310,2016.09,573.1,,F,Dollars,6,Electronic Card Transactions (ANZSIC06) - ECT,Private - Values - Electronic card transactions  A/S/T by industry,Actual,"Furniture, Electrical and Hardware Retailing",,,
1063,ECTM.S1AG1310,2016.1,648.9,,F,Dollars,6,Electronic Card Transactions (ANZSIC06) - ECT,Private - Values - Electronic card transactions  A/S/T by industry,Actual,"Furniture, Electrical and Hardware Retailing",,,
1064,ECTM.S1AG1310,2016.11,643.9,,F,Dollars,6,Electronic Card Transactions (ANZSIC06) - ECT,Private - Values - Electronic card transactions  A/S/T by industry,Actual,"Furniture, Electrical and Hardware Retailing",,,
1065,ECTM.S1AG1310,2016.12,830.8,,F,Dollars,6,Electronic Card Transactions (ANZSIC06) - ECT,Private - Values - Electronic card transactions  A/S/T by industry,Actual,"Furniture, Electrical and Hardware Retailing",,,
1066,ECTM.S1AG1310,2017.01,592.1,,F,Dollars,6,Electronic Card Transactions (ANZSIC06) - ECT,Private - Values - Electronic card transactions  A/S/T by industry,Actual,"Furniture, Electrical and Hardware Retailing",,,
1067,ECTM.S1AG1310,2017.02,521.3,,F,Dollars,6,Electronic Card Transactions (ANZSIC06) - ECT,Private - Values - Electronic card transactions  A/S/T by industry,Actual,"Furniture, Electrical and Hardware Retailing",,,
1068,ECTM.S1AG1310,2017.03,579.3,,F,Dollars,6,Electronic Card Transactions (ANZSIC06) - ECT,Private - Values - Electronic card transactions  A/S/T by industry,Actual,"Furniture, Electrical and Hardware Retailing",,,
1069,ECTM.S1AG1310,2017.04,565.6,,F,Dollars,6,Electronic Card Transactions (ANZSIC06) - ECT,Private - Values - Electronic card transactions  A/S/T by industry,Actual,"Furniture, Electrical and Hardware Retailing",,,
1070,ECTM.S1AG1310,2017.05,556.2,,F,Dollars,6,Electronic Card Transactions (ANZSIC06) - ECT,Private - Values - Electronic card transactions  A/S/T by industry,Actual,"Furniture, Electrical and Hardware Retailing",,,
1071,ECTM.S1AG1310,2017.06,553.7,,F,Dollars,6,Electronic Card Transactions (ANZSIC06) - ECT,Private - Values - Electronic card transactions  A/S/T by industry,Actual,"Furniture, Electrical and Hardware Retailing",,,
1072,ECTM.S1AG1310,2017.07,549.8,,F,Dollars,6,Electronic Card Transactions (ANZSIC06) - ECT,Private - Values - Electronic card transactions  A/S/T by industry,Actual,"Furniture, Electrical and Hardware Retailing",,,
1073,ECTM.S1AG1310,2017.08,544.1,,F,Dollars,6,Electronic Card Transactions (ANZSIC06) - ECT,Private - Values - Electronic card transactions  A/S/T by industry,Actual,"Furniture, Electrical and Hardware Retailing",,,
1074,ECTM.S1AG1310,2017.09,576.1,,F,Dollars,6,Electronic Card Transactions (ANZSIC06) - ECT,Private - Values - Electronic card transactions  A/S/T by industry,Actual,"Furniture, Electrical and Hardware Retailing",,,
1075,ECTM.S1AG1310,2017.1,652.5,,F,Dollars,6,Electronic Card Transactions (ANZSIC06) - ECT,Private - Values - Electronic card transactions  A/S/T by industry,Actual,"Furniture, Electrical and Hardware Retailing",,,
1076,ECTM.S1AG1310,2017.11,676.4,,F,Dollars,6,Electronic Card Transactions (ANZSIC06) - ECT,Private - Values - Electronic card transactions  A/S/T by industry,Actual,"Furniture, Electrical and Hardware Retailing",,,
1077,ECTM.S1AG1310,2017.12,851.8,,F,Dollars,6,Electronic Card Transactions (ANZSIC06) - ECT,Private - Values - Electronic card transactions  A/S/T by industry,Actual,"Furniture, Electrical and Hardware Retailing",,,
1078,ECTM.S1AG1310,2018.01,595.6,,F,Dollars,6,Electronic Card Transactions (ANZSIC06) - ECT,Private - Values - Electronic card transactions  A/S/T by industry,Actual,"Furniture, Electrical and Hardware Retailing",,,
1079,ECTM.S1AG1310,2018.02,535.4,,F,Dollars,6,Electronic Card Transactions (ANZSIC06) - ECT,Private - Values - Electronic card transactions  A/S/T by industry,Actual,"Furniture, Electrical and Hardware Retailing",,,
1080,ECTM.S1AG1310,2018.03,611.6,,F,Dollars,6,Electronic Card Transactions (ANZSIC06) - ECT,Private - Values - Electronic card transactions  A/S/T by industry,Actual,"Furniture, Electrical and Hardware Retailing",,,
1081,ECTM.S1AG1310,2018.04,572.6,,F,Dollars,6,Electronic Card Transactions (ANZSIC06) - ECT,Private - Values - Electronic card transactions  A/S/T by industry,Actual,"Furniture, Electrical and Hardware Retailing",,,
1082,ECTM.S1AG1310,2018.05,580.5,,F,Dollars,6,Electronic Card Transactions (ANZSIC06) - ECT,Private - Values - Electronic card transactions  A/S/T by industry,Actual,"Furniture, Electrical and Hardware Retailing",,,
1083,ECTM.S1AG1310,2018.06,571.6,,F,Dollars,6,Electronic Card Transactions (ANZSIC06) - ECT,Private - Values - Electronic card transactions  A/S/T by industry,Actual,"Furniture, Electrical and Hardware Retailing",,,
1084,ECTM.S1AG1310,2018.07,555.2,,F,Dollars,6,Electronic Card Transactions (ANZSIC06) - ECT,Private - Values - Electronic card transactions  A/S/T by industry,Actual,"Furniture, Electrical and Hardware Retailing",,,
1085,ECTM.S1AG1310,2018.08,563.9,,F,Dollars,6,Electronic Card Transactions (ANZSIC06) - ECT,Private - Values - Electronic card transactions  A/S/T by industry,Actual,"Furniture, Electrical and Hardware Retailing",,,
1086,ECTM.S1AG1310,2018.09,595.3,,F,Dollars,6,Electronic Card Transactions (ANZSIC06) - ECT,Private - Values - Electronic card transactions  A/S/T by industry,Actual,"Furniture, Electrical and Hardware Retailing",,,
1087,ECTM.S1AG1310,2018.1,674.2,,F,Dollars,6,Electronic Card Transactions (ANZSIC06) - ECT,Private - Values - Electronic card transactions  A/S/T by industry,Actual,"Furniture, Electrical and Hardware Retailing",,,
1088,ECTM.S1AG1310,2018.11,702.3,,F,Dollars,6,Electronic Card Transactions (ANZSIC06) - ECT,Private - Values - Electronic card transactions  A/S/T by industry,Actual,"Furniture, Electrical and Hardware Retailing",,,
1089,ECTM.S1AG1310,2018.12,848.3,,F,Dollars,6,Electronic Card Transactions (ANZSIC06) - ECT,Private - Values - Electronic card transactions  A/S/T by industry,Actual,"Furniture, Electrical and Hardware Retailing",,,
1090,ECTM.S1AG1310,2019.01,614.1,,F,Dollars,6,Electronic Card Transactions (ANZSIC06) - ECT,Private - Values - Electronic card transactions  A/S/T by industry,Actual,"Furniture, Electrical and Hardware Retailing",,,
1091,ECTM.S1AG1310,2019.02,546.5,,F,Dollars,6,Electronic Card Transactions (ANZSIC06) - ECT,Private - Values - Electronic card transactions  A/S/T by industry,Actual,"Furniture, Electrical and Hardware Retailing",,,
1092,ECTM.S1AG1310,2019.03,602.1,,F,Dollars,6,Electronic Card Transactions (ANZSIC06) - ECT,Private - Values - Electronic card transactions  A/S/T by industry,Actual,"Furniture, Electrical and Hardware Retailing",,,
1093,ECTM.S1AG1310,2019.04,585.4,,F,Dollars,6,Electronic Card Transactions (ANZSIC06) - ECT,Private - Values - Electronic card transactions  A/S/T by industry,Actual,"Furniture, Electrical and Hardware Retailing",,,
1094,ECTM.S1AG1310,2019.05,580.6,,F,Dollars,6,Electronic Card Transactions (ANZSIC06) - ECT,Private - Values - Electronic card transactions  A/S/T by industry,Actual,"Furniture, Electrical and Hardware Retailing",,,
1095,ECTM.S1AG1310,2019.06,586.1,,F,Dollars,6,Electronic Card Transactions (ANZSIC06) - ECT,Private - Values - Electronic card transactions  A/S/T by industry,Actual,"Furniture, Electrical and Hardware Retailing",,,
1096,ECTM.S1AG1310,2019.07,567.3,,F,Dollars,6,Electronic Card Transactions (ANZSIC06) - ECT,Private - Values - Electronic card transactions  A/S/T by industry,Actual,"Furniture, Electrical and Hardware Retailing",,,
1097,ECTM.S1AG1310,2019.08,585.9,,F,Dollars,6,Electronic Card Transactions (ANZSIC06) - ECT,Private - Values - Electronic card transactions  A/S/T by industry,Actual,"Furniture, Electrical and Hardware Retailing",,,
1098,ECTM.S1AG1310,2019.09,603.9,,F,Dollars,6,Electronic Card Transactions (ANZSIC06) - ECT,Private - Values - Electronic card transactions  A/S/T by industry,Actual,"Furniture, Electrical and Hardware Retailing",,,
1099,ECTM.S1AG1310,2019.1,674.4,,F,Dollars,6,Electronic Card Transactions (ANZSIC06) - ECT,Private - Values - Electronic card transactions  A/S/T by industry,Actual,"Furniture, Electrical and Hardware Retailing",,,
1100,ECTM.S1AG1310,2019.11,740.7,,F,Dollars,6,Electronic Card Transactions (ANZSIC06) - ECT,Private - Values - Electronic card transactions  A/S/T by industry,Actual,"Furniture, Electrical and Hardware Retailing",,,
1101,ECTM.S1AG1310,2019.12,860.6,,F,Dollars,6,Electronic Card Transactions (ANZSIC06) - ECT,Private - Values - Electronic card transactions  A/S/T by industry,Actual,"Furniture, Electrical and Hardware Retailing",,,
1102,ECTM.S1AG1310,2020.01,621.3,,F,Dollars,6,Electronic Card Transactions (ANZSIC06) - ECT,Private - Values - Electronic card transactions  A/S/T by industry,Actual,"Furniture, Electrical and Hardware Retailing",,,
1103,ECTM.S1AG1310,2020.02,586.1,,F,Dollars,6,Electronic Card Transactions (ANZSIC06) - ECT,Private - Values - Electronic card transactions  A/S/T by industry,Actual,"Furniture, Electrical and Hardware Retailing",,,
1104,ECTM.S1AG1310,2020.03,611.2,,F,Dollars,6,Electronic Card Transactions (ANZSIC06) - ECT,Private - Values - Electronic card transactions  A/S/T by industry,Actual,"Furniture, Electrical and Hardware Retailing",,,
1105,ECTM.S1AG1310,2020.04,137.6,,F,Dollars,6,Electronic Card Transactions (ANZSIC06) - ECT,Private - Values - Electronic card transactions  A/S/T by industry,Actual,"Furniture, Electrical and Hardware Retailing",,,
1106,ECTM.S1SG1310,2007.03,396.4,,R,Dollars,6,Electronic Card Transactions (ANZSIC06) - ECT,Private - Values - Electronic card transactions  A/S/T by industry,Seasonally adjusted,"Furniture, Electrical and Hardware Retailing",,,
1107,ECTM.S1SG1310,2007.04,392,,R,Dollars,6,Electronic Card Transactions (ANZSIC06) - ECT,Private - Values - Electronic card transactions  A/S/T by industry,Seasonally adjusted,"Furniture, Electrical and Hardware Retailing",,,
1108,ECTM.S1SG1310,2007.05,396.2,,R,Dollars,6,Electronic Card Transactions (ANZSIC06) - ECT,Private - Values - Electronic card transactions  A/S/T by industry,Seasonally adjusted,"Furniture, Electrical and Hardware Retailing",,,
1109,ECTM.S1SG1310,2007.06,406.4,,R,Dollars,6,Electronic Card Transactions (ANZSIC06) - ECT,Private - Values - Electronic card transactions  A/S/T by industry,Seasonally adjusted,"Furniture, Electrical and Hardware Retailing",,,
1110,ECTM.S1SG1310,2007.07,378.3,,R,Dollars,6,Electronic Card Transactions (ANZSIC06) - ECT,Private - Values - Electronic card transactions  A/S/T by industry,Seasonally adjusted,"Furniture, Electrical and Hardware Retailing",,,
1111,ECTM.S1SG1310,2007.08,404.5,,R,Dollars,6,Electronic Card Transactions (ANZSIC06) - ECT,Private - Values - Electronic card transactions  A/S/T by industry,Seasonally adjusted,"Furniture, Electrical and Hardware Retailing",,,
1112,ECTM.S1SG1310,2007.09,406.8,,R,Dollars,6,Electronic Card Transactions (ANZSIC06) - ECT,Private - Values - Electronic card transactions  A/S/T by industry,Seasonally adjusted,"Furniture, Electrical and Hardware Retailing",,,
1113,ECTM.S1SG1310,2007.1,388.4,,R,Dollars,6,Electronic Card Transactions (ANZSIC06) - ECT,Private - Values - Electronic card transactions  A/S/T by industry,Seasonally adjusted,"Furniture, Electrical and Hardware Retailing",,,
1114,ECTM.S1SG1310,2007.11,400.2,,R,Dollars,6,Electronic Card Transactions (ANZSIC06) - ECT,Private - Values - Electronic card transactions  A/S/T by industry,Seasonally adjusted,"Furniture, Electrical and Hardware Retailing",,,
1115,ECTM.S1SG1310,2007.12,372,,R,Dollars,6,Electronic Card Transactions (ANZSIC06) - ECT,Private - Values - Electronic card transactions  A/S/T by industry,Seasonally adjusted,"Furniture, Electrical and Hardware Retailing",,,
1116,ECTM.S1SG1310,2008.01,394.6,,R,Dollars,6,Electronic Card Transactions (ANZSIC06) - ECT,Private - Values - Electronic card transactions  A/S/T by industry,Seasonally adjusted,"Furniture, Electrical and Hardware Retailing",,,
1117,ECTM.S1SG1310,2008.02,394.8,,R,Dollars,6,Electronic Card Transactions (ANZSIC06) - ECT,Private - Values - Electronic card transactions  A/S/T by industry,Seasonally adjusted,"Furniture, Electrical and Hardware Retailing",,,
1118,ECTM.S1SG1310,2008.03,394.9,,R,Dollars,6,Electronic Card Transactions (ANZSIC06) - ECT,Private - Values - Electronic card transactions  A/S/T by industry,Seasonally adjusted,"Furniture, Electrical and Hardware Retailing",,,
1119,ECTM.S1SG1310,2008.04,388.5,,R,Dollars,6,Electronic Card Transactions (ANZSIC06) - ECT,Private - Values - Electronic card transactions  A/S/T by industry,Seasonally adjusted,"Furniture, Electrical and Hardware Retailing",,,
1120,ECTM.S1SG1310,2008.05,392.1,,R,Dollars,6,Electronic Card Transactions (ANZSIC06) - ECT,Private - Values - Electronic card transactions  A/S/T by industry,Seasonally adjusted,"Furniture, Electrical and Hardware Retailing",,,
1121,ECTM.S1SG1310,2008.06,394,,R,Dollars,6,Electronic Card Transactions (ANZSIC06) - ECT,Private - Values - Electronic card transactions  A/S/T by industry,Seasonally adjusted,"Furniture, Electrical and Hardware Retailing",,,
1122,ECTM.S1SG1310,2008.07,417.7,,R,Dollars,6,Electronic Card Transactions (ANZSIC06) - ECT,Private - Values - Electronic card transactions  A/S/T by industry,Seasonally adjusted,"Furniture, Electrical and Hardware Retailing",,,
1123,ECTM.S1SG1310,2008.08,420.8,,R,Dollars,6,Electronic Card Transactions (ANZSIC06) - ECT,Private - Values - Electronic card transactions  A/S/T by industry,Seasonally adjusted,"Furniture, Electrical and Hardware Retailing",,,
1124,ECTM.S1SG1310,2008.09,401.7,,R,Dollars,6,Electronic Card Transactions (ANZSIC06) - ECT,Private - Values - Electronic card transactions  A/S/T by industry,Seasonally adjusted,"Furniture, Electrical and Hardware Retailing",,,
1125,ECTM.S1SG1310,2008.1,438.8,,R,Dollars,6,Electronic Card Transactions (ANZSIC06) - ECT,Private - Values - Electronic card transactions  A/S/T by industry,Seasonally adjusted,"Furniture, Electrical and Hardware Retailing",,,
1126,ECTM.S1SG1310,2008.11,413.2,,R,Dollars,6,Electronic Card Transactions (ANZSIC06) - ECT,Private - Values - Electronic card transactions  A/S/T by industry,Seasonally adjusted,"Furniture, Electrical and Hardware Retailing",,,
1127,ECTM.S1SG1310,2008.12,419.1,,R,Dollars,6,Electronic Card Transactions (ANZSIC06) - ECT,Private - Values - Electronic card transactions  A/S/T by industry,Seasonally adjusted,"Furniture, Electrical and Hardware Retailing",,,
1128,ECTM.S1SG1310,2009.01,420.7,,R,Dollars,6,Electronic Card Transactions (ANZSIC06) - ECT,Private - Values - Electronic card transactions  A/S/T by industry,Seasonally adjusted,"Furniture, Electrical and Hardware Retailing",,,
1129,ECTM.S1SG1310,2009.02,427.3,,R,Dollars,6,Electronic Card Transactions (ANZSIC06) - ECT,Private - Values - Electronic card transactions  A/S/T by industry,Seasonally adjusted,"Furniture, Electrical and Hardware Retailing",,,
1130,ECTM.S1SG1310,2009.03,414,,R,Dollars,6,Electronic Card Transactions (ANZSIC06) - ECT,Private - Values - Electronic card transactions  A/S/T by industry,Seasonally adjusted,"Furniture, Electrical and Hardware Retailing",,,
1131,ECTM.S1SG1310,2009.04,432.8,,R,Dollars,6,Electronic Card Transactions (ANZSIC06) - ECT,Private - Values - Electronic card transactions  A/S/T by industry,Seasonally adjusted,"Furniture, Electrical and Hardware Retailing",,,
1132,ECTM.S1SG1310,2009.05,427.3,,R,Dollars,6,Electronic Card Transactions (ANZSIC06) - ECT,Private - Values - Electronic card transactions  A/S/T by industry,Seasonally adjusted,"Furniture, Electrical and Hardware Retailing",,,
1133,ECTM.S1SG1310,2009.06,408.5,,R,Dollars,6,Electronic Card Transactions (ANZSIC06) - ECT,Private - Values - Electronic card transactions  A/S/T by industry,Seasonally adjusted,"Furniture, Electrical and Hardware Retailing",,,
1134,ECTM.S1SG1310,2009.07,426.9,,R,Dollars,6,Electronic Card Transactions (ANZSIC06) - ECT,Private - Values - Electronic card transactions  A/S/T by industry,Seasonally adjusted,"Furniture, Electrical and Hardware Retailing",,,
1135,ECTM.S1SG1310,2009.08,422.9,,R,Dollars,6,Electronic Card Transactions (ANZSIC06) - ECT,Private - Values - Electronic card transactions  A/S/T by industry,Seasonally adjusted,"Furniture, Electrical and Hardware Retailing",,,
1136,ECTM.S1SG1310,2009.09,423.5,,R,Dollars,6,Electronic Card Transactions (ANZSIC06) - ECT,Private - Values - Electronic card transactions  A/S/T by industry,Seasonally adjusted,"Furniture, Electrical and Hardware Retailing",,,
1137,ECTM.S1SG1310,2009.1,431.2,,R,Dollars,6,Electronic Card Transactions (ANZSIC06) - ECT,Private - Values - Electronic card transactions  A/S/T by industry,Seasonally adjusted,"Furniture, Electrical and Hardware Retailing",,,
1138,ECTM.S1SG1310,2009.11,425.4,,R,Dollars,6,Electronic Card Transactions (ANZSIC06) - ECT,Private - Values - Electronic card transactions  A/S/T by industry,Seasonally adjusted,"Furniture, Electrical and Hardware Retailing",,,
1139,ECTM.S1SG1310,2009.12,424.8,,R,Dollars,6,Electronic Card Transactions (ANZSIC06) - ECT,Private - Values - Electronic card transactions  A/S/T by industry,Seasonally adjusted,"Furniture, Electrical and Hardware Retailing",,,
1140,ECTM.S1SG1310,2010.01,430.5,,R,Dollars,6,Electronic Card Transactions (ANZSIC06) - ECT,Private - Values - Electronic card transactions  A/S/T by industry,Seasonally adjusted,"Furniture, Electrical and Hardware Retailing",,,
1141,ECTM.S1SG1310,2010.02,426.9,,R,Dollars,6,Electronic Card Transactions (ANZSIC06) - ECT,Private - Values - Electronic card transactions  A/S/T by industry,Seasonally adjusted,"Furniture, Electrical and Hardware Retailing",,,
1142,ECTM.S1SG1310,2010.03,431.6,,R,Dollars,6,Electronic Card Transactions (ANZSIC06) - ECT,Private - Values - Electronic card transactions  A/S/T by industry,Seasonally adjusted,"Furniture, Electrical and Hardware Retailing",,,
1143,ECTM.S1SG1310,2010.04,426.9,,R,Dollars,6,Electronic Card Transactions (ANZSIC06) - ECT,Private - Values - Electronic card transactions  A/S/T by industry,Seasonally adjusted,"Furniture, Electrical and Hardware Retailing",,,
1144,ECTM.S1SG1310,2010.05,432.8,,R,Dollars,6,Electronic Card Transactions (ANZSIC06) - ECT,Private - Values - Electronic card transactions  A/S/T by industry,Seasonally adjusted,"Furniture, Electrical and Hardware Retailing",,,
1145,ECTM.S1SG1310,2010.06,436.7,,R,Dollars,6,Electronic Card Transactions (ANZSIC06) - ECT,Private - Values - Electronic card transactions  A/S/T by industry,Seasonally adjusted,"Furniture, Electrical and Hardware Retailing",,,
1146,ECTM.S1SG1310,2010.07,428,,R,Dollars,6,Electronic Card Transactions (ANZSIC06) - ECT,Private - Values - Electronic card transactions  A/S/T by industry,Seasonally adjusted,"Furniture, Electrical and Hardware Retailing",,,
1147,ECTM.S1SG1310,2010.08,418.3,,R,Dollars,6,Electronic Card Transactions (ANZSIC06) - ECT,Private - Values - Electronic card transactions  A/S/T by industry,Seasonally adjusted,"Furniture, Electrical and Hardware Retailing",,,
1148,ECTM.S1SG1310,2010.09,483.8,,R,Dollars,6,Electronic Card Transactions (ANZSIC06) - ECT,Private - Values - Electronic card transactions  A/S/T by industry,Seasonally adjusted,"Furniture, Electrical and Hardware Retailing",,,
1149,ECTM.S1SG1310,2010.1,423.4,,R,Dollars,6,Electronic Card Transactions (ANZSIC06) - ECT,Private - Values - Electronic card transactions  A/S/T by industry,Seasonally adjusted,"Furniture, Electrical and Hardware Retailing",,,
1150,ECTM.S1SG1310,2010.11,405.5,,R,Dollars,6,Electronic Card Transactions (ANZSIC06) - ECT,Private - Values - Electronic card transactions  A/S/T by industry,Seasonally adjusted,"Furniture, Electrical and Hardware Retailing",,,
1151,ECTM.S1SG1310,2010.12,449,,R,Dollars,6,Electronic Card Transactions (ANZSIC06) - ECT,Private - Values - Electronic card transactions  A/S/T by industry,Seasonally adjusted,"Furniture, Electrical and Hardware Retailing",,,
1152,ECTM.S1SG1310,2011.01,436.7,,R,Dollars,6,Electronic Card Transactions (ANZSIC06) - ECT,Private - Values - Electronic card transactions  A/S/T by industry,Seasonally adjusted,"Furniture, Electrical and Hardware Retailing",,,
1153,ECTM.S1SG1310,2011.02,430,,R,Dollars,6,Electronic Card Transactions (ANZSIC06) - ECT,Private - Values - Electronic card transactions  A/S/T by industry,Seasonally adjusted,"Furniture, Electrical and Hardware Retailing",,,
1154,ECTM.S1SG1310,2011.03,450.2,,R,Dollars,6,Electronic Card Transactions (ANZSIC06) - ECT,Private - Values - Electronic card transactions  A/S/T by industry,Seasonally adjusted,"Furniture, Electrical and Hardware Retailing",,,
1155,ECTM.S1SG1310,2011.04,443.3,,R,Dollars,6,Electronic Card Transactions (ANZSIC06) - ECT,Private - Values - Electronic card transactions  A/S/T by industry,Seasonally adjusted,"Furniture, Electrical and Hardware Retailing",,,
1156,ECTM.S1SG1310,2011.05,434.1,,R,Dollars,6,Electronic Card Transactions (ANZSIC06) - ECT,Private - Values - Electronic card transactions  A/S/T by industry,Seasonally adjusted,"Furniture, Electrical and Hardware Retailing",,,
1157,ECTM.S1SG1310,2011.06,472.2,,R,Dollars,6,Electronic Card Transactions (ANZSIC06) - ECT,Private - Values - Electronic card transactions  A/S/T by industry,Seasonally adjusted,"Furniture, Electrical and Hardware Retailing",,,
1158,ECTM.S1SG1310,2011.07,455.4,,R,Dollars,6,Electronic Card Transactions (ANZSIC06) - ECT,Private - Values - Electronic card transactions  A/S/T by industry,Seasonally adjusted,"Furniture, Electrical and Hardware Retailing",,,
1159,ECTM.S1SG1310,2011.08,437.2,,R,Dollars,6,Electronic Card Transactions (ANZSIC06) - ECT,Private - Values - Electronic card transactions  A/S/T by industry,Seasonally adjusted,"Furniture, Electrical and Hardware Retailing",,,
1160,ECTM.S1SG1310,2011.09,449.4,,R,Dollars,6,Electronic Card Transactions (ANZSIC06) - ECT,Private - Values - Electronic card transactions  A/S/T by industry,Seasonally adjusted,"Furniture, Electrical and Hardware Retailing",,,
1161,ECTM.S1SG1310,2011.1,444.3,,R,Dollars,6,Electronic Card Transactions (ANZSIC06) - ECT,Private - Values - Electronic card transactions  A/S/T by industry,Seasonally adjusted,"Furniture, Electrical and Hardware Retailing",,,
1162,ECTM.S1SG1310,2011.11,443.7,,R,Dollars,6,Electronic Card Transactions (ANZSIC06) - ECT,Private - Values - Electronic card transactions  A/S/T by industry,Seasonally adjusted,"Furniture, Electrical and Hardware Retailing",,,
1163,ECTM.S1SG1310,2011.12,457.3,,R,Dollars,6,Electronic Card Transactions (ANZSIC06) - ECT,Private - Values - Electronic card transactions  A/S/T by industry,Seasonally adjusted,"Furniture, Electrical and Hardware Retailing",,,
1164,ECTM.S1SG1310,2012.01,445.4,,R,Dollars,6,Electronic Card Transactions (ANZSIC06) - ECT,Private - Values - Electronic card transactions  A/S/T by industry,Seasonally adjusted,"Furniture, Electrical and Hardware Retailing",,,
1165,ECTM.S1SG1310,2012.02,462.5,,R,Dollars,6,Electronic Card Transactions (ANZSIC06) - ECT,Private - Values - Electronic card transactions  A/S/T by industry,Seasonally adjusted,"Furniture, Electrical and Hardware Retailing",,,
1166,ECTM.S1SG1310,2012.03,455.9,,R,Dollars,6,Electronic Card Transactions (ANZSIC06) - ECT,Private - Values - Electronic card transactions  A/S/T by industry,Seasonally adjusted,"Furniture, Electrical and Hardware Retailing",,,
1167,ECTM.S1SG1310,2012.04,462.5,,R,Dollars,6,Electronic Card Transactions (ANZSIC06) - ECT,Private - Values - Electronic card transactions  A/S/T by industry,Seasonally adjusted,"Furniture, Electrical and Hardware Retailing",,,
1168,ECTM.S1SG1310,2012.05,463.5,,R,Dollars,6,Electronic Card Transactions (ANZSIC06) - ECT,Private - Values - Electronic card transactions  A/S/T by industry,Seasonally adjusted,"Furniture, Electrical and Hardware Retailing",,,
1169,ECTM.S1SG1310,2012.06,464.7,,R,Dollars,6,Electronic Card Transactions (ANZSIC06) - ECT,Private - Values - Electronic card transactions  A/S/T by industry,Seasonally adjusted,"Furniture, Electrical and Hardware Retailing",,,
1170,ECTM.S1SG1310,2012.07,455.8,,R,Dollars,6,Electronic Card Transactions (ANZSIC06) - ECT,Private - Values - Electronic card transactions  A/S/T by industry,Seasonally adjusted,"Furniture, Electrical and Hardware Retailing",,,
1171,ECTM.S1SG1310,2012.08,478.5,,R,Dollars,6,Electronic Card Transactions (ANZSIC06) - ECT,Private - Values - Electronic card transactions  A/S/T by industry,Seasonally adjusted,"Furniture, Electrical and Hardware Retailing",,,
1172,ECTM.S1SG1310,2012.09,477.4,,R,Dollars,6,Electronic Card Transactions (ANZSIC06) - ECT,Private - Values - Electronic card transactions  A/S/T by industry,Seasonally adjusted,"Furniture, Electrical and Hardware Retailing",,,
1173,ECTM.S1SG1310,2012.1,463.9,,R,Dollars,6,Electronic Card Transactions (ANZSIC06) - ECT,Private - Values - Electronic card transactions  A/S/T by industry,Seasonally adjusted,"Furniture, Electrical and Hardware Retailing",,,
1174,ECTM.S1SG1310,2012.11,477.4,,R,Dollars,6,Electronic Card Transactions (ANZSIC06) - ECT,Private - Values - Electronic card transactions  A/S/T by industry,Seasonally adjusted,"Furniture, Electrical and Hardware Retailing",,,
1175,ECTM.S1SG1310,2012.12,476.2,,R,Dollars,6,Electronic Card Transactions (ANZSIC06) - ECT,Private - Values - Electronic card transactions  A/S/T by industry,Seasonally adjusted,"Furniture, Electrical and Hardware Retailing",,,
1176,ECTM.S1SG1310,2013.01,480.7,,R,Dollars,6,Electronic Card Transactions (ANZSIC06) - ECT,Private - Values - Electronic card transactions  A/S/T by industry,Seasonally adjusted,"Furniture, Electrical and Hardware Retailing",,,
1177,ECTM.S1SG1310,2013.02,480.3,,R,Dollars,6,Electronic Card Transactions (ANZSIC06) - ECT,Private - Values - Electronic card transactions  A/S/T by industry,Seasonally adjusted,"Furniture, Electrical and Hardware Retailing",,,
1178,ECTM.S1SG1310,2013.03,482,,R,Dollars,6,Electronic Card Transactions (ANZSIC06) - ECT,Private - Values - Electronic card transactions  A/S/T by industry,Seasonally adjusted,"Furniture, Electrical and Hardware Retailing",,,
1179,ECTM.S1SG1310,2013.04,479.3,,R,Dollars,6,Electronic Card Transactions (ANZSIC06) - ECT,Private - Values - Electronic card transactions  A/S/T by industry,Seasonally adjusted,"Furniture, Electrical and Hardware Retailing",,,
1180,ECTM.S1SG1310,2013.05,502,,R,Dollars,6,Electronic Card Transactions (ANZSIC06) - ECT,Private - Values - Electronic card transactions  A/S/T by industry,Seasonally adjusted,"Furniture, Electrical and Hardware Retailing",,,
1181,ECTM.S1SG1310,2013.06,500.7,,R,Dollars,6,Electronic Card Transactions (ANZSIC06) - ECT,Private - Values - Electronic card transactions  A/S/T by industry,Seasonally adjusted,"Furniture, Electrical and Hardware Retailing",,,
1182,ECTM.S1SG1310,2013.07,481.7,,R,Dollars,6,Electronic Card Transactions (ANZSIC06) - ECT,Private - Values - Electronic card transactions  A/S/T by industry,Seasonally adjusted,"Furniture, Electrical and Hardware Retailing",,,
1183,ECTM.S1SG1310,2013.08,503.8,,R,Dollars,6,Electronic Card Transactions (ANZSIC06) - ECT,Private - Values - Electronic card transactions  A/S/T by industry,Seasonally adjusted,"Furniture, Electrical and Hardware Retailing",,,
1184,ECTM.S1SG1310,2013.09,489.8,,R,Dollars,6,Electronic Card Transactions (ANZSIC06) - ECT,Private - Values - Electronic card transactions  A/S/T by industry,Seasonally adjusted,"Furniture, Electrical and Hardware Retailing",,,
1185,ECTM.S1SG1310,2013.1,512.1,,R,Dollars,6,Electronic Card Transactions (ANZSIC06) - ECT,Private - Values - Electronic card transactions  A/S/T by industry,Seasonally adjusted,"Furniture, Electrical and Hardware Retailing",,,
1186,ECTM.S1SG1310,2013.11,504.7,,R,Dollars,6,Electronic Card Transactions (ANZSIC06) - ECT,Private - Values - Electronic card transactions  A/S/T by industry,Seasonally adjusted,"Furniture, Electrical and Hardware Retailing",,,
1187,ECTM.S1SG1310,2013.12,494.9,,R,Dollars,6,Electronic Card Transactions (ANZSIC06) - ECT,Private - Values - Electronic card transactions  A/S/T by industry,Seasonally adjusted,"Furniture, Electrical and Hardware Retailing",,,
1188,ECTM.S1SG1310,2014.01,513.5,,R,Dollars,6,Electronic Card Transactions (ANZSIC06) - ECT,Private - Values - Electronic card transactions  A/S/T by industry,Seasonally adjusted,"Furniture, Electrical and Hardware Retailing",,,
1189,ECTM.S1SG1310,2014.02,503.1,,R,Dollars,6,Electronic Card Transactions (ANZSIC06) - ECT,Private - Values - Electronic card transactions  A/S/T by industry,Seasonally adjusted,"Furniture, Electrical and Hardware Retailing",,,
1190,ECTM.S1SG1310,2014.03,508.9,,R,Dollars,6,Electronic Card Transactions (ANZSIC06) - ECT,Private - Values - Electronic card transactions  A/S/T by industry,Seasonally adjusted,"Furniture, Electrical and Hardware Retailing",,,
1191,ECTM.S1SG1310,2014.04,509.2,,R,Dollars,6,Electronic Card Transactions (ANZSIC06) - ECT,Private - Values - Electronic card transactions  A/S/T by industry,Seasonally adjusted,"Furniture, Electrical and Hardware Retailing",,,
1192,ECTM.S1SG1310,2014.05,512.3,,R,Dollars,6,Electronic Card Transactions (ANZSIC06) - ECT,Private - Values - Electronic card transactions  A/S/T by industry,Seasonally adjusted,"Furniture, Electrical and Hardware Retailing",,,
1193,ECTM.S1SG1310,2014.06,508.5,,R,Dollars,6,Electronic Card Transactions (ANZSIC06) - ECT,Private - Values - Electronic card transactions  A/S/T by industry,Seasonally adjusted,"Furniture, Electrical and Hardware Retailing",,,
1194,ECTM.S1SG1310,2014.07,519.3,,R,Dollars,6,Electronic Card Transactions (ANZSIC06) - ECT,Private - Values - Electronic card transactions  A/S/T by industry,Seasonally adjusted,"Furniture, Electrical and Hardware Retailing",,,
1195,ECTM.S1SG1310,2014.08,520.4,,R,Dollars,6,Electronic Card Transactions (ANZSIC06) - ECT,Private - Values - Electronic card transactions  A/S/T by industry,Seasonally adjusted,"Furniture, Electrical and Hardware Retailing",,,
1196,ECTM.S1SG1310,2014.09,491.3,,R,Dollars,6,Electronic Card Transactions (ANZSIC06) - ECT,Private - Values - Electronic card transactions  A/S/T by industry,Seasonally adjusted,"Furniture, Electrical and Hardware Retailing",,,
1197,ECTM.S1SG1310,2014.1,548.5,,R,Dollars,6,Electronic Card Transactions (ANZSIC06) - ECT,Private - Values - Electronic card transactions  A/S/T by industry,Seasonally adjusted,"Furniture, Electrical and Hardware Retailing",,,
1198,ECTM.S1SG1310,2014.11,533.4,,R,Dollars,6,Electronic Card Transactions (ANZSIC06) - ECT,Private - Values - Electronic card transactions  A/S/T by industry,Seasonally adjusted,"Furniture, Electrical and Hardware Retailing",,,
1199,ECTM.S1SG1310,2014.12,526.1,,R,Dollars,6,Electronic Card Transactions (ANZSIC06) - ECT,Private - Values - Electronic card transactions  A/S/T by industry,Seasonally adjusted,"Furniture, Electrical and Hardware Retailing",,,
1200,ECTM.S1SG1310,2015.01,537.2,,R,Dollars,6,Electronic Card Transactions (ANZSIC06) - ECT,Private - Values - Electronic card transactions  A/S/T by industry,Seasonally adjusted,"Furniture, Electrical and Hardware Retailing",,,
1201,ECTM.S1SG1310,2015.02,543.4,,R,Dollars,6,Electronic Card Transactions (ANZSIC06) - ECT,Private - Values - Electronic card transactions  A/S/T by industry,Seasonally adjusted,"Furniture, Electrical and Hardware Retailing",,,
1202,ECTM.S1SG1310,2015.03,520.4,,R,Dollars,6,Electronic Card Transactions (ANZSIC06) - ECT,Private - Values - Electronic card transactions  A/S/T by industry,Seasonally adjusted,"Furniture, Electrical and Hardware Retailing",,,
1203,ECTM.S1SG1310,2015.04,551,,R,Dollars,6,Electronic Card Transactions (ANZSIC06) - ECT,Private - Values - Electronic card transactions  A/S/T by industry,Seasonally adjusted,"Furniture, Electrical and Hardware Retailing",,,
1204,ECTM.S1SG1310,2015.05,557.8,,R,Dollars,6,Electronic Card Transactions (ANZSIC06) - ECT,Private - Values - Electronic card transactions  A/S/T by industry,Seasonally adjusted,"Furniture, Electrical and Hardware Retailing",,,
1205,ECTM.S1SG1310,2015.06,521.5,,R,Dollars,6,Electronic Card Transactions (ANZSIC06) - ECT,Private - Values - Electronic card transactions  A/S/T by industry,Seasonally adjusted,"Furniture, Electrical and Hardware Retailing",,,
1206,ECTM.S1SG1310,2015.07,572.1,,R,Dollars,6,Electronic Card Transactions (ANZSIC06) - ECT,Private - Values - Electronic card transactions  A/S/T by industry,Seasonally adjusted,"Furniture, Electrical and Hardware Retailing",,,
1207,ECTM.S1SG1310,2015.08,561.3,,R,Dollars,6,Electronic Card Transactions (ANZSIC06) - ECT,Private - Values - Electronic card transactions  A/S/T by industry,Seasonally adjusted,"Furniture, Electrical and Hardware Retailing",,,
1208,ECTM.S1SG1310,2015.09,563,,R,Dollars,6,Electronic Card Transactions (ANZSIC06) - ECT,Private - Values - Electronic card transactions  A/S/T by industry,Seasonally adjusted,"Furniture, Electrical and Hardware Retailing",,,
1209,ECTM.S1SG1310,2015.1,577.6,,R,Dollars,6,Electronic Card Transactions (ANZSIC06) - ECT,Private - Values - Electronic card transactions  A/S/T by industry,Seasonally adjusted,"Furniture, Electrical and Hardware Retailing",,,
1210,ECTM.S1SG1310,2015.11,561,,R,Dollars,6,Electronic Card Transactions (ANZSIC06) - ECT,Private - Values - Electronic card transactions  A/S/T by industry,Seasonally adjusted,"Furniture, Electrical and Hardware Retailing",,,
1211,ECTM.S1SG1310,2015.12,584.9,,R,Dollars,6,Electronic Card Transactions (ANZSIC06) - ECT,Private - Values - Electronic card transactions  A/S/T by industry,Seasonally adjusted,"Furniture, Electrical and Hardware Retailing",,,
1212,ECTM.S1SG1310,2016.01,579.6,,R,Dollars,6,Electronic Card Transactions (ANZSIC06) - ECT,Private - Values - Electronic card transactions  A/S/T by industry,Seasonally adjusted,"Furniture, Electrical and Hardware Retailing",,,
1213,ECTM.S1SG1310,2016.02,579.6,,R,Dollars,6,Electronic Card Transactions (ANZSIC06) - ECT,Private - Values - Electronic card transactions  A/S/T by industry,Seasonally adjusted,"Furniture, Electrical and Hardware Retailing",,,
1214,ECTM.S1SG1310,2016.03,589,,R,Dollars,6,Electronic Card Transactions (ANZSIC06) - ECT,Private - Values - Electronic card transactions  A/S/T by industry,Seasonally adjusted,"Furniture, Electrical and Hardware Retailing",,,
1215,ECTM.S1SG1310,2016.04,592.1,,R,Dollars,6,Electronic Card Transactions (ANZSIC06) - ECT,Private - Values - Electronic card transactions  A/S/T by industry,Seasonally adjusted,"Furniture, Electrical and Hardware Retailing",,,
1216,ECTM.S1SG1310,2016.05,578.9,,R,Dollars,6,Electronic Card Transactions (ANZSIC06) - ECT,Private - Values - Electronic card transactions  A/S/T by industry,Seasonally adjusted,"Furniture, Electrical and Hardware Retailing",,,
1217,ECTM.S1SG1310,2016.06,613.5,,R,Dollars,6,Electronic Card Transactions (ANZSIC06) - ECT,Private - Values - Electronic card transactions  A/S/T by industry,Seasonally adjusted,"Furniture, Electrical and Hardware Retailing",,,
1218,ECTM.S1SG1310,2016.07,611.7,,R,Dollars,6,Electronic Card Transactions (ANZSIC06) - ECT,Private - Values - Electronic card transactions  A/S/T by industry,Seasonally adjusted,"Furniture, Electrical and Hardware Retailing",,,
1219,ECTM.S1SG1310,2016.08,579.2,,R,Dollars,6,Electronic Card Transactions (ANZSIC06) - ECT,Private - Values - Electronic card transactions  A/S/T by industry,Seasonally adjusted,"Furniture, Electrical and Hardware Retailing",,,
1220,ECTM.S1SG1310,2016.09,606.3,,R,Dollars,6,Electronic Card Transactions (ANZSIC06) - ECT,Private - Values - Electronic card transactions  A/S/T by industry,Seasonally adjusted,"Furniture, Electrical and Hardware Retailing",,,
1221,ECTM.S1SG1310,2016.1,599.9,,R,Dollars,6,Electronic Card Transactions (ANZSIC06) - ECT,Private - Values - Electronic card transactions  A/S/T by industry,Seasonally adjusted,"Furniture, Electrical and Hardware Retailing",,,
1222,ECTM.S1SG1310,2016.11,580.6,,R,Dollars,6,Electronic Card Transactions (ANZSIC06) - ECT,Private - Values - Electronic card transactions  A/S/T by industry,Seasonally adjusted,"Furniture, Electrical and Hardware Retailing",,,
1223,ECTM.S1SG1310,2016.12,593,,R,Dollars,6,Electronic Card Transactions (ANZSIC06) - ECT,Private - Values - Electronic card transactions  A/S/T by industry,Seasonally adjusted,"Furniture, Electrical and Hardware Retailing",,,
1224,ECTM.S1SG1310,2017.01,586.9,,R,Dollars,6,Electronic Card Transactions (ANZSIC06) - ECT,Private - Values - Electronic card transactions  A/S/T by industry,Seasonally adjusted,"Furniture, Electrical and Hardware Retailing",,,
1225,ECTM.S1SG1310,2017.02,594.1,,R,Dollars,6,Electronic Card Transactions (ANZSIC06) - ECT,Private - Values - Electronic card transactions  A/S/T by industry,Seasonally adjusted,"Furniture, Electrical and Hardware Retailing",,,
1226,ECTM.S1SG1310,2017.03,611.1,,R,Dollars,6,Electronic Card Transactions (ANZSIC06) - ECT,Private - Values - Electronic card transactions  A/S/T by industry,Seasonally adjusted,"Furniture, Electrical and Hardware Retailing",,,
1227,ECTM.S1SG1310,2017.04,613.7,,R,Dollars,6,Electronic Card Transactions (ANZSIC06) - ECT,Private - Values - Electronic card transactions  A/S/T by industry,Seasonally adjusted,"Furniture, Electrical and Hardware Retailing",,,
1228,ECTM.S1SG1310,2017.05,590.6,,R,Dollars,6,Electronic Card Transactions (ANZSIC06) - ECT,Private - Values - Electronic card transactions  A/S/T by industry,Seasonally adjusted,"Furniture, Electrical and Hardware Retailing",,,
1229,ECTM.S1SG1310,2017.06,601.7,,R,Dollars,6,Electronic Card Transactions (ANZSIC06) - ECT,Private - Values - Electronic card transactions  A/S/T by industry,Seasonally adjusted,"Furniture, Electrical and Hardware Retailing",,,
1230,ECTM.S1SG1310,2017.07,603.1,,R,Dollars,6,Electronic Card Transactions (ANZSIC06) - ECT,Private - Values - Electronic card transactions  A/S/T by industry,Seasonally adjusted,"Furniture, Electrical and Hardware Retailing",,,
1231,ECTM.S1SG1310,2017.08,604.4,,R,Dollars,6,Electronic Card Transactions (ANZSIC06) - ECT,Private - Values - Electronic card transactions  A/S/T by industry,Seasonally adjusted,"Furniture, Electrical and Hardware Retailing",,,
1232,ECTM.S1SG1310,2017.09,595,,R,Dollars,6,Electronic Card Transactions (ANZSIC06) - ECT,Private - Values - Electronic card transactions  A/S/T by industry,Seasonally adjusted,"Furniture, Electrical and Hardware Retailing",,,
1233,ECTM.S1SG1310,2017.1,594.5,,R,Dollars,6,Electronic Card Transactions (ANZSIC06) - ECT,Private - Values - Electronic card transactions  A/S/T by industry,Seasonally adjusted,"Furniture, Electrical and Hardware Retailing",,,
1234,ECTM.S1SG1310,2017.11,622.3,,R,Dollars,6,Electronic Card Transactions (ANZSIC06) - ECT,Private - Values - Electronic card transactions  A/S/T by industry,Seasonally adjusted,"Furniture, Electrical and Hardware Retailing",,,
1235,ECTM.S1SG1310,2017.12,614.6,,R,Dollars,6,Electronic Card Transactions (ANZSIC06) - ECT,Private - Values - Electronic card transactions  A/S/T by industry,Seasonally adjusted,"Furniture, Electrical and Hardware Retailing",,,
1236,ECTM.S1SG1310,2018.01,585,,R,Dollars,6,Electronic Card Transactions (ANZSIC06) - ECT,Private - Values - Electronic card transactions  A/S/T by industry,Seasonally adjusted,"Furniture, Electrical and Hardware Retailing",,,
1237,ECTM.S1SG1310,2018.02,600.8,,R,Dollars,6,Electronic Card Transactions (ANZSIC06) - ECT,Private - Values - Electronic card transactions  A/S/T by industry,Seasonally adjusted,"Furniture, Electrical and Hardware Retailing",,,
1238,ECTM.S1SG1310,2018.03,621,,R,Dollars,6,Electronic Card Transactions (ANZSIC06) - ECT,Private - Values - Electronic card transactions  A/S/T by industry,Seasonally adjusted,"Furniture, Electrical and Hardware Retailing",,,
1239,ECTM.S1SG1310,2018.04,632.2,,R,Dollars,6,Electronic Card Transactions (ANZSIC06) - ECT,Private - Values - Electronic card transactions  A/S/T by industry,Seasonally adjusted,"Furniture, Electrical and Hardware Retailing",,,
1240,ECTM.S1SG1310,2018.05,635.9,,R,Dollars,6,Electronic Card Transactions (ANZSIC06) - ECT,Private - Values - Electronic card transactions  A/S/T by industry,Seasonally adjusted,"Furniture, Electrical and Hardware Retailing",,,
1241,ECTM.S1SG1310,2018.06,613.9,,R,Dollars,6,Electronic Card Transactions (ANZSIC06) - ECT,Private - Values - Electronic card transactions  A/S/T by industry,Seasonally adjusted,"Furniture, Electrical and Hardware Retailing",,,
1242,ECTM.S1SG1310,2018.07,611.2,,R,Dollars,6,Electronic Card Transactions (ANZSIC06) - ECT,Private - Values - Electronic card transactions  A/S/T by industry,Seasonally adjusted,"Furniture, Electrical and Hardware Retailing",,,
1243,ECTM.S1SG1310,2018.08,640.2,,R,Dollars,6,Electronic Card Transactions (ANZSIC06) - ECT,Private - Values - Electronic card transactions  A/S/T by industry,Seasonally adjusted,"Furniture, Electrical and Hardware Retailing",,,
1244,ECTM.S1SG1310,2018.09,630.6,,R,Dollars,6,Electronic Card Transactions (ANZSIC06) - ECT,Private - Values - Electronic card transactions  A/S/T by industry,Seasonally adjusted,"Furniture, Electrical and Hardware Retailing",,,
1245,ECTM.S1SG1310,2018.1,618.3,,R,Dollars,6,Electronic Card Transactions (ANZSIC06) - ECT,Private - Values - Electronic card transactions  A/S/T by industry,Seasonally adjusted,"Furniture, Electrical and Hardware Retailing",,,
1246,ECTM.S1SG1310,2018.11,615,,R,Dollars,6,Electronic Card Transactions (ANZSIC06) - ECT,Private - Values - Electronic card transactions  A/S/T by industry,Seasonally adjusted,"Furniture, Electrical and Hardware Retailing",,,
1247,ECTM.S1SG1310,2018.12,605.4,,R,Dollars,6,Electronic Card Transactions (ANZSIC06) - ECT,Private - Values - Electronic card transactions  A/S/T by industry,Seasonally adjusted,"Furniture, Electrical and Hardware Retailing",,,
1248,ECTM.S1SG1310,2019.01,606,,R,Dollars,6,Electronic Card Transactions (ANZSIC06) - ECT,Private - Values - Electronic card transactions  A/S/T by industry,Seasonally adjusted,"Furniture, Electrical and Hardware Retailing",,,
1249,ECTM.S1SG1310,2019.02,603.1,,R,Dollars,6,Electronic Card Transactions (ANZSIC06) - ECT,Private - Values - Electronic card transactions  A/S/T by industry,Seasonally adjusted,"Furniture, Electrical and Hardware Retailing",,,
1250,ECTM.S1SG1310,2019.03,619.8,,R,Dollars,6,Electronic Card Transactions (ANZSIC06) - ECT,Private - Values - Electronic card transactions  A/S/T by industry,Seasonally adjusted,"Furniture, Electrical and Hardware Retailing",,,
1251,ECTM.S1SG1310,2019.04,632.5,,R,Dollars,6,Electronic Card Transactions (ANZSIC06) - ECT,Private - Values - Electronic card transactions  A/S/T by industry,Seasonally adjusted,"Furniture, Electrical and Hardware Retailing",,,
1252,ECTM.S1SG1310,2019.05,654.2,,R,Dollars,6,Electronic Card Transactions (ANZSIC06) - ECT,Private - Values - Electronic card transactions  A/S/T by industry,Seasonally adjusted,"Furniture, Electrical and Hardware Retailing",,,
1253,ECTM.S1SG1310,2019.06,653.1,,R,Dollars,6,Electronic Card Transactions (ANZSIC06) - ECT,Private - Values - Electronic card transactions  A/S/T by industry,Seasonally adjusted,"Furniture, Electrical and Hardware Retailing",,,
1254,ECTM.S1SG1310,2019.07,639,,R,Dollars,6,Electronic Card Transactions (ANZSIC06) - ECT,Private - Values - Electronic card transactions  A/S/T by industry,Seasonally adjusted,"Furniture, Electrical and Hardware Retailing",,,
1255,ECTM.S1SG1310,2019.08,639,,R,Dollars,6,Electronic Card Transactions (ANZSIC06) - ECT,Private - Values - Electronic card transactions  A/S/T by industry,Seasonally adjusted,"Furniture, Electrical and Hardware Retailing",,,
1256,ECTM.S1SG1310,2019.09,636.2,,R,Dollars,6,Electronic Card Transactions (ANZSIC06) - ECT,Private - Values - Electronic card transactions  A/S/T by industry,Seasonally adjusted,"Furniture, Electrical and Hardware Retailing",,,
1257,ECTM.S1SG1310,2019.1,632.3,,R,Dollars,6,Electronic Card Transactions (ANZSIC06) - ECT,Private - Values - Electronic card transactions  A/S/T by industry,Seasonally adjusted,"Furniture, Electrical and Hardware Retailing",,,
1258,ECTM.S1SG1310,2019.11,626.8,,R,Dollars,6,Electronic Card Transactions (ANZSIC06) - ECT,Private - Values - Electronic card transactions  A/S/T by industry,Seasonally adjusted,"Furniture, Electrical and Hardware Retailing",,,
1259,ECTM.S1SG1310,2019.12,605.5,,R,Dollars,6,Electronic Card Transactions (ANZSIC06) - ECT,Private - Values - Electronic card transactions  A/S/T by industry,Seasonally adjusted,"Furniture, Electrical and Hardware Retailing",,,
1260,ECTM.S1SG1310,2020.01,616.4,,R,Dollars,6,Electronic Card Transactions (ANZSIC06) - ECT,Private - Values - Electronic card transactions  A/S/T by industry,Seasonally adjusted,"Furniture, Electrical and Hardware Retailing",,,
1261,ECTM.S1SG1310,2020.02,609.2,,R,Dollars,6,Electronic Card Transactions (ANZSIC06) - ECT,Private - Values - Electronic card transactions  A/S/T by industry,Seasonally adjusted,"Furniture, Electrical and Hardware Retailing",,,
1262,ECTM.S1SG1310,2020.03,618.2,,R,Dollars,6,Electronic Card Transactions (ANZSIC06) - ECT,Private - Values - Electronic card transactions  A/S/T by industry,Seasonally adjusted,"Furniture, Electrical and Hardware Retailing",,,
1263,ECTM.S1SG1310,2020.04,164.4,,F,Dollars,6,Electronic Card Transactions (ANZSIC06) - ECT,Private - Values - Electronic card transactions  A/S/T by industry,Seasonally adjusted,"Furniture, Electrical and Hardware Retailing",,,
1264,ECTM.S1AG1321,2007.03,121.3,,F,Dollars,6,Electronic Card Transactions (ANZSIC06) - ECT,Private - Values - Electronic card transactions  A/S/T by industry,Actual,Recreational goods,,,
1265,ECTM.S1AG1321,2007.04,105.9,,F,Dollars,6,Electronic Card Transactions (ANZSIC06) - ECT,Private - Values - Electronic card transactions  A/S/T by industry,Actual,Recreational goods,,,
1266,ECTM.S1AG1321,2007.05,109.4,,F,Dollars,6,Electronic Card Transactions (ANZSIC06) - ECT,Private - Values - Electronic card transactions  A/S/T by industry,Actual,Recreational goods,,,
1267,ECTM.S1AG1321,2007.06,104.1,,F,Dollars,6,Electronic Card Transactions (ANZSIC06) - ECT,Private - Values - Electronic card transactions  A/S/T by industry,Actual,Recreational goods,,,
1268,ECTM.S1AG1321,2007.07,105.7,,F,Dollars,6,Electronic Card Transactions (ANZSIC06) - ECT,Private - Values - Electronic card transactions  A/S/T by industry,Actual,Recreational goods,,,
1269,ECTM.S1AG1321,2007.08,106.3,,F,Dollars,6,Electronic Card Transactions (ANZSIC06) - ECT,Private - Values - Electronic card transactions  A/S/T by industry,Actual,Recreational goods,,,
1270,ECTM.S1AG1321,2007.09,104.7,,F,Dollars,6,Electronic Card Transactions (ANZSIC06) - ECT,Private - Values - Electronic card transactions  A/S/T by industry,Actual,Recreational goods,,,
1271,ECTM.S1AG1321,2007.1,114.7,,F,Dollars,6,Electronic Card Transactions (ANZSIC06) - ECT,Private - Values - Electronic card transactions  A/S/T by industry,Actual,Recreational goods,,,
1272,ECTM.S1AG1321,2007.11,126.9,,F,Dollars,6,Electronic Card Transactions (ANZSIC06) - ECT,Private - Values - Electronic card transactions  A/S/T by industry,Actual,Recreational goods,,,
1273,ECTM.S1AG1321,2007.12,202,,F,Dollars,6,Electronic Card Transactions (ANZSIC06) - ECT,Private - Values - Electronic card transactions  A/S/T by industry,Actual,Recreational goods,,,
1274,ECTM.S1AG1321,2008.01,119.3,,F,Dollars,6,Electronic Card Transactions (ANZSIC06) - ECT,Private - Values - Electronic card transactions  A/S/T by industry,Actual,Recreational goods,,,
1275,ECTM.S1AG1321,2008.02,117.5,,F,Dollars,6,Electronic Card Transactions (ANZSIC06) - ECT,Private - Values - Electronic card transactions  A/S/T by industry,Actual,Recreational goods,,,
1276,ECTM.S1AG1321,2008.03,117.9,,F,Dollars,6,Electronic Card Transactions (ANZSIC06) - ECT,Private - Values - Electronic card transactions  A/S/T by industry,Actual,Recreational goods,,,
1277,ECTM.S1AG1321,2008.04,110.6,,F,Dollars,6,Electronic Card Transactions (ANZSIC06) - ECT,Private - Values - Electronic card transactions  A/S/T by industry,Actual,Recreational goods,,,
1278,ECTM.S1AG1321,2008.05,110.3,,F,Dollars,6,Electronic Card Transactions (ANZSIC06) - ECT,Private - Values - Electronic card transactions  A/S/T by industry,Actual,Recreational goods,,,
1279,ECTM.S1AG1321,2008.06,96.3,,F,Dollars,6,Electronic Card Transactions (ANZSIC06) - ECT,Private - Values - Electronic card transactions  A/S/T by industry,Actual,Recreational goods,,,
1280,ECTM.S1AG1321,2008.07,107.1,,F,Dollars,6,Electronic Card Transactions (ANZSIC06) - ECT,Private - Values - Electronic card transactions  A/S/T by industry,Actual,Recreational goods,,,
1281,ECTM.S1AG1321,2008.08,101.7,,F,Dollars,6,Electronic Card Transactions (ANZSIC06) - ECT,Private - Values - Electronic card transactions  A/S/T by industry,Actual,Recreational goods,,,
1282,ECTM.S1AG1321,2008.09,106.1,,F,Dollars,6,Electronic Card Transactions (ANZSIC06) - ECT,Private - Values - Electronic card transactions  A/S/T by industry,Actual,Recreational goods,,,
1283,ECTM.S1AG1321,2008.1,115.5,,F,Dollars,6,Electronic Card Transactions (ANZSIC06) - ECT,Private - Values - Electronic card transactions  A/S/T by industry,Actual,Recreational goods,,,
1284,ECTM.S1AG1321,2008.11,126.2,,F,Dollars,6,Electronic Card Transactions (ANZSIC06) - ECT,Private - Values - Electronic card transactions  A/S/T by industry,Actual,Recreational goods,,,
1285,ECTM.S1AG1321,2008.12,198.1,,F,Dollars,6,Electronic Card Transactions (ANZSIC06) - ECT,Private - Values - Electronic card transactions  A/S/T by industry,Actual,Recreational goods,,,
1286,ECTM.S1AG1321,2009.01,122.2,,F,Dollars,6,Electronic Card Transactions (ANZSIC06) - ECT,Private - Values - Electronic card transactions  A/S/T by industry,Actual,Recreational goods,,,
1287,ECTM.S1AG1321,2009.02,111.7,,F,Dollars,6,Electronic Card Transactions (ANZSIC06) - ECT,Private - Values - Electronic card transactions  A/S/T by industry,Actual,Recreational goods,,,
1288,ECTM.S1AG1321,2009.03,123.2,,F,Dollars,6,Electronic Card Transactions (ANZSIC06) - ECT,Private - Values - Electronic card transactions  A/S/T by industry,Actual,Recreational goods,,,
1289,ECTM.S1AG1321,2009.04,110.6,,F,Dollars,6,Electronic Card Transactions (ANZSIC06) - ECT,Private - Values - Electronic card transactions  A/S/T by industry,Actual,Recreational goods,,,
1290,ECTM.S1AG1321,2009.05,109.6,,F,Dollars,6,Electronic Card Transactions (ANZSIC06) - ECT,Private - Values - Electronic card transactions  A/S/T by industry,Actual,Recreational goods,,,
1291,ECTM.S1AG1321,2009.06,97.5,,F,Dollars,6,Electronic Card Transactions (ANZSIC06) - ECT,Private - Values - Electronic card transactions  A/S/T by industry,Actual,Recreational goods,,,
1292,ECTM.S1AG1321,2009.07,114,,F,Dollars,6,Electronic Card Transactions (ANZSIC06) - ECT,Private - Values - Electronic card transactions  A/S/T by industry,Actual,Recreational goods,,,
1293,ECTM.S1AG1321,2009.08,104.1,,F,Dollars,6,Electronic Card Transactions (ANZSIC06) - ECT,Private - Values - Electronic card transactions  A/S/T by industry,Actual,Recreational goods,,,
1294,ECTM.S1AG1321,2009.09,107,,F,Dollars,6,Electronic Card Transactions (ANZSIC06) - ECT,Private - Values - Electronic card transactions  A/S/T by industry,Actual,Recreational goods,,,
1295,ECTM.S1AG1321,2009.1,111.7,,F,Dollars,6,Electronic Card Transactions (ANZSIC06) - ECT,Private - Values - Electronic card transactions  A/S/T by industry,Actual,Recreational goods,,,
1296,ECTM.S1AG1321,2009.11,124.5,,F,Dollars,6,Electronic Card Transactions (ANZSIC06) - ECT,Private - Values - Electronic card transactions  A/S/T by industry,Actual,Recreational goods,,,
1297,ECTM.S1AG1321,2009.12,193.6,,F,Dollars,6,Electronic Card Transactions (ANZSIC06) - ECT,Private - Values - Electronic card transactions  A/S/T by industry,Actual,Recreational goods,,,
1298,ECTM.S1AG1321,2010.01,115.6,,F,Dollars,6,Electronic Card Transactions (ANZSIC06) - ECT,Private - Values - Electronic card transactions  A/S/T by industry,Actual,Recreational goods,,,
1299,ECTM.S1AG1321,2010.02,109.2,,F,Dollars,6,Electronic Card Transactions (ANZSIC06) - ECT,Private - Values - Electronic card transactions  A/S/T by industry,Actual,Recreational goods,,,
1300,ECTM.S1AG1321,2010.03,122.5,,F,Dollars,6,Electronic Card Transactions (ANZSIC06) - ECT,Private - Values - Electronic card transactions  A/S/T by industry,Actual,Recreational goods,,,
1301,ECTM.S1AG1321,2010.04,107.6,,F,Dollars,6,Electronic Card Transactions (ANZSIC06) - ECT,Private - Values - Electronic card transactions  A/S/T by industry,Actual,Recreational goods,,,
1302,ECTM.S1AG1321,2010.05,100.5,,F,Dollars,6,Electronic Card Transactions (ANZSIC06) - ECT,Private - Values - Electronic card transactions  A/S/T by industry,Actual,Recreational goods,,,
1303,ECTM.S1AG1321,2010.06,98.8,,F,Dollars,6,Electronic Card Transactions (ANZSIC06) - ECT,Private - Values - Electronic card transactions  A/S/T by industry,Actual,Recreational goods,,,
1304,ECTM.S1AG1321,2010.07,114.3,,F,Dollars,6,Electronic Card Transactions (ANZSIC06) - ECT,Private - Values - Electronic card transactions  A/S/T by industry,Actual,Recreational goods,,,
1305,ECTM.S1AG1321,2010.08,98.3,,F,Dollars,6,Electronic Card Transactions (ANZSIC06) - ECT,Private - Values - Electronic card transactions  A/S/T by industry,Actual,Recreational goods,,,
1306,ECTM.S1AG1321,2010.09,102.9,,F,Dollars,6,Electronic Card Transactions (ANZSIC06) - ECT,Private - Values - Electronic card transactions  A/S/T by industry,Actual,Recreational goods,,,
1307,ECTM.S1AG1321,2010.1,107.3,,F,Dollars,6,Electronic Card Transactions (ANZSIC06) - ECT,Private - Values - Electronic card transactions  A/S/T by industry,Actual,Recreational goods,,,
1308,ECTM.S1AG1321,2010.11,124.6,,F,Dollars,6,Electronic Card Transactions (ANZSIC06) - ECT,Private - Values - Electronic card transactions  A/S/T by industry,Actual,Recreational goods,,,
1309,ECTM.S1AG1321,2010.12,196,,F,Dollars,6,Electronic Card Transactions (ANZSIC06) - ECT,Private - Values - Electronic card transactions  A/S/T by industry,Actual,Recreational goods,,,
1310,ECTM.S1AG1321,2011.01,113.6,,F,Dollars,6,Electronic Card Transactions (ANZSIC06) - ECT,Private - Values - Electronic card transactions  A/S/T by industry,Actual,Recreational goods,,,
1311,ECTM.S1AG1321,2011.02,105.2,,F,Dollars,6,Electronic Card Transactions (ANZSIC06) - ECT,Private - Values - Electronic card transactions  A/S/T by industry,Actual,Recreational goods,,,
1312,ECTM.S1AG1321,2011.03,118.8,,F,Dollars,6,Electronic Card Transactions (ANZSIC06) - ECT,Private - Values - Electronic card transactions  A/S/T by industry,Actual,Recreational goods,,,
1313,ECTM.S1AG1321,2011.04,106.8,,F,Dollars,6,Electronic Card Transactions (ANZSIC06) - ECT,Private - Values - Electronic card transactions  A/S/T by industry,Actual,Recreational goods,,,
1314,ECTM.S1AG1321,2011.05,103,,F,Dollars,6,Electronic Card Transactions (ANZSIC06) - ECT,Private - Values - Electronic card transactions  A/S/T by industry,Actual,Recreational goods,,,
1315,ECTM.S1AG1321,2011.06,94,,F,Dollars,6,Electronic Card Transactions (ANZSIC06) - ECT,Private - Values - Electronic card transactions  A/S/T by industry,Actual,Recreational goods,,,
1316,ECTM.S1AG1321,2011.07,108.8,,F,Dollars,6,Electronic Card Transactions (ANZSIC06) - ECT,Private - Values - Electronic card transactions  A/S/T by industry,Actual,Recreational goods,,,
1317,ECTM.S1AG1321,2011.08,97.3,,F,Dollars,6,Electronic Card Transactions (ANZSIC06) - ECT,Private - Values - Electronic card transactions  A/S/T by industry,Actual,Recreational goods,,,
1318,ECTM.S1AG1321,2011.09,102.2,,F,Dollars,6,Electronic Card Transactions (ANZSIC06) - ECT,Private - Values - Electronic card transactions  A/S/T by industry,Actual,Recreational goods,,,
1319,ECTM.S1AG1321,2011.1,107.5,,F,Dollars,6,Electronic Card Transactions (ANZSIC06) - ECT,Private - Values - Electronic card transactions  A/S/T by industry,Actual,Recreational goods,,,
1320,ECTM.S1AG1321,2011.11,122.6,,F,Dollars,6,Electronic Card Transactions (ANZSIC06) - ECT,Private - Values - Electronic card transactions  A/S/T by industry,Actual,Recreational goods,,,
1321,ECTM.S1AG1321,2011.12,198.6,,F,Dollars,6,Electronic Card Transactions (ANZSIC06) - ECT,Private - Values - Electronic card transactions  A/S/T by industry,Actual,Recreational goods,,,
1322,ECTM.S1AG1321,2012.01,116,,F,Dollars,6,Electronic Card Transactions (ANZSIC06) - ECT,Private - Values - Electronic card transactions  A/S/T by industry,Actual,Recreational goods,,,
1323,ECTM.S1AG1321,2012.02,113.7,,F,Dollars,6,Electronic Card Transactions (ANZSIC06) - ECT,Private - Values - Electronic card transactions  A/S/T by industry,Actual,Recreational goods,,,
1324,ECTM.S1AG1321,2012.03,118.3,,F,Dollars,6,Electronic Card Transactions (ANZSIC06) - ECT,Private - Values - Electronic card transactions  A/S/T by industry,Actual,Recreational goods,,,
1325,ECTM.S1AG1321,2012.04,103.3,,F,Dollars,6,Electronic Card Transactions (ANZSIC06) - ECT,Private - Values - Electronic card transactions  A/S/T by industry,Actual,Recreational goods,,,
1326,ECTM.S1AG1321,2012.05,107.4,,F,Dollars,6,Electronic Card Transactions (ANZSIC06) - ECT,Private - Values - Electronic card transactions  A/S/T by industry,Actual,Recreational goods,,,
1327,ECTM.S1AG1321,2012.06,101.8,,F,Dollars,6,Electronic Card Transactions (ANZSIC06) - ECT,Private - Values - Electronic card transactions  A/S/T by industry,Actual,Recreational goods,,,
1328,ECTM.S1AG1321,2012.07,106.8,,F,Dollars,6,Electronic Card Transactions (ANZSIC06) - ECT,Private - Values - Electronic card transactions  A/S/T by industry,Actual,Recreational goods,,,
1329,ECTM.S1AG1321,2012.08,101.1,,F,Dollars,6,Electronic Card Transactions (ANZSIC06) - ECT,Private - Values - Electronic card transactions  A/S/T by industry,Actual,Recreational goods,,,
1330,ECTM.S1AG1321,2012.09,99.9,,F,Dollars,6,Electronic Card Transactions (ANZSIC06) - ECT,Private - Values - Electronic card transactions  A/S/T by industry,Actual,Recreational goods,,,
1331,ECTM.S1AG1321,2012.1,108.6,,F,Dollars,6,Electronic Card Transactions (ANZSIC06) - ECT,Private - Values - Electronic card transactions  A/S/T by industry,Actual,Recreational goods,,,
1332,ECTM.S1AG1321,2012.11,123,,F,Dollars,6,Electronic Card Transactions (ANZSIC06) - ECT,Private - Values - Electronic card transactions  A/S/T by industry,Actual,Recreational goods,,,
1333,ECTM.S1AG1321,2012.12,195,,F,Dollars,6,Electronic Card Transactions (ANZSIC06) - ECT,Private - Values - Electronic card transactions  A/S/T by industry,Actual,Recreational goods,,,
1334,ECTM.S1AG1321,2013.01,116.1,,F,Dollars,6,Electronic Card Transactions (ANZSIC06) - ECT,Private - Values - Electronic card transactions  A/S/T by industry,Actual,Recreational goods,,,
1335,ECTM.S1AG1321,2013.02,108.5,,F,Dollars,6,Electronic Card Transactions (ANZSIC06) - ECT,Private - Values - Electronic card transactions  A/S/T by industry,Actual,Recreational goods,,,
1336,ECTM.S1AG1321,2013.03,116.1,,F,Dollars,6,Electronic Card Transactions (ANZSIC06) - ECT,Private - Values - Electronic card transactions  A/S/T by industry,Actual,Recreational goods,,,
1337,ECTM.S1AG1321,2013.04,103,,F,Dollars,6,Electronic Card Transactions (ANZSIC06) - ECT,Private - Values - Electronic card transactions  A/S/T by industry,Actual,Recreational goods,,,
1338,ECTM.S1AG1321,2013.05,106.2,,F,Dollars,6,Electronic Card Transactions (ANZSIC06) - ECT,Private - Values - Electronic card transactions  A/S/T by industry,Actual,Recreational goods,,,
1339,ECTM.S1AG1321,2013.06,96.4,,F,Dollars,6,Electronic Card Transactions (ANZSIC06) - ECT,Private - Values - Electronic card transactions  A/S/T by industry,Actual,Recreational goods,,,
1340,ECTM.S1AG1321,2013.07,110.3,,F,Dollars,6,Electronic Card Transactions (ANZSIC06) - ECT,Private - Values - Electronic card transactions  A/S/T by industry,Actual,Recreational goods,,,
1341,ECTM.S1AG1321,2013.08,102.5,,F,Dollars,6,Electronic Card Transactions (ANZSIC06) - ECT,Private - Values - Electronic card transactions  A/S/T by industry,Actual,Recreational goods,,,
1342,ECTM.S1AG1321,2013.09,96.7,,F,Dollars,6,Electronic Card Transactions (ANZSIC06) - ECT,Private - Values - Electronic card transactions  A/S/T by industry,Actual,Recreational goods,,,
1343,ECTM.S1AG1321,2013.1,111.4,,F,Dollars,6,Electronic Card Transactions (ANZSIC06) - ECT,Private - Values - Electronic card transactions  A/S/T by industry,Actual,Recreational goods,,,
1344,ECTM.S1AG1321,2013.11,127.9,,F,Dollars,6,Electronic Card Transactions (ANZSIC06) - ECT,Private - Values - Electronic card transactions  A/S/T by industry,Actual,Recreational goods,,,
1345,ECTM.S1AG1321,2013.12,199.2,,F,Dollars,6,Electronic Card Transactions (ANZSIC06) - ECT,Private - Values - Electronic card transactions  A/S/T by industry,Actual,Recreational goods,,,
1346,ECTM.S1AG1321,2014.01,118.2,,F,Dollars,6,Electronic Card Transactions (ANZSIC06) - ECT,Private - Values - Electronic card transactions  A/S/T by industry,Actual,Recreational goods,,,
1347,ECTM.S1AG1321,2014.02,108.2,,F,Dollars,6,Electronic Card Transactions (ANZSIC06) - ECT,Private - Values - Electronic card transactions  A/S/T by industry,Actual,Recreational goods,,,
1348,ECTM.S1AG1321,2014.03,116.4,,F,Dollars,6,Electronic Card Transactions (ANZSIC06) - ECT,Private - Values - Electronic card transactions  A/S/T by industry,Actual,Recreational goods,,,
1349,ECTM.S1AG1321,2014.04,106.2,,F,Dollars,6,Electronic Card Transactions (ANZSIC06) - ECT,Private - Values - Electronic card transactions  A/S/T by industry,Actual,Recreational goods,,,
1350,ECTM.S1AG1321,2014.05,110.9,,F,Dollars,6,Electronic Card Transactions (ANZSIC06) - ECT,Private - Values - Electronic card transactions  A/S/T by industry,Actual,Recreational goods,,,
1351,ECTM.S1AG1321,2014.06,94.4,,F,Dollars,6,Electronic Card Transactions (ANZSIC06) - ECT,Private - Values - Electronic card transactions  A/S/T by industry,Actual,Recreational goods,,,
1352,ECTM.S1AG1321,2014.07,108.8,,F,Dollars,6,Electronic Card Transactions (ANZSIC06) - ECT,Private - Values - Electronic card transactions  A/S/T by industry,Actual,Recreational goods,,,
1353,ECTM.S1AG1321,2014.08,103.6,,F,Dollars,6,Electronic Card Transactions (ANZSIC06) - ECT,Private - Values - Electronic card transactions  A/S/T by industry,Actual,Recreational goods,,,
1354,ECTM.S1AG1321,2014.09,102.7,,F,Dollars,6,Electronic Card Transactions (ANZSIC06) - ECT,Private - Values - Electronic card transactions  A/S/T by industry,Actual,Recreational goods,,,
1355,ECTM.S1AG1321,2014.1,114.2,,F,Dollars,6,Electronic Card Transactions (ANZSIC06) - ECT,Private - Values - Electronic card transactions  A/S/T by industry,Actual,Recreational goods,,,
1356,ECTM.S1AG1321,2014.11,126.1,,F,Dollars,6,Electronic Card Transactions (ANZSIC06) - ECT,Private - Values - Electronic card transactions  A/S/T by industry,Actual,Recreational goods,,,
1357,ECTM.S1AG1321,2014.12,207.2,,F,Dollars,6,Electronic Card Transactions (ANZSIC06) - ECT,Private - Values - Electronic card transactions  A/S/T by industry,Actual,Recreational goods,,,
1358,ECTM.S1AG1321,2015.01,124.4,,F,Dollars,6,Electronic Card Transactions (ANZSIC06) - ECT,Private - Values - Electronic card transactions  A/S/T by industry,Actual,Recreational goods,,,
1359,ECTM.S1AG1321,2015.02,112.6,,F,Dollars,6,Electronic Card Transactions (ANZSIC06) - ECT,Private - Values - Electronic card transactions  A/S/T by industry,Actual,Recreational goods,,,
1360,ECTM.S1AG1321,2015.03,123.6,,F,Dollars,6,Electronic Card Transactions (ANZSIC06) - ECT,Private - Values - Electronic card transactions  A/S/T by industry,Actual,Recreational goods,,,
1361,ECTM.S1AG1321,2015.04,114.8,,F,Dollars,6,Electronic Card Transactions (ANZSIC06) - ECT,Private - Values - Electronic card transactions  A/S/T by industry,Actual,Recreational goods,,,
1362,ECTM.S1AG1321,2015.05,103.7,,F,Dollars,6,Electronic Card Transactions (ANZSIC06) - ECT,Private - Values - Electronic card transactions  A/S/T by industry,Actual,Recreational goods,,,
1363,ECTM.S1AG1321,2015.06,94.7,,F,Dollars,6,Electronic Card Transactions (ANZSIC06) - ECT,Private - Values - Electronic card transactions  A/S/T by industry,Actual,Recreational goods,,,
1364,ECTM.S1AG1321,2015.07,107,,F,Dollars,6,Electronic Card Transactions (ANZSIC06) - ECT,Private - Values - Electronic card transactions  A/S/T by industry,Actual,Recreational goods,,,
1365,ECTM.S1AG1321,2015.08,98.2,,F,Dollars,6,Electronic Card Transactions (ANZSIC06) - ECT,Private - Values - Electronic card transactions  A/S/T by industry,Actual,Recreational goods,,,
1366,ECTM.S1AG1321,2015.09,102.5,,F,Dollars,6,Electronic Card Transactions (ANZSIC06) - ECT,Private - Values - Electronic card transactions  A/S/T by industry,Actual,Recreational goods,,,
1367,ECTM.S1AG1321,2015.1,114.1,,F,Dollars,6,Electronic Card Transactions (ANZSIC06) - ECT,Private - Values - Electronic card transactions  A/S/T by industry,Actual,Recreational goods,,,
1368,ECTM.S1AG1321,2015.11,123.9,,F,Dollars,6,Electronic Card Transactions (ANZSIC06) - ECT,Private - Values - Electronic card transactions  A/S/T by industry,Actual,Recreational goods,,,
1369,ECTM.S1AG1321,2015.12,208.7,,F,Dollars,6,Electronic Card Transactions (ANZSIC06) - ECT,Private - Values - Electronic card transactions  A/S/T by industry,Actual,Recreational goods,,,
1370,ECTM.S1AG1321,2016.01,122.1,,F,Dollars,6,Electronic Card Transactions (ANZSIC06) - ECT,Private - Values - Electronic card transactions  A/S/T by industry,Actual,Recreational goods,,,
1371,ECTM.S1AG1321,2016.02,114.7,,F,Dollars,6,Electronic Card Transactions (ANZSIC06) - ECT,Private - Values - Electronic card transactions  A/S/T by industry,Actual,Recreational goods,,,
1372,ECTM.S1AG1321,2016.03,119.4,,F,Dollars,6,Electronic Card Transactions (ANZSIC06) - ECT,Private - Values - Electronic card transactions  A/S/T by industry,Actual,Recreational goods,,,
1373,ECTM.S1AG1321,2016.04,113.2,,F,Dollars,6,Electronic Card Transactions (ANZSIC06) - ECT,Private - Values - Electronic card transactions  A/S/T by industry,Actual,Recreational goods,,,
1374,ECTM.S1AG1321,2016.05,109.6,,F,Dollars,6,Electronic Card Transactions (ANZSIC06) - ECT,Private - Values - Electronic card transactions  A/S/T by industry,Actual,Recreational goods,,,
1375,ECTM.S1AG1321,2016.06,99.4,,F,Dollars,6,Electronic Card Transactions (ANZSIC06) - ECT,Private - Values - Electronic card transactions  A/S/T by industry,Actual,Recreational goods,,,
1376,ECTM.S1AG1321,2016.07,109.6,,F,Dollars,6,Electronic Card Transactions (ANZSIC06) - ECT,Private - Values - Electronic card transactions  A/S/T by industry,Actual,Recreational goods,,,
1377,ECTM.S1AG1321,2016.08,101.7,,F,Dollars,6,Electronic Card Transactions (ANZSIC06) - ECT,Private - Values - Electronic card transactions  A/S/T by industry,Actual,Recreational goods,,,
1378,ECTM.S1AG1321,2016.09,108.2,,F,Dollars,6,Electronic Card Transactions (ANZSIC06) - ECT,Private - Values - Electronic card transactions  A/S/T by industry,Actual,Recreational goods,,,
1379,ECTM.S1AG1321,2016.1,118,,F,Dollars,6,Electronic Card Transactions (ANZSIC06) - ECT,Private - Values - Electronic card transactions  A/S/T by industry,Actual,Recreational goods,,,
1380,ECTM.S1AG1321,2016.11,130.5,,F,Dollars,6,Electronic Card Transactions (ANZSIC06) - ECT,Private - Values - Electronic card transactions  A/S/T by industry,Actual,Recreational goods,,,
1381,ECTM.S1AG1321,2016.12,225.1,,F,Dollars,6,Electronic Card Transactions (ANZSIC06) - ECT,Private - Values - Electronic card transactions  A/S/T by industry,Actual,Recreational goods,,,
1382,ECTM.S1AG1321,2017.01,132.8,,F,Dollars,6,Electronic Card Transactions (ANZSIC06) - ECT,Private - Values - Electronic card transactions  A/S/T by industry,Actual,Recreational goods,,,
1383,ECTM.S1AG1321,2017.02,115.7,,F,Dollars,6,Electronic Card Transactions (ANZSIC06) - ECT,Private - Values - Electronic card transactions  A/S/T by industry,Actual,Recreational goods,,,
1384,ECTM.S1AG1321,2017.03,126.3,,F,Dollars,6,Electronic Card Transactions (ANZSIC06) - ECT,Private - Values - Electronic card transactions  A/S/T by industry,Actual,Recreational goods,,,
1385,ECTM.S1AG1321,2017.04,114.7,,F,Dollars,6,Electronic Card Transactions (ANZSIC06) - ECT,Private - Values - Electronic card transactions  A/S/T by industry,Actual,Recreational goods,,,
1386,ECTM.S1AG1321,2017.05,113.6,,F,Dollars,6,Electronic Card Transactions (ANZSIC06) - ECT,Private - Values - Electronic card transactions  A/S/T by industry,Actual,Recreational goods,,,
1387,ECTM.S1AG1321,2017.06,103,,F,Dollars,6,Electronic Card Transactions (ANZSIC06) - ECT,Private - Values - Electronic card transactions  A/S/T by industry,Actual,Recreational goods,,,
1388,ECTM.S1AG1321,2017.07,114.2,,F,Dollars,6,Electronic Card Transactions (ANZSIC06) - ECT,Private - Values - Electronic card transactions  A/S/T by industry,Actual,Recreational goods,,,
1389,ECTM.S1AG1321,2017.08,106.5,,F,Dollars,6,Electronic Card Transactions (ANZSIC06) - ECT,Private - Values - Electronic card transactions  A/S/T by industry,Actual,Recreational goods,,,
1390,ECTM.S1AG1321,2017.09,109.4,,F,Dollars,6,Electronic Card Transactions (ANZSIC06) - ECT,Private - Values - Electronic card transactions  A/S/T by industry,Actual,Recreational goods,,,
1391,ECTM.S1AG1321,2017.1,120.7,,F,Dollars,6,Electronic Card Transactions (ANZSIC06) - ECT,Private - Values - Electronic card transactions  A/S/T by industry,Actual,Recreational goods,,,
1392,ECTM.S1AG1321,2017.11,137.3,,F,Dollars,6,Electronic Card Transactions (ANZSIC06) - ECT,Private - Values - Electronic card transactions  A/S/T by industry,Actual,Recreational goods,,,
1393,ECTM.S1AG1321,2017.12,231.4,,F,Dollars,6,Electronic Card Transactions (ANZSIC06) - ECT,Private - Values - Electronic card transactions  A/S/T by industry,Actual,Recreational goods,,,
1394,ECTM.S1AG1321,2018.01,132,,F,Dollars,6,Electronic Card Transactions (ANZSIC06) - ECT,Private - Values - Electronic card transactions  A/S/T by industry,Actual,Recreational goods,,,
1395,ECTM.S1AG1321,2018.02,115.5,,F,Dollars,6,Electronic Card Transactions (ANZSIC06) - ECT,Private - Values - Electronic card transactions  A/S/T by industry,Actual,Recreational goods,,,
1396,ECTM.S1AG1321,2018.03,125.6,,F,Dollars,6,Electronic Card Transactions (ANZSIC06) - ECT,Private - Values - Electronic card transactions  A/S/T by industry,Actual,Recreational goods,,,
1397,ECTM.S1AG1321,2018.04,116.3,,F,Dollars,6,Electronic Card Transactions (ANZSIC06) - ECT,Private - Values - Electronic card transactions  A/S/T by industry,Actual,Recreational goods,,,
1398,ECTM.S1AG1321,2018.05,115.5,,F,Dollars,6,Electronic Card Transactions (ANZSIC06) - ECT,Private - Values - Electronic card transactions  A/S/T by industry,Actual,Recreational goods,,,
1399,ECTM.S1AG1321,2018.06,107.2,,F,Dollars,6,Electronic Card Transactions (ANZSIC06) - ECT,Private - Values - Electronic card transactions  A/S/T by industry,Actual,Recreational goods,,,
1400,ECTM.S1AG1321,2018.07,113.8,,F,Dollars,6,Electronic Card Transactions (ANZSIC06) - ECT,Private - Values - Electronic card transactions  A/S/T by industry,Actual,Recreational goods,,,
1401,ECTM.S1AG1321,2018.08,110.2,,F,Dollars,6,Electronic Card Transactions (ANZSIC06) - ECT,Private - Values - Electronic card transactions  A/S/T by industry,Actual,Recreational goods,,,
1402,ECTM.S1AG1321,2018.09,111.8,,F,Dollars,6,Electronic Card Transactions (ANZSIC06) - ECT,Private - Values - Electronic card transactions  A/S/T by industry,Actual,Recreational goods,,,
1403,ECTM.S1AG1321,2018.1,128.8,,F,Dollars,6,Electronic Card Transactions (ANZSIC06) - ECT,Private - Values - Electronic card transactions  A/S/T by industry,Actual,Recreational goods,,,
1404,ECTM.S1AG1321,2018.11,145.1,,F,Dollars,6,Electronic Card Transactions (ANZSIC06) - ECT,Private - Values - Electronic card transactions  A/S/T by industry,Actual,Recreational goods,,,
1405,ECTM.S1AG1321,2018.12,230.5,,F,Dollars,6,Electronic Card Transactions (ANZSIC06) - ECT,Private - Values - Electronic card transactions  A/S/T by industry,Actual,Recreational goods,,,
1406,ECTM.S1AG1321,2019.01,138.9,,F,Dollars,6,Electronic Card Transactions (ANZSIC06) - ECT,Private - Values - Electronic card transactions  A/S/T by industry,Actual,Recreational goods,,,
1407,ECTM.S1AG1321,2019.02,120.2,,F,Dollars,6,Electronic Card Transactions (ANZSIC06) - ECT,Private - Values - Electronic card transactions  A/S/T by industry,Actual,Recreational goods,,,
1408,ECTM.S1AG1321,2019.03,130,,F,Dollars,6,Electronic Card Transactions (ANZSIC06) - ECT,Private - Values - Electronic card transactions  A/S/T by industry,Actual,Recreational goods,,,
1409,ECTM.S1AG1321,2019.04,125.7,,F,Dollars,6,Electronic Card Transactions (ANZSIC06) - ECT,Private - Values - Electronic card transactions  A/S/T by industry,Actual,Recreational goods,,,
1410,ECTM.S1AG1321,2019.05,122.8,,F,Dollars,6,Electronic Card Transactions (ANZSIC06) - ECT,Private - Values - Electronic card transactions  A/S/T by industry,Actual,Recreational goods,,,
1411,ECTM.S1AG1321,2019.06,111.1,,F,Dollars,6,Electronic Card Transactions (ANZSIC06) - ECT,Private - Values - Electronic card transactions  A/S/T by industry,Actual,Recreational goods,,,
1412,ECTM.S1AG1321,2019.07,118.9,,F,Dollars,6,Electronic Card Transactions (ANZSIC06) - ECT,Private - Values - Electronic card transactions  A/S/T by industry,Actual,Recreational goods,,,
1413,ECTM.S1AG1321,2019.08,119.5,,F,Dollars,6,Electronic Card Transactions (ANZSIC06) - ECT,Private - Values - Electronic card transactions  A/S/T by industry,Actual,Recreational goods,,,
1414,ECTM.S1AG1321,2019.09,115.5,,F,Dollars,6,Electronic Card Transactions (ANZSIC06) - ECT,Private - Values - Electronic card transactions  A/S/T by industry,Actual,Recreational goods,,,
1415,ECTM.S1AG1321,2019.1,133.1,,F,Dollars,6,Electronic Card Transactions (ANZSIC06) - ECT,Private - Values - Electronic card transactions  A/S/T by industry,Actual,Recreational goods,,,
1416,ECTM.S1AG1321,2019.11,164.4,,F,Dollars,6,Electronic Card Transactions (ANZSIC06) - ECT,Private - Values - Electronic card transactions  A/S/T by industry,Actual,Recreational goods,,,
1417,ECTM.S1AG1321,2019.12,259,,F,Dollars,6,Electronic Card Transactions (ANZSIC06) - ECT,Private - Values - Electronic card transactions  A/S/T by industry,Actual,Recreational goods,,,
1418,ECTM.S1AG1321,2020.01,157.9,,F,Dollars,6,Electronic Card Transactions (ANZSIC06) - ECT,Private - Values - Electronic card transactions  A/S/T by industry,Actual,Recreational goods,,,
1419,ECTM.S1AG1321,2020.02,143.8,,F,Dollars,6,Electronic Card Transactions (ANZSIC06) - ECT,Private - Values - Electronic card transactions  A/S/T by industry,Actual,Recreational goods,,,
1420,ECTM.S1AG1321,2020.03,131.8,,F,Dollars,6,Electronic Card Transactions (ANZSIC06) - ECT,Private - Values - Electronic card transactions  A/S/T by industry,Actual,Recreational goods,,,
1421,ECTM.S1AG1321,2020.04,24.9,,F,Dollars,6,Electronic Card Transactions (ANZSIC06) - ECT,Private - Values - Electronic card transactions  A/S/T by industry,Actual,Recreational goods,,,
1422,ECTM.S1SG1321,2007.03,118,,R,Dollars,6,Electronic Card Transactions (ANZSIC06) - ECT,Private - Values - Electronic card transactions  A/S/T by industry,Seasonally adjusted,Recreational goods,,,
1423,ECTM.S1SG1321,2007.04,115.9,,R,Dollars,6,Electronic Card Transactions (ANZSIC06) - ECT,Private - Values - Electronic card transactions  A/S/T by industry,Seasonally adjusted,Recreational goods,,,
1424,ECTM.S1SG1321,2007.05,120.1,,R,Dollars,6,Electronic Card Transactions (ANZSIC06) - ECT,Private - Values - Electronic card transactions  A/S/T by industry,Seasonally adjusted,Recreational goods,,,
1425,ECTM.S1SG1321,2007.06,122,,R,Dollars,6,Electronic Card Transactions (ANZSIC06) - ECT,Private - Values - Electronic card transactions  A/S/T by industry,Seasonally adjusted,Recreational goods,,,
1426,ECTM.S1SG1321,2007.07,112.5,,R,Dollars,6,Electronic Card Transactions (ANZSIC06) - ECT,Private - Values - Electronic card transactions  A/S/T by industry,Seasonally adjusted,Recreational goods,,,
1427,ECTM.S1SG1321,2007.08,122.1,,R,Dollars,6,Electronic Card Transactions (ANZSIC06) - ECT,Private - Values - Electronic card transactions  A/S/T by industry,Seasonally adjusted,Recreational goods,,,
1428,ECTM.S1SG1321,2007.09,121.2,,R,Dollars,6,Electronic Card Transactions (ANZSIC06) - ECT,Private - Values - Electronic card transactions  A/S/T by industry,Seasonally adjusted,Recreational goods,,,
1429,ECTM.S1SG1321,2007.1,120.3,,R,Dollars,6,Electronic Card Transactions (ANZSIC06) - ECT,Private - Values - Electronic card transactions  A/S/T by industry,Seasonally adjusted,Recreational goods,,,
1430,ECTM.S1SG1321,2007.11,117.6,,R,Dollars,6,Electronic Card Transactions (ANZSIC06) - ECT,Private - Values - Electronic card transactions  A/S/T by industry,Seasonally adjusted,Recreational goods,,,
1431,ECTM.S1SG1321,2007.12,122.6,,R,Dollars,6,Electronic Card Transactions (ANZSIC06) - ECT,Private - Values - Electronic card transactions  A/S/T by industry,Seasonally adjusted,Recreational goods,,,
1432,ECTM.S1SG1321,2008.01,120.1,,R,Dollars,6,Electronic Card Transactions (ANZSIC06) - ECT,Private - Values - Electronic card transactions  A/S/T by industry,Seasonally adjusted,Recreational goods,,,
1433,ECTM.S1SG1321,2008.02,119.6,,R,Dollars,6,Electronic Card Transactions (ANZSIC06) - ECT,Private - Values - Electronic card transactions  A/S/T by industry,Seasonally adjusted,Recreational goods,,,
1434,ECTM.S1SG1321,2008.03,117.3,,R,Dollars,6,Electronic Card Transactions (ANZSIC06) - ECT,Private - Values - Electronic card transactions  A/S/T by industry,Seasonally adjusted,Recreational goods,,,
1435,ECTM.S1SG1321,2008.04,120.7,,R,Dollars,6,Electronic Card Transactions (ANZSIC06) - ECT,Private - Values - Electronic card transactions  A/S/T by industry,Seasonally adjusted,Recreational goods,,,
1436,ECTM.S1SG1321,2008.05,119.2,,R,Dollars,6,Electronic Card Transactions (ANZSIC06) - ECT,Private - Values - Electronic card transactions  A/S/T by industry,Seasonally adjusted,Recreational goods,,,
1437,ECTM.S1SG1321,2008.06,115.2,,R,Dollars,6,Electronic Card Transactions (ANZSIC06) - ECT,Private - Values - Electronic card transactions  A/S/T by industry,Seasonally adjusted,Recreational goods,,,
1438,ECTM.S1SG1321,2008.07,115,,R,Dollars,6,Electronic Card Transactions (ANZSIC06) - ECT,Private - Values - Electronic card transactions  A/S/T by industry,Seasonally adjusted,Recreational goods,,,
1439,ECTM.S1SG1321,2008.08,118.4,,R,Dollars,6,Electronic Card Transactions (ANZSIC06) - ECT,Private - Values - Electronic card transactions  A/S/T by industry,Seasonally adjusted,Recreational goods,,,
1440,ECTM.S1SG1321,2008.09,116.2,,R,Dollars,6,Electronic Card Transactions (ANZSIC06) - ECT,Private - Values - Electronic card transactions  A/S/T by industry,Seasonally adjusted,Recreational goods,,,
1441,ECTM.S1SG1321,2008.1,122.2,,R,Dollars,6,Electronic Card Transactions (ANZSIC06) - ECT,Private - Values - Electronic card transactions  A/S/T by industry,Seasonally adjusted,Recreational goods,,,
1442,ECTM.S1SG1321,2008.11,122.6,,R,Dollars,6,Electronic Card Transactions (ANZSIC06) - ECT,Private - Values - Electronic card transactions  A/S/T by industry,Seasonally adjusted,Recreational goods,,,
1443,ECTM.S1SG1321,2008.12,117.1,,R,Dollars,6,Electronic Card Transactions (ANZSIC06) - ECT,Private - Values - Electronic card transactions  A/S/T by industry,Seasonally adjusted,Recreational goods,,,
1444,ECTM.S1SG1321,2009.01,120.9,,R,Dollars,6,Electronic Card Transactions (ANZSIC06) - ECT,Private - Values - Electronic card transactions  A/S/T by industry,Seasonally adjusted,Recreational goods,,,
1445,ECTM.S1SG1321,2009.02,120.3,,R,Dollars,6,Electronic Card Transactions (ANZSIC06) - ECT,Private - Values - Electronic card transactions  A/S/T by industry,Seasonally adjusted,Recreational goods,,,
1446,ECTM.S1SG1321,2009.03,120,,R,Dollars,6,Electronic Card Transactions (ANZSIC06) - ECT,Private - Values - Electronic card transactions  A/S/T by industry,Seasonally adjusted,Recreational goods,,,
1447,ECTM.S1SG1321,2009.04,122.8,,R,Dollars,6,Electronic Card Transactions (ANZSIC06) - ECT,Private - Values - Electronic card transactions  A/S/T by industry,Seasonally adjusted,Recreational goods,,,
1448,ECTM.S1SG1321,2009.05,120.8,,R,Dollars,6,Electronic Card Transactions (ANZSIC06) - ECT,Private - Values - Electronic card transactions  A/S/T by industry,Seasonally adjusted,Recreational goods,,,
1449,ECTM.S1SG1321,2009.06,112.6,,R,Dollars,6,Electronic Card Transactions (ANZSIC06) - ECT,Private - Values - Electronic card transactions  A/S/T by industry,Seasonally adjusted,Recreational goods,,,
1450,ECTM.S1SG1321,2009.07,121.1,,R,Dollars,6,Electronic Card Transactions (ANZSIC06) - ECT,Private - Values - Electronic card transactions  A/S/T by industry,Seasonally adjusted,Recreational goods,,,
1451,ECTM.S1SG1321,2009.08,122.6,,R,Dollars,6,Electronic Card Transactions (ANZSIC06) - ECT,Private - Values - Electronic card transactions  A/S/T by industry,Seasonally adjusted,Recreational goods,,,
1452,ECTM.S1SG1321,2009.09,120.9,,R,Dollars,6,Electronic Card Transactions (ANZSIC06) - ECT,Private - Values - Electronic card transactions  A/S/T by industry,Seasonally adjusted,Recreational goods,,,
1453,ECTM.S1SG1321,2009.1,117.2,,R,Dollars,6,Electronic Card Transactions (ANZSIC06) - ECT,Private - Values - Electronic card transactions  A/S/T by industry,Seasonally adjusted,Recreational goods,,,
1454,ECTM.S1SG1321,2009.11,118.3,,R,Dollars,6,Electronic Card Transactions (ANZSIC06) - ECT,Private - Values - Electronic card transactions  A/S/T by industry,Seasonally adjusted,Recreational goods,,,
1455,ECTM.S1SG1321,2009.12,116.3,,R,Dollars,6,Electronic Card Transactions (ANZSIC06) - ECT,Private - Values - Electronic card transactions  A/S/T by industry,Seasonally adjusted,Recreational goods,,,
1456,ECTM.S1SG1321,2010.01,116.4,,R,Dollars,6,Electronic Card Transactions (ANZSIC06) - ECT,Private - Values - Electronic card transactions  A/S/T by industry,Seasonally adjusted,Recreational goods,,,
1457,ECTM.S1SG1321,2010.02,117.2,,R,Dollars,6,Electronic Card Transactions (ANZSIC06) - ECT,Private - Values - Electronic card transactions  A/S/T by industry,Seasonally adjusted,Recreational goods,,,
1458,ECTM.S1SG1321,2010.03,118.6,,R,Dollars,6,Electronic Card Transactions (ANZSIC06) - ECT,Private - Values - Electronic card transactions  A/S/T by industry,Seasonally adjusted,Recreational goods,,,
1459,ECTM.S1SG1321,2010.04,115.4,,R,Dollars,6,Electronic Card Transactions (ANZSIC06) - ECT,Private - Values - Electronic card transactions  A/S/T by industry,Seasonally adjusted,Recreational goods,,,
1460,ECTM.S1SG1321,2010.05,111.8,,R,Dollars,6,Electronic Card Transactions (ANZSIC06) - ECT,Private - Values - Electronic card transactions  A/S/T by industry,Seasonally adjusted,Recreational goods,,,
1461,ECTM.S1SG1321,2010.06,117.4,,R,Dollars,6,Electronic Card Transactions (ANZSIC06) - ECT,Private - Values - Electronic card transactions  A/S/T by industry,Seasonally adjusted,Recreational goods,,,
1462,ECTM.S1SG1321,2010.07,120.2,,R,Dollars,6,Electronic Card Transactions (ANZSIC06) - ECT,Private - Values - Electronic card transactions  A/S/T by industry,Seasonally adjusted,Recreational goods,,,
1463,ECTM.S1SG1321,2010.08,113.8,,R,Dollars,6,Electronic Card Transactions (ANZSIC06) - ECT,Private - Values - Electronic card transactions  A/S/T by industry,Seasonally adjusted,Recreational goods,,,
1464,ECTM.S1SG1321,2010.09,118.6,,R,Dollars,6,Electronic Card Transactions (ANZSIC06) - ECT,Private - Values - Electronic card transactions  A/S/T by industry,Seasonally adjusted,Recreational goods,,,
1465,ECTM.S1SG1321,2010.1,114.9,,R,Dollars,6,Electronic Card Transactions (ANZSIC06) - ECT,Private - Values - Electronic card transactions  A/S/T by industry,Seasonally adjusted,Recreational goods,,,
1466,ECTM.S1SG1321,2010.11,114.4,,R,Dollars,6,Electronic Card Transactions (ANZSIC06) - ECT,Private - Values - Electronic card transactions  A/S/T by industry,Seasonally adjusted,Recreational goods,,,
1467,ECTM.S1SG1321,2010.12,116.3,,R,Dollars,6,Electronic Card Transactions (ANZSIC06) - ECT,Private - Values - Electronic card transactions  A/S/T by industry,Seasonally adjusted,Recreational goods,,,
1468,ECTM.S1SG1321,2011.01,115.2,,R,Dollars,6,Electronic Card Transactions (ANZSIC06) - ECT,Private - Values - Electronic card transactions  A/S/T by industry,Seasonally adjusted,Recreational goods,,,
1469,ECTM.S1SG1321,2011.02,112.5,,R,Dollars,6,Electronic Card Transactions (ANZSIC06) - ECT,Private - Values - Electronic card transactions  A/S/T by industry,Seasonally adjusted,Recreational goods,,,
1470,ECTM.S1SG1321,2011.03,117,,R,Dollars,6,Electronic Card Transactions (ANZSIC06) - ECT,Private - Values - Electronic card transactions  A/S/T by industry,Seasonally adjusted,Recreational goods,,,
1471,ECTM.S1SG1321,2011.04,115.6,,R,Dollars,6,Electronic Card Transactions (ANZSIC06) - ECT,Private - Values - Electronic card transactions  A/S/T by industry,Seasonally adjusted,Recreational goods,,,
1472,ECTM.S1SG1321,2011.05,112.3,,R,Dollars,6,Electronic Card Transactions (ANZSIC06) - ECT,Private - Values - Electronic card transactions  A/S/T by industry,Seasonally adjusted,Recreational goods,,,
1473,ECTM.S1SG1321,2011.06,113.6,,R,Dollars,6,Electronic Card Transactions (ANZSIC06) - ECT,Private - Values - Electronic card transactions  A/S/T by industry,Seasonally adjusted,Recreational goods,,,
1474,ECTM.S1SG1321,2011.07,116.9,,R,Dollars,6,Electronic Card Transactions (ANZSIC06) - ECT,Private - Values - Electronic card transactions  A/S/T by industry,Seasonally adjusted,Recreational goods,,,
1475,ECTM.S1SG1321,2011.08,112.3,,R,Dollars,6,Electronic Card Transactions (ANZSIC06) - ECT,Private - Values - Electronic card transactions  A/S/T by industry,Seasonally adjusted,Recreational goods,,,
1476,ECTM.S1SG1321,2011.09,114.1,,R,Dollars,6,Electronic Card Transactions (ANZSIC06) - ECT,Private - Values - Electronic card transactions  A/S/T by industry,Seasonally adjusted,Recreational goods,,,
1477,ECTM.S1SG1321,2011.1,116,,R,Dollars,6,Electronic Card Transactions (ANZSIC06) - ECT,Private - Values - Electronic card transactions  A/S/T by industry,Seasonally adjusted,Recreational goods,,,
1478,ECTM.S1SG1321,2011.11,116,,R,Dollars,6,Electronic Card Transactions (ANZSIC06) - ECT,Private - Values - Electronic card transactions  A/S/T by industry,Seasonally adjusted,Recreational goods,,,
1479,ECTM.S1SG1321,2011.12,116.1,,R,Dollars,6,Electronic Card Transactions (ANZSIC06) - ECT,Private - Values - Electronic card transactions  A/S/T by industry,Seasonally adjusted,Recreational goods,,,
1480,ECTM.S1SG1321,2012.01,114.8,,R,Dollars,6,Electronic Card Transactions (ANZSIC06) - ECT,Private - Values - Electronic card transactions  A/S/T by industry,Seasonally adjusted,Recreational goods,,,
1481,ECTM.S1SG1321,2012.02,119.2,,R,Dollars,6,Electronic Card Transactions (ANZSIC06) - ECT,Private - Values - Electronic card transactions  A/S/T by industry,Seasonally adjusted,Recreational goods,,,
1482,ECTM.S1SG1321,2012.03,114.4,,R,Dollars,6,Electronic Card Transactions (ANZSIC06) - ECT,Private - Values - Electronic card transactions  A/S/T by industry,Seasonally adjusted,Recreational goods,,,
1483,ECTM.S1SG1321,2012.04,114.6,,R,Dollars,6,Electronic Card Transactions (ANZSIC06) - ECT,Private - Values - Electronic card transactions  A/S/T by industry,Seasonally adjusted,Recreational goods,,,
1484,ECTM.S1SG1321,2012.05,118.5,,R,Dollars,6,Electronic Card Transactions (ANZSIC06) - ECT,Private - Values - Electronic card transactions  A/S/T by industry,Seasonally adjusted,Recreational goods,,,
1485,ECTM.S1SG1321,2012.06,119.6,,R,Dollars,6,Electronic Card Transactions (ANZSIC06) - ECT,Private - Values - Electronic card transactions  A/S/T by industry,Seasonally adjusted,Recreational goods,,,
1486,ECTM.S1SG1321,2012.07,113.7,,R,Dollars,6,Electronic Card Transactions (ANZSIC06) - ECT,Private - Values - Electronic card transactions  A/S/T by industry,Seasonally adjusted,Recreational goods,,,
1487,ECTM.S1SG1321,2012.08,117.7,,R,Dollars,6,Electronic Card Transactions (ANZSIC06) - ECT,Private - Values - Electronic card transactions  A/S/T by industry,Seasonally adjusted,Recreational goods,,,
1488,ECTM.S1SG1321,2012.09,117.9,,R,Dollars,6,Electronic Card Transactions (ANZSIC06) - ECT,Private - Values - Electronic card transactions  A/S/T by industry,Seasonally adjusted,Recreational goods,,,
1489,ECTM.S1SG1321,2012.1,114,,R,Dollars,6,Electronic Card Transactions (ANZSIC06) - ECT,Private - Values - Electronic card transactions  A/S/T by industry,Seasonally adjusted,Recreational goods,,,
1490,ECTM.S1SG1321,2012.11,113.7,,R,Dollars,6,Electronic Card Transactions (ANZSIC06) - ECT,Private - Values - Electronic card transactions  A/S/T by industry,Seasonally adjusted,Recreational goods,,,
1491,ECTM.S1SG1321,2012.12,116.1,,R,Dollars,6,Electronic Card Transactions (ANZSIC06) - ECT,Private - Values - Electronic card transactions  A/S/T by industry,Seasonally adjusted,Recreational goods,,,
1492,ECTM.S1SG1321,2013.01,115.7,,R,Dollars,6,Electronic Card Transactions (ANZSIC06) - ECT,Private - Values - Electronic card transactions  A/S/T by industry,Seasonally adjusted,Recreational goods,,,
1493,ECTM.S1SG1321,2013.02,115.7,,R,Dollars,6,Electronic Card Transactions (ANZSIC06) - ECT,Private - Values - Electronic card transactions  A/S/T by industry,Seasonally adjusted,Recreational goods,,,
1494,ECTM.S1SG1321,2013.03,114.6,,R,Dollars,6,Electronic Card Transactions (ANZSIC06) - ECT,Private - Values - Electronic card transactions  A/S/T by industry,Seasonally adjusted,Recreational goods,,,
1495,ECTM.S1SG1321,2013.04,110.4,,R,Dollars,6,Electronic Card Transactions (ANZSIC06) - ECT,Private - Values - Electronic card transactions  A/S/T by industry,Seasonally adjusted,Recreational goods,,,
1496,ECTM.S1SG1321,2013.05,116.1,,R,Dollars,6,Electronic Card Transactions (ANZSIC06) - ECT,Private - Values - Electronic card transactions  A/S/T by industry,Seasonally adjusted,Recreational goods,,,
1497,ECTM.S1SG1321,2013.06,119.3,,R,Dollars,6,Electronic Card Transactions (ANZSIC06) - ECT,Private - Values - Electronic card transactions  A/S/T by industry,Seasonally adjusted,Recreational goods,,,
1498,ECTM.S1SG1321,2013.07,117.9,,R,Dollars,6,Electronic Card Transactions (ANZSIC06) - ECT,Private - Values - Electronic card transactions  A/S/T by industry,Seasonally adjusted,Recreational goods,,,
1499,ECTM.S1SG1321,2013.08,118.4,,R,Dollars,6,Electronic Card Transactions (ANZSIC06) - ECT,Private - Values - Electronic card transactions  A/S/T by industry,Seasonally adjusted,Recreational goods,,,
1500,ECTM.S1SG1321,2013.09,112.6,,R,Dollars,6,Electronic Card Transactions (ANZSIC06) - ECT,Private - Values - Electronic card transactions  A/S/T by industry,Seasonally adjusted,Recreational goods,,,
1501,ECTM.S1SG1321,2013.1,118.5,,R,Dollars,6,Electronic Card Transactions (ANZSIC06) - ECT,Private - Values - Electronic card transactions  A/S/T by industry,Seasonally adjusted,Recreational goods,,,
1502,ECTM.S1SG1321,2013.11,118.6,,R,Dollars,6,Electronic Card Transactions (ANZSIC06) - ECT,Private - Values - Electronic card transactions  A/S/T by industry,Seasonally adjusted,Recreational goods,,,
1503,ECTM.S1SG1321,2013.12,115.3,,R,Dollars,6,Electronic Card Transactions (ANZSIC06) - ECT,Private - Values - Electronic card transactions  A/S/T by industry,Seasonally adjusted,Recreational goods,,,
1504,ECTM.S1SG1321,2014.01,115.9,,R,Dollars,6,Electronic Card Transactions (ANZSIC06) - ECT,Private - Values - Electronic card transactions  A/S/T by industry,Seasonally adjusted,Recreational goods,,,
1505,ECTM.S1SG1321,2014.02,115.7,,R,Dollars,6,Electronic Card Transactions (ANZSIC06) - ECT,Private - Values - Electronic card transactions  A/S/T by industry,Seasonally adjusted,Recreational goods,,,
1506,ECTM.S1SG1321,2014.03,116.1,,R,Dollars,6,Electronic Card Transactions (ANZSIC06) - ECT,Private - Values - Electronic card transactions  A/S/T by industry,Seasonally adjusted,Recreational goods,,,
1507,ECTM.S1SG1321,2014.04,116.7,,R,Dollars,6,Electronic Card Transactions (ANZSIC06) - ECT,Private - Values - Electronic card transactions  A/S/T by industry,Seasonally adjusted,Recreational goods,,,
1508,ECTM.S1SG1321,2014.05,120.6,,R,Dollars,6,Electronic Card Transactions (ANZSIC06) - ECT,Private - Values - Electronic card transactions  A/S/T by industry,Seasonally adjusted,Recreational goods,,,
1509,ECTM.S1SG1321,2014.06,115.5,,R,Dollars,6,Electronic Card Transactions (ANZSIC06) - ECT,Private - Values - Electronic card transactions  A/S/T by industry,Seasonally adjusted,Recreational goods,,,
1510,ECTM.S1SG1321,2014.07,119.9,,R,Dollars,6,Electronic Card Transactions (ANZSIC06) - ECT,Private - Values - Electronic card transactions  A/S/T by industry,Seasonally adjusted,Recreational goods,,,
1511,ECTM.S1SG1321,2014.08,122.3,,R,Dollars,6,Electronic Card Transactions (ANZSIC06) - ECT,Private - Values - Electronic card transactions  A/S/T by industry,Seasonally adjusted,Recreational goods,,,
1512,ECTM.S1SG1321,2014.09,116.5,,R,Dollars,6,Electronic Card Transactions (ANZSIC06) - ECT,Private - Values - Electronic card transactions  A/S/T by industry,Seasonally adjusted,Recreational goods,,,
1513,ECTM.S1SG1321,2014.1,120,,R,Dollars,6,Electronic Card Transactions (ANZSIC06) - ECT,Private - Values - Electronic card transactions  A/S/T by industry,Seasonally adjusted,Recreational goods,,,
1514,ECTM.S1SG1321,2014.11,121.6,,R,Dollars,6,Electronic Card Transactions (ANZSIC06) - ECT,Private - Values - Electronic card transactions  A/S/T by industry,Seasonally adjusted,Recreational goods,,,
1515,ECTM.S1SG1321,2014.12,117.9,,R,Dollars,6,Electronic Card Transactions (ANZSIC06) - ECT,Private - Values - Electronic card transactions  A/S/T by industry,Seasonally adjusted,Recreational goods,,,
1516,ECTM.S1SG1321,2015.01,119.7,,R,Dollars,6,Electronic Card Transactions (ANZSIC06) - ECT,Private - Values - Electronic card transactions  A/S/T by industry,Seasonally adjusted,Recreational goods,,,
1517,ECTM.S1SG1321,2015.02,120.6,,R,Dollars,6,Electronic Card Transactions (ANZSIC06) - ECT,Private - Values - Electronic card transactions  A/S/T by industry,Seasonally adjusted,Recreational goods,,,
1518,ECTM.S1SG1321,2015.03,121.3,,R,Dollars,6,Electronic Card Transactions (ANZSIC06) - ECT,Private - Values - Electronic card transactions  A/S/T by industry,Seasonally adjusted,Recreational goods,,,
1519,ECTM.S1SG1321,2015.04,127.6,,R,Dollars,6,Electronic Card Transactions (ANZSIC06) - ECT,Private - Values - Electronic card transactions  A/S/T by industry,Seasonally adjusted,Recreational goods,,,
1520,ECTM.S1SG1321,2015.05,115.3,,R,Dollars,6,Electronic Card Transactions (ANZSIC06) - ECT,Private - Values - Electronic card transactions  A/S/T by industry,Seasonally adjusted,Recreational goods,,,
1521,ECTM.S1SG1321,2015.06,113.4,,R,Dollars,6,Electronic Card Transactions (ANZSIC06) - ECT,Private - Values - Electronic card transactions  A/S/T by industry,Seasonally adjusted,Recreational goods,,,
1522,ECTM.S1SG1321,2015.07,118.9,,R,Dollars,6,Electronic Card Transactions (ANZSIC06) - ECT,Private - Values - Electronic card transactions  A/S/T by industry,Seasonally adjusted,Recreational goods,,,
1523,ECTM.S1SG1321,2015.08,118.1,,R,Dollars,6,Electronic Card Transactions (ANZSIC06) - ECT,Private - Values - Electronic card transactions  A/S/T by industry,Seasonally adjusted,Recreational goods,,,
1524,ECTM.S1SG1321,2015.09,120.6,,R,Dollars,6,Electronic Card Transactions (ANZSIC06) - ECT,Private - Values - Electronic card transactions  A/S/T by industry,Seasonally adjusted,Recreational goods,,,
1525,ECTM.S1SG1321,2015.1,118.5,,R,Dollars,6,Electronic Card Transactions (ANZSIC06) - ECT,Private - Values - Electronic card transactions  A/S/T by industry,Seasonally adjusted,Recreational goods,,,
1526,ECTM.S1SG1321,2015.11,116.3,,R,Dollars,6,Electronic Card Transactions (ANZSIC06) - ECT,Private - Values - Electronic card transactions  A/S/T by industry,Seasonally adjusted,Recreational goods,,,
1527,ECTM.S1SG1321,2015.12,118.8,,R,Dollars,6,Electronic Card Transactions (ANZSIC06) - ECT,Private - Values - Electronic card transactions  A/S/T by industry,Seasonally adjusted,Recreational goods,,,
1528,ECTM.S1SG1321,2016.01,117.7,,R,Dollars,6,Electronic Card Transactions (ANZSIC06) - ECT,Private - Values - Electronic card transactions  A/S/T by industry,Seasonally adjusted,Recreational goods,,,
1529,ECTM.S1SG1321,2016.02,116.9,,R,Dollars,6,Electronic Card Transactions (ANZSIC06) - ECT,Private - Values - Electronic card transactions  A/S/T by industry,Seasonally adjusted,Recreational goods,,,
1530,ECTM.S1SG1321,2016.03,118.7,,R,Dollars,6,Electronic Card Transactions (ANZSIC06) - ECT,Private - Values - Electronic card transactions  A/S/T by industry,Seasonally adjusted,Recreational goods,,,
1531,ECTM.S1SG1321,2016.04,121.1,,R,Dollars,6,Electronic Card Transactions (ANZSIC06) - ECT,Private - Values - Electronic card transactions  A/S/T by industry,Seasonally adjusted,Recreational goods,,,
1532,ECTM.S1SG1321,2016.05,121.7,,R,Dollars,6,Electronic Card Transactions (ANZSIC06) - ECT,Private - Values - Electronic card transactions  A/S/T by industry,Seasonally adjusted,Recreational goods,,,
1533,ECTM.S1SG1321,2016.06,126.7,,R,Dollars,6,Electronic Card Transactions (ANZSIC06) - ECT,Private - Values - Electronic card transactions  A/S/T by industry,Seasonally adjusted,Recreational goods,,,
1534,ECTM.S1SG1321,2016.07,126.4,,R,Dollars,6,Electronic Card Transactions (ANZSIC06) - ECT,Private - Values - Electronic card transactions  A/S/T by industry,Seasonally adjusted,Recreational goods,,,
1535,ECTM.S1SG1321,2016.08,121.7,,R,Dollars,6,Electronic Card Transactions (ANZSIC06) - ECT,Private - Values - Electronic card transactions  A/S/T by industry,Seasonally adjusted,Recreational goods,,,
1536,ECTM.S1SG1321,2016.09,126.2,,R,Dollars,6,Electronic Card Transactions (ANZSIC06) - ECT,Private - Values - Electronic card transactions  A/S/T by industry,Seasonally adjusted,Recreational goods,,,
1537,ECTM.S1SG1321,2016.1,126.3,,R,Dollars,6,Electronic Card Transactions (ANZSIC06) - ECT,Private - Values - Electronic card transactions  A/S/T by industry,Seasonally adjusted,Recreational goods,,,
1538,ECTM.S1SG1321,2016.11,121,,R,Dollars,6,Electronic Card Transactions (ANZSIC06) - ECT,Private - Values - Electronic card transactions  A/S/T by industry,Seasonally adjusted,Recreational goods,,,
1539,ECTM.S1SG1321,2016.12,123.2,,R,Dollars,6,Electronic Card Transactions (ANZSIC06) - ECT,Private - Values - Electronic card transactions  A/S/T by industry,Seasonally adjusted,Recreational goods,,,
1540,ECTM.S1SG1321,2017.01,122.8,,R,Dollars,6,Electronic Card Transactions (ANZSIC06) - ECT,Private - Values - Electronic card transactions  A/S/T by industry,Seasonally adjusted,Recreational goods,,,
1541,ECTM.S1SG1321,2017.02,120.3,,R,Dollars,6,Electronic Card Transactions (ANZSIC06) - ECT,Private - Values - Electronic card transactions  A/S/T by industry,Seasonally adjusted,Recreational goods,,,
1542,ECTM.S1SG1321,2017.03,124.2,,R,Dollars,6,Electronic Card Transactions (ANZSIC06) - ECT,Private - Values - Electronic card transactions  A/S/T by industry,Seasonally adjusted,Recreational goods,,,
1543,ECTM.S1SG1321,2017.04,128.9,,R,Dollars,6,Electronic Card Transactions (ANZSIC06) - ECT,Private - Values - Electronic card transactions  A/S/T by industry,Seasonally adjusted,Recreational goods,,,
1544,ECTM.S1SG1321,2017.05,128.2,,R,Dollars,6,Electronic Card Transactions (ANZSIC06) - ECT,Private - Values - Electronic card transactions  A/S/T by industry,Seasonally adjusted,Recreational goods,,,
1545,ECTM.S1SG1321,2017.06,130.3,,R,Dollars,6,Electronic Card Transactions (ANZSIC06) - ECT,Private - Values - Electronic card transactions  A/S/T by industry,Seasonally adjusted,Recreational goods,,,
1546,ECTM.S1SG1321,2017.07,139.5,,R,Dollars,6,Electronic Card Transactions (ANZSIC06) - ECT,Private - Values - Electronic card transactions  A/S/T by industry,Seasonally adjusted,Recreational goods,,,
1547,ECTM.S1SG1321,2017.08,135,,R,Dollars,6,Electronic Card Transactions (ANZSIC06) - ECT,Private - Values - Electronic card transactions  A/S/T by industry,Seasonally adjusted,Recreational goods,,,
1548,ECTM.S1SG1321,2017.09,129.8,,R,Dollars,6,Electronic Card Transactions (ANZSIC06) - ECT,Private - Values - Electronic card transactions  A/S/T by industry,Seasonally adjusted,Recreational goods,,,
1549,ECTM.S1SG1321,2017.1,125.7,,R,Dollars,6,Electronic Card Transactions (ANZSIC06) - ECT,Private - Values - Electronic card transactions  A/S/T by industry,Seasonally adjusted,Recreational goods,,,
1550,ECTM.S1SG1321,2017.11,126.8,,R,Dollars,6,Electronic Card Transactions (ANZSIC06) - ECT,Private - Values - Electronic card transactions  A/S/T by industry,Seasonally adjusted,Recreational goods,,,
1551,ECTM.S1SG1321,2017.12,126,,R,Dollars,6,Electronic Card Transactions (ANZSIC06) - ECT,Private - Values - Electronic card transactions  A/S/T by industry,Seasonally adjusted,Recreational goods,,,
1552,ECTM.S1SG1321,2018.01,117.2,,R,Dollars,6,Electronic Card Transactions (ANZSIC06) - ECT,Private - Values - Electronic card transactions  A/S/T by industry,Seasonally adjusted,Recreational goods,,,
1553,ECTM.S1SG1321,2018.02,115.3,,R,Dollars,6,Electronic Card Transactions (ANZSIC06) - ECT,Private - Values - Electronic card transactions  A/S/T by industry,Seasonally adjusted,Recreational goods,,,
1554,ECTM.S1SG1321,2018.03,121.6,,R,Dollars,6,Electronic Card Transactions (ANZSIC06) - ECT,Private - Values - Electronic card transactions  A/S/T by industry,Seasonally adjusted,Recreational goods,,,
1555,ECTM.S1SG1321,2018.04,130.6,,R,Dollars,6,Electronic Card Transactions (ANZSIC06) - ECT,Private - Values - Electronic card transactions  A/S/T by industry,Seasonally adjusted,Recreational goods,,,
1556,ECTM.S1SG1321,2018.05,135.9,,R,Dollars,6,Electronic Card Transactions (ANZSIC06) - ECT,Private - Values - Electronic card transactions  A/S/T by industry,Seasonally adjusted,Recreational goods,,,
1557,ECTM.S1SG1321,2018.06,141.1,,R,Dollars,6,Electronic Card Transactions (ANZSIC06) - ECT,Private - Values - Electronic card transactions  A/S/T by industry,Seasonally adjusted,Recreational goods,,,
1558,ECTM.S1SG1321,2018.07,144.5,,R,Dollars,6,Electronic Card Transactions (ANZSIC06) - ECT,Private - Values - Electronic card transactions  A/S/T by industry,Seasonally adjusted,Recreational goods,,,
1559,ECTM.S1SG1321,2018.08,144.5,,R,Dollars,6,Electronic Card Transactions (ANZSIC06) - ECT,Private - Values - Electronic card transactions  A/S/T by industry,Seasonally adjusted,Recreational goods,,,
1560,ECTM.S1SG1321,2018.09,140.8,,R,Dollars,6,Electronic Card Transactions (ANZSIC06) - ECT,Private - Values - Electronic card transactions  A/S/T by industry,Seasonally adjusted,Recreational goods,,,
1561,ECTM.S1SG1321,2018.1,132.4,,R,Dollars,6,Electronic Card Transactions (ANZSIC06) - ECT,Private - Values - Electronic card transactions  A/S/T by industry,Seasonally adjusted,Recreational goods,,,
1562,ECTM.S1SG1321,2018.11,126,,R,Dollars,6,Electronic Card Transactions (ANZSIC06) - ECT,Private - Values - Electronic card transactions  A/S/T by industry,Seasonally adjusted,Recreational goods,,,
1563,ECTM.S1SG1321,2018.12,124,,R,Dollars,6,Electronic Card Transactions (ANZSIC06) - ECT,Private - Values - Electronic card transactions  A/S/T by industry,Seasonally adjusted,Recreational goods,,,
1564,ECTM.S1SG1321,2019.01,121.3,,R,Dollars,6,Electronic Card Transactions (ANZSIC06) - ECT,Private - Values - Electronic card transactions  A/S/T by industry,Seasonally adjusted,Recreational goods,,,
1565,ECTM.S1SG1321,2019.02,114.6,,R,Dollars,6,Electronic Card Transactions (ANZSIC06) - ECT,Private - Values - Electronic card transactions  A/S/T by industry,Seasonally adjusted,Recreational goods,,,
1566,ECTM.S1SG1321,2019.03,127.2,,R,Dollars,6,Electronic Card Transactions (ANZSIC06) - ECT,Private - Values - Electronic card transactions  A/S/T by industry,Seasonally adjusted,Recreational goods,,,
1567,ECTM.S1SG1321,2019.04,140.3,,R,Dollars,6,Electronic Card Transactions (ANZSIC06) - ECT,Private - Values - Electronic card transactions  A/S/T by industry,Seasonally adjusted,Recreational goods,,,
1568,ECTM.S1SG1321,2019.05,146.7,,R,Dollars,6,Electronic Card Transactions (ANZSIC06) - ECT,Private - Values - Electronic card transactions  A/S/T by industry,Seasonally adjusted,Recreational goods,,,
1569,ECTM.S1SG1321,2019.06,158.8,,R,Dollars,6,Electronic Card Transactions (ANZSIC06) - ECT,Private - Values - Electronic card transactions  A/S/T by industry,Seasonally adjusted,Recreational goods,,,
1570,ECTM.S1SG1321,2019.07,158.9,,R,Dollars,6,Electronic Card Transactions (ANZSIC06) - ECT,Private - Values - Electronic card transactions  A/S/T by industry,Seasonally adjusted,Recreational goods,,,
1571,ECTM.S1SG1321,2019.08,162.1,,R,Dollars,6,Electronic Card Transactions (ANZSIC06) - ECT,Private - Values - Electronic card transactions  A/S/T by industry,Seasonally adjusted,Recreational goods,,,
1572,ECTM.S1SG1321,2019.09,143.9,,R,Dollars,6,Electronic Card Transactions (ANZSIC06) - ECT,Private - Values - Electronic card transactions  A/S/T by industry,Seasonally adjusted,Recreational goods,,,
1573,ECTM.S1SG1321,2019.1,137.1,,R,Dollars,6,Electronic Card Transactions (ANZSIC06) - ECT,Private - Values - Electronic card transactions  A/S/T by industry,Seasonally adjusted,Recreational goods,,,
1574,ECTM.S1SG1321,2019.11,140.2,,R,Dollars,6,Electronic Card Transactions (ANZSIC06) - ECT,Private - Values - Electronic card transactions  A/S/T by industry,Seasonally adjusted,Recreational goods,,,
1575,ECTM.S1SG1321,2019.12,134.8,,R,Dollars,6,Electronic Card Transactions (ANZSIC06) - ECT,Private - Values - Electronic card transactions  A/S/T by industry,Seasonally adjusted,Recreational goods,,,
1576,ECTM.S1SG1321,2020.01,133.6,,R,Dollars,6,Electronic Card Transactions (ANZSIC06) - ECT,Private - Values - Electronic card transactions  A/S/T by industry,Seasonally adjusted,Recreational goods,,,
1577,ECTM.S1SG1321,2020.02,129.6,,R,Dollars,6,Electronic Card Transactions (ANZSIC06) - ECT,Private - Values - Electronic card transactions  A/S/T by industry,Seasonally adjusted,Recreational goods,,,
1578,ECTM.S1SG1321,2020.03,126.5,,R,Dollars,6,Electronic Card Transactions (ANZSIC06) - ECT,Private - Values - Electronic card transactions  A/S/T by industry,Seasonally adjusted,Recreational goods,,,
1579,ECTM.S1SG1321,2020.04,30,,F,Dollars,6,Electronic Card Transactions (ANZSIC06) - ECT,Private - Values - Electronic card transactions  A/S/T by industry,Seasonally adjusted,Recreational goods,,,
1580,ECTM.S1AG1330,2007.03,228.7,,F,Dollars,6,Electronic Card Transactions (ANZSIC06) - ECT,Private - Values - Electronic card transactions  A/S/T by industry,Actual,Department stores,,,
1581,ECTM.S1AG1330,2007.04,239.4,,F,Dollars,6,Electronic Card Transactions (ANZSIC06) - ECT,Private - Values - Electronic card transactions  A/S/T by industry,Actual,Department stores,,,
1582,ECTM.S1AG1330,2007.05,218.7,,F,Dollars,6,Electronic Card Transactions (ANZSIC06) - ECT,Private - Values - Electronic card transactions  A/S/T by industry,Actual,Department stores,,,
1583,ECTM.S1AG1330,2007.06,235.3,,F,Dollars,6,Electronic Card Transactions (ANZSIC06) - ECT,Private - Values - Electronic card transactions  A/S/T by industry,Actual,Department stores,,,
1584,ECTM.S1AG1330,2007.07,226.9,,F,Dollars,6,Electronic Card Transactions (ANZSIC06) - ECT,Private - Values - Electronic card transactions  A/S/T by industry,Actual,Department stores,,,
1585,ECTM.S1AG1330,2007.08,211.1,,F,Dollars,6,Electronic Card Transactions (ANZSIC06) - ECT,Private - Values - Electronic card transactions  A/S/T by industry,Actual,Department stores,,,
1586,ECTM.S1AG1330,2007.09,223,,F,Dollars,6,Electronic Card Transactions (ANZSIC06) - ECT,Private - Values - Electronic card transactions  A/S/T by industry,Actual,Department stores,,,
1587,ECTM.S1AG1330,2007.1,234.9,,F,Dollars,6,Electronic Card Transactions (ANZSIC06) - ECT,Private - Values - Electronic card transactions  A/S/T by industry,Actual,Department stores,,,
1588,ECTM.S1AG1330,2007.11,260,,F,Dollars,6,Electronic Card Transactions (ANZSIC06) - ECT,Private - Values - Electronic card transactions  A/S/T by industry,Actual,Department stores,,,
1589,ECTM.S1AG1330,2007.12,433.3,,F,Dollars,6,Electronic Card Transactions (ANZSIC06) - ECT,Private - Values - Electronic card transactions  A/S/T by industry,Actual,Department stores,,,
1590,ECTM.S1AG1330,2008.01,222.6,,F,Dollars,6,Electronic Card Transactions (ANZSIC06) - ECT,Private - Values - Electronic card transactions  A/S/T by industry,Actual,Department stores,,,
1591,ECTM.S1AG1330,2008.02,218.1,,F,Dollars,6,Electronic Card Transactions (ANZSIC06) - ECT,Private - Values - Electronic card transactions  A/S/T by industry,Actual,Department stores,,,
1592,ECTM.S1AG1330,2008.03,223.2,,F,Dollars,6,Electronic Card Transactions (ANZSIC06) - ECT,Private - Values - Electronic card transactions  A/S/T by industry,Actual,Department stores,,,
1593,ECTM.S1AG1330,2008.04,223.4,,F,Dollars,6,Electronic Card Transactions (ANZSIC06) - ECT,Private - Values - Electronic card transactions  A/S/T by industry,Actual,Department stores,,,
1594,ECTM.S1AG1330,2008.05,233.7,,F,Dollars,6,Electronic Card Transactions (ANZSIC06) - ECT,Private - Values - Electronic card transactions  A/S/T by industry,Actual,Department stores,,,
1595,ECTM.S1AG1330,2008.06,212.6,,F,Dollars,6,Electronic Card Transactions (ANZSIC06) - ECT,Private - Values - Electronic card transactions  A/S/T by industry,Actual,Department stores,,,
1596,ECTM.S1AG1330,2008.07,192.7,,F,Dollars,6,Electronic Card Transactions (ANZSIC06) - ECT,Private - Values - Electronic card transactions  A/S/T by industry,Actual,Department stores,,,
1597,ECTM.S1AG1330,2008.08,180.2,,F,Dollars,6,Electronic Card Transactions (ANZSIC06) - ECT,Private - Values - Electronic card transactions  A/S/T by industry,Actual,Department stores,,,
1598,ECTM.S1AG1330,2008.09,176.2,,F,Dollars,6,Electronic Card Transactions (ANZSIC06) - ECT,Private - Values - Electronic card transactions  A/S/T by industry,Actual,Department stores,,,
1599,ECTM.S1AG1330,2008.1,200.6,,F,Dollars,6,Electronic Card Transactions (ANZSIC06) - ECT,Private - Values - Electronic card transactions  A/S/T by industry,Actual,Department stores,,,
1600,ECTM.S1AG1330,2008.11,228.1,,F,Dollars,6,Electronic Card Transactions (ANZSIC06) - ECT,Private - Values - Electronic card transactions  A/S/T by industry,Actual,Department stores,,,
1601,ECTM.S1AG1330,2008.12,370.8,,F,Dollars,6,Electronic Card Transactions (ANZSIC06) - ECT,Private - Values - Electronic card transactions  A/S/T by industry,Actual,Department stores,,,
1602,ECTM.S1AG1330,2009.01,199,,F,Dollars,6,Electronic Card Transactions (ANZSIC06) - ECT,Private - Values - Electronic card transactions  A/S/T by industry,Actual,Department stores,,,
1603,ECTM.S1AG1330,2009.02,174.3,,F,Dollars,6,Electronic Card Transactions (ANZSIC06) - ECT,Private - Values - Electronic card transactions  A/S/T by industry,Actual,Department stores,,,
1604,ECTM.S1AG1330,2009.03,183.6,,F,Dollars,6,Electronic Card Transactions (ANZSIC06) - ECT,Private - Values - Electronic card transactions  A/S/T by industry,Actual,Department stores,,,
1605,ECTM.S1AG1330,2009.04,205.4,,F,Dollars,6,Electronic Card Transactions (ANZSIC06) - ECT,Private - Values - Electronic card transactions  A/S/T by industry,Actual,Department stores,,,
1606,ECTM.S1AG1330,2009.05,213.7,,F,Dollars,6,Electronic Card Transactions (ANZSIC06) - ECT,Private - Values - Electronic card transactions  A/S/T by industry,Actual,Department stores,,,
1607,ECTM.S1AG1330,2009.06,187.6,,F,Dollars,6,Electronic Card Transactions (ANZSIC06) - ECT,Private - Values - Electronic card transactions  A/S/T by industry,Actual,Department stores,,,
1608,ECTM.S1AG1330,2009.07,197.5,,F,Dollars,6,Electronic Card Transactions (ANZSIC06) - ECT,Private - Values - Electronic card transactions  A/S/T by industry,Actual,Department stores,,,
1609,ECTM.S1AG1330,2009.08,178.7,,F,Dollars,6,Electronic Card Transactions (ANZSIC06) - ECT,Private - Values - Electronic card transactions  A/S/T by industry,Actual,Department stores,,,
1610,ECTM.S1AG1330,2009.09,182,,F,Dollars,6,Electronic Card Transactions (ANZSIC06) - ECT,Private - Values - Electronic card transactions  A/S/T by industry,Actual,Department stores,,,
1611,ECTM.S1AG1330,2009.1,206.1,,F,Dollars,6,Electronic Card Transactions (ANZSIC06) - ECT,Private - Values - Electronic card transactions  A/S/T by industry,Actual,Department stores,,,
1612,ECTM.S1AG1330,2009.11,225.6,,F,Dollars,6,Electronic Card Transactions (ANZSIC06) - ECT,Private - Values - Electronic card transactions  A/S/T by industry,Actual,Department stores,,,
1613,ECTM.S1AG1330,2009.12,375.3,,F,Dollars,6,Electronic Card Transactions (ANZSIC06) - ECT,Private - Values - Electronic card transactions  A/S/T by industry,Actual,Department stores,,,
1614,ECTM.S1AG1330,2010.01,204.7,,F,Dollars,6,Electronic Card Transactions (ANZSIC06) - ECT,Private - Values - Electronic card transactions  A/S/T by industry,Actual,Department stores,,,
1615,ECTM.S1AG1330,2010.02,172,,F,Dollars,6,Electronic Card Transactions (ANZSIC06) - ECT,Private - Values - Electronic card transactions  A/S/T by industry,Actual,Department stores,,,
1616,ECTM.S1AG1330,2010.03,196.8,,F,Dollars,6,Electronic Card Transactions (ANZSIC06) - ECT,Private - Values - Electronic card transactions  A/S/T by industry,Actual,Department stores,,,
1617,ECTM.S1AG1330,2010.04,197.8,,F,Dollars,6,Electronic Card Transactions (ANZSIC06) - ECT,Private - Values - Electronic card transactions  A/S/T by industry,Actual,Department stores,,,
1618,ECTM.S1AG1330,2010.05,205.7,,F,Dollars,6,Electronic Card Transactions (ANZSIC06) - ECT,Private - Values - Electronic card transactions  A/S/T by industry,Actual,Department stores,,,
1619,ECTM.S1AG1330,2010.06,189.3,,F,Dollars,6,Electronic Card Transactions (ANZSIC06) - ECT,Private - Values - Electronic card transactions  A/S/T by industry,Actual,Department stores,,,
1620,ECTM.S1AG1330,2010.07,200.5,,F,Dollars,6,Electronic Card Transactions (ANZSIC06) - ECT,Private - Values - Electronic card transactions  A/S/T by industry,Actual,Department stores,,,
1621,ECTM.S1AG1330,2010.08,178.7,,F,Dollars,6,Electronic Card Transactions (ANZSIC06) - ECT,Private - Values - Electronic card transactions  A/S/T by industry,Actual,Department stores,,,
1622,ECTM.S1AG1330,2010.09,187.8,,F,Dollars,6,Electronic Card Transactions (ANZSIC06) - ECT,Private - Values - Electronic card transactions  A/S/T by industry,Actual,Department stores,,,
1623,ECTM.S1AG1330,2010.1,208,,F,Dollars,6,Electronic Card Transactions (ANZSIC06) - ECT,Private - Values - Electronic card transactions  A/S/T by industry,Actual,Department stores,,,
1624,ECTM.S1AG1330,2010.11,237.7,,F,Dollars,6,Electronic Card Transactions (ANZSIC06) - ECT,Private - Values - Electronic card transactions  A/S/T by industry,Actual,Department stores,,,
1625,ECTM.S1AG1330,2010.12,388.8,,F,Dollars,6,Electronic Card Transactions (ANZSIC06) - ECT,Private - Values - Electronic card transactions  A/S/T by industry,Actual,Department stores,,,
1626,ECTM.S1AG1330,2011.01,204.9,,F,Dollars,6,Electronic Card Transactions (ANZSIC06) - ECT,Private - Values - Electronic card transactions  A/S/T by industry,Actual,Department stores,,,
1627,ECTM.S1AG1330,2011.02,169.6,,F,Dollars,6,Electronic Card Transactions (ANZSIC06) - ECT,Private - Values - Electronic card transactions  A/S/T by industry,Actual,Department stores,,,
1628,ECTM.S1AG1330,2011.03,201.9,,F,Dollars,6,Electronic Card Transactions (ANZSIC06) - ECT,Private - Values - Electronic card transactions  A/S/T by industry,Actual,Department stores,,,
1629,ECTM.S1AG1330,2011.04,218.5,,F,Dollars,6,Electronic Card Transactions (ANZSIC06) - ECT,Private - Values - Electronic card transactions  A/S/T by industry,Actual,Department stores,,,
1630,ECTM.S1AG1330,2011.05,204.2,,F,Dollars,6,Electronic Card Transactions (ANZSIC06) - ECT,Private - Values - Electronic card transactions  A/S/T by industry,Actual,Department stores,,,
1631,ECTM.S1AG1330,2011.06,210.5,,F,Dollars,6,Electronic Card Transactions (ANZSIC06) - ECT,Private - Values - Electronic card transactions  A/S/T by industry,Actual,Department stores,,,
1632,ECTM.S1AG1330,2011.07,219.5,,F,Dollars,6,Electronic Card Transactions (ANZSIC06) - ECT,Private - Values - Electronic card transactions  A/S/T by industry,Actual,Department stores,,,
1633,ECTM.S1AG1330,2011.08,188.3,,F,Dollars,6,Electronic Card Transactions (ANZSIC06) - ECT,Private - Values - Electronic card transactions  A/S/T by industry,Actual,Department stores,,,
1634,ECTM.S1AG1330,2011.09,196.8,,F,Dollars,6,Electronic Card Transactions (ANZSIC06) - ECT,Private - Values - Electronic card transactions  A/S/T by industry,Actual,Department stores,,,
1635,ECTM.S1AG1330,2011.1,225.8,,F,Dollars,6,Electronic Card Transactions (ANZSIC06) - ECT,Private - Values - Electronic card transactions  A/S/T by industry,Actual,Department stores,,,
1636,ECTM.S1AG1330,2011.11,254.7,,F,Dollars,6,Electronic Card Transactions (ANZSIC06) - ECT,Private - Values - Electronic card transactions  A/S/T by industry,Actual,Department stores,,,
1637,ECTM.S1AG1330,2011.12,413.4,,F,Dollars,6,Electronic Card Transactions (ANZSIC06) - ECT,Private - Values - Electronic card transactions  A/S/T by industry,Actual,Department stores,,,
1638,ECTM.S1AG1330,2012.01,212.9,,F,Dollars,6,Electronic Card Transactions (ANZSIC06) - ECT,Private - Values - Electronic card transactions  A/S/T by industry,Actual,Department stores,,,
1639,ECTM.S1AG1330,2012.02,196.5,,F,Dollars,6,Electronic Card Transactions (ANZSIC06) - ECT,Private - Values - Electronic card transactions  A/S/T by industry,Actual,Department stores,,,
1640,ECTM.S1AG1330,2012.03,217.5,,F,Dollars,6,Electronic Card Transactions (ANZSIC06) - ECT,Private - Values - Electronic card transactions  A/S/T by industry,Actual,Department stores,,,
1641,ECTM.S1AG1330,2012.04,214.1,,F,Dollars,6,Electronic Card Transactions (ANZSIC06) - ECT,Private - Values - Electronic card transactions  A/S/T by industry,Actual,Department stores,,,
1642,ECTM.S1AG1330,2012.05,225.5,,F,Dollars,6,Electronic Card Transactions (ANZSIC06) - ECT,Private - Values - Electronic card transactions  A/S/T by industry,Actual,Department stores,,,
1643,ECTM.S1AG1330,2012.06,219.7,,F,Dollars,6,Electronic Card Transactions (ANZSIC06) - ECT,Private - Values - Electronic card transactions  A/S/T by industry,Actual,Department stores,,,
1644,ECTM.S1AG1330,2012.07,213.4,,F,Dollars,6,Electronic Card Transactions (ANZSIC06) - ECT,Private - Values - Electronic card transactions  A/S/T by industry,Actual,Department stores,,,
1645,ECTM.S1AG1330,2012.08,204.7,,F,Dollars,6,Electronic Card Transactions (ANZSIC06) - ECT,Private - Values - Electronic card transactions  A/S/T by industry,Actual,Department stores,,,
1646,ECTM.S1AG1330,2012.09,197.7,,F,Dollars,6,Electronic Card Transactions (ANZSIC06) - ECT,Private - Values - Electronic card transactions  A/S/T by industry,Actual,Department stores,,,
1647,ECTM.S1AG1330,2012.1,223.9,,F,Dollars,6,Electronic Card Transactions (ANZSIC06) - ECT,Private - Values - Electronic card transactions  A/S/T by industry,Actual,Department stores,,,
1648,ECTM.S1AG1330,2012.11,267.3,,F,Dollars,6,Electronic Card Transactions (ANZSIC06) - ECT,Private - Values - Electronic card transactions  A/S/T by industry,Actual,Department stores,,,
1649,ECTM.S1AG1330,2012.12,407.3,,F,Dollars,6,Electronic Card Transactions (ANZSIC06) - ECT,Private - Values - Electronic card transactions  A/S/T by industry,Actual,Department stores,,,
1650,ECTM.S1AG1330,2013.01,214.4,,F,Dollars,6,Electronic Card Transactions (ANZSIC06) - ECT,Private - Values - Electronic card transactions  A/S/T by industry,Actual,Department stores,,,
1651,ECTM.S1AG1330,2013.02,183.2,,F,Dollars,6,Electronic Card Transactions (ANZSIC06) - ECT,Private - Values - Electronic card transactions  A/S/T by industry,Actual,Department stores,,,
1652,ECTM.S1AG1330,2013.03,209.4,,F,Dollars,6,Electronic Card Transactions (ANZSIC06) - ECT,Private - Values - Electronic card transactions  A/S/T by industry,Actual,Department stores,,,
1653,ECTM.S1AG1330,2013.04,215.1,,F,Dollars,6,Electronic Card Transactions (ANZSIC06) - ECT,Private - Values - Electronic card transactions  A/S/T by industry,Actual,Department stores,,,
1654,ECTM.S1AG1330,2013.05,226.5,,F,Dollars,6,Electronic Card Transactions (ANZSIC06) - ECT,Private - Values - Electronic card transactions  A/S/T by industry,Actual,Department stores,,,
1655,ECTM.S1AG1330,2013.06,216.7,,F,Dollars,6,Electronic Card Transactions (ANZSIC06) - ECT,Private - Values - Electronic card transactions  A/S/T by industry,Actual,Department stores,,,
1656,ECTM.S1AG1330,2013.07,203.9,,F,Dollars,6,Electronic Card Transactions (ANZSIC06) - ECT,Private - Values - Electronic card transactions  A/S/T by industry,Actual,Department stores,,,
1657,ECTM.S1AG1330,2013.08,201.8,,F,Dollars,6,Electronic Card Transactions (ANZSIC06) - ECT,Private - Values - Electronic card transactions  A/S/T by industry,Actual,Department stores,,,
1658,ECTM.S1AG1330,2013.09,189.3,,F,Dollars,6,Electronic Card Transactions (ANZSIC06) - ECT,Private - Values - Electronic card transactions  A/S/T by industry,Actual,Department stores,,,
1659,ECTM.S1AG1330,2013.1,224.3,,F,Dollars,6,Electronic Card Transactions (ANZSIC06) - ECT,Private - Values - Electronic card transactions  A/S/T by industry,Actual,Department stores,,,
1660,ECTM.S1AG1330,2013.11,260,,F,Dollars,6,Electronic Card Transactions (ANZSIC06) - ECT,Private - Values - Electronic card transactions  A/S/T by industry,Actual,Department stores,,,
1661,ECTM.S1AG1330,2013.12,419.9,,F,Dollars,6,Electronic Card Transactions (ANZSIC06) - ECT,Private - Values - Electronic card transactions  A/S/T by industry,Actual,Department stores,,,
1662,ECTM.S1AG1330,2014.01,220.9,,F,Dollars,6,Electronic Card Transactions (ANZSIC06) - ECT,Private - Values - Electronic card transactions  A/S/T by industry,Actual,Department stores,,,
1663,ECTM.S1AG1330,2014.02,190.9,,F,Dollars,6,Electronic Card Transactions (ANZSIC06) - ECT,Private - Values - Electronic card transactions  A/S/T by industry,Actual,Department stores,,,
1664,ECTM.S1AG1330,2014.03,211.5,,F,Dollars,6,Electronic Card Transactions (ANZSIC06) - ECT,Private - Values - Electronic card transactions  A/S/T by industry,Actual,Department stores,,,
1665,ECTM.S1AG1330,2014.04,221.6,,F,Dollars,6,Electronic Card Transactions (ANZSIC06) - ECT,Private - Values - Electronic card transactions  A/S/T by industry,Actual,Department stores,,,
1666,ECTM.S1AG1330,2014.05,236.3,,F,Dollars,6,Electronic Card Transactions (ANZSIC06) - ECT,Private - Values - Electronic card transactions  A/S/T by industry,Actual,Department stores,,,
1667,ECTM.S1AG1330,2014.06,209.7,,F,Dollars,6,Electronic Card Transactions (ANZSIC06) - ECT,Private - Values - Electronic card transactions  A/S/T by industry,Actual,Department stores,,,
1668,ECTM.S1AG1330,2014.07,218.1,,F,Dollars,6,Electronic Card Transactions (ANZSIC06) - ECT,Private - Values - Electronic card transactions  A/S/T by industry,Actual,Department stores,,,
1669,ECTM.S1AG1330,2014.08,202.8,,F,Dollars,6,Electronic Card Transactions (ANZSIC06) - ECT,Private - Values - Electronic card transactions  A/S/T by industry,Actual,Department stores,,,
1670,ECTM.S1AG1330,2014.09,204.8,,F,Dollars,6,Electronic Card Transactions (ANZSIC06) - ECT,Private - Values - Electronic card transactions  A/S/T by industry,Actual,Department stores,,,
1671,ECTM.S1AG1330,2014.1,230.7,,F,Dollars,6,Electronic Card Transactions (ANZSIC06) - ECT,Private - Values - Electronic card transactions  A/S/T by industry,Actual,Department stores,,,
1672,ECTM.S1AG1330,2014.11,267.8,,F,Dollars,6,Electronic Card Transactions (ANZSIC06) - ECT,Private - Values - Electronic card transactions  A/S/T by industry,Actual,Department stores,,,
1673,ECTM.S1AG1330,2014.12,432.6,,F,Dollars,6,Electronic Card Transactions (ANZSIC06) - ECT,Private - Values - Electronic card transactions  A/S/T by industry,Actual,Department stores,,,
1674,ECTM.S1AG1330,2015.01,235.5,,F,Dollars,6,Electronic Card Transactions (ANZSIC06) - ECT,Private - Values - Electronic card transactions  A/S/T by industry,Actual,Department stores,,,
1675,ECTM.S1AG1330,2015.02,203.9,,F,Dollars,6,Electronic Card Transactions (ANZSIC06) - ECT,Private - Values - Electronic card transactions  A/S/T by industry,Actual,Department stores,,,
1676,ECTM.S1AG1330,2015.03,226,,F,Dollars,6,Electronic Card Transactions (ANZSIC06) - ECT,Private - Values - Electronic card transactions  A/S/T by industry,Actual,Department stores,,,
1677,ECTM.S1AG1330,2015.04,233.8,,F,Dollars,6,Electronic Card Transactions (ANZSIC06) - ECT,Private - Values - Electronic card transactions  A/S/T by industry,Actual,Department stores,,,
1678,ECTM.S1AG1330,2015.05,251.1,,F,Dollars,6,Electronic Card Transactions (ANZSIC06) - ECT,Private - Values - Electronic card transactions  A/S/T by industry,Actual,Department stores,,,
1679,ECTM.S1AG1330,2015.06,224.5,,F,Dollars,6,Electronic Card Transactions (ANZSIC06) - ECT,Private - Values - Electronic card transactions  A/S/T by industry,Actual,Department stores,,,
1680,ECTM.S1AG1330,2015.07,234.6,,F,Dollars,6,Electronic Card Transactions (ANZSIC06) - ECT,Private - Values - Electronic card transactions  A/S/T by industry,Actual,Department stores,,,
1681,ECTM.S1AG1330,2015.08,219.5,,F,Dollars,6,Electronic Card Transactions (ANZSIC06) - ECT,Private - Values - Electronic card transactions  A/S/T by industry,Actual,Department stores,,,
1682,ECTM.S1AG1330,2015.09,229.5,,F,Dollars,6,Electronic Card Transactions (ANZSIC06) - ECT,Private - Values - Electronic card transactions  A/S/T by industry,Actual,Department stores,,,
1683,ECTM.S1AG1330,2015.1,252.9,,F,Dollars,6,Electronic Card Transactions (ANZSIC06) - ECT,Private - Values - Electronic card transactions  A/S/T by industry,Actual,Department stores,,,
1684,ECTM.S1AG1330,2015.11,286.6,,F,Dollars,6,Electronic Card Transactions (ANZSIC06) - ECT,Private - Values - Electronic card transactions  A/S/T by industry,Actual,Department stores,,,
1685,ECTM.S1AG1330,2015.12,452.5,,F,Dollars,6,Electronic Card Transactions (ANZSIC06) - ECT,Private - Values - Electronic card transactions  A/S/T by industry,Actual,Department stores,,,
1686,ECTM.S1AG1330,2016.01,243.3,,F,Dollars,6,Electronic Card Transactions (ANZSIC06) - ECT,Private - Values - Electronic card transactions  A/S/T by industry,Actual,Department stores,,,
1687,ECTM.S1AG1330,2016.02,220.6,,F,Dollars,6,Electronic Card Transactions (ANZSIC06) - ECT,Private - Values - Electronic card transactions  A/S/T by industry,Actual,Department stores,,,
1688,ECTM.S1AG1330,2016.03,238.7,,F,Dollars,6,Electronic Card Transactions (ANZSIC06) - ECT,Private - Values - Electronic card transactions  A/S/T by industry,Actual,Department stores,,,
1689,ECTM.S1AG1330,2016.04,242.8,,F,Dollars,6,Electronic Card Transactions (ANZSIC06) - ECT,Private - Values - Electronic card transactions  A/S/T by industry,Actual,Department stores,,,
1690,ECTM.S1AG1330,2016.05,249.7,,F,Dollars,6,Electronic Card Transactions (ANZSIC06) - ECT,Private - Values - Electronic card transactions  A/S/T by industry,Actual,Department stores,,,
1691,ECTM.S1AG1330,2016.06,241.5,,F,Dollars,6,Electronic Card Transactions (ANZSIC06) - ECT,Private - Values - Electronic card transactions  A/S/T by industry,Actual,Department stores,,,
1692,ECTM.S1AG1330,2016.07,242.3,,F,Dollars,6,Electronic Card Transactions (ANZSIC06) - ECT,Private - Values - Electronic card transactions  A/S/T by industry,Actual,Department stores,,,
1693,ECTM.S1AG1330,2016.08,219.1,,F,Dollars,6,Electronic Card Transactions (ANZSIC06) - ECT,Private - Values - Electronic card transactions  A/S/T by industry,Actual,Department stores,,,
1694,ECTM.S1AG1330,2016.09,233.2,,F,Dollars,6,Electronic Card Transactions (ANZSIC06) - ECT,Private - Values - Electronic card transactions  A/S/T by industry,Actual,Department stores,,,
1695,ECTM.S1AG1330,2016.1,243.6,,F,Dollars,6,Electronic Card Transactions (ANZSIC06) - ECT,Private - Values - Electronic card transactions  A/S/T by industry,Actual,Department stores,,,
1696,ECTM.S1AG1330,2016.11,277.4,,F,Dollars,6,Electronic Card Transactions (ANZSIC06) - ECT,Private - Values - Electronic card transactions  A/S/T by industry,Actual,Department stores,,,
1697,ECTM.S1AG1330,2016.12,445,,F,Dollars,6,Electronic Card Transactions (ANZSIC06) - ECT,Private - Values - Electronic card transactions  A/S/T by industry,Actual,Department stores,,,
1698,ECTM.S1AG1330,2017.01,260.7,,F,Dollars,6,Electronic Card Transactions (ANZSIC06) - ECT,Private - Values - Electronic card transactions  A/S/T by industry,Actual,Department stores,,,
1699,ECTM.S1AG1330,2017.02,231.4,,F,Dollars,6,Electronic Card Transactions (ANZSIC06) - ECT,Private - Values - Electronic card transactions  A/S/T by industry,Actual,Department stores,,,
1700,ECTM.S1AG1330,2017.03,258.6,,F,Dollars,6,Electronic Card Transactions (ANZSIC06) - ECT,Private - Values - Electronic card transactions  A/S/T by industry,Actual,Department stores,,,
1701,ECTM.S1AG1330,2017.04,274.5,,F,Dollars,6,Electronic Card Transactions (ANZSIC06) - ECT,Private - Values - Electronic card transactions  A/S/T by industry,Actual,Department stores,,,
1702,ECTM.S1AG1330,2017.05,289.3,,F,Dollars,6,Electronic Card Transactions (ANZSIC06) - ECT,Private - Values - Electronic card transactions  A/S/T by industry,Actual,Department stores,,,
1703,ECTM.S1AG1330,2017.06,263.6,,F,Dollars,6,Electronic Card Transactions (ANZSIC06) - ECT,Private - Values - Electronic card transactions  A/S/T by industry,Actual,Department stores,,,
1704,ECTM.S1AG1330,2017.07,274.3,,F,Dollars,6,Electronic Card Transactions (ANZSIC06) - ECT,Private - Values - Electronic card transactions  A/S/T by industry,Actual,Department stores,,,
1705,ECTM.S1AG1330,2017.08,246.7,,F,Dollars,6,Electronic Card Transactions (ANZSIC06) - ECT,Private - Values - Electronic card transactions  A/S/T by industry,Actual,Department stores,,,
1706,ECTM.S1AG1330,2017.09,252.9,,F,Dollars,6,Electronic Card Transactions (ANZSIC06) - ECT,Private - Values - Electronic card transactions  A/S/T by industry,Actual,Department stores,,,
1707,ECTM.S1AG1330,2017.1,275.4,,F,Dollars,6,Electronic Card Transactions (ANZSIC06) - ECT,Private - Values - Electronic card transactions  A/S/T by industry,Actual,Department stores,,,
1708,ECTM.S1AG1330,2017.11,320,,F,Dollars,6,Electronic Card Transactions (ANZSIC06) - ECT,Private - Values - Electronic card transactions  A/S/T by industry,Actual,Department stores,,,
1709,ECTM.S1AG1330,2017.12,488.7,,F,Dollars,6,Electronic Card Transactions (ANZSIC06) - ECT,Private - Values - Electronic card transactions  A/S/T by industry,Actual,Department stores,,,
1710,ECTM.S1AG1330,2018.01,252.3,,F,Dollars,6,Electronic Card Transactions (ANZSIC06) - ECT,Private - Values - Electronic card transactions  A/S/T by industry,Actual,Department stores,,,
1711,ECTM.S1AG1330,2018.02,225,,F,Dollars,6,Electronic Card Transactions (ANZSIC06) - ECT,Private - Values - Electronic card transactions  A/S/T by industry,Actual,Department stores,,,
1712,ECTM.S1AG1330,2018.03,267,,F,Dollars,6,Electronic Card Transactions (ANZSIC06) - ECT,Private - Values - Electronic card transactions  A/S/T by industry,Actual,Department stores,,,
1713,ECTM.S1AG1330,2018.04,263.8,,F,Dollars,6,Electronic Card Transactions (ANZSIC06) - ECT,Private - Values - Electronic card transactions  A/S/T by industry,Actual,Department stores,,,
1714,ECTM.S1AG1330,2018.05,274.6,,F,Dollars,6,Electronic Card Transactions (ANZSIC06) - ECT,Private - Values - Electronic card transactions  A/S/T by industry,Actual,Department stores,,,
1715,ECTM.S1AG1330,2018.06,275.6,,F,Dollars,6,Electronic Card Transactions (ANZSIC06) - ECT,Private - Values - Electronic card transactions  A/S/T by industry,Actual,Department stores,,,
1716,ECTM.S1AG1330,2018.07,268.9,,F,Dollars,6,Electronic Card Transactions (ANZSIC06) - ECT,Private - Values - Electronic card transactions  A/S/T by industry,Actual,Department stores,,,
1717,ECTM.S1AG1330,2018.08,260,,F,Dollars,6,Electronic Card Transactions (ANZSIC06) - ECT,Private - Values - Electronic card transactions  A/S/T by industry,Actual,Department stores,,,
1718,ECTM.S1AG1330,2018.09,267.5,,F,Dollars,6,Electronic Card Transactions (ANZSIC06) - ECT,Private - Values - Electronic card transactions  A/S/T by industry,Actual,Department stores,,,
1719,ECTM.S1AG1330,2018.1,290,,F,Dollars,6,Electronic Card Transactions (ANZSIC06) - ECT,Private - Values - Electronic card transactions  A/S/T by industry,Actual,Department stores,,,
1720,ECTM.S1AG1330,2018.11,345.1,,F,Dollars,6,Electronic Card Transactions (ANZSIC06) - ECT,Private - Values - Electronic card transactions  A/S/T by industry,Actual,Department stores,,,
1721,ECTM.S1AG1330,2018.12,509.4,,F,Dollars,6,Electronic Card Transactions (ANZSIC06) - ECT,Private - Values - Electronic card transactions  A/S/T by industry,Actual,Department stores,,,
1722,ECTM.S1AG1330,2019.01,283.2,,F,Dollars,6,Electronic Card Transactions (ANZSIC06) - ECT,Private - Values - Electronic card transactions  A/S/T by industry,Actual,Department stores,,,
1723,ECTM.S1AG1330,2019.02,250.2,,F,Dollars,6,Electronic Card Transactions (ANZSIC06) - ECT,Private - Values - Electronic card transactions  A/S/T by industry,Actual,Department stores,,,
1724,ECTM.S1AG1330,2019.03,270.9,,F,Dollars,6,Electronic Card Transactions (ANZSIC06) - ECT,Private - Values - Electronic card transactions  A/S/T by industry,Actual,Department stores,,,
1725,ECTM.S1AG1330,2019.04,294.1,,F,Dollars,6,Electronic Card Transactions (ANZSIC06) - ECT,Private - Values - Electronic card transactions  A/S/T by industry,Actual,Department stores,,,
1726,ECTM.S1AG1330,2019.05,295.1,,F,Dollars,6,Electronic Card Transactions (ANZSIC06) - ECT,Private - Values - Electronic card transactions  A/S/T by industry,Actual,Department stores,,,
1727,ECTM.S1AG1330,2019.06,293.5,,F,Dollars,6,Electronic Card Transactions (ANZSIC06) - ECT,Private - Values - Electronic card transactions  A/S/T by industry,Actual,Department stores,,,
1728,ECTM.S1AG1330,2019.07,293.5,,F,Dollars,6,Electronic Card Transactions (ANZSIC06) - ECT,Private - Values - Electronic card transactions  A/S/T by industry,Actual,Department stores,,,
1729,ECTM.S1AG1330,2019.08,286.4,,F,Dollars,6,Electronic Card Transactions (ANZSIC06) - ECT,Private - Values - Electronic card transactions  A/S/T by industry,Actual,Department stores,,,
1730,ECTM.S1AG1330,2019.09,276.5,,F,Dollars,6,Electronic Card Transactions (ANZSIC06) - ECT,Private - Values - Electronic card transactions  A/S/T by industry,Actual,Department stores,,,
1731,ECTM.S1AG1330,2019.1,314.2,,F,Dollars,6,Electronic Card Transactions (ANZSIC06) - ECT,Private - Values - Electronic card transactions  A/S/T by industry,Actual,Department stores,,,
1732,ECTM.S1AG1330,2019.11,381.4,,F,Dollars,6,Electronic Card Transactions (ANZSIC06) - ECT,Private - Values - Electronic card transactions  A/S/T by industry,Actual,Department stores,,,
1733,ECTM.S1AG1330,2019.12,533,,F,Dollars,6,Electronic Card Transactions (ANZSIC06) - ECT,Private - Values - Electronic card transactions  A/S/T by industry,Actual,Department stores,,,
1734,ECTM.S1AG1330,2020.01,297.4,,F,Dollars,6,Electronic Card Transactions (ANZSIC06) - ECT,Private - Values - Electronic card transactions  A/S/T by industry,Actual,Department stores,,,
1735,ECTM.S1AG1330,2020.02,286.3,,F,Dollars,6,Electronic Card Transactions (ANZSIC06) - ECT,Private - Values - Electronic card transactions  A/S/T by industry,Actual,Department stores,,,
1736,ECTM.S1AG1330,2020.03,266.2,,F,Dollars,6,Electronic Card Transactions (ANZSIC06) - ECT,Private - Values - Electronic card transactions  A/S/T by industry,Actual,Department stores,,,
1737,ECTM.S1AG1330,2020.04,93.3,,F,Dollars,6,Electronic Card Transactions (ANZSIC06) - ECT,Private - Values - Electronic card transactions  A/S/T by industry,Actual,Department stores,,,
1738,ECTM.S1SG1330,2007.03,242,,R,Dollars,6,Electronic Card Transactions (ANZSIC06) - ECT,Private - Values - Electronic card transactions  A/S/T by industry,Seasonally adjusted,Department stores,,,
1739,ECTM.S1SG1330,2007.04,249.3,,R,Dollars,6,Electronic Card Transactions (ANZSIC06) - ECT,Private - Values - Electronic card transactions  A/S/T by industry,Seasonally adjusted,Department stores,,,
1740,ECTM.S1SG1330,2007.05,224,,R,Dollars,6,Electronic Card Transactions (ANZSIC06) - ECT,Private - Values - Electronic card transactions  A/S/T by industry,Seasonally adjusted,Department stores,,,
1741,ECTM.S1SG1330,2007.06,247.6,,R,Dollars,6,Electronic Card Transactions (ANZSIC06) - ECT,Private - Values - Electronic card transactions  A/S/T by industry,Seasonally adjusted,Department stores,,,
1742,ECTM.S1SG1330,2007.07,249.8,,R,Dollars,6,Electronic Card Transactions (ANZSIC06) - ECT,Private - Values - Electronic card transactions  A/S/T by industry,Seasonally adjusted,Department stores,,,
1743,ECTM.S1SG1330,2007.08,254.9,,R,Dollars,6,Electronic Card Transactions (ANZSIC06) - ECT,Private - Values - Electronic card transactions  A/S/T by industry,Seasonally adjusted,Department stores,,,
1744,ECTM.S1SG1330,2007.09,258.7,,R,Dollars,6,Electronic Card Transactions (ANZSIC06) - ECT,Private - Values - Electronic card transactions  A/S/T by industry,Seasonally adjusted,Department stores,,,
1745,ECTM.S1SG1330,2007.1,248.7,,R,Dollars,6,Electronic Card Transactions (ANZSIC06) - ECT,Private - Values - Electronic card transactions  A/S/T by industry,Seasonally adjusted,Department stores,,,
1746,ECTM.S1SG1330,2007.11,241.4,,R,Dollars,6,Electronic Card Transactions (ANZSIC06) - ECT,Private - Values - Electronic card transactions  A/S/T by industry,Seasonally adjusted,Department stores,,,
1747,ECTM.S1SG1330,2007.12,243,,R,Dollars,6,Electronic Card Transactions (ANZSIC06) - ECT,Private - Values - Electronic card transactions  A/S/T by industry,Seasonally adjusted,Department stores,,,
1748,ECTM.S1SG1330,2008.01,240.4,,R,Dollars,6,Electronic Card Transactions (ANZSIC06) - ECT,Private - Values - Electronic card transactions  A/S/T by industry,Seasonally adjusted,Department stores,,,
1749,ECTM.S1SG1330,2008.02,251.1,,R,Dollars,6,Electronic Card Transactions (ANZSIC06) - ECT,Private - Values - Electronic card transactions  A/S/T by industry,Seasonally adjusted,Department stores,,,
1750,ECTM.S1SG1330,2008.03,240.2,,R,Dollars,6,Electronic Card Transactions (ANZSIC06) - ECT,Private - Values - Electronic card transactions  A/S/T by industry,Seasonally adjusted,Department stores,,,
1751,ECTM.S1SG1330,2008.04,232.2,,R,Dollars,6,Electronic Card Transactions (ANZSIC06) - ECT,Private - Values - Electronic card transactions  A/S/T by industry,Seasonally adjusted,Department stores,,,
1752,ECTM.S1SG1330,2008.05,232.8,,R,Dollars,6,Electronic Card Transactions (ANZSIC06) - ECT,Private - Values - Electronic card transactions  A/S/T by industry,Seasonally adjusted,Department stores,,,
1753,ECTM.S1SG1330,2008.06,231.8,,R,Dollars,6,Electronic Card Transactions (ANZSIC06) - ECT,Private - Values - Electronic card transactions  A/S/T by industry,Seasonally adjusted,Department stores,,,
1754,ECTM.S1SG1330,2008.07,213.6,,R,Dollars,6,Electronic Card Transactions (ANZSIC06) - ECT,Private - Values - Electronic card transactions  A/S/T by industry,Seasonally adjusted,Department stores,,,
1755,ECTM.S1SG1330,2008.08,213,,R,Dollars,6,Electronic Card Transactions (ANZSIC06) - ECT,Private - Values - Electronic card transactions  A/S/T by industry,Seasonally adjusted,Department stores,,,
1756,ECTM.S1SG1330,2008.09,203.3,,R,Dollars,6,Electronic Card Transactions (ANZSIC06) - ECT,Private - Values - Electronic card transactions  A/S/T by industry,Seasonally adjusted,Department stores,,,
1757,ECTM.S1SG1330,2008.1,212.1,,R,Dollars,6,Electronic Card Transactions (ANZSIC06) - ECT,Private - Values - Electronic card transactions  A/S/T by industry,Seasonally adjusted,Department stores,,,
1758,ECTM.S1SG1330,2008.11,212,,R,Dollars,6,Electronic Card Transactions (ANZSIC06) - ECT,Private - Values - Electronic card transactions  A/S/T by industry,Seasonally adjusted,Department stores,,,
1759,ECTM.S1SG1330,2008.12,209.6,,R,Dollars,6,Electronic Card Transactions (ANZSIC06) - ECT,Private - Values - Electronic card transactions  A/S/T by industry,Seasonally adjusted,Department stores,,,
1760,ECTM.S1SG1330,2009.01,208.9,,R,Dollars,6,Electronic Card Transactions (ANZSIC06) - ECT,Private - Values - Electronic card transactions  A/S/T by industry,Seasonally adjusted,Department stores,,,
1761,ECTM.S1SG1330,2009.02,210.8,,R,Dollars,6,Electronic Card Transactions (ANZSIC06) - ECT,Private - Values - Electronic card transactions  A/S/T by industry,Seasonally adjusted,Department stores,,,
1762,ECTM.S1SG1330,2009.03,198.2,,R,Dollars,6,Electronic Card Transactions (ANZSIC06) - ECT,Private - Values - Electronic card transactions  A/S/T by industry,Seasonally adjusted,Department stores,,,
1763,ECTM.S1SG1330,2009.04,218.2,,R,Dollars,6,Electronic Card Transactions (ANZSIC06) - ECT,Private - Values - Electronic card transactions  A/S/T by industry,Seasonally adjusted,Department stores,,,
1764,ECTM.S1SG1330,2009.05,213.6,,R,Dollars,6,Electronic Card Transactions (ANZSIC06) - ECT,Private - Values - Electronic card transactions  A/S/T by industry,Seasonally adjusted,Department stores,,,
1765,ECTM.S1SG1330,2009.06,201.1,,R,Dollars,6,Electronic Card Transactions (ANZSIC06) - ECT,Private - Values - Electronic card transactions  A/S/T by industry,Seasonally adjusted,Department stores,,,
1766,ECTM.S1SG1330,2009.07,217.2,,R,Dollars,6,Electronic Card Transactions (ANZSIC06) - ECT,Private - Values - Electronic card transactions  A/S/T by industry,Seasonally adjusted,Department stores,,,
1767,ECTM.S1SG1330,2009.08,213.9,,R,Dollars,6,Electronic Card Transactions (ANZSIC06) - ECT,Private - Values - Electronic card transactions  A/S/T by industry,Seasonally adjusted,Department stores,,,
1768,ECTM.S1SG1330,2009.09,213.1,,R,Dollars,6,Electronic Card Transactions (ANZSIC06) - ECT,Private - Values - Electronic card transactions  A/S/T by industry,Seasonally adjusted,Department stores,,,
1769,ECTM.S1SG1330,2009.1,211.8,,R,Dollars,6,Electronic Card Transactions (ANZSIC06) - ECT,Private - Values - Electronic card transactions  A/S/T by industry,Seasonally adjusted,Department stores,,,
1770,ECTM.S1SG1330,2009.11,210.3,,R,Dollars,6,Electronic Card Transactions (ANZSIC06) - ECT,Private - Values - Electronic card transactions  A/S/T by industry,Seasonally adjusted,Department stores,,,
1771,ECTM.S1SG1330,2009.12,213.2,,R,Dollars,6,Electronic Card Transactions (ANZSIC06) - ECT,Private - Values - Electronic card transactions  A/S/T by industry,Seasonally adjusted,Department stores,,,
1772,ECTM.S1SG1330,2010.01,215.4,,R,Dollars,6,Electronic Card Transactions (ANZSIC06) - ECT,Private - Values - Electronic card transactions  A/S/T by industry,Seasonally adjusted,Department stores,,,
1773,ECTM.S1SG1330,2010.02,209.3,,R,Dollars,6,Electronic Card Transactions (ANZSIC06) - ECT,Private - Values - Electronic card transactions  A/S/T by industry,Seasonally adjusted,Department stores,,,
1774,ECTM.S1SG1330,2010.03,214.2,,R,Dollars,6,Electronic Card Transactions (ANZSIC06) - ECT,Private - Values - Electronic card transactions  A/S/T by industry,Seasonally adjusted,Department stores,,,
1775,ECTM.S1SG1330,2010.04,205.9,,R,Dollars,6,Electronic Card Transactions (ANZSIC06) - ECT,Private - Values - Electronic card transactions  A/S/T by industry,Seasonally adjusted,Department stores,,,
1776,ECTM.S1SG1330,2010.05,208.9,,R,Dollars,6,Electronic Card Transactions (ANZSIC06) - ECT,Private - Values - Electronic card transactions  A/S/T by industry,Seasonally adjusted,Department stores,,,
1777,ECTM.S1SG1330,2010.06,205.6,,R,Dollars,6,Electronic Card Transactions (ANZSIC06) - ECT,Private - Values - Electronic card transactions  A/S/T by industry,Seasonally adjusted,Department stores,,,
1778,ECTM.S1SG1330,2010.07,214.3,,R,Dollars,6,Electronic Card Transactions (ANZSIC06) - ECT,Private - Values - Electronic card transactions  A/S/T by industry,Seasonally adjusted,Department stores,,,
1779,ECTM.S1SG1330,2010.08,213.5,,R,Dollars,6,Electronic Card Transactions (ANZSIC06) - ECT,Private - Values - Electronic card transactions  A/S/T by industry,Seasonally adjusted,Department stores,,,
1780,ECTM.S1SG1330,2010.09,224.2,,R,Dollars,6,Electronic Card Transactions (ANZSIC06) - ECT,Private - Values - Electronic card transactions  A/S/T by industry,Seasonally adjusted,Department stores,,,
1781,ECTM.S1SG1330,2010.1,213.3,,R,Dollars,6,Electronic Card Transactions (ANZSIC06) - ECT,Private - Values - Electronic card transactions  A/S/T by industry,Seasonally adjusted,Department stores,,,
1782,ECTM.S1SG1330,2010.11,215.9,,R,Dollars,6,Electronic Card Transactions (ANZSIC06) - ECT,Private - Values - Electronic card transactions  A/S/T by industry,Seasonally adjusted,Department stores,,,
1783,ECTM.S1SG1330,2010.12,220.1,,R,Dollars,6,Electronic Card Transactions (ANZSIC06) - ECT,Private - Values - Electronic card transactions  A/S/T by industry,Seasonally adjusted,Department stores,,,
1784,ECTM.S1SG1330,2011.01,218.5,,R,Dollars,6,Electronic Card Transactions (ANZSIC06) - ECT,Private - Values - Electronic card transactions  A/S/T by industry,Seasonally adjusted,Department stores,,,
1785,ECTM.S1SG1330,2011.02,207.3,,R,Dollars,6,Electronic Card Transactions (ANZSIC06) - ECT,Private - Values - Electronic card transactions  A/S/T by industry,Seasonally adjusted,Department stores,,,
1786,ECTM.S1SG1330,2011.03,221.8,,R,Dollars,6,Electronic Card Transactions (ANZSIC06) - ECT,Private - Values - Electronic card transactions  A/S/T by industry,Seasonally adjusted,Department stores,,,
1787,ECTM.S1SG1330,2011.04,225.4,,R,Dollars,6,Electronic Card Transactions (ANZSIC06) - ECT,Private - Values - Electronic card transactions  A/S/T by industry,Seasonally adjusted,Department stores,,,
1788,ECTM.S1SG1330,2011.05,207.9,,R,Dollars,6,Electronic Card Transactions (ANZSIC06) - ECT,Private - Values - Electronic card transactions  A/S/T by industry,Seasonally adjusted,Department stores,,,
1789,ECTM.S1SG1330,2011.06,232.7,,R,Dollars,6,Electronic Card Transactions (ANZSIC06) - ECT,Private - Values - Electronic card transactions  A/S/T by industry,Seasonally adjusted,Department stores,,,
1790,ECTM.S1SG1330,2011.07,234.9,,R,Dollars,6,Electronic Card Transactions (ANZSIC06) - ECT,Private - Values - Electronic card transactions  A/S/T by industry,Seasonally adjusted,Department stores,,,
1791,ECTM.S1SG1330,2011.08,224.8,,R,Dollars,6,Electronic Card Transactions (ANZSIC06) - ECT,Private - Values - Electronic card transactions  A/S/T by industry,Seasonally adjusted,Department stores,,,
1792,ECTM.S1SG1330,2011.09,229.5,,R,Dollars,6,Electronic Card Transactions (ANZSIC06) - ECT,Private - Values - Electronic card transactions  A/S/T by industry,Seasonally adjusted,Department stores,,,
1793,ECTM.S1SG1330,2011.1,234.1,,R,Dollars,6,Electronic Card Transactions (ANZSIC06) - ECT,Private - Values - Electronic card transactions  A/S/T by industry,Seasonally adjusted,Department stores,,,
1794,ECTM.S1SG1330,2011.11,232.3,,R,Dollars,6,Electronic Card Transactions (ANZSIC06) - ECT,Private - Values - Electronic card transactions  A/S/T by industry,Seasonally adjusted,Department stores,,,
1795,ECTM.S1SG1330,2011.12,228.2,,R,Dollars,6,Electronic Card Transactions (ANZSIC06) - ECT,Private - Values - Electronic card transactions  A/S/T by industry,Seasonally adjusted,Department stores,,,
1796,ECTM.S1SG1330,2012.01,227.2,,R,Dollars,6,Electronic Card Transactions (ANZSIC06) - ECT,Private - Values - Electronic card transactions  A/S/T by industry,Seasonally adjusted,Department stores,,,
1797,ECTM.S1SG1330,2012.02,236.4,,R,Dollars,6,Electronic Card Transactions (ANZSIC06) - ECT,Private - Values - Electronic card transactions  A/S/T by industry,Seasonally adjusted,Department stores,,,
1798,ECTM.S1SG1330,2012.03,233.4,,R,Dollars,6,Electronic Card Transactions (ANZSIC06) - ECT,Private - Values - Electronic card transactions  A/S/T by industry,Seasonally adjusted,Department stores,,,
1799,ECTM.S1SG1330,2012.04,229.4,,R,Dollars,6,Electronic Card Transactions (ANZSIC06) - ECT,Private - Values - Electronic card transactions  A/S/T by industry,Seasonally adjusted,Department stores,,,
1800,ECTM.S1SG1330,2012.05,231.8,,R,Dollars,6,Electronic Card Transactions (ANZSIC06) - ECT,Private - Values - Electronic card transactions  A/S/T by industry,Seasonally adjusted,Department stores,,,
1801,ECTM.S1SG1330,2012.06,233.1,,R,Dollars,6,Electronic Card Transactions (ANZSIC06) - ECT,Private - Values - Electronic card transactions  A/S/T by industry,Seasonally adjusted,Department stores,,,
1802,ECTM.S1SG1330,2012.07,232,,R,Dollars,6,Electronic Card Transactions (ANZSIC06) - ECT,Private - Values - Electronic card transactions  A/S/T by industry,Seasonally adjusted,Department stores,,,
1803,ECTM.S1SG1330,2012.08,243.2,,R,Dollars,6,Electronic Card Transactions (ANZSIC06) - ECT,Private - Values - Electronic card transactions  A/S/T by industry,Seasonally adjusted,Department stores,,,
1804,ECTM.S1SG1330,2012.09,231.6,,R,Dollars,6,Electronic Card Transactions (ANZSIC06) - ECT,Private - Values - Electronic card transactions  A/S/T by industry,Seasonally adjusted,Department stores,,,
1805,ECTM.S1SG1330,2012.1,233.2,,R,Dollars,6,Electronic Card Transactions (ANZSIC06) - ECT,Private - Values - Electronic card transactions  A/S/T by industry,Seasonally adjusted,Department stores,,,
1806,ECTM.S1SG1330,2012.11,240,,R,Dollars,6,Electronic Card Transactions (ANZSIC06) - ECT,Private - Values - Electronic card transactions  A/S/T by industry,Seasonally adjusted,Department stores,,,
1807,ECTM.S1SG1330,2012.12,228.9,,R,Dollars,6,Electronic Card Transactions (ANZSIC06) - ECT,Private - Values - Electronic card transactions  A/S/T by industry,Seasonally adjusted,Department stores,,,
1808,ECTM.S1SG1330,2013.01,231.1,,R,Dollars,6,Electronic Card Transactions (ANZSIC06) - ECT,Private - Values - Electronic card transactions  A/S/T by industry,Seasonally adjusted,Department stores,,,
1809,ECTM.S1SG1330,2013.02,224.7,,R,Dollars,6,Electronic Card Transactions (ANZSIC06) - ECT,Private - Values - Electronic card transactions  A/S/T by industry,Seasonally adjusted,Department stores,,,
1810,ECTM.S1SG1330,2013.03,225.8,,R,Dollars,6,Electronic Card Transactions (ANZSIC06) - ECT,Private - Values - Electronic card transactions  A/S/T by industry,Seasonally adjusted,Department stores,,,
1811,ECTM.S1SG1330,2013.04,227.2,,R,Dollars,6,Electronic Card Transactions (ANZSIC06) - ECT,Private - Values - Electronic card transactions  A/S/T by industry,Seasonally adjusted,Department stores,,,
1812,ECTM.S1SG1330,2013.05,231.8,,R,Dollars,6,Electronic Card Transactions (ANZSIC06) - ECT,Private - Values - Electronic card transactions  A/S/T by industry,Seasonally adjusted,Department stores,,,
1813,ECTM.S1SG1330,2013.06,236.3,,R,Dollars,6,Electronic Card Transactions (ANZSIC06) - ECT,Private - Values - Electronic card transactions  A/S/T by industry,Seasonally adjusted,Department stores,,,
1814,ECTM.S1SG1330,2013.07,222.8,,R,Dollars,6,Electronic Card Transactions (ANZSIC06) - ECT,Private - Values - Electronic card transactions  A/S/T by industry,Seasonally adjusted,Department stores,,,
1815,ECTM.S1SG1330,2013.08,232.6,,R,Dollars,6,Electronic Card Transactions (ANZSIC06) - ECT,Private - Values - Electronic card transactions  A/S/T by industry,Seasonally adjusted,Department stores,,,
1816,ECTM.S1SG1330,2013.09,223.7,,R,Dollars,6,Electronic Card Transactions (ANZSIC06) - ECT,Private - Values - Electronic card transactions  A/S/T by industry,Seasonally adjusted,Department stores,,,
1817,ECTM.S1SG1330,2013.1,235,,R,Dollars,6,Electronic Card Transactions (ANZSIC06) - ECT,Private - Values - Electronic card transactions  A/S/T by industry,Seasonally adjusted,Department stores,,,
1818,ECTM.S1SG1330,2013.11,229,,R,Dollars,6,Electronic Card Transactions (ANZSIC06) - ECT,Private - Values - Electronic card transactions  A/S/T by industry,Seasonally adjusted,Department stores,,,
1819,ECTM.S1SG1330,2013.12,237.3,,R,Dollars,6,Electronic Card Transactions (ANZSIC06) - ECT,Private - Values - Electronic card transactions  A/S/T by industry,Seasonally adjusted,Department stores,,,
1820,ECTM.S1SG1330,2014.01,237,,R,Dollars,6,Electronic Card Transactions (ANZSIC06) - ECT,Private - Values - Electronic card transactions  A/S/T by industry,Seasonally adjusted,Department stores,,,
1821,ECTM.S1SG1330,2014.02,233.7,,R,Dollars,6,Electronic Card Transactions (ANZSIC06) - ECT,Private - Values - Electronic card transactions  A/S/T by industry,Seasonally adjusted,Department stores,,,
1822,ECTM.S1SG1330,2014.03,231.7,,R,Dollars,6,Electronic Card Transactions (ANZSIC06) - ECT,Private - Values - Electronic card transactions  A/S/T by industry,Seasonally adjusted,Department stores,,,
1823,ECTM.S1SG1330,2014.04,236.9,,R,Dollars,6,Electronic Card Transactions (ANZSIC06) - ECT,Private - Values - Electronic card transactions  A/S/T by industry,Seasonally adjusted,Department stores,,,
1824,ECTM.S1SG1330,2014.05,235.5,,R,Dollars,6,Electronic Card Transactions (ANZSIC06) - ECT,Private - Values - Electronic card transactions  A/S/T by industry,Seasonally adjusted,Department stores,,,
1825,ECTM.S1SG1330,2014.06,233.1,,R,Dollars,6,Electronic Card Transactions (ANZSIC06) - ECT,Private - Values - Electronic card transactions  A/S/T by industry,Seasonally adjusted,Department stores,,,
1826,ECTM.S1SG1330,2014.07,239.1,,R,Dollars,6,Electronic Card Transactions (ANZSIC06) - ECT,Private - Values - Electronic card transactions  A/S/T by industry,Seasonally adjusted,Department stores,,,
1827,ECTM.S1SG1330,2014.08,233.6,,R,Dollars,6,Electronic Card Transactions (ANZSIC06) - ECT,Private - Values - Electronic card transactions  A/S/T by industry,Seasonally adjusted,Department stores,,,
1828,ECTM.S1SG1330,2014.09,236.4,,R,Dollars,6,Electronic Card Transactions (ANZSIC06) - ECT,Private - Values - Electronic card transactions  A/S/T by industry,Seasonally adjusted,Department stores,,,
1829,ECTM.S1SG1330,2014.1,241.1,,R,Dollars,6,Electronic Card Transactions (ANZSIC06) - ECT,Private - Values - Electronic card transactions  A/S/T by industry,Seasonally adjusted,Department stores,,,
1830,ECTM.S1SG1330,2014.11,240.7,,R,Dollars,6,Electronic Card Transactions (ANZSIC06) - ECT,Private - Values - Electronic card transactions  A/S/T by industry,Seasonally adjusted,Department stores,,,
1831,ECTM.S1SG1330,2014.12,246.6,,R,Dollars,6,Electronic Card Transactions (ANZSIC06) - ECT,Private - Values - Electronic card transactions  A/S/T by industry,Seasonally adjusted,Department stores,,,
1832,ECTM.S1SG1330,2015.01,246.4,,R,Dollars,6,Electronic Card Transactions (ANZSIC06) - ECT,Private - Values - Electronic card transactions  A/S/T by industry,Seasonally adjusted,Department stores,,,
1833,ECTM.S1SG1330,2015.02,248.9,,R,Dollars,6,Electronic Card Transactions (ANZSIC06) - ECT,Private - Values - Electronic card transactions  A/S/T by industry,Seasonally adjusted,Department stores,,,
1834,ECTM.S1SG1330,2015.03,247.4,,R,Dollars,6,Electronic Card Transactions (ANZSIC06) - ECT,Private - Values - Electronic card transactions  A/S/T by industry,Seasonally adjusted,Department stores,,,
1835,ECTM.S1SG1330,2015.04,253.9,,R,Dollars,6,Electronic Card Transactions (ANZSIC06) - ECT,Private - Values - Electronic card transactions  A/S/T by industry,Seasonally adjusted,Department stores,,,
1836,ECTM.S1SG1330,2015.05,251.4,,R,Dollars,6,Electronic Card Transactions (ANZSIC06) - ECT,Private - Values - Electronic card transactions  A/S/T by industry,Seasonally adjusted,Department stores,,,
1837,ECTM.S1SG1330,2015.06,247,,R,Dollars,6,Electronic Card Transactions (ANZSIC06) - ECT,Private - Values - Electronic card transactions  A/S/T by industry,Seasonally adjusted,Department stores,,,
1838,ECTM.S1SG1330,2015.07,255.9,,R,Dollars,6,Electronic Card Transactions (ANZSIC06) - ECT,Private - Values - Electronic card transactions  A/S/T by industry,Seasonally adjusted,Department stores,,,
1839,ECTM.S1SG1330,2015.08,256.3,,R,Dollars,6,Electronic Card Transactions (ANZSIC06) - ECT,Private - Values - Electronic card transactions  A/S/T by industry,Seasonally adjusted,Department stores,,,
1840,ECTM.S1SG1330,2015.09,265.8,,R,Dollars,6,Electronic Card Transactions (ANZSIC06) - ECT,Private - Values - Electronic card transactions  A/S/T by industry,Seasonally adjusted,Department stores,,,
1841,ECTM.S1SG1330,2015.1,258.4,,R,Dollars,6,Electronic Card Transactions (ANZSIC06) - ECT,Private - Values - Electronic card transactions  A/S/T by industry,Seasonally adjusted,Department stores,,,
1842,ECTM.S1SG1330,2015.11,259.8,,R,Dollars,6,Electronic Card Transactions (ANZSIC06) - ECT,Private - Values - Electronic card transactions  A/S/T by industry,Seasonally adjusted,Department stores,,,
1843,ECTM.S1SG1330,2015.12,260.2,,R,Dollars,6,Electronic Card Transactions (ANZSIC06) - ECT,Private - Values - Electronic card transactions  A/S/T by industry,Seasonally adjusted,Department stores,,,
1844,ECTM.S1SG1330,2016.01,254.4,,R,Dollars,6,Electronic Card Transactions (ANZSIC06) - ECT,Private - Values - Electronic card transactions  A/S/T by industry,Seasonally adjusted,Department stores,,,
1845,ECTM.S1SG1330,2016.02,259.5,,R,Dollars,6,Electronic Card Transactions (ANZSIC06) - ECT,Private - Values - Electronic card transactions  A/S/T by industry,Seasonally adjusted,Department stores,,,
1846,ECTM.S1SG1330,2016.03,263.5,,R,Dollars,6,Electronic Card Transactions (ANZSIC06) - ECT,Private - Values - Electronic card transactions  A/S/T by industry,Seasonally adjusted,Department stores,,,
1847,ECTM.S1SG1330,2016.04,252.1,,R,Dollars,6,Electronic Card Transactions (ANZSIC06) - ECT,Private - Values - Electronic card transactions  A/S/T by industry,Seasonally adjusted,Department stores,,,
1848,ECTM.S1SG1330,2016.05,256,,R,Dollars,6,Electronic Card Transactions (ANZSIC06) - ECT,Private - Values - Electronic card transactions  A/S/T by industry,Seasonally adjusted,Department stores,,,
1849,ECTM.S1SG1330,2016.06,274.8,,R,Dollars,6,Electronic Card Transactions (ANZSIC06) - ECT,Private - Values - Electronic card transactions  A/S/T by industry,Seasonally adjusted,Department stores,,,
1850,ECTM.S1SG1330,2016.07,259.2,,R,Dollars,6,Electronic Card Transactions (ANZSIC06) - ECT,Private - Values - Electronic card transactions  A/S/T by industry,Seasonally adjusted,Department stores,,,
1851,ECTM.S1SG1330,2016.08,258.3,,R,Dollars,6,Electronic Card Transactions (ANZSIC06) - ECT,Private - Values - Electronic card transactions  A/S/T by industry,Seasonally adjusted,Department stores,,,
1852,ECTM.S1SG1330,2016.09,266,,R,Dollars,6,Electronic Card Transactions (ANZSIC06) - ECT,Private - Values - Electronic card transactions  A/S/T by industry,Seasonally adjusted,Department stores,,,
1853,ECTM.S1SG1330,2016.1,253.1,,R,Dollars,6,Electronic Card Transactions (ANZSIC06) - ECT,Private - Values - Electronic card transactions  A/S/T by industry,Seasonally adjusted,Department stores,,,
1854,ECTM.S1SG1330,2016.11,247.5,,R,Dollars,6,Electronic Card Transactions (ANZSIC06) - ECT,Private - Values - Electronic card transactions  A/S/T by industry,Seasonally adjusted,Department stores,,,
1855,ECTM.S1SG1330,2016.12,249.1,,R,Dollars,6,Electronic Card Transactions (ANZSIC06) - ECT,Private - Values - Electronic card transactions  A/S/T by industry,Seasonally adjusted,Department stores,,,
1856,ECTM.S1SG1330,2017.01,274.1,,R,Dollars,6,Electronic Card Transactions (ANZSIC06) - ECT,Private - Values - Electronic card transactions  A/S/T by industry,Seasonally adjusted,Department stores,,,
1857,ECTM.S1SG1330,2017.02,278.6,,R,Dollars,6,Electronic Card Transactions (ANZSIC06) - ECT,Private - Values - Electronic card transactions  A/S/T by industry,Seasonally adjusted,Department stores,,,
1858,ECTM.S1SG1330,2017.03,283,,R,Dollars,6,Electronic Card Transactions (ANZSIC06) - ECT,Private - Values - Electronic card transactions  A/S/T by industry,Seasonally adjusted,Department stores,,,
1859,ECTM.S1SG1330,2017.04,293.4,,R,Dollars,6,Electronic Card Transactions (ANZSIC06) - ECT,Private - Values - Electronic card transactions  A/S/T by industry,Seasonally adjusted,Department stores,,,
1860,ECTM.S1SG1330,2017.05,302.4,,R,Dollars,6,Electronic Card Transactions (ANZSIC06) - ECT,Private - Values - Electronic card transactions  A/S/T by industry,Seasonally adjusted,Department stores,,,
1861,ECTM.S1SG1330,2017.06,295.3,,R,Dollars,6,Electronic Card Transactions (ANZSIC06) - ECT,Private - Values - Electronic card transactions  A/S/T by industry,Seasonally adjusted,Department stores,,,
1862,ECTM.S1SG1330,2017.07,302.4,,R,Dollars,6,Electronic Card Transactions (ANZSIC06) - ECT,Private - Values - Electronic card transactions  A/S/T by industry,Seasonally adjusted,Department stores,,,
1863,ECTM.S1SG1330,2017.08,293.1,,R,Dollars,6,Electronic Card Transactions (ANZSIC06) - ECT,Private - Values - Electronic card transactions  A/S/T by industry,Seasonally adjusted,Department stores,,,
1864,ECTM.S1SG1330,2017.09,282.7,,R,Dollars,6,Electronic Card Transactions (ANZSIC06) - ECT,Private - Values - Electronic card transactions  A/S/T by industry,Seasonally adjusted,Department stores,,,
1865,ECTM.S1SG1330,2017.1,285.4,,R,Dollars,6,Electronic Card Transactions (ANZSIC06) - ECT,Private - Values - Electronic card transactions  A/S/T by industry,Seasonally adjusted,Department stores,,,
1866,ECTM.S1SG1330,2017.11,285.5,,R,Dollars,6,Electronic Card Transactions (ANZSIC06) - ECT,Private - Values - Electronic card transactions  A/S/T by industry,Seasonally adjusted,Department stores,,,
1867,ECTM.S1SG1330,2017.12,274.2,,R,Dollars,6,Electronic Card Transactions (ANZSIC06) - ECT,Private - Values - Electronic card transactions  A/S/T by industry,Seasonally adjusted,Department stores,,,
1868,ECTM.S1SG1330,2018.01,262,,R,Dollars,6,Electronic Card Transactions (ANZSIC06) - ECT,Private - Values - Electronic card transactions  A/S/T by industry,Seasonally adjusted,Department stores,,,
1869,ECTM.S1SG1330,2018.02,267.1,,R,Dollars,6,Electronic Card Transactions (ANZSIC06) - ECT,Private - Values - Electronic card transactions  A/S/T by industry,Seasonally adjusted,Department stores,,,
1870,ECTM.S1SG1330,2018.03,284,,R,Dollars,6,Electronic Card Transactions (ANZSIC06) - ECT,Private - Values - Electronic card transactions  A/S/T by industry,Seasonally adjusted,Department stores,,,
1871,ECTM.S1SG1330,2018.04,289.6,,R,Dollars,6,Electronic Card Transactions (ANZSIC06) - ECT,Private - Values - Electronic card transactions  A/S/T by industry,Seasonally adjusted,Department stores,,,
1872,ECTM.S1SG1330,2018.05,292.8,,R,Dollars,6,Electronic Card Transactions (ANZSIC06) - ECT,Private - Values - Electronic card transactions  A/S/T by industry,Seasonally adjusted,Department stores,,,
1873,ECTM.S1SG1330,2018.06,306.8,,R,Dollars,6,Electronic Card Transactions (ANZSIC06) - ECT,Private - Values - Electronic card transactions  A/S/T by industry,Seasonally adjusted,Department stores,,,
1874,ECTM.S1SG1330,2018.07,303.3,,R,Dollars,6,Electronic Card Transactions (ANZSIC06) - ECT,Private - Values - Electronic card transactions  A/S/T by industry,Seasonally adjusted,Department stores,,,
1875,ECTM.S1SG1330,2018.08,308.9,,R,Dollars,6,Electronic Card Transactions (ANZSIC06) - ECT,Private - Values - Electronic card transactions  A/S/T by industry,Seasonally adjusted,Department stores,,,
1876,ECTM.S1SG1330,2018.09,306.7,,R,Dollars,6,Electronic Card Transactions (ANZSIC06) - ECT,Private - Values - Electronic card transactions  A/S/T by industry,Seasonally adjusted,Department stores,,,
1877,ECTM.S1SG1330,2018.1,299.4,,R,Dollars,6,Electronic Card Transactions (ANZSIC06) - ECT,Private - Values - Electronic card transactions  A/S/T by industry,Seasonally adjusted,Department stores,,,
1878,ECTM.S1SG1330,2018.11,295,,R,Dollars,6,Electronic Card Transactions (ANZSIC06) - ECT,Private - Values - Electronic card transactions  A/S/T by industry,Seasonally adjusted,Department stores,,,
1879,ECTM.S1SG1330,2018.12,289.1,,R,Dollars,6,Electronic Card Transactions (ANZSIC06) - ECT,Private - Values - Electronic card transactions  A/S/T by industry,Seasonally adjusted,Department stores,,,
1880,ECTM.S1SG1330,2019.01,290.3,,R,Dollars,6,Electronic Card Transactions (ANZSIC06) - ECT,Private - Values - Electronic card transactions  A/S/T by industry,Seasonally adjusted,Department stores,,,
1881,ECTM.S1SG1330,2019.02,293,,R,Dollars,6,Electronic Card Transactions (ANZSIC06) - ECT,Private - Values - Electronic card transactions  A/S/T by industry,Seasonally adjusted,Department stores,,,
1882,ECTM.S1SG1330,2019.03,287.4,,R,Dollars,6,Electronic Card Transactions (ANZSIC06) - ECT,Private - Values - Electronic card transactions  A/S/T by industry,Seasonally adjusted,Department stores,,,
1883,ECTM.S1SG1330,2019.04,322.9,,R,Dollars,6,Electronic Card Transactions (ANZSIC06) - ECT,Private - Values - Electronic card transactions  A/S/T by industry,Seasonally adjusted,Department stores,,,
1884,ECTM.S1SG1330,2019.05,318,,R,Dollars,6,Electronic Card Transactions (ANZSIC06) - ECT,Private - Values - Electronic card transactions  A/S/T by industry,Seasonally adjusted,Department stores,,,
1885,ECTM.S1SG1330,2019.06,338.1,,R,Dollars,6,Electronic Card Transactions (ANZSIC06) - ECT,Private - Values - Electronic card transactions  A/S/T by industry,Seasonally adjusted,Department stores,,,
1886,ECTM.S1SG1330,2019.07,339.8,,R,Dollars,6,Electronic Card Transactions (ANZSIC06) - ECT,Private - Values - Electronic card transactions  A/S/T by industry,Seasonally adjusted,Department stores,,,
1887,ECTM.S1SG1330,2019.08,333.3,,R,Dollars,6,Electronic Card Transactions (ANZSIC06) - ECT,Private - Values - Electronic card transactions  A/S/T by industry,Seasonally adjusted,Department stores,,,
1888,ECTM.S1SG1330,2019.09,321.5,,R,Dollars,6,Electronic Card Transactions (ANZSIC06) - ECT,Private - Values - Electronic card transactions  A/S/T by industry,Seasonally adjusted,Department stores,,,
1889,ECTM.S1SG1330,2019.1,322.8,,R,Dollars,6,Electronic Card Transactions (ANZSIC06) - ECT,Private - Values - Electronic card transactions  A/S/T by industry,Seasonally adjusted,Department stores,,,
1890,ECTM.S1SG1330,2019.11,316.7,,R,Dollars,6,Electronic Card Transactions (ANZSIC06) - ECT,Private - Values - Electronic card transactions  A/S/T by industry,Seasonally adjusted,Department stores,,,
1891,ECTM.S1SG1330,2019.12,302,,R,Dollars,6,Electronic Card Transactions (ANZSIC06) - ECT,Private - Values - Electronic card transactions  A/S/T by industry,Seasonally adjusted,Department stores,,,
1892,ECTM.S1SG1330,2020.01,299.8,,R,Dollars,6,Electronic Card Transactions (ANZSIC06) - ECT,Private - Values - Electronic card transactions  A/S/T by industry,Seasonally adjusted,Department stores,,,
1893,ECTM.S1SG1330,2020.02,316.8,,R,Dollars,6,Electronic Card Transactions (ANZSIC06) - ECT,Private - Values - Electronic card transactions  A/S/T by industry,Seasonally adjusted,Department stores,,,
1894,ECTM.S1SG1330,2020.03,287,,R,Dollars,6,Electronic Card Transactions (ANZSIC06) - ECT,Private - Values - Electronic card transactions  A/S/T by industry,Seasonally adjusted,Department stores,,,
1895,ECTM.S1SG1330,2020.04,106.9,,F,Dollars,6,Electronic Card Transactions (ANZSIC06) - ECT,Private - Values - Electronic card transactions  A/S/T by industry,Seasonally adjusted,Department stores,,,
1896,ECTM.S1AG1340,2007.03,184.1,,F,Dollars,6,Electronic Card Transactions (ANZSIC06) - ECT,Private - Values - Electronic card transactions  A/S/T by industry,Actual,Pharmaceutical and other store-based retailing,,,
1897,ECTM.S1AG1340,2007.04,166.8,,F,Dollars,6,Electronic Card Transactions (ANZSIC06) - ECT,Private - Values - Electronic card transactions  A/S/T by industry,Actual,Pharmaceutical and other store-based retailing,,,
1898,ECTM.S1AG1340,2007.05,179.6,,F,Dollars,6,Electronic Card Transactions (ANZSIC06) - ECT,Private - Values - Electronic card transactions  A/S/T by industry,Actual,Pharmaceutical and other store-based retailing,,,
1899,ECTM.S1AG1340,2007.06,167.1,,F,Dollars,6,Electronic Card Transactions (ANZSIC06) - ECT,Private - Values - Electronic card transactions  A/S/T by industry,Actual,Pharmaceutical and other store-based retailing,,,
1900,ECTM.S1AG1340,2007.07,171.1,,F,Dollars,6,Electronic Card Transactions (ANZSIC06) - ECT,Private - Values - Electronic card transactions  A/S/T by industry,Actual,Pharmaceutical and other store-based retailing,,,
1901,ECTM.S1AG1340,2007.08,179.8,,F,Dollars,6,Electronic Card Transactions (ANZSIC06) - ECT,Private - Values - Electronic card transactions  A/S/T by industry,Actual,Pharmaceutical and other store-based retailing,,,
1902,ECTM.S1AG1340,2007.09,172.5,,F,Dollars,6,Electronic Card Transactions (ANZSIC06) - ECT,Private - Values - Electronic card transactions  A/S/T by industry,Actual,Pharmaceutical and other store-based retailing,,,
1903,ECTM.S1AG1340,2007.1,185.6,,F,Dollars,6,Electronic Card Transactions (ANZSIC06) - ECT,Private - Values - Electronic card transactions  A/S/T by industry,Actual,Pharmaceutical and other store-based retailing,,,
1904,ECTM.S1AG1340,2007.11,204.5,,F,Dollars,6,Electronic Card Transactions (ANZSIC06) - ECT,Private - Values - Electronic card transactions  A/S/T by industry,Actual,Pharmaceutical and other store-based retailing,,,
1905,ECTM.S1AG1340,2007.12,269.1,,F,Dollars,6,Electronic Card Transactions (ANZSIC06) - ECT,Private - Values - Electronic card transactions  A/S/T by industry,Actual,Pharmaceutical and other store-based retailing,,,
1906,ECTM.S1AG1340,2008.01,173.6,,F,Dollars,6,Electronic Card Transactions (ANZSIC06) - ECT,Private - Values - Electronic card transactions  A/S/T by industry,Actual,Pharmaceutical and other store-based retailing,,,
1907,ECTM.S1AG1340,2008.02,178,,F,Dollars,6,Electronic Card Transactions (ANZSIC06) - ECT,Private - Values - Electronic card transactions  A/S/T by industry,Actual,Pharmaceutical and other store-based retailing,,,
1908,ECTM.S1AG1340,2008.03,176.9,,F,Dollars,6,Electronic Card Transactions (ANZSIC06) - ECT,Private - Values - Electronic card transactions  A/S/T by industry,Actual,Pharmaceutical and other store-based retailing,,,
1909,ECTM.S1AG1340,2008.04,172.9,,F,Dollars,6,Electronic Card Transactions (ANZSIC06) - ECT,Private - Values - Electronic card transactions  A/S/T by industry,Actual,Pharmaceutical and other store-based retailing,,,
1910,ECTM.S1AG1340,2008.05,179.9,,F,Dollars,6,Electronic Card Transactions (ANZSIC06) - ECT,Private - Values - Electronic card transactions  A/S/T by industry,Actual,Pharmaceutical and other store-based retailing,,,
1911,ECTM.S1AG1340,2008.06,161,,F,Dollars,6,Electronic Card Transactions (ANZSIC06) - ECT,Private - Values - Electronic card transactions  A/S/T by industry,Actual,Pharmaceutical and other store-based retailing,,,
1912,ECTM.S1AG1340,2008.07,174.6,,F,Dollars,6,Electronic Card Transactions (ANZSIC06) - ECT,Private - Values - Electronic card transactions  A/S/T by industry,Actual,Pharmaceutical and other store-based retailing,,,
1913,ECTM.S1AG1340,2008.08,176.6,,F,Dollars,6,Electronic Card Transactions (ANZSIC06) - ECT,Private - Values - Electronic card transactions  A/S/T by industry,Actual,Pharmaceutical and other store-based retailing,,,
1914,ECTM.S1AG1340,2008.09,172.4,,F,Dollars,6,Electronic Card Transactions (ANZSIC06) - ECT,Private - Values - Electronic card transactions  A/S/T by industry,Actual,Pharmaceutical and other store-based retailing,,,
1915,ECTM.S1AG1340,2008.1,184.2,,F,Dollars,6,Electronic Card Transactions (ANZSIC06) - ECT,Private - Values - Electronic card transactions  A/S/T by industry,Actual,Pharmaceutical and other store-based retailing,,,
1916,ECTM.S1AG1340,2008.11,196.4,,F,Dollars,6,Electronic Card Transactions (ANZSIC06) - ECT,Private - Values - Electronic card transactions  A/S/T by industry,Actual,Pharmaceutical and other store-based retailing,,,
1917,ECTM.S1AG1340,2008.12,276.6,,F,Dollars,6,Electronic Card Transactions (ANZSIC06) - ECT,Private - Values - Electronic card transactions  A/S/T by industry,Actual,Pharmaceutical and other store-based retailing,,,
1918,ECTM.S1AG1340,2009.01,179.1,,F,Dollars,6,Electronic Card Transactions (ANZSIC06) - ECT,Private - Values - Electronic card transactions  A/S/T by industry,Actual,Pharmaceutical and other store-based retailing,,,
1919,ECTM.S1AG1340,2009.02,174.6,,F,Dollars,6,Electronic Card Transactions (ANZSIC06) - ECT,Private - Values - Electronic card transactions  A/S/T by industry,Actual,Pharmaceutical and other store-based retailing,,,
1920,ECTM.S1AG1340,2009.03,184.3,,F,Dollars,6,Electronic Card Transactions (ANZSIC06) - ECT,Private - Values - Electronic card transactions  A/S/T by industry,Actual,Pharmaceutical and other store-based retailing,,,
1921,ECTM.S1AG1340,2009.04,173.8,,F,Dollars,6,Electronic Card Transactions (ANZSIC06) - ECT,Private - Values - Electronic card transactions  A/S/T by industry,Actual,Pharmaceutical and other store-based retailing,,,
1922,ECTM.S1AG1340,2009.05,179.3,,F,Dollars,6,Electronic Card Transactions (ANZSIC06) - ECT,Private - Values - Electronic card transactions  A/S/T by industry,Actual,Pharmaceutical and other store-based retailing,,,
1923,ECTM.S1AG1340,2009.06,164.8,,F,Dollars,6,Electronic Card Transactions (ANZSIC06) - ECT,Private - Values - Electronic card transactions  A/S/T by industry,Actual,Pharmaceutical and other store-based retailing,,,
1924,ECTM.S1AG1340,2009.07,178.1,,F,Dollars,6,Electronic Card Transactions (ANZSIC06) - ECT,Private - Values - Electronic card transactions  A/S/T by industry,Actual,Pharmaceutical and other store-based retailing,,,
1925,ECTM.S1AG1340,2009.08,173.6,,F,Dollars,6,Electronic Card Transactions (ANZSIC06) - ECT,Private - Values - Electronic card transactions  A/S/T by industry,Actual,Pharmaceutical and other store-based retailing,,,
1926,ECTM.S1AG1340,2009.09,174.6,,F,Dollars,6,Electronic Card Transactions (ANZSIC06) - ECT,Private - Values - Electronic card transactions  A/S/T by industry,Actual,Pharmaceutical and other store-based retailing,,,
1927,ECTM.S1AG1340,2009.1,183.6,,F,Dollars,6,Electronic Card Transactions (ANZSIC06) - ECT,Private - Values - Electronic card transactions  A/S/T by industry,Actual,Pharmaceutical and other store-based retailing,,,
1928,ECTM.S1AG1340,2009.11,196.4,,F,Dollars,6,Electronic Card Transactions (ANZSIC06) - ECT,Private - Values - Electronic card transactions  A/S/T by industry,Actual,Pharmaceutical and other store-based retailing,,,
1929,ECTM.S1AG1340,2009.12,274.6,,F,Dollars,6,Electronic Card Transactions (ANZSIC06) - ECT,Private - Values - Electronic card transactions  A/S/T by industry,Actual,Pharmaceutical and other store-based retailing,,,
1930,ECTM.S1AG1340,2010.01,174.9,,F,Dollars,6,Electronic Card Transactions (ANZSIC06) - ECT,Private - Values - Electronic card transactions  A/S/T by industry,Actual,Pharmaceutical and other store-based retailing,,,
1931,ECTM.S1AG1340,2010.02,171.1,,F,Dollars,6,Electronic Card Transactions (ANZSIC06) - ECT,Private - Values - Electronic card transactions  A/S/T by industry,Actual,Pharmaceutical and other store-based retailing,,,
1932,ECTM.S1AG1340,2010.03,185.7,,F,Dollars,6,Electronic Card Transactions (ANZSIC06) - ECT,Private - Values - Electronic card transactions  A/S/T by industry,Actual,Pharmaceutical and other store-based retailing,,,
1933,ECTM.S1AG1340,2010.04,170.7,,F,Dollars,6,Electronic Card Transactions (ANZSIC06) - ECT,Private - Values - Electronic card transactions  A/S/T by industry,Actual,Pharmaceutical and other store-based retailing,,,
1934,ECTM.S1AG1340,2010.05,176.1,,F,Dollars,6,Electronic Card Transactions (ANZSIC06) - ECT,Private - Values - Electronic card transactions  A/S/T by industry,Actual,Pharmaceutical and other store-based retailing,,,
1935,ECTM.S1AG1340,2010.06,166.1,,F,Dollars,6,Electronic Card Transactions (ANZSIC06) - ECT,Private - Values - Electronic card transactions  A/S/T by industry,Actual,Pharmaceutical and other store-based retailing,,,
1936,ECTM.S1AG1340,2010.07,176.2,,F,Dollars,6,Electronic Card Transactions (ANZSIC06) - ECT,Private - Values - Electronic card transactions  A/S/T by industry,Actual,Pharmaceutical and other store-based retailing,,,
1937,ECTM.S1AG1340,2010.08,171.2,,F,Dollars,6,Electronic Card Transactions (ANZSIC06) - ECT,Private - Values - Electronic card transactions  A/S/T by industry,Actual,Pharmaceutical and other store-based retailing,,,
1938,ECTM.S1AG1340,2010.09,170.2,,F,Dollars,6,Electronic Card Transactions (ANZSIC06) - ECT,Private - Values - Electronic card transactions  A/S/T by industry,Actual,Pharmaceutical and other store-based retailing,,,
1939,ECTM.S1AG1340,2010.1,177.7,,F,Dollars,6,Electronic Card Transactions (ANZSIC06) - ECT,Private - Values - Electronic card transactions  A/S/T by industry,Actual,Pharmaceutical and other store-based retailing,,,
1940,ECTM.S1AG1340,2010.11,196.9,,F,Dollars,6,Electronic Card Transactions (ANZSIC06) - ECT,Private - Values - Electronic card transactions  A/S/T by industry,Actual,Pharmaceutical and other store-based retailing,,,
1941,ECTM.S1AG1340,2010.12,266.7,,F,Dollars,6,Electronic Card Transactions (ANZSIC06) - ECT,Private - Values - Electronic card transactions  A/S/T by industry,Actual,Pharmaceutical and other store-based retailing,,,
1942,ECTM.S1AG1340,2011.01,174.2,,F,Dollars,6,Electronic Card Transactions (ANZSIC06) - ECT,Private - Values - Electronic card transactions  A/S/T by industry,Actual,Pharmaceutical and other store-based retailing,,,
1943,ECTM.S1AG1340,2011.02,169.6,,F,Dollars,6,Electronic Card Transactions (ANZSIC06) - ECT,Private - Values - Electronic card transactions  A/S/T by industry,Actual,Pharmaceutical and other store-based retailing,,,
1944,ECTM.S1AG1340,2011.03,178.6,,F,Dollars,6,Electronic Card Transactions (ANZSIC06) - ECT,Private - Values - Electronic card transactions  A/S/T by industry,Actual,Pharmaceutical and other store-based retailing,,,
1945,ECTM.S1AG1340,2011.04,168.3,,F,Dollars,6,Electronic Card Transactions (ANZSIC06) - ECT,Private - Values - Electronic card transactions  A/S/T by industry,Actual,Pharmaceutical and other store-based retailing,,,
1946,ECTM.S1AG1340,2011.05,172.1,,F,Dollars,6,Electronic Card Transactions (ANZSIC06) - ECT,Private - Values - Electronic card transactions  A/S/T by industry,Actual,Pharmaceutical and other store-based retailing,,,
1947,ECTM.S1AG1340,2011.06,159.8,,F,Dollars,6,Electronic Card Transactions (ANZSIC06) - ECT,Private - Values - Electronic card transactions  A/S/T by industry,Actual,Pharmaceutical and other store-based retailing,,,
1948,ECTM.S1AG1340,2011.07,173.7,,F,Dollars,6,Electronic Card Transactions (ANZSIC06) - ECT,Private - Values - Electronic card transactions  A/S/T by industry,Actual,Pharmaceutical and other store-based retailing,,,
1949,ECTM.S1AG1340,2011.08,171.3,,F,Dollars,6,Electronic Card Transactions (ANZSIC06) - ECT,Private - Values - Electronic card transactions  A/S/T by industry,Actual,Pharmaceutical and other store-based retailing,,,
1950,ECTM.S1AG1340,2011.09,172.8,,F,Dollars,6,Electronic Card Transactions (ANZSIC06) - ECT,Private - Values - Electronic card transactions  A/S/T by industry,Actual,Pharmaceutical and other store-based retailing,,,
1951,ECTM.S1AG1340,2011.1,178.9,,F,Dollars,6,Electronic Card Transactions (ANZSIC06) - ECT,Private - Values - Electronic card transactions  A/S/T by industry,Actual,Pharmaceutical and other store-based retailing,,,
1952,ECTM.S1AG1340,2011.11,194.7,,F,Dollars,6,Electronic Card Transactions (ANZSIC06) - ECT,Private - Values - Electronic card transactions  A/S/T by industry,Actual,Pharmaceutical and other store-based retailing,,,
1953,ECTM.S1AG1340,2011.12,262.5,,F,Dollars,6,Electronic Card Transactions (ANZSIC06) - ECT,Private - Values - Electronic card transactions  A/S/T by industry,Actual,Pharmaceutical and other store-based retailing,,,
1954,ECTM.S1AG1340,2012.01,171.7,,F,Dollars,6,Electronic Card Transactions (ANZSIC06) - ECT,Private - Values - Electronic card transactions  A/S/T by industry,Actual,Pharmaceutical and other store-based retailing,,,
1955,ECTM.S1AG1340,2012.02,175,,F,Dollars,6,Electronic Card Transactions (ANZSIC06) - ECT,Private - Values - Electronic card transactions  A/S/T by industry,Actual,Pharmaceutical and other store-based retailing,,,
1956,ECTM.S1AG1340,2012.03,184.2,,F,Dollars,6,Electronic Card Transactions (ANZSIC06) - ECT,Private - Values - Electronic card transactions  A/S/T by industry,Actual,Pharmaceutical and other store-based retailing,,,
1957,ECTM.S1AG1340,2012.04,165.1,,F,Dollars,6,Electronic Card Transactions (ANZSIC06) - ECT,Private - Values - Electronic card transactions  A/S/T by industry,Actual,Pharmaceutical and other store-based retailing,,,
1958,ECTM.S1AG1340,2012.05,178.1,,F,Dollars,6,Electronic Card Transactions (ANZSIC06) - ECT,Private - Values - Electronic card transactions  A/S/T by industry,Actual,Pharmaceutical and other store-based retailing,,,
1959,ECTM.S1AG1340,2012.06,165.5,,F,Dollars,6,Electronic Card Transactions (ANZSIC06) - ECT,Private - Values - Electronic card transactions  A/S/T by industry,Actual,Pharmaceutical and other store-based retailing,,,
1960,ECTM.S1AG1340,2012.07,171.5,,F,Dollars,6,Electronic Card Transactions (ANZSIC06) - ECT,Private - Values - Electronic card transactions  A/S/T by industry,Actual,Pharmaceutical and other store-based retailing,,,
1961,ECTM.S1AG1340,2012.08,178.6,,F,Dollars,6,Electronic Card Transactions (ANZSIC06) - ECT,Private - Values - Electronic card transactions  A/S/T by industry,Actual,Pharmaceutical and other store-based retailing,,,
1962,ECTM.S1AG1340,2012.09,169.1,,F,Dollars,6,Electronic Card Transactions (ANZSIC06) - ECT,Private - Values - Electronic card transactions  A/S/T by industry,Actual,Pharmaceutical and other store-based retailing,,,
1963,ECTM.S1AG1340,2012.1,181.8,,F,Dollars,6,Electronic Card Transactions (ANZSIC06) - ECT,Private - Values - Electronic card transactions  A/S/T by industry,Actual,Pharmaceutical and other store-based retailing,,,
1964,ECTM.S1AG1340,2012.11,207.5,,F,Dollars,6,Electronic Card Transactions (ANZSIC06) - ECT,Private - Values - Electronic card transactions  A/S/T by industry,Actual,Pharmaceutical and other store-based retailing,,,
1965,ECTM.S1AG1340,2012.12,305.4,,F,Dollars,6,Electronic Card Transactions (ANZSIC06) - ECT,Private - Values - Electronic card transactions  A/S/T by industry,Actual,Pharmaceutical and other store-based retailing,,,
1966,ECTM.S1AG1340,2013.01,198,,F,Dollars,6,Electronic Card Transactions (ANZSIC06) - ECT,Private - Values - Electronic card transactions  A/S/T by industry,Actual,Pharmaceutical and other store-based retailing,,,
1967,ECTM.S1AG1340,2013.02,198.3,,F,Dollars,6,Electronic Card Transactions (ANZSIC06) - ECT,Private - Values - Electronic card transactions  A/S/T by industry,Actual,Pharmaceutical and other store-based retailing,,,
1968,ECTM.S1AG1340,2013.03,209.9,,F,Dollars,6,Electronic Card Transactions (ANZSIC06) - ECT,Private - Values - Electronic card transactions  A/S/T by industry,Actual,Pharmaceutical and other store-based retailing,,,
1969,ECTM.S1AG1340,2013.04,202.6,,F,Dollars,6,Electronic Card Transactions (ANZSIC06) - ECT,Private - Values - Electronic card transactions  A/S/T by industry,Actual,Pharmaceutical and other store-based retailing,,,
1970,ECTM.S1AG1340,2013.05,215.6,,F,Dollars,6,Electronic Card Transactions (ANZSIC06) - ECT,Private - Values - Electronic card transactions  A/S/T by industry,Actual,Pharmaceutical and other store-based retailing,,,
1971,ECTM.S1AG1340,2013.06,190.6,,F,Dollars,6,Electronic Card Transactions (ANZSIC06) - ECT,Private - Values - Electronic card transactions  A/S/T by industry,Actual,Pharmaceutical and other store-based retailing,,,
1972,ECTM.S1AG1340,2013.07,217,,F,Dollars,6,Electronic Card Transactions (ANZSIC06) - ECT,Private - Values - Electronic card transactions  A/S/T by industry,Actual,Pharmaceutical and other store-based retailing,,,
1973,ECTM.S1AG1340,2013.08,218.8,,F,Dollars,6,Electronic Card Transactions (ANZSIC06) - ECT,Private - Values - Electronic card transactions  A/S/T by industry,Actual,Pharmaceutical and other store-based retailing,,,
1974,ECTM.S1AG1340,2013.09,203.9,,F,Dollars,6,Electronic Card Transactions (ANZSIC06) - ECT,Private - Values - Electronic card transactions  A/S/T by industry,Actual,Pharmaceutical and other store-based retailing,,,
1975,ECTM.S1AG1340,2013.1,213.4,,F,Dollars,6,Electronic Card Transactions (ANZSIC06) - ECT,Private - Values - Electronic card transactions  A/S/T by industry,Actual,Pharmaceutical and other store-based retailing,,,
1976,ECTM.S1AG1340,2013.11,236.1,,F,Dollars,6,Electronic Card Transactions (ANZSIC06) - ECT,Private - Values - Electronic card transactions  A/S/T by industry,Actual,Pharmaceutical and other store-based retailing,,,
1977,ECTM.S1AG1340,2013.12,311.2,,F,Dollars,6,Electronic Card Transactions (ANZSIC06) - ECT,Private - Values - Electronic card transactions  A/S/T by industry,Actual,Pharmaceutical and other store-based retailing,,,
1978,ECTM.S1AG1340,2014.01,205.9,,F,Dollars,6,Electronic Card Transactions (ANZSIC06) - ECT,Private - Values - Electronic card transactions  A/S/T by industry,Actual,Pharmaceutical and other store-based retailing,,,
1979,ECTM.S1AG1340,2014.02,204.1,,F,Dollars,6,Electronic Card Transactions (ANZSIC06) - ECT,Private - Values - Electronic card transactions  A/S/T by industry,Actual,Pharmaceutical and other store-based retailing,,,
1980,ECTM.S1AG1340,2014.03,216.1,,F,Dollars,6,Electronic Card Transactions (ANZSIC06) - ECT,Private - Values - Electronic card transactions  A/S/T by industry,Actual,Pharmaceutical and other store-based retailing,,,
1981,ECTM.S1AG1340,2014.04,205.4,,F,Dollars,6,Electronic Card Transactions (ANZSIC06) - ECT,Private - Values - Electronic card transactions  A/S/T by industry,Actual,Pharmaceutical and other store-based retailing,,,
1982,ECTM.S1AG1340,2014.05,221.2,,F,Dollars,6,Electronic Card Transactions (ANZSIC06) - ECT,Private - Values - Electronic card transactions  A/S/T by industry,Actual,Pharmaceutical and other store-based retailing,,,
1983,ECTM.S1AG1340,2014.06,194.6,,F,Dollars,6,Electronic Card Transactions (ANZSIC06) - ECT,Private - Values - Electronic card transactions  A/S/T by industry,Actual,Pharmaceutical and other store-based retailing,,,
1984,ECTM.S1AG1340,2014.07,215.9,,F,Dollars,6,Electronic Card Transactions (ANZSIC06) - ECT,Private - Values - Electronic card transactions  A/S/T by industry,Actual,Pharmaceutical and other store-based retailing,,,
1985,ECTM.S1AG1340,2014.08,212.3,,F,Dollars,6,Electronic Card Transactions (ANZSIC06) - ECT,Private - Values - Electronic card transactions  A/S/T by industry,Actual,Pharmaceutical and other store-based retailing,,,
1986,ECTM.S1AG1340,2014.09,205.8,,F,Dollars,6,Electronic Card Transactions (ANZSIC06) - ECT,Private - Values - Electronic card transactions  A/S/T by industry,Actual,Pharmaceutical and other store-based retailing,,,
1987,ECTM.S1AG1340,2014.1,226.4,,F,Dollars,6,Electronic Card Transactions (ANZSIC06) - ECT,Private - Values - Electronic card transactions  A/S/T by industry,Actual,Pharmaceutical and other store-based retailing,,,
1988,ECTM.S1AG1340,2014.11,244,,F,Dollars,6,Electronic Card Transactions (ANZSIC06) - ECT,Private - Values - Electronic card transactions  A/S/T by industry,Actual,Pharmaceutical and other store-based retailing,,,
1989,ECTM.S1AG1340,2014.12,331.5,,F,Dollars,6,Electronic Card Transactions (ANZSIC06) - ECT,Private - Values - Electronic card transactions  A/S/T by industry,Actual,Pharmaceutical and other store-based retailing,,,
1990,ECTM.S1AG1340,2015.01,218.3,,F,Dollars,6,Electronic Card Transactions (ANZSIC06) - ECT,Private - Values - Electronic card transactions  A/S/T by industry,Actual,Pharmaceutical and other store-based retailing,,,
1991,ECTM.S1AG1340,2015.02,213.5,,F,Dollars,6,Electronic Card Transactions (ANZSIC06) - ECT,Private - Values - Electronic card transactions  A/S/T by industry,Actual,Pharmaceutical and other store-based retailing,,,
1992,ECTM.S1AG1340,2015.03,230.3,,F,Dollars,6,Electronic Card Transactions (ANZSIC06) - ECT,Private - Values - Electronic card transactions  A/S/T by industry,Actual,Pharmaceutical and other store-based retailing,,,
1993,ECTM.S1AG1340,2015.04,215,,F,Dollars,6,Electronic Card Transactions (ANZSIC06) - ECT,Private - Values - Electronic card transactions  A/S/T by industry,Actual,Pharmaceutical and other store-based retailing,,,
1994,ECTM.S1AG1340,2015.05,226.8,,F,Dollars,6,Electronic Card Transactions (ANZSIC06) - ECT,Private - Values - Electronic card transactions  A/S/T by industry,Actual,Pharmaceutical and other store-based retailing,,,
1995,ECTM.S1AG1340,2015.06,210.2,,F,Dollars,6,Electronic Card Transactions (ANZSIC06) - ECT,Private - Values - Electronic card transactions  A/S/T by industry,Actual,Pharmaceutical and other store-based retailing,,,
1996,ECTM.S1AG1340,2015.07,219.8,,F,Dollars,6,Electronic Card Transactions (ANZSIC06) - ECT,Private - Values - Electronic card transactions  A/S/T by industry,Actual,Pharmaceutical and other store-based retailing,,,
1997,ECTM.S1AG1340,2015.08,219.5,,F,Dollars,6,Electronic Card Transactions (ANZSIC06) - ECT,Private - Values - Electronic card transactions  A/S/T by industry,Actual,Pharmaceutical and other store-based retailing,,,
1998,ECTM.S1AG1340,2015.09,213.9,,F,Dollars,6,Electronic Card Transactions (ANZSIC06) - ECT,Private - Values - Electronic card transactions  A/S/T by industry,Actual,Pharmaceutical and other store-based retailing,,,
1999,ECTM.S1AG1340,2015.1,234.2,,F,Dollars,6,Electronic Card Transactions (ANZSIC06) - ECT,Private - Values - Electronic card transactions  A/S/T by industry,Actual,Pharmaceutical and other store-based retailing,,,
2000,ECTM.S1AG1340,2015.11,250.8,,F,Dollars,6,Electronic Card Transactions (ANZSIC06) - ECT,Private - Values - Electronic card transactions  A/S/T by industry,Actual,Pharmaceutical and other store-based retailing,,,
2001,ECTM.S1AG1340,2015.12,343.4,,F,Dollars,6,Electronic Card Transactions (ANZSIC06) - ECT,Private - Values - Electronic card transactions  A/S/T by industry,Actual,Pharmaceutical and other store-based retailing,,,
2002,ECTM.S1AG1340,2016.01,220.9,,F,Dollars,6,Electronic Card Transactions (ANZSIC06) - ECT,Private - Values - Electronic card transactions  A/S/T by industry,Actual,Pharmaceutical and other store-based retailing,,,
2003,ECTM.S1AG1340,2016.02,224.4,,F,Dollars,6,Electronic Card Transactions (ANZSIC06) - ECT,Private - Values - Electronic card transactions  A/S/T by industry,Actual,Pharmaceutical and other store-based retailing,,,
2004,ECTM.S1AG1340,2016.03,237.4,,F,Dollars,6,Electronic Card Transactions (ANZSIC06) - ECT,Private - Values - Electronic card transactions  A/S/T by industry,Actual,Pharmaceutical and other store-based retailing,,,
2005,ECTM.S1AG1340,2016.04,232.7,,F,Dollars,6,Electronic Card Transactions (ANZSIC06) - ECT,Private - Values - Electronic card transactions  A/S/T by industry,Actual,Pharmaceutical and other store-based retailing,,,
2006,ECTM.S1AG1340,2016.05,231.8,,F,Dollars,6,Electronic Card Transactions (ANZSIC06) - ECT,Private - Values - Electronic card transactions  A/S/T by industry,Actual,Pharmaceutical and other store-based retailing,,,
2007,ECTM.S1AG1340,2016.06,220.9,,F,Dollars,6,Electronic Card Transactions (ANZSIC06) - ECT,Private - Values - Electronic card transactions  A/S/T by industry,Actual,Pharmaceutical and other store-based retailing,,,
2008,ECTM.S1AG1340,2016.07,232.9,,F,Dollars,6,Electronic Card Transactions (ANZSIC06) - ECT,Private - Values - Electronic card transactions  A/S/T by industry,Actual,Pharmaceutical and other store-based retailing,,,
2009,ECTM.S1AG1340,2016.08,228.1,,F,Dollars,6,Electronic Card Transactions (ANZSIC06) - ECT,Private - Values - Electronic card transactions  A/S/T by industry,Actual,Pharmaceutical and other store-based retailing,,,
2010,ECTM.S1AG1340,2016.09,226.6,,F,Dollars,6,Electronic Card Transactions (ANZSIC06) - ECT,Private - Values - Electronic card transactions  A/S/T by industry,Actual,Pharmaceutical and other store-based retailing,,,
2011,ECTM.S1AG1340,2016.1,239.5,,F,Dollars,6,Electronic Card Transactions (ANZSIC06) - ECT,Private - Values - Electronic card transactions  A/S/T by industry,Actual,Pharmaceutical and other store-based retailing,,,
2012,ECTM.S1AG1340,2016.11,263.6,,F,Dollars,6,Electronic Card Transactions (ANZSIC06) - ECT,Private - Values - Electronic card transactions  A/S/T by industry,Actual,Pharmaceutical and other store-based retailing,,,
2013,ECTM.S1AG1340,2016.12,360.8,,F,Dollars,6,Electronic Card Transactions (ANZSIC06) - ECT,Private - Values - Electronic card transactions  A/S/T by industry,Actual,Pharmaceutical and other store-based retailing,,,
2014,ECTM.S1AG1340,2017.01,240.9,,F,Dollars,6,Electronic Card Transactions (ANZSIC06) - ECT,Private - Values - Electronic card transactions  A/S/T by industry,Actual,Pharmaceutical and other store-based retailing,,,
2015,ECTM.S1AG1340,2017.02,238.3,,F,Dollars,6,Electronic Card Transactions (ANZSIC06) - ECT,Private - Values - Electronic card transactions  A/S/T by industry,Actual,Pharmaceutical and other store-based retailing,,,
2016,ECTM.S1AG1340,2017.03,261.4,,F,Dollars,6,Electronic Card Transactions (ANZSIC06) - ECT,Private - Values - Electronic card transactions  A/S/T by industry,Actual,Pharmaceutical and other store-based retailing,,,
2017,ECTM.S1AG1340,2017.04,241.5,,F,Dollars,6,Electronic Card Transactions (ANZSIC06) - ECT,Private - Values - Electronic card transactions  A/S/T by industry,Actual,Pharmaceutical and other store-based retailing,,,
2018,ECTM.S1AG1340,2017.05,257.7,,F,Dollars,6,Electronic Card Transactions (ANZSIC06) - ECT,Private - Values - Electronic card transactions  A/S/T by industry,Actual,Pharmaceutical and other store-based retailing,,,
2019,ECTM.S1AG1340,2017.06,246.3,,F,Dollars,6,Electronic Card Transactions (ANZSIC06) - ECT,Private - Values - Electronic card transactions  A/S/T by industry,Actual,Pharmaceutical and other store-based retailing,,,
2020,ECTM.S1AG1340,2017.07,256.3,,F,Dollars,6,Electronic Card Transactions (ANZSIC06) - ECT,Private - Values - Electronic card transactions  A/S/T by industry,Actual,Pharmaceutical and other store-based retailing,,,
2021,ECTM.S1AG1340,2017.08,253.8,,F,Dollars,6,Electronic Card Transactions (ANZSIC06) - ECT,Private - Values - Electronic card transactions  A/S/T by industry,Actual,Pharmaceutical and other store-based retailing,,,
2022,ECTM.S1AG1340,2017.09,248.5,,F,Dollars,6,Electronic Card Transactions (ANZSIC06) - ECT,Private - Values - Electronic card transactions  A/S/T by industry,Actual,Pharmaceutical and other store-based retailing,,,
2023,ECTM.S1AG1340,2017.1,265,,F,Dollars,6,Electronic Card Transactions (ANZSIC06) - ECT,Private - Values - Electronic card transactions  A/S/T by industry,Actual,Pharmaceutical and other store-based retailing,,,
2024,ECTM.S1AG1340,2017.11,303.5,,F,Dollars,6,Electronic Card Transactions (ANZSIC06) - ECT,Private - Values - Electronic card transactions  A/S/T by industry,Actual,Pharmaceutical and other store-based retailing,,,
2025,ECTM.S1AG1340,2017.12,410.6,,F,Dollars,6,Electronic Card Transactions (ANZSIC06) - ECT,Private - Values - Electronic card transactions  A/S/T by industry,Actual,Pharmaceutical and other store-based retailing,,,
2026,ECTM.S1AG1340,2018.01,290,,F,Dollars,6,Electronic Card Transactions (ANZSIC06) - ECT,Private - Values - Electronic card transactions  A/S/T by industry,Actual,Pharmaceutical and other store-based retailing,,,
2027,ECTM.S1AG1340,2018.02,277.6,,F,Dollars,6,Electronic Card Transactions (ANZSIC06) - ECT,Private - Values - Electronic card transactions  A/S/T by industry,Actual,Pharmaceutical and other store-based retailing,,,
2028,ECTM.S1AG1340,2018.03,302.6,,F,Dollars,6,Electronic Card Transactions (ANZSIC06) - ECT,Private - Values - Electronic card transactions  A/S/T by industry,Actual,Pharmaceutical and other store-based retailing,,,
2029,ECTM.S1AG1340,2018.04,282,,F,Dollars,6,Electronic Card Transactions (ANZSIC06) - ECT,Private - Values - Electronic card transactions  A/S/T by industry,Actual,Pharmaceutical and other store-based retailing,,,
2030,ECTM.S1AG1340,2018.05,297.6,,F,Dollars,6,Electronic Card Transactions (ANZSIC06) - ECT,Private - Values - Electronic card transactions  A/S/T by industry,Actual,Pharmaceutical and other store-based retailing,,,
2031,ECTM.S1AG1340,2018.06,282.6,,F,Dollars,6,Electronic Card Transactions (ANZSIC06) - ECT,Private - Values - Electronic card transactions  A/S/T by industry,Actual,Pharmaceutical and other store-based retailing,,,
2032,ECTM.S1AG1340,2018.07,291.9,,F,Dollars,6,Electronic Card Transactions (ANZSIC06) - ECT,Private - Values - Electronic card transactions  A/S/T by industry,Actual,Pharmaceutical and other store-based retailing,,,
2033,ECTM.S1AG1340,2018.08,293.6,,F,Dollars,6,Electronic Card Transactions (ANZSIC06) - ECT,Private - Values - Electronic card transactions  A/S/T by industry,Actual,Pharmaceutical and other store-based retailing,,,
2034,ECTM.S1AG1340,2018.09,285.8,,F,Dollars,6,Electronic Card Transactions (ANZSIC06) - ECT,Private - Values - Electronic card transactions  A/S/T by industry,Actual,Pharmaceutical and other store-based retailing,,,
2035,ECTM.S1AG1340,2018.1,309,,F,Dollars,6,Electronic Card Transactions (ANZSIC06) - ECT,Private - Values - Electronic card transactions  A/S/T by industry,Actual,Pharmaceutical and other store-based retailing,,,
2036,ECTM.S1AG1340,2018.11,342.4,,F,Dollars,6,Electronic Card Transactions (ANZSIC06) - ECT,Private - Values - Electronic card transactions  A/S/T by industry,Actual,Pharmaceutical and other store-based retailing,,,
2037,ECTM.S1AG1340,2018.12,431.3,,F,Dollars,6,Electronic Card Transactions (ANZSIC06) - ECT,Private - Values - Electronic card transactions  A/S/T by industry,Actual,Pharmaceutical and other store-based retailing,,,
2038,ECTM.S1AG1340,2019.01,315.6,,F,Dollars,6,Electronic Card Transactions (ANZSIC06) - ECT,Private - Values - Electronic card transactions  A/S/T by industry,Actual,Pharmaceutical and other store-based retailing,,,
2039,ECTM.S1AG1340,2019.02,297.1,,F,Dollars,6,Electronic Card Transactions (ANZSIC06) - ECT,Private - Values - Electronic card transactions  A/S/T by industry,Actual,Pharmaceutical and other store-based retailing,,,
2040,ECTM.S1AG1340,2019.03,316.3,,F,Dollars,6,Electronic Card Transactions (ANZSIC06) - ECT,Private - Values - Electronic card transactions  A/S/T by industry,Actual,Pharmaceutical and other store-based retailing,,,
2041,ECTM.S1AG1340,2019.04,300.7,,F,Dollars,6,Electronic Card Transactions (ANZSIC06) - ECT,Private - Values - Electronic card transactions  A/S/T by industry,Actual,Pharmaceutical and other store-based retailing,,,
2042,ECTM.S1AG1340,2019.05,318.4,,F,Dollars,6,Electronic Card Transactions (ANZSIC06) - ECT,Private - Values - Electronic card transactions  A/S/T by industry,Actual,Pharmaceutical and other store-based retailing,,,
2043,ECTM.S1AG1340,2019.06,294.5,,F,Dollars,6,Electronic Card Transactions (ANZSIC06) - ECT,Private - Values - Electronic card transactions  A/S/T by industry,Actual,Pharmaceutical and other store-based retailing,,,
2044,ECTM.S1AG1340,2019.07,307.9,,F,Dollars,6,Electronic Card Transactions (ANZSIC06) - ECT,Private - Values - Electronic card transactions  A/S/T by industry,Actual,Pharmaceutical and other store-based retailing,,,
2045,ECTM.S1AG1340,2019.08,311,,F,Dollars,6,Electronic Card Transactions (ANZSIC06) - ECT,Private - Values - Electronic card transactions  A/S/T by industry,Actual,Pharmaceutical and other store-based retailing,,,
2046,ECTM.S1AG1340,2019.09,299,,F,Dollars,6,Electronic Card Transactions (ANZSIC06) - ECT,Private - Values - Electronic card transactions  A/S/T by industry,Actual,Pharmaceutical and other store-based retailing,,,
2047,ECTM.S1AG1340,2019.1,322.5,,F,Dollars,6,Electronic Card Transactions (ANZSIC06) - ECT,Private - Values - Electronic card transactions  A/S/T by industry,Actual,Pharmaceutical and other store-based retailing,,,
2048,ECTM.S1AG1340,2019.11,389.5,,F,Dollars,6,Electronic Card Transactions (ANZSIC06) - ECT,Private - Values - Electronic card transactions  A/S/T by industry,Actual,Pharmaceutical and other store-based retailing,,,
2049,ECTM.S1AG1340,2019.12,506.6,,F,Dollars,6,Electronic Card Transactions (ANZSIC06) - ECT,Private - Values - Electronic card transactions  A/S/T by industry,Actual,Pharmaceutical and other store-based retailing,,,
2050,ECTM.S1AG1340,2020.01,357.3,,F,Dollars,6,Electronic Card Transactions (ANZSIC06) - ECT,Private - Values - Electronic card transactions  A/S/T by industry,Actual,Pharmaceutical and other store-based retailing,,,
2051,ECTM.S1AG1340,2020.02,342.9,,F,Dollars,6,Electronic Card Transactions (ANZSIC06) - ECT,Private - Values - Electronic card transactions  A/S/T by industry,Actual,Pharmaceutical and other store-based retailing,,,
2052,ECTM.S1AG1340,2020.03,339.9,,F,Dollars,6,Electronic Card Transactions (ANZSIC06) - ECT,Private - Values - Electronic card transactions  A/S/T by industry,Actual,Pharmaceutical and other store-based retailing,,,
2053,ECTM.S1AG1340,2020.04,107,,F,Dollars,6,Electronic Card Transactions (ANZSIC06) - ECT,Private - Values - Electronic card transactions  A/S/T by industry,Actual,Pharmaceutical and other store-based retailing,,,
2054,ECTM.S1SG1340,2007.03,186.1,,R,Dollars,6,Electronic Card Transactions (ANZSIC06) - ECT,Private - Values - Electronic card transactions  A/S/T by industry,Seasonally adjusted,Pharmaceutical and other store-based retailing,,,
2055,ECTM.S1SG1340,2007.04,181.8,,R,Dollars,6,Electronic Card Transactions (ANZSIC06) - ECT,Private - Values - Electronic card transactions  A/S/T by industry,Seasonally adjusted,Pharmaceutical and other store-based retailing,,,
2056,ECTM.S1SG1340,2007.05,186.4,,R,Dollars,6,Electronic Card Transactions (ANZSIC06) - ECT,Private - Values - Electronic card transactions  A/S/T by industry,Seasonally adjusted,Pharmaceutical and other store-based retailing,,,
2057,ECTM.S1SG1340,2007.06,185.9,,R,Dollars,6,Electronic Card Transactions (ANZSIC06) - ECT,Private - Values - Electronic card transactions  A/S/T by industry,Seasonally adjusted,Pharmaceutical and other store-based retailing,,,
2058,ECTM.S1SG1340,2007.07,179.8,,R,Dollars,6,Electronic Card Transactions (ANZSIC06) - ECT,Private - Values - Electronic card transactions  A/S/T by industry,Seasonally adjusted,Pharmaceutical and other store-based retailing,,,
2059,ECTM.S1SG1340,2007.08,189.3,,R,Dollars,6,Electronic Card Transactions (ANZSIC06) - ECT,Private - Values - Electronic card transactions  A/S/T by industry,Seasonally adjusted,Pharmaceutical and other store-based retailing,,,
2060,ECTM.S1SG1340,2007.09,188.4,,R,Dollars,6,Electronic Card Transactions (ANZSIC06) - ECT,Private - Values - Electronic card transactions  A/S/T by industry,Seasonally adjusted,Pharmaceutical and other store-based retailing,,,
2061,ECTM.S1SG1340,2007.1,186.7,,R,Dollars,6,Electronic Card Transactions (ANZSIC06) - ECT,Private - Values - Electronic card transactions  A/S/T by industry,Seasonally adjusted,Pharmaceutical and other store-based retailing,,,
2062,ECTM.S1SG1340,2007.11,188.6,,R,Dollars,6,Electronic Card Transactions (ANZSIC06) - ECT,Private - Values - Electronic card transactions  A/S/T by industry,Seasonally adjusted,Pharmaceutical and other store-based retailing,,,
2063,ECTM.S1SG1340,2007.12,185.9,,R,Dollars,6,Electronic Card Transactions (ANZSIC06) - ECT,Private - Values - Electronic card transactions  A/S/T by industry,Seasonally adjusted,Pharmaceutical and other store-based retailing,,,
2064,ECTM.S1SG1340,2008.01,183.6,,R,Dollars,6,Electronic Card Transactions (ANZSIC06) - ECT,Private - Values - Electronic card transactions  A/S/T by industry,Seasonally adjusted,Pharmaceutical and other store-based retailing,,,
2065,ECTM.S1SG1340,2008.02,182.7,,R,Dollars,6,Electronic Card Transactions (ANZSIC06) - ECT,Private - Values - Electronic card transactions  A/S/T by industry,Seasonally adjusted,Pharmaceutical and other store-based retailing,,,
2066,ECTM.S1SG1340,2008.03,182.6,,R,Dollars,6,Electronic Card Transactions (ANZSIC06) - ECT,Private - Values - Electronic card transactions  A/S/T by industry,Seasonally adjusted,Pharmaceutical and other store-based retailing,,,
2067,ECTM.S1SG1340,2008.04,186.4,,R,Dollars,6,Electronic Card Transactions (ANZSIC06) - ECT,Private - Values - Electronic card transactions  A/S/T by industry,Seasonally adjusted,Pharmaceutical and other store-based retailing,,,
2068,ECTM.S1SG1340,2008.05,184.8,,R,Dollars,6,Electronic Card Transactions (ANZSIC06) - ECT,Private - Values - Electronic card transactions  A/S/T by industry,Seasonally adjusted,Pharmaceutical and other store-based retailing,,,
2069,ECTM.S1SG1340,2008.06,183.1,,R,Dollars,6,Electronic Card Transactions (ANZSIC06) - ECT,Private - Values - Electronic card transactions  A/S/T by industry,Seasonally adjusted,Pharmaceutical and other store-based retailing,,,
2070,ECTM.S1SG1340,2008.07,184.5,,R,Dollars,6,Electronic Card Transactions (ANZSIC06) - ECT,Private - Values - Electronic card transactions  A/S/T by industry,Seasonally adjusted,Pharmaceutical and other store-based retailing,,,
2071,ECTM.S1SG1340,2008.08,187.9,,R,Dollars,6,Electronic Card Transactions (ANZSIC06) - ECT,Private - Values - Electronic card transactions  A/S/T by industry,Seasonally adjusted,Pharmaceutical and other store-based retailing,,,
2072,ECTM.S1SG1340,2008.09,178.8,,R,Dollars,6,Electronic Card Transactions (ANZSIC06) - ECT,Private - Values - Electronic card transactions  A/S/T by industry,Seasonally adjusted,Pharmaceutical and other store-based retailing,,,
2073,ECTM.S1SG1340,2008.1,187.7,,R,Dollars,6,Electronic Card Transactions (ANZSIC06) - ECT,Private - Values - Electronic card transactions  A/S/T by industry,Seasonally adjusted,Pharmaceutical and other store-based retailing,,,
2074,ECTM.S1SG1340,2008.11,188.3,,R,Dollars,6,Electronic Card Transactions (ANZSIC06) - ECT,Private - Values - Electronic card transactions  A/S/T by industry,Seasonally adjusted,Pharmaceutical and other store-based retailing,,,
2075,ECTM.S1SG1340,2008.12,186.2,,R,Dollars,6,Electronic Card Transactions (ANZSIC06) - ECT,Private - Values - Electronic card transactions  A/S/T by industry,Seasonally adjusted,Pharmaceutical and other store-based retailing,,,
2076,ECTM.S1SG1340,2009.01,187.1,,R,Dollars,6,Electronic Card Transactions (ANZSIC06) - ECT,Private - Values - Electronic card transactions  A/S/T by industry,Seasonally adjusted,Pharmaceutical and other store-based retailing,,,
2077,ECTM.S1SG1340,2009.02,188.7,,R,Dollars,6,Electronic Card Transactions (ANZSIC06) - ECT,Private - Values - Electronic card transactions  A/S/T by industry,Seasonally adjusted,Pharmaceutical and other store-based retailing,,,
2078,ECTM.S1SG1340,2009.03,186.6,,R,Dollars,6,Electronic Card Transactions (ANZSIC06) - ECT,Private - Values - Electronic card transactions  A/S/T by industry,Seasonally adjusted,Pharmaceutical and other store-based retailing,,,
2079,ECTM.S1SG1340,2009.04,191.3,,R,Dollars,6,Electronic Card Transactions (ANZSIC06) - ECT,Private - Values - Electronic card transactions  A/S/T by industry,Seasonally adjusted,Pharmaceutical and other store-based retailing,,,
2080,ECTM.S1SG1340,2009.05,187.1,,R,Dollars,6,Electronic Card Transactions (ANZSIC06) - ECT,Private - Values - Electronic card transactions  A/S/T by industry,Seasonally adjusted,Pharmaceutical and other store-based retailing,,,
2081,ECTM.S1SG1340,2009.06,180.4,,R,Dollars,6,Electronic Card Transactions (ANZSIC06) - ECT,Private - Values - Electronic card transactions  A/S/T by industry,Seasonally adjusted,Pharmaceutical and other store-based retailing,,,
2082,ECTM.S1SG1340,2009.07,187.3,,R,Dollars,6,Electronic Card Transactions (ANZSIC06) - ECT,Private - Values - Electronic card transactions  A/S/T by industry,Seasonally adjusted,Pharmaceutical and other store-based retailing,,,
2083,ECTM.S1SG1340,2009.08,186.1,,R,Dollars,6,Electronic Card Transactions (ANZSIC06) - ECT,Private - Values - Electronic card transactions  A/S/T by industry,Seasonally adjusted,Pharmaceutical and other store-based retailing,,,
2084,ECTM.S1SG1340,2009.09,185.7,,R,Dollars,6,Electronic Card Transactions (ANZSIC06) - ECT,Private - Values - Electronic card transactions  A/S/T by industry,Seasonally adjusted,Pharmaceutical and other store-based retailing,,,
2085,ECTM.S1SG1340,2009.1,185.4,,R,Dollars,6,Electronic Card Transactions (ANZSIC06) - ECT,Private - Values - Electronic card transactions  A/S/T by industry,Seasonally adjusted,Pharmaceutical and other store-based retailing,,,
2086,ECTM.S1SG1340,2009.11,186,,R,Dollars,6,Electronic Card Transactions (ANZSIC06) - ECT,Private - Values - Electronic card transactions  A/S/T by industry,Seasonally adjusted,Pharmaceutical and other store-based retailing,,,
2087,ECTM.S1SG1340,2009.12,188.7,,R,Dollars,6,Electronic Card Transactions (ANZSIC06) - ECT,Private - Values - Electronic card transactions  A/S/T by industry,Seasonally adjusted,Pharmaceutical and other store-based retailing,,,
2088,ECTM.S1SG1340,2010.01,185.2,,R,Dollars,6,Electronic Card Transactions (ANZSIC06) - ECT,Private - Values - Electronic card transactions  A/S/T by industry,Seasonally adjusted,Pharmaceutical and other store-based retailing,,,
2089,ECTM.S1SG1340,2010.02,184.1,,R,Dollars,6,Electronic Card Transactions (ANZSIC06) - ECT,Private - Values - Electronic card transactions  A/S/T by industry,Seasonally adjusted,Pharmaceutical and other store-based retailing,,,
2090,ECTM.S1SG1340,2010.03,185.5,,R,Dollars,6,Electronic Card Transactions (ANZSIC06) - ECT,Private - Values - Electronic card transactions  A/S/T by industry,Seasonally adjusted,Pharmaceutical and other store-based retailing,,,
2091,ECTM.S1SG1340,2010.04,182.8,,R,Dollars,6,Electronic Card Transactions (ANZSIC06) - ECT,Private - Values - Electronic card transactions  A/S/T by industry,Seasonally adjusted,Pharmaceutical and other store-based retailing,,,
2092,ECTM.S1SG1340,2010.05,184.8,,R,Dollars,6,Electronic Card Transactions (ANZSIC06) - ECT,Private - Values - Electronic card transactions  A/S/T by industry,Seasonally adjusted,Pharmaceutical and other store-based retailing,,,
2093,ECTM.S1SG1340,2010.06,185.8,,R,Dollars,6,Electronic Card Transactions (ANZSIC06) - ECT,Private - Values - Electronic card transactions  A/S/T by industry,Seasonally adjusted,Pharmaceutical and other store-based retailing,,,
2094,ECTM.S1SG1340,2010.07,183.6,,R,Dollars,6,Electronic Card Transactions (ANZSIC06) - ECT,Private - Values - Electronic card transactions  A/S/T by industry,Seasonally adjusted,Pharmaceutical and other store-based retailing,,,
2095,ECTM.S1SG1340,2010.08,180.2,,R,Dollars,6,Electronic Card Transactions (ANZSIC06) - ECT,Private - Values - Electronic card transactions  A/S/T by industry,Seasonally adjusted,Pharmaceutical and other store-based retailing,,,
2096,ECTM.S1SG1340,2010.09,185.1,,R,Dollars,6,Electronic Card Transactions (ANZSIC06) - ECT,Private - Values - Electronic card transactions  A/S/T by industry,Seasonally adjusted,Pharmaceutical and other store-based retailing,,,
2097,ECTM.S1SG1340,2010.1,182.2,,R,Dollars,6,Electronic Card Transactions (ANZSIC06) - ECT,Private - Values - Electronic card transactions  A/S/T by industry,Seasonally adjusted,Pharmaceutical and other store-based retailing,,,
2098,ECTM.S1SG1340,2010.11,180.7,,R,Dollars,6,Electronic Card Transactions (ANZSIC06) - ECT,Private - Values - Electronic card transactions  A/S/T by industry,Seasonally adjusted,Pharmaceutical and other store-based retailing,,,
2099,ECTM.S1SG1340,2010.12,183.4,,R,Dollars,6,Electronic Card Transactions (ANZSIC06) - ECT,Private - Values - Electronic card transactions  A/S/T by industry,Seasonally adjusted,Pharmaceutical and other store-based retailing,,,
2100,ECTM.S1SG1340,2011.01,185.3,,R,Dollars,6,Electronic Card Transactions (ANZSIC06) - ECT,Private - Values - Electronic card transactions  A/S/T by industry,Seasonally adjusted,Pharmaceutical and other store-based retailing,,,
2101,ECTM.S1SG1340,2011.02,181.9,,R,Dollars,6,Electronic Card Transactions (ANZSIC06) - ECT,Private - Values - Electronic card transactions  A/S/T by industry,Seasonally adjusted,Pharmaceutical and other store-based retailing,,,
2102,ECTM.S1SG1340,2011.03,181,,R,Dollars,6,Electronic Card Transactions (ANZSIC06) - ECT,Private - Values - Electronic card transactions  A/S/T by industry,Seasonally adjusted,Pharmaceutical and other store-based retailing,,,
2103,ECTM.S1SG1340,2011.04,180.2,,R,Dollars,6,Electronic Card Transactions (ANZSIC06) - ECT,Private - Values - Electronic card transactions  A/S/T by industry,Seasonally adjusted,Pharmaceutical and other store-based retailing,,,
2104,ECTM.S1SG1340,2011.05,176.7,,R,Dollars,6,Electronic Card Transactions (ANZSIC06) - ECT,Private - Values - Electronic card transactions  A/S/T by industry,Seasonally adjusted,Pharmaceutical and other store-based retailing,,,
2105,ECTM.S1SG1340,2011.06,182.2,,R,Dollars,6,Electronic Card Transactions (ANZSIC06) - ECT,Private - Values - Electronic card transactions  A/S/T by industry,Seasonally adjusted,Pharmaceutical and other store-based retailing,,,
2106,ECTM.S1SG1340,2011.07,183.7,,R,Dollars,6,Electronic Card Transactions (ANZSIC06) - ECT,Private - Values - Electronic card transactions  A/S/T by industry,Seasonally adjusted,Pharmaceutical and other store-based retailing,,,
2107,ECTM.S1SG1340,2011.08,178.2,,R,Dollars,6,Electronic Card Transactions (ANZSIC06) - ECT,Private - Values - Electronic card transactions  A/S/T by industry,Seasonally adjusted,Pharmaceutical and other store-based retailing,,,
2108,ECTM.S1SG1340,2011.09,183.2,,R,Dollars,6,Electronic Card Transactions (ANZSIC06) - ECT,Private - Values - Electronic card transactions  A/S/T by industry,Seasonally adjusted,Pharmaceutical and other store-based retailing,,,
2109,ECTM.S1SG1340,2011.1,184.4,,R,Dollars,6,Electronic Card Transactions (ANZSIC06) - ECT,Private - Values - Electronic card transactions  A/S/T by industry,Seasonally adjusted,Pharmaceutical and other store-based retailing,,,
2110,ECTM.S1SG1340,2011.11,183.2,,R,Dollars,6,Electronic Card Transactions (ANZSIC06) - ECT,Private - Values - Electronic card transactions  A/S/T by industry,Seasonally adjusted,Pharmaceutical and other store-based retailing,,,
2111,ECTM.S1SG1340,2011.12,180.1,,R,Dollars,6,Electronic Card Transactions (ANZSIC06) - ECT,Private - Values - Electronic card transactions  A/S/T by industry,Seasonally adjusted,Pharmaceutical and other store-based retailing,,,
2112,ECTM.S1SG1340,2012.01,179.4,,R,Dollars,6,Electronic Card Transactions (ANZSIC06) - ECT,Private - Values - Electronic card transactions  A/S/T by industry,Seasonally adjusted,Pharmaceutical and other store-based retailing,,,
2113,ECTM.S1SG1340,2012.02,182.8,,R,Dollars,6,Electronic Card Transactions (ANZSIC06) - ECT,Private - Values - Electronic card transactions  A/S/T by industry,Seasonally adjusted,Pharmaceutical and other store-based retailing,,,
2114,ECTM.S1SG1340,2012.03,183.8,,R,Dollars,6,Electronic Card Transactions (ANZSIC06) - ECT,Private - Values - Electronic card transactions  A/S/T by industry,Seasonally adjusted,Pharmaceutical and other store-based retailing,,,
2115,ECTM.S1SG1340,2012.04,181,,R,Dollars,6,Electronic Card Transactions (ANZSIC06) - ECT,Private - Values - Electronic card transactions  A/S/T by industry,Seasonally adjusted,Pharmaceutical and other store-based retailing,,,
2116,ECTM.S1SG1340,2012.05,183.5,,R,Dollars,6,Electronic Card Transactions (ANZSIC06) - ECT,Private - Values - Electronic card transactions  A/S/T by industry,Seasonally adjusted,Pharmaceutical and other store-based retailing,,,
2117,ECTM.S1SG1340,2012.06,183,,R,Dollars,6,Electronic Card Transactions (ANZSIC06) - ECT,Private - Values - Electronic card transactions  A/S/T by industry,Seasonally adjusted,Pharmaceutical and other store-based retailing,,,
2118,ECTM.S1SG1340,2012.07,178.9,,R,Dollars,6,Electronic Card Transactions (ANZSIC06) - ECT,Private - Values - Electronic card transactions  A/S/T by industry,Seasonally adjusted,Pharmaceutical and other store-based retailing,,,
2119,ECTM.S1SG1340,2012.08,187.7,,R,Dollars,6,Electronic Card Transactions (ANZSIC06) - ECT,Private - Values - Electronic card transactions  A/S/T by industry,Seasonally adjusted,Pharmaceutical and other store-based retailing,,,
2120,ECTM.S1SG1340,2012.09,187.2,,R,Dollars,6,Electronic Card Transactions (ANZSIC06) - ECT,Private - Values - Electronic card transactions  A/S/T by industry,Seasonally adjusted,Pharmaceutical and other store-based retailing,,,
2121,ECTM.S1SG1340,2012.1,182.3,,R,Dollars,6,Electronic Card Transactions (ANZSIC06) - ECT,Private - Values - Electronic card transactions  A/S/T by industry,Seasonally adjusted,Pharmaceutical and other store-based retailing,,,
2122,ECTM.S1SG1340,2012.11,193.1,,R,Dollars,6,Electronic Card Transactions (ANZSIC06) - ECT,Private - Values - Electronic card transactions  A/S/T by industry,Seasonally adjusted,Pharmaceutical and other store-based retailing,,,
2123,ECTM.S1SG1340,2012.12,215.1,,R,Dollars,6,Electronic Card Transactions (ANZSIC06) - ECT,Private - Values - Electronic card transactions  A/S/T by industry,Seasonally adjusted,Pharmaceutical and other store-based retailing,,,
2124,ECTM.S1SG1340,2013.01,209.1,,R,Dollars,6,Electronic Card Transactions (ANZSIC06) - ECT,Private - Values - Electronic card transactions  A/S/T by industry,Seasonally adjusted,Pharmaceutical and other store-based retailing,,,
2125,ECTM.S1SG1340,2013.02,212.4,,R,Dollars,6,Electronic Card Transactions (ANZSIC06) - ECT,Private - Values - Electronic card transactions  A/S/T by industry,Seasonally adjusted,Pharmaceutical and other store-based retailing,,,
2126,ECTM.S1SG1340,2013.03,212.2,,R,Dollars,6,Electronic Card Transactions (ANZSIC06) - ECT,Private - Values - Electronic card transactions  A/S/T by industry,Seasonally adjusted,Pharmaceutical and other store-based retailing,,,
2127,ECTM.S1SG1340,2013.04,213.2,,R,Dollars,6,Electronic Card Transactions (ANZSIC06) - ECT,Private - Values - Electronic card transactions  A/S/T by industry,Seasonally adjusted,Pharmaceutical and other store-based retailing,,,
2128,ECTM.S1SG1340,2013.05,220.2,,R,Dollars,6,Electronic Card Transactions (ANZSIC06) - ECT,Private - Values - Electronic card transactions  A/S/T by industry,Seasonally adjusted,Pharmaceutical and other store-based retailing,,,
2129,ECTM.S1SG1340,2013.06,219.4,,R,Dollars,6,Electronic Card Transactions (ANZSIC06) - ECT,Private - Values - Electronic card transactions  A/S/T by industry,Seasonally adjusted,Pharmaceutical and other store-based retailing,,,
2130,ECTM.S1SG1340,2013.07,223.9,,R,Dollars,6,Electronic Card Transactions (ANZSIC06) - ECT,Private - Values - Electronic card transactions  A/S/T by industry,Seasonally adjusted,Pharmaceutical and other store-based retailing,,,
2131,ECTM.S1SG1340,2013.08,228,,R,Dollars,6,Electronic Card Transactions (ANZSIC06) - ECT,Private - Values - Electronic card transactions  A/S/T by industry,Seasonally adjusted,Pharmaceutical and other store-based retailing,,,
2132,ECTM.S1SG1340,2013.09,223.7,,R,Dollars,6,Electronic Card Transactions (ANZSIC06) - ECT,Private - Values - Electronic card transactions  A/S/T by industry,Seasonally adjusted,Pharmaceutical and other store-based retailing,,,
2133,ECTM.S1SG1340,2013.1,217.8,,R,Dollars,6,Electronic Card Transactions (ANZSIC06) - ECT,Private - Values - Electronic card transactions  A/S/T by industry,Seasonally adjusted,Pharmaceutical and other store-based retailing,,,
2134,ECTM.S1SG1340,2013.11,218.8,,R,Dollars,6,Electronic Card Transactions (ANZSIC06) - ECT,Private - Values - Electronic card transactions  A/S/T by industry,Seasonally adjusted,Pharmaceutical and other store-based retailing,,,
2135,ECTM.S1SG1340,2013.12,216.2,,R,Dollars,6,Electronic Card Transactions (ANZSIC06) - ECT,Private - Values - Electronic card transactions  A/S/T by industry,Seasonally adjusted,Pharmaceutical and other store-based retailing,,,
2136,ECTM.S1SG1340,2014.01,217,,R,Dollars,6,Electronic Card Transactions (ANZSIC06) - ECT,Private - Values - Electronic card transactions  A/S/T by industry,Seasonally adjusted,Pharmaceutical and other store-based retailing,,,
2137,ECTM.S1SG1340,2014.02,219.1,,R,Dollars,6,Electronic Card Transactions (ANZSIC06) - ECT,Private - Values - Electronic card transactions  A/S/T by industry,Seasonally adjusted,Pharmaceutical and other store-based retailing,,,
2138,ECTM.S1SG1340,2014.03,219.3,,R,Dollars,6,Electronic Card Transactions (ANZSIC06) - ECT,Private - Values - Electronic card transactions  A/S/T by industry,Seasonally adjusted,Pharmaceutical and other store-based retailing,,,
2139,ECTM.S1SG1340,2014.04,219.5,,R,Dollars,6,Electronic Card Transactions (ANZSIC06) - ECT,Private - Values - Electronic card transactions  A/S/T by industry,Seasonally adjusted,Pharmaceutical and other store-based retailing,,,
2140,ECTM.S1SG1340,2014.05,223.9,,R,Dollars,6,Electronic Card Transactions (ANZSIC06) - ECT,Private - Values - Electronic card transactions  A/S/T by industry,Seasonally adjusted,Pharmaceutical and other store-based retailing,,,
2141,ECTM.S1SG1340,2014.06,220.2,,R,Dollars,6,Electronic Card Transactions (ANZSIC06) - ECT,Private - Values - Electronic card transactions  A/S/T by industry,Seasonally adjusted,Pharmaceutical and other store-based retailing,,,
2142,ECTM.S1SG1340,2014.07,226.9,,R,Dollars,6,Electronic Card Transactions (ANZSIC06) - ECT,Private - Values - Electronic card transactions  A/S/T by industry,Seasonally adjusted,Pharmaceutical and other store-based retailing,,,
2143,ECTM.S1SG1340,2014.08,225.2,,R,Dollars,6,Electronic Card Transactions (ANZSIC06) - ECT,Private - Values - Electronic card transactions  A/S/T by industry,Seasonally adjusted,Pharmaceutical and other store-based retailing,,,
2144,ECTM.S1SG1340,2014.09,219.4,,R,Dollars,6,Electronic Card Transactions (ANZSIC06) - ECT,Private - Values - Electronic card transactions  A/S/T by industry,Seasonally adjusted,Pharmaceutical and other store-based retailing,,,
2145,ECTM.S1SG1340,2014.1,230.9,,R,Dollars,6,Electronic Card Transactions (ANZSIC06) - ECT,Private - Values - Electronic card transactions  A/S/T by industry,Seasonally adjusted,Pharmaceutical and other store-based retailing,,,
2146,ECTM.S1SG1340,2014.11,234.2,,R,Dollars,6,Electronic Card Transactions (ANZSIC06) - ECT,Private - Values - Electronic card transactions  A/S/T by industry,Seasonally adjusted,Pharmaceutical and other store-based retailing,,,
2147,ECTM.S1SG1340,2014.12,227.8,,R,Dollars,6,Electronic Card Transactions (ANZSIC06) - ECT,Private - Values - Electronic card transactions  A/S/T by industry,Seasonally adjusted,Pharmaceutical and other store-based retailing,,,
2148,ECTM.S1SG1340,2015.01,228.1,,R,Dollars,6,Electronic Card Transactions (ANZSIC06) - ECT,Private - Values - Electronic card transactions  A/S/T by industry,Seasonally adjusted,Pharmaceutical and other store-based retailing,,,
2149,ECTM.S1SG1340,2015.02,229.5,,R,Dollars,6,Electronic Card Transactions (ANZSIC06) - ECT,Private - Values - Electronic card transactions  A/S/T by industry,Seasonally adjusted,Pharmaceutical and other store-based retailing,,,
2150,ECTM.S1SG1340,2015.03,229,,R,Dollars,6,Electronic Card Transactions (ANZSIC06) - ECT,Private - Values - Electronic card transactions  A/S/T by industry,Seasonally adjusted,Pharmaceutical and other store-based retailing,,,
2151,ECTM.S1SG1340,2015.04,232.6,,R,Dollars,6,Electronic Card Transactions (ANZSIC06) - ECT,Private - Values - Electronic card transactions  A/S/T by industry,Seasonally adjusted,Pharmaceutical and other store-based retailing,,,
2152,ECTM.S1SG1340,2015.05,233.8,,R,Dollars,6,Electronic Card Transactions (ANZSIC06) - ECT,Private - Values - Electronic card transactions  A/S/T by industry,Seasonally adjusted,Pharmaceutical and other store-based retailing,,,
2153,ECTM.S1SG1340,2015.06,229,,R,Dollars,6,Electronic Card Transactions (ANZSIC06) - ECT,Private - Values - Electronic card transactions  A/S/T by industry,Seasonally adjusted,Pharmaceutical and other store-based retailing,,,
2154,ECTM.S1SG1340,2015.07,231,,R,Dollars,6,Electronic Card Transactions (ANZSIC06) - ECT,Private - Values - Electronic card transactions  A/S/T by industry,Seasonally adjusted,Pharmaceutical and other store-based retailing,,,
2155,ECTM.S1SG1340,2015.08,236.2,,R,Dollars,6,Electronic Card Transactions (ANZSIC06) - ECT,Private - Values - Electronic card transactions  A/S/T by industry,Seasonally adjusted,Pharmaceutical and other store-based retailing,,,
2156,ECTM.S1SG1340,2015.09,235.1,,R,Dollars,6,Electronic Card Transactions (ANZSIC06) - ECT,Private - Values - Electronic card transactions  A/S/T by industry,Seasonally adjusted,Pharmaceutical and other store-based retailing,,,
2157,ECTM.S1SG1340,2015.1,238,,R,Dollars,6,Electronic Card Transactions (ANZSIC06) - ECT,Private - Values - Electronic card transactions  A/S/T by industry,Seasonally adjusted,Pharmaceutical and other store-based retailing,,,
2158,ECTM.S1SG1340,2015.11,235.8,,R,Dollars,6,Electronic Card Transactions (ANZSIC06) - ECT,Private - Values - Electronic card transactions  A/S/T by industry,Seasonally adjusted,Pharmaceutical and other store-based retailing,,,
2159,ECTM.S1SG1340,2015.12,239.8,,R,Dollars,6,Electronic Card Transactions (ANZSIC06) - ECT,Private - Values - Electronic card transactions  A/S/T by industry,Seasonally adjusted,Pharmaceutical and other store-based retailing,,,
2160,ECTM.S1SG1340,2016.01,231.8,,R,Dollars,6,Electronic Card Transactions (ANZSIC06) - ECT,Private - Values - Electronic card transactions  A/S/T by industry,Seasonally adjusted,Pharmaceutical and other store-based retailing,,,
2161,ECTM.S1SG1340,2016.02,229.1,,R,Dollars,6,Electronic Card Transactions (ANZSIC06) - ECT,Private - Values - Electronic card transactions  A/S/T by industry,Seasonally adjusted,Pharmaceutical and other store-based retailing,,,
2162,ECTM.S1SG1340,2016.03,236.9,,R,Dollars,6,Electronic Card Transactions (ANZSIC06) - ECT,Private - Values - Electronic card transactions  A/S/T by industry,Seasonally adjusted,Pharmaceutical and other store-based retailing,,,
2163,ECTM.S1SG1340,2016.04,243.2,,R,Dollars,6,Electronic Card Transactions (ANZSIC06) - ECT,Private - Values - Electronic card transactions  A/S/T by industry,Seasonally adjusted,Pharmaceutical and other store-based retailing,,,
2164,ECTM.S1SG1340,2016.05,237.6,,R,Dollars,6,Electronic Card Transactions (ANZSIC06) - ECT,Private - Values - Electronic card transactions  A/S/T by industry,Seasonally adjusted,Pharmaceutical and other store-based retailing,,,
2165,ECTM.S1SG1340,2016.06,251.6,,R,Dollars,6,Electronic Card Transactions (ANZSIC06) - ECT,Private - Values - Electronic card transactions  A/S/T by industry,Seasonally adjusted,Pharmaceutical and other store-based retailing,,,
2166,ECTM.S1SG1340,2016.07,249.9,,R,Dollars,6,Electronic Card Transactions (ANZSIC06) - ECT,Private - Values - Electronic card transactions  A/S/T by industry,Seasonally adjusted,Pharmaceutical and other store-based retailing,,,
2167,ECTM.S1SG1340,2016.08,242.2,,R,Dollars,6,Electronic Card Transactions (ANZSIC06) - ECT,Private - Values - Electronic card transactions  A/S/T by industry,Seasonally adjusted,Pharmaceutical and other store-based retailing,,,
2168,ECTM.S1SG1340,2016.09,248.9,,R,Dollars,6,Electronic Card Transactions (ANZSIC06) - ECT,Private - Values - Electronic card transactions  A/S/T by industry,Seasonally adjusted,Pharmaceutical and other store-based retailing,,,
2169,ECTM.S1SG1340,2016.1,250.8,,R,Dollars,6,Electronic Card Transactions (ANZSIC06) - ECT,Private - Values - Electronic card transactions  A/S/T by industry,Seasonally adjusted,Pharmaceutical and other store-based retailing,,,
2170,ECTM.S1SG1340,2016.11,243,,R,Dollars,6,Electronic Card Transactions (ANZSIC06) - ECT,Private - Values - Electronic card transactions  A/S/T by industry,Seasonally adjusted,Pharmaceutical and other store-based retailing,,,
2171,ECTM.S1SG1340,2016.12,247,,R,Dollars,6,Electronic Card Transactions (ANZSIC06) - ECT,Private - Values - Electronic card transactions  A/S/T by industry,Seasonally adjusted,Pharmaceutical and other store-based retailing,,,
2172,ECTM.S1SG1340,2017.01,243.4,,R,Dollars,6,Electronic Card Transactions (ANZSIC06) - ECT,Private - Values - Electronic card transactions  A/S/T by industry,Seasonally adjusted,Pharmaceutical and other store-based retailing,,,
2173,ECTM.S1SG1340,2017.02,250.5,,R,Dollars,6,Electronic Card Transactions (ANZSIC06) - ECT,Private - Values - Electronic card transactions  A/S/T by industry,Seasonally adjusted,Pharmaceutical and other store-based retailing,,,
2174,ECTM.S1SG1340,2017.03,257.6,,R,Dollars,6,Electronic Card Transactions (ANZSIC06) - ECT,Private - Values - Electronic card transactions  A/S/T by industry,Seasonally adjusted,Pharmaceutical and other store-based retailing,,,
2175,ECTM.S1SG1340,2017.04,263.5,,R,Dollars,6,Electronic Card Transactions (ANZSIC06) - ECT,Private - Values - Electronic card transactions  A/S/T by industry,Seasonally adjusted,Pharmaceutical and other store-based retailing,,,
2176,ECTM.S1SG1340,2017.05,264.5,,R,Dollars,6,Electronic Card Transactions (ANZSIC06) - ECT,Private - Values - Electronic card transactions  A/S/T by industry,Seasonally adjusted,Pharmaceutical and other store-based retailing,,,
2177,ECTM.S1SG1340,2017.06,275.8,,R,Dollars,6,Electronic Card Transactions (ANZSIC06) - ECT,Private - Values - Electronic card transactions  A/S/T by industry,Seasonally adjusted,Pharmaceutical and other store-based retailing,,,
2178,ECTM.S1SG1340,2017.07,284.6,,R,Dollars,6,Electronic Card Transactions (ANZSIC06) - ECT,Private - Values - Electronic card transactions  A/S/T by industry,Seasonally adjusted,Pharmaceutical and other store-based retailing,,,
2179,ECTM.S1SG1340,2017.08,280.3,,R,Dollars,6,Electronic Card Transactions (ANZSIC06) - ECT,Private - Values - Electronic card transactions  A/S/T by industry,Seasonally adjusted,Pharmaceutical and other store-based retailing,,,
2180,ECTM.S1SG1340,2017.09,274.7,,R,Dollars,6,Electronic Card Transactions (ANZSIC06) - ECT,Private - Values - Electronic card transactions  A/S/T by industry,Seasonally adjusted,Pharmaceutical and other store-based retailing,,,
2181,ECTM.S1SG1340,2017.1,274.4,,R,Dollars,6,Electronic Card Transactions (ANZSIC06) - ECT,Private - Values - Electronic card transactions  A/S/T by industry,Seasonally adjusted,Pharmaceutical and other store-based retailing,,,
2182,ECTM.S1SG1340,2017.11,282.4,,R,Dollars,6,Electronic Card Transactions (ANZSIC06) - ECT,Private - Values - Electronic card transactions  A/S/T by industry,Seasonally adjusted,Pharmaceutical and other store-based retailing,,,
2183,ECTM.S1SG1340,2017.12,282.2,,R,Dollars,6,Electronic Card Transactions (ANZSIC06) - ECT,Private - Values - Electronic card transactions  A/S/T by industry,Seasonally adjusted,Pharmaceutical and other store-based retailing,,,
2184,ECTM.S1SG1340,2018.01,279.7,,R,Dollars,6,Electronic Card Transactions (ANZSIC06) - ECT,Private - Values - Electronic card transactions  A/S/T by industry,Seasonally adjusted,Pharmaceutical and other store-based retailing,,,
2185,ECTM.S1SG1340,2018.02,283.5,,R,Dollars,6,Electronic Card Transactions (ANZSIC06) - ECT,Private - Values - Electronic card transactions  A/S/T by industry,Seasonally adjusted,Pharmaceutical and other store-based retailing,,,
2186,ECTM.S1SG1340,2018.03,293.7,,R,Dollars,6,Electronic Card Transactions (ANZSIC06) - ECT,Private - Values - Electronic card transactions  A/S/T by industry,Seasonally adjusted,Pharmaceutical and other store-based retailing,,,
2187,ECTM.S1SG1340,2018.04,307.2,,R,Dollars,6,Electronic Card Transactions (ANZSIC06) - ECT,Private - Values - Electronic card transactions  A/S/T by industry,Seasonally adjusted,Pharmaceutical and other store-based retailing,,,
2188,ECTM.S1SG1340,2018.05,315.6,,R,Dollars,6,Electronic Card Transactions (ANZSIC06) - ECT,Private - Values - Electronic card transactions  A/S/T by industry,Seasonally adjusted,Pharmaceutical and other store-based retailing,,,
2189,ECTM.S1SG1340,2018.06,321.5,,R,Dollars,6,Electronic Card Transactions (ANZSIC06) - ECT,Private - Values - Electronic card transactions  A/S/T by industry,Seasonally adjusted,Pharmaceutical and other store-based retailing,,,
2190,ECTM.S1SG1340,2018.07,329.4,,R,Dollars,6,Electronic Card Transactions (ANZSIC06) - ECT,Private - Values - Electronic card transactions  A/S/T by industry,Seasonally adjusted,Pharmaceutical and other store-based retailing,,,
2191,ECTM.S1SG1340,2018.08,328.9,,R,Dollars,6,Electronic Card Transactions (ANZSIC06) - ECT,Private - Values - Electronic card transactions  A/S/T by industry,Seasonally adjusted,Pharmaceutical and other store-based retailing,,,
2192,ECTM.S1SG1340,2018.09,331.5,,R,Dollars,6,Electronic Card Transactions (ANZSIC06) - ECT,Private - Values - Electronic card transactions  A/S/T by industry,Seasonally adjusted,Pharmaceutical and other store-based retailing,,,
2193,ECTM.S1SG1340,2018.1,318.9,,R,Dollars,6,Electronic Card Transactions (ANZSIC06) - ECT,Private - Values - Electronic card transactions  A/S/T by industry,Seasonally adjusted,Pharmaceutical and other store-based retailing,,,
2194,ECTM.S1SG1340,2018.11,305.9,,R,Dollars,6,Electronic Card Transactions (ANZSIC06) - ECT,Private - Values - Electronic card transactions  A/S/T by industry,Seasonally adjusted,Pharmaceutical and other store-based retailing,,,
2195,ECTM.S1SG1340,2018.12,294.2,,R,Dollars,6,Electronic Card Transactions (ANZSIC06) - ECT,Private - Values - Electronic card transactions  A/S/T by industry,Seasonally adjusted,Pharmaceutical and other store-based retailing,,,
2196,ECTM.S1SG1340,2019.01,299.2,,R,Dollars,6,Electronic Card Transactions (ANZSIC06) - ECT,Private - Values - Electronic card transactions  A/S/T by industry,Seasonally adjusted,Pharmaceutical and other store-based retailing,,,
2197,ECTM.S1SG1340,2019.02,294.3,,R,Dollars,6,Electronic Card Transactions (ANZSIC06) - ECT,Private - Values - Electronic card transactions  A/S/T by industry,Seasonally adjusted,Pharmaceutical and other store-based retailing,,,
2198,ECTM.S1SG1340,2019.03,310.4,,R,Dollars,6,Electronic Card Transactions (ANZSIC06) - ECT,Private - Values - Electronic card transactions  A/S/T by industry,Seasonally adjusted,Pharmaceutical and other store-based retailing,,,
2199,ECTM.S1SG1340,2019.04,321.5,,R,Dollars,6,Electronic Card Transactions (ANZSIC06) - ECT,Private - Values - Electronic card transactions  A/S/T by industry,Seasonally adjusted,Pharmaceutical and other store-based retailing,,,
2200,ECTM.S1SG1340,2019.05,340.9,,R,Dollars,6,Electronic Card Transactions (ANZSIC06) - ECT,Private - Values - Electronic card transactions  A/S/T by industry,Seasonally adjusted,Pharmaceutical and other store-based retailing,,,
2201,ECTM.S1SG1340,2019.06,356.4,,R,Dollars,6,Electronic Card Transactions (ANZSIC06) - ECT,Private - Values - Electronic card transactions  A/S/T by industry,Seasonally adjusted,Pharmaceutical and other store-based retailing,,,
2202,ECTM.S1SG1340,2019.07,355,,R,Dollars,6,Electronic Card Transactions (ANZSIC06) - ECT,Private - Values - Electronic card transactions  A/S/T by industry,Seasonally adjusted,Pharmaceutical and other store-based retailing,,,
2203,ECTM.S1SG1340,2019.08,351,,R,Dollars,6,Electronic Card Transactions (ANZSIC06) - ECT,Private - Values - Electronic card transactions  A/S/T by industry,Seasonally adjusted,Pharmaceutical and other store-based retailing,,,
2204,ECTM.S1SG1340,2019.09,342.9,,R,Dollars,6,Electronic Card Transactions (ANZSIC06) - ECT,Private - Values - Electronic card transactions  A/S/T by industry,Seasonally adjusted,Pharmaceutical and other store-based retailing,,,
2205,ECTM.S1SG1340,2019.1,339.6,,R,Dollars,6,Electronic Card Transactions (ANZSIC06) - ECT,Private - Values - Electronic card transactions  A/S/T by industry,Seasonally adjusted,Pharmaceutical and other store-based retailing,,,
2206,ECTM.S1SG1340,2019.11,343.1,,R,Dollars,6,Electronic Card Transactions (ANZSIC06) - ECT,Private - Values - Electronic card transactions  A/S/T by industry,Seasonally adjusted,Pharmaceutical and other store-based retailing,,,
2207,ECTM.S1SG1340,2019.12,336.5,,R,Dollars,6,Electronic Card Transactions (ANZSIC06) - ECT,Private - Values - Electronic card transactions  A/S/T by industry,Seasonally adjusted,Pharmaceutical and other store-based retailing,,,
2208,ECTM.S1SG1340,2020.01,329.1,,R,Dollars,6,Electronic Card Transactions (ANZSIC06) - ECT,Private - Values - Electronic card transactions  A/S/T by industry,Seasonally adjusted,Pharmaceutical and other store-based retailing,,,
2209,ECTM.S1SG1340,2020.02,322.2,,R,Dollars,6,Electronic Card Transactions (ANZSIC06) - ECT,Private - Values - Electronic card transactions  A/S/T by industry,Seasonally adjusted,Pharmaceutical and other store-based retailing,,,
2210,ECTM.S1SG1340,2020.03,329.4,,R,Dollars,6,Electronic Card Transactions (ANZSIC06) - ECT,Private - Values - Electronic card transactions  A/S/T by industry,Seasonally adjusted,Pharmaceutical and other store-based retailing,,,
2211,ECTM.S1SG1340,2020.04,121.6,,F,Dollars,6,Electronic Card Transactions (ANZSIC06) - ECT,Private - Values - Electronic card transactions  A/S/T by industry,Seasonally adjusted,Pharmaceutical and other store-based retailing,,,
2212,ECTM.S1AH2110,2007.03,150.1,,F,Dollars,6,Electronic Card Transactions (ANZSIC06) - ECT,Private - Values - Electronic card transactions  A/S/T by industry,Actual,Accommodation,,,
2213,ECTM.S1AH2110,2007.04,126.2,,F,Dollars,6,Electronic Card Transactions (ANZSIC06) - ECT,Private - Values - Electronic card transactions  A/S/T by industry,Actual,Accommodation,,,
2214,ECTM.S1AH2110,2007.05,101.3,,F,Dollars,6,Electronic Card Transactions (ANZSIC06) - ECT,Private - Values - Electronic card transactions  A/S/T by industry,Actual,Accommodation,,,
2215,ECTM.S1AH2110,2007.06,96,,F,Dollars,6,Electronic Card Transactions (ANZSIC06) - ECT,Private - Values - Electronic card transactions  A/S/T by industry,Actual,Accommodation,,,
2216,ECTM.S1AH2110,2007.07,114.3,,F,Dollars,6,Electronic Card Transactions (ANZSIC06) - ECT,Private - Values - Electronic card transactions  A/S/T by industry,Actual,Accommodation,,,
2217,ECTM.S1AH2110,2007.08,110.7,,F,Dollars,6,Electronic Card Transactions (ANZSIC06) - ECT,Private - Values - Electronic card transactions  A/S/T by industry,Actual,Accommodation,,,
2218,ECTM.S1AH2110,2007.09,114.4,,F,Dollars,6,Electronic Card Transactions (ANZSIC06) - ECT,Private - Values - Electronic card transactions  A/S/T by industry,Actual,Accommodation,,,
2219,ECTM.S1AH2110,2007.1,117.6,,F,Dollars,6,Electronic Card Transactions (ANZSIC06) - ECT,Private - Values - Electronic card transactions  A/S/T by industry,Actual,Accommodation,,,
2220,ECTM.S1AH2110,2007.11,132.1,,F,Dollars,6,Electronic Card Transactions (ANZSIC06) - ECT,Private - Values - Electronic card transactions  A/S/T by industry,Actual,Accommodation,,,
2221,ECTM.S1AH2110,2007.12,141.4,,F,Dollars,6,Electronic Card Transactions (ANZSIC06) - ECT,Private - Values - Electronic card transactions  A/S/T by industry,Actual,Accommodation,,,
2222,ECTM.S1AH2110,2008.01,165.3,,F,Dollars,6,Electronic Card Transactions (ANZSIC06) - ECT,Private - Values - Electronic card transactions  A/S/T by industry,Actual,Accommodation,,,
2223,ECTM.S1AH2110,2008.02,157,,F,Dollars,6,Electronic Card Transactions (ANZSIC06) - ECT,Private - Values - Electronic card transactions  A/S/T by industry,Actual,Accommodation,,,
2224,ECTM.S1AH2110,2008.03,159.5,,F,Dollars,6,Electronic Card Transactions (ANZSIC06) - ECT,Private - Values - Electronic card transactions  A/S/T by industry,Actual,Accommodation,,,
2225,ECTM.S1AH2110,2008.04,126,,F,Dollars,6,Electronic Card Transactions (ANZSIC06) - ECT,Private - Values - Electronic card transactions  A/S/T by industry,Actual,Accommodation,,,
2226,ECTM.S1AH2110,2008.05,106.6,,F,Dollars,6,Electronic Card Transactions (ANZSIC06) - ECT,Private - Values - Electronic card transactions  A/S/T by industry,Actual,Accommodation,,,
2227,ECTM.S1AH2110,2008.06,96.6,,F,Dollars,6,Electronic Card Transactions (ANZSIC06) - ECT,Private - Values - Electronic card transactions  A/S/T by industry,Actual,Accommodation,,,
2228,ECTM.S1AH2110,2008.07,113.8,,F,Dollars,6,Electronic Card Transactions (ANZSIC06) - ECT,Private - Values - Electronic card transactions  A/S/T by industry,Actual,Accommodation,,,
2229,ECTM.S1AH2110,2008.08,112.6,,F,Dollars,6,Electronic Card Transactions (ANZSIC06) - ECT,Private - Values - Electronic card transactions  A/S/T by industry,Actual,Accommodation,,,
2230,ECTM.S1AH2110,2008.09,108.4,,F,Dollars,6,Electronic Card Transactions (ANZSIC06) - ECT,Private - Values - Electronic card transactions  A/S/T by industry,Actual,Accommodation,,,
2231,ECTM.S1AH2110,2008.1,123.9,,F,Dollars,6,Electronic Card Transactions (ANZSIC06) - ECT,Private - Values - Electronic card transactions  A/S/T by industry,Actual,Accommodation,,,
2232,ECTM.S1AH2110,2008.11,128,,F,Dollars,6,Electronic Card Transactions (ANZSIC06) - ECT,Private - Values - Electronic card transactions  A/S/T by industry,Actual,Accommodation,,,
2233,ECTM.S1AH2110,2008.12,136.6,,F,Dollars,6,Electronic Card Transactions (ANZSIC06) - ECT,Private - Values - Electronic card transactions  A/S/T by industry,Actual,Accommodation,,,
2234,ECTM.S1AH2110,2009.01,161.6,,F,Dollars,6,Electronic Card Transactions (ANZSIC06) - ECT,Private - Values - Electronic card transactions  A/S/T by industry,Actual,Accommodation,,,
2235,ECTM.S1AH2110,2009.02,145.8,,F,Dollars,6,Electronic Card Transactions (ANZSIC06) - ECT,Private - Values - Electronic card transactions  A/S/T by industry,Actual,Accommodation,,,
2236,ECTM.S1AH2110,2009.03,147.2,,F,Dollars,6,Electronic Card Transactions (ANZSIC06) - ECT,Private - Values - Electronic card transactions  A/S/T by industry,Actual,Accommodation,,,
2237,ECTM.S1AH2110,2009.04,124,,F,Dollars,6,Electronic Card Transactions (ANZSIC06) - ECT,Private - Values - Electronic card transactions  A/S/T by industry,Actual,Accommodation,,,
2238,ECTM.S1AH2110,2009.05,101.9,,F,Dollars,6,Electronic Card Transactions (ANZSIC06) - ECT,Private - Values - Electronic card transactions  A/S/T by industry,Actual,Accommodation,,,
2239,ECTM.S1AH2110,2009.06,90.8,,F,Dollars,6,Electronic Card Transactions (ANZSIC06) - ECT,Private - Values - Electronic card transactions  A/S/T by industry,Actual,Accommodation,,,
2240,ECTM.S1AH2110,2009.07,111.6,,F,Dollars,6,Electronic Card Transactions (ANZSIC06) - ECT,Private - Values - Electronic card transactions  A/S/T by industry,Actual,Accommodation,,,
2241,ECTM.S1AH2110,2009.08,107.7,,F,Dollars,6,Electronic Card Transactions (ANZSIC06) - ECT,Private - Values - Electronic card transactions  A/S/T by industry,Actual,Accommodation,,,
2242,ECTM.S1AH2110,2009.09,107.7,,F,Dollars,6,Electronic Card Transactions (ANZSIC06) - ECT,Private - Values - Electronic card transactions  A/S/T by industry,Actual,Accommodation,,,
2243,ECTM.S1AH2110,2009.1,123,,F,Dollars,6,Electronic Card Transactions (ANZSIC06) - ECT,Private - Values - Electronic card transactions  A/S/T by industry,Actual,Accommodation,,,
2244,ECTM.S1AH2110,2009.11,125.1,,F,Dollars,6,Electronic Card Transactions (ANZSIC06) - ECT,Private - Values - Electronic card transactions  A/S/T by industry,Actual,Accommodation,,,
2245,ECTM.S1AH2110,2009.12,134,,F,Dollars,6,Electronic Card Transactions (ANZSIC06) - ECT,Private - Values - Electronic card transactions  A/S/T by industry,Actual,Accommodation,,,
2246,ECTM.S1AH2110,2010.01,161.6,,F,Dollars,6,Electronic Card Transactions (ANZSIC06) - ECT,Private - Values - Electronic card transactions  A/S/T by industry,Actual,Accommodation,,,
2247,ECTM.S1AH2110,2010.02,145.9,,F,Dollars,6,Electronic Card Transactions (ANZSIC06) - ECT,Private - Values - Electronic card transactions  A/S/T by industry,Actual,Accommodation,,,
2248,ECTM.S1AH2110,2010.03,147.3,,F,Dollars,6,Electronic Card Transactions (ANZSIC06) - ECT,Private - Values - Electronic card transactions  A/S/T by industry,Actual,Accommodation,,,
2249,ECTM.S1AH2110,2010.04,125.1,,F,Dollars,6,Electronic Card Transactions (ANZSIC06) - ECT,Private - Values - Electronic card transactions  A/S/T by industry,Actual,Accommodation,,,
2250,ECTM.S1AH2110,2010.05,100.4,,F,Dollars,6,Electronic Card Transactions (ANZSIC06) - ECT,Private - Values - Electronic card transactions  A/S/T by industry,Actual,Accommodation,,,
2251,ECTM.S1AH2110,2010.06,93.2,,F,Dollars,6,Electronic Card Transactions (ANZSIC06) - ECT,Private - Values - Electronic card transactions  A/S/T by industry,Actual,Accommodation,,,
2252,ECTM.S1AH2110,2010.07,112.5,,F,Dollars,6,Electronic Card Transactions (ANZSIC06) - ECT,Private - Values - Electronic card transactions  A/S/T by industry,Actual,Accommodation,,,
2253,ECTM.S1AH2110,2010.08,105.9,,F,Dollars,6,Electronic Card Transactions (ANZSIC06) - ECT,Private - Values - Electronic card transactions  A/S/T by industry,Actual,Accommodation,,,
2254,ECTM.S1AH2110,2010.09,107.4,,F,Dollars,6,Electronic Card Transactions (ANZSIC06) - ECT,Private - Values - Electronic card transactions  A/S/T by industry,Actual,Accommodation,,,
2255,ECTM.S1AH2110,2010.1,124.9,,F,Dollars,6,Electronic Card Transactions (ANZSIC06) - ECT,Private - Values - Electronic card transactions  A/S/T by industry,Actual,Accommodation,,,
2256,ECTM.S1AH2110,2010.11,126.2,,F,Dollars,6,Electronic Card Transactions (ANZSIC06) - ECT,Private - Values - Electronic card transactions  A/S/T by industry,Actual,Accommodation,,,
2257,ECTM.S1AH2110,2010.12,138,,F,Dollars,6,Electronic Card Transactions (ANZSIC06) - ECT,Private - Values - Electronic card transactions  A/S/T by industry,Actual,Accommodation,,,
2258,ECTM.S1AH2110,2011.01,164.2,,F,Dollars,6,Electronic Card Transactions (ANZSIC06) - ECT,Private - Values - Electronic card transactions  A/S/T by industry,Actual,Accommodation,,,
2259,ECTM.S1AH2110,2011.02,147.7,,F,Dollars,6,Electronic Card Transactions (ANZSIC06) - ECT,Private - Values - Electronic card transactions  A/S/T by industry,Actual,Accommodation,,,
2260,ECTM.S1AH2110,2011.03,145,,F,Dollars,6,Electronic Card Transactions (ANZSIC06) - ECT,Private - Values - Electronic card transactions  A/S/T by industry,Actual,Accommodation,,,
2261,ECTM.S1AH2110,2011.04,127.6,,F,Dollars,6,Electronic Card Transactions (ANZSIC06) - ECT,Private - Values - Electronic card transactions  A/S/T by industry,Actual,Accommodation,,,
2262,ECTM.S1AH2110,2011.05,103.3,,F,Dollars,6,Electronic Card Transactions (ANZSIC06) - ECT,Private - Values - Electronic card transactions  A/S/T by industry,Actual,Accommodation,,,
2263,ECTM.S1AH2110,2011.06,97.1,,F,Dollars,6,Electronic Card Transactions (ANZSIC06) - ECT,Private - Values - Electronic card transactions  A/S/T by industry,Actual,Accommodation,,,
2264,ECTM.S1AH2110,2011.07,119.1,,F,Dollars,6,Electronic Card Transactions (ANZSIC06) - ECT,Private - Values - Electronic card transactions  A/S/T by industry,Actual,Accommodation,,,
2265,ECTM.S1AH2110,2011.08,114.4,,F,Dollars,6,Electronic Card Transactions (ANZSIC06) - ECT,Private - Values - Electronic card transactions  A/S/T by industry,Actual,Accommodation,,,
2266,ECTM.S1AH2110,2011.09,109.5,,F,Dollars,6,Electronic Card Transactions (ANZSIC06) - ECT,Private - Values - Electronic card transactions  A/S/T by industry,Actual,Accommodation,,,
2267,ECTM.S1AH2110,2011.1,123.1,,F,Dollars,6,Electronic Card Transactions (ANZSIC06) - ECT,Private - Values - Electronic card transactions  A/S/T by industry,Actual,Accommodation,,,
2268,ECTM.S1AH2110,2011.11,128.7,,F,Dollars,6,Electronic Card Transactions (ANZSIC06) - ECT,Private - Values - Electronic card transactions  A/S/T by industry,Actual,Accommodation,,,
2269,ECTM.S1AH2110,2011.12,139.9,,F,Dollars,6,Electronic Card Transactions (ANZSIC06) - ECT,Private - Values - Electronic card transactions  A/S/T by industry,Actual,Accommodation,,,
2270,ECTM.S1AH2110,2012.01,162.6,,F,Dollars,6,Electronic Card Transactions (ANZSIC06) - ECT,Private - Values - Electronic card transactions  A/S/T by industry,Actual,Accommodation,,,
2271,ECTM.S1AH2110,2012.02,146.4,,F,Dollars,6,Electronic Card Transactions (ANZSIC06) - ECT,Private - Values - Electronic card transactions  A/S/T by industry,Actual,Accommodation,,,
2272,ECTM.S1AH2110,2012.03,144.1,,F,Dollars,6,Electronic Card Transactions (ANZSIC06) - ECT,Private - Values - Electronic card transactions  A/S/T by industry,Actual,Accommodation,,,
2273,ECTM.S1AH2110,2012.04,123.8,,F,Dollars,6,Electronic Card Transactions (ANZSIC06) - ECT,Private - Values - Electronic card transactions  A/S/T by industry,Actual,Accommodation,,,
2274,ECTM.S1AH2110,2012.05,101.6,,F,Dollars,6,Electronic Card Transactions (ANZSIC06) - ECT,Private - Values - Electronic card transactions  A/S/T by industry,Actual,Accommodation,,,
2275,ECTM.S1AH2110,2012.06,99.8,,F,Dollars,6,Electronic Card Transactions (ANZSIC06) - ECT,Private - Values - Electronic card transactions  A/S/T by industry,Actual,Accommodation,,,
2276,ECTM.S1AH2110,2012.07,110.3,,F,Dollars,6,Electronic Card Transactions (ANZSIC06) - ECT,Private - Values - Electronic card transactions  A/S/T by industry,Actual,Accommodation,,,
2277,ECTM.S1AH2110,2012.08,108,,F,Dollars,6,Electronic Card Transactions (ANZSIC06) - ECT,Private - Values - Electronic card transactions  A/S/T by industry,Actual,Accommodation,,,
2278,ECTM.S1AH2110,2012.09,108.7,,F,Dollars,6,Electronic Card Transactions (ANZSIC06) - ECT,Private - Values - Electronic card transactions  A/S/T by industry,Actual,Accommodation,,,
2279,ECTM.S1AH2110,2012.1,123.2,,F,Dollars,6,Electronic Card Transactions (ANZSIC06) - ECT,Private - Values - Electronic card transactions  A/S/T by industry,Actual,Accommodation,,,
2280,ECTM.S1AH2110,2012.11,128.8,,F,Dollars,6,Electronic Card Transactions (ANZSIC06) - ECT,Private - Values - Electronic card transactions  A/S/T by industry,Actual,Accommodation,,,
2281,ECTM.S1AH2110,2012.12,141.9,,F,Dollars,6,Electronic Card Transactions (ANZSIC06) - ECT,Private - Values - Electronic card transactions  A/S/T by industry,Actual,Accommodation,,,
2282,ECTM.S1AH2110,2013.01,164.7,,F,Dollars,6,Electronic Card Transactions (ANZSIC06) - ECT,Private - Values - Electronic card transactions  A/S/T by industry,Actual,Accommodation,,,
2283,ECTM.S1AH2110,2013.02,145,,F,Dollars,6,Electronic Card Transactions (ANZSIC06) - ECT,Private - Values - Electronic card transactions  A/S/T by industry,Actual,Accommodation,,,
2284,ECTM.S1AH2110,2013.03,153.9,,F,Dollars,6,Electronic Card Transactions (ANZSIC06) - ECT,Private - Values - Electronic card transactions  A/S/T by industry,Actual,Accommodation,,,
2285,ECTM.S1AH2110,2013.04,127.5,,F,Dollars,6,Electronic Card Transactions (ANZSIC06) - ECT,Private - Values - Electronic card transactions  A/S/T by industry,Actual,Accommodation,,,
2286,ECTM.S1AH2110,2013.05,109.6,,F,Dollars,6,Electronic Card Transactions (ANZSIC06) - ECT,Private - Values - Electronic card transactions  A/S/T by industry,Actual,Accommodation,,,
2287,ECTM.S1AH2110,2013.06,102.1,,F,Dollars,6,Electronic Card Transactions (ANZSIC06) - ECT,Private - Values - Electronic card transactions  A/S/T by industry,Actual,Accommodation,,,
2288,ECTM.S1AH2110,2013.07,119,,F,Dollars,6,Electronic Card Transactions (ANZSIC06) - ECT,Private - Values - Electronic card transactions  A/S/T by industry,Actual,Accommodation,,,
2289,ECTM.S1AH2110,2013.08,117.6,,F,Dollars,6,Electronic Card Transactions (ANZSIC06) - ECT,Private - Values - Electronic card transactions  A/S/T by industry,Actual,Accommodation,,,
2290,ECTM.S1AH2110,2013.09,117,,F,Dollars,6,Electronic Card Transactions (ANZSIC06) - ECT,Private - Values - Electronic card transactions  A/S/T by industry,Actual,Accommodation,,,
2291,ECTM.S1AH2110,2013.1,135,,F,Dollars,6,Electronic Card Transactions (ANZSIC06) - ECT,Private - Values - Electronic card transactions  A/S/T by industry,Actual,Accommodation,,,
2292,ECTM.S1AH2110,2013.11,141,,F,Dollars,6,Electronic Card Transactions (ANZSIC06) - ECT,Private - Values - Electronic card transactions  A/S/T by industry,Actual,Accommodation,,,
2293,ECTM.S1AH2110,2013.12,156.8,,F,Dollars,6,Electronic Card Transactions (ANZSIC06) - ECT,Private - Values - Electronic card transactions  A/S/T by industry,Actual,Accommodation,,,
2294,ECTM.S1AH2110,2014.01,185.4,,F,Dollars,6,Electronic Card Transactions (ANZSIC06) - ECT,Private - Values - Electronic card transactions  A/S/T by industry,Actual,Accommodation,,,
2295,ECTM.S1AH2110,2014.02,166.6,,F,Dollars,6,Electronic Card Transactions (ANZSIC06) - ECT,Private - Values - Electronic card transactions  A/S/T by industry,Actual,Accommodation,,,
2296,ECTM.S1AH2110,2014.03,166.5,,F,Dollars,6,Electronic Card Transactions (ANZSIC06) - ECT,Private - Values - Electronic card transactions  A/S/T by industry,Actual,Accommodation,,,
2297,ECTM.S1AH2110,2014.04,145.6,,F,Dollars,6,Electronic Card Transactions (ANZSIC06) - ECT,Private - Values - Electronic card transactions  A/S/T by industry,Actual,Accommodation,,,
2298,ECTM.S1AH2110,2014.05,123.6,,F,Dollars,6,Electronic Card Transactions (ANZSIC06) - ECT,Private - Values - Electronic card transactions  A/S/T by industry,Actual,Accommodation,,,
2299,ECTM.S1AH2110,2014.06,110.9,,F,Dollars,6,Electronic Card Transactions (ANZSIC06) - ECT,Private - Values - Electronic card transactions  A/S/T by industry,Actual,Accommodation,,,
2300,ECTM.S1AH2110,2014.07,129.7,,F,Dollars,6,Electronic Card Transactions (ANZSIC06) - ECT,Private - Values - Electronic card transactions  A/S/T by industry,Actual,Accommodation,,,
2301,ECTM.S1AH2110,2014.08,129.4,,F,Dollars,6,Electronic Card Transactions (ANZSIC06) - ECT,Private - Values - Electronic card transactions  A/S/T by industry,Actual,Accommodation,,,
2302,ECTM.S1AH2110,2014.09,126.3,,F,Dollars,6,Electronic Card Transactions (ANZSIC06) - ECT,Private - Values - Electronic card transactions  A/S/T by industry,Actual,Accommodation,,,
2303,ECTM.S1AH2110,2014.1,148.8,,F,Dollars,6,Electronic Card Transactions (ANZSIC06) - ECT,Private - Values - Electronic card transactions  A/S/T by industry,Actual,Accommodation,,,
2304,ECTM.S1AH2110,2014.11,158.4,,F,Dollars,6,Electronic Card Transactions (ANZSIC06) - ECT,Private - Values - Electronic card transactions  A/S/T by industry,Actual,Accommodation,,,
2305,ECTM.S1AH2110,2014.12,174.7,,F,Dollars,6,Electronic Card Transactions (ANZSIC06) - ECT,Private - Values - Electronic card transactions  A/S/T by industry,Actual,Accommodation,,,
2306,ECTM.S1AH2110,2015.01,205.3,,F,Dollars,6,Electronic Card Transactions (ANZSIC06) - ECT,Private - Values - Electronic card transactions  A/S/T by industry,Actual,Accommodation,,,
2307,ECTM.S1AH2110,2015.02,188.7,,F,Dollars,6,Electronic Card Transactions (ANZSIC06) - ECT,Private - Values - Electronic card transactions  A/S/T by industry,Actual,Accommodation,,,
2308,ECTM.S1AH2110,2015.03,188.4,,F,Dollars,6,Electronic Card Transactions (ANZSIC06) - ECT,Private - Values - Electronic card transactions  A/S/T by industry,Actual,Accommodation,,,
2309,ECTM.S1AH2110,2015.04,162.1,,F,Dollars,6,Electronic Card Transactions (ANZSIC06) - ECT,Private - Values - Electronic card transactions  A/S/T by industry,Actual,Accommodation,,,
2310,ECTM.S1AH2110,2015.05,134,,F,Dollars,6,Electronic Card Transactions (ANZSIC06) - ECT,Private - Values - Electronic card transactions  A/S/T by industry,Actual,Accommodation,,,
2311,ECTM.S1AH2110,2015.06,120.9,,F,Dollars,6,Electronic Card Transactions (ANZSIC06) - ECT,Private - Values - Electronic card transactions  A/S/T by industry,Actual,Accommodation,,,
2312,ECTM.S1AH2110,2015.07,145,,F,Dollars,6,Electronic Card Transactions (ANZSIC06) - ECT,Private - Values - Electronic card transactions  A/S/T by industry,Actual,Accommodation,,,
2313,ECTM.S1AH2110,2015.08,141.3,,F,Dollars,6,Electronic Card Transactions (ANZSIC06) - ECT,Private - Values - Electronic card transactions  A/S/T by industry,Actual,Accommodation,,,
2314,ECTM.S1AH2110,2015.09,140.9,,F,Dollars,6,Electronic Card Transactions (ANZSIC06) - ECT,Private - Values - Electronic card transactions  A/S/T by industry,Actual,Accommodation,,,
2315,ECTM.S1AH2110,2015.1,164.7,,F,Dollars,6,Electronic Card Transactions (ANZSIC06) - ECT,Private - Values - Electronic card transactions  A/S/T by industry,Actual,Accommodation,,,
2316,ECTM.S1AH2110,2015.11,178.8,,F,Dollars,6,Electronic Card Transactions (ANZSIC06) - ECT,Private - Values - Electronic card transactions  A/S/T by industry,Actual,Accommodation,,,
2317,ECTM.S1AH2110,2015.12,199.5,,F,Dollars,6,Electronic Card Transactions (ANZSIC06) - ECT,Private - Values - Electronic card transactions  A/S/T by industry,Actual,Accommodation,,,
2318,ECTM.S1AH2110,2016.01,235.6,,F,Dollars,6,Electronic Card Transactions (ANZSIC06) - ECT,Private - Values - Electronic card transactions  A/S/T by industry,Actual,Accommodation,,,
2319,ECTM.S1AH2110,2016.02,217.5,,F,Dollars,6,Electronic Card Transactions (ANZSIC06) - ECT,Private - Values - Electronic card transactions  A/S/T by industry,Actual,Accommodation,,,
2320,ECTM.S1AH2110,2016.03,215.1,,F,Dollars,6,Electronic Card Transactions (ANZSIC06) - ECT,Private - Values - Electronic card transactions  A/S/T by industry,Actual,Accommodation,,,
2321,ECTM.S1AH2110,2016.04,183.4,,F,Dollars,6,Electronic Card Transactions (ANZSIC06) - ECT,Private - Values - Electronic card transactions  A/S/T by industry,Actual,Accommodation,,,
2322,ECTM.S1AH2110,2016.05,152.9,,F,Dollars,6,Electronic Card Transactions (ANZSIC06) - ECT,Private - Values - Electronic card transactions  A/S/T by industry,Actual,Accommodation,,,
2323,ECTM.S1AH2110,2016.06,147.4,,F,Dollars,6,Electronic Card Transactions (ANZSIC06) - ECT,Private - Values - Electronic card transactions  A/S/T by industry,Actual,Accommodation,,,
2324,ECTM.S1AH2110,2016.07,179.3,,F,Dollars,6,Electronic Card Transactions (ANZSIC06) - ECT,Private - Values - Electronic card transactions  A/S/T by industry,Actual,Accommodation,,,
2325,ECTM.S1AH2110,2016.08,171.1,,F,Dollars,6,Electronic Card Transactions (ANZSIC06) - ECT,Private - Values - Electronic card transactions  A/S/T by industry,Actual,Accommodation,,,
2326,ECTM.S1AH2110,2016.09,178.1,,F,Dollars,6,Electronic Card Transactions (ANZSIC06) - ECT,Private - Values - Electronic card transactions  A/S/T by industry,Actual,Accommodation,,,
2327,ECTM.S1AH2110,2016.1,208.5,,F,Dollars,6,Electronic Card Transactions (ANZSIC06) - ECT,Private - Values - Electronic card transactions  A/S/T by industry,Actual,Accommodation,,,
2328,ECTM.S1AH2110,2016.11,208.4,,F,Dollars,6,Electronic Card Transactions (ANZSIC06) - ECT,Private - Values - Electronic card transactions  A/S/T by industry,Actual,Accommodation,,,
2329,ECTM.S1AH2110,2016.12,233.7,,F,Dollars,6,Electronic Card Transactions (ANZSIC06) - ECT,Private - Values - Electronic card transactions  A/S/T by industry,Actual,Accommodation,,,
2330,ECTM.S1AH2110,2017.01,268.9,,F,Dollars,6,Electronic Card Transactions (ANZSIC06) - ECT,Private - Values - Electronic card transactions  A/S/T by industry,Actual,Accommodation,,,
2331,ECTM.S1AH2110,2017.02,240.3,,F,Dollars,6,Electronic Card Transactions (ANZSIC06) - ECT,Private - Values - Electronic card transactions  A/S/T by industry,Actual,Accommodation,,,
2332,ECTM.S1AH2110,2017.03,237.5,,F,Dollars,6,Electronic Card Transactions (ANZSIC06) - ECT,Private - Values - Electronic card transactions  A/S/T by industry,Actual,Accommodation,,,
2333,ECTM.S1AH2110,2017.04,207.3,,F,Dollars,6,Electronic Card Transactions (ANZSIC06) - ECT,Private - Values - Electronic card transactions  A/S/T by industry,Actual,Accommodation,,,
2334,ECTM.S1AH2110,2017.05,166.9,,F,Dollars,6,Electronic Card Transactions (ANZSIC06) - ECT,Private - Values - Electronic card transactions  A/S/T by industry,Actual,Accommodation,,,
2335,ECTM.S1AH2110,2017.06,161.1,,F,Dollars,6,Electronic Card Transactions (ANZSIC06) - ECT,Private - Values - Electronic card transactions  A/S/T by industry,Actual,Accommodation,,,
2336,ECTM.S1AH2110,2017.07,182.7,,F,Dollars,6,Electronic Card Transactions (ANZSIC06) - ECT,Private - Values - Electronic card transactions  A/S/T by industry,Actual,Accommodation,,,
2337,ECTM.S1AH2110,2017.08,168.6,,F,Dollars,6,Electronic Card Transactions (ANZSIC06) - ECT,Private - Values - Electronic card transactions  A/S/T by industry,Actual,Accommodation,,,
2338,ECTM.S1AH2110,2017.09,171.3,,F,Dollars,6,Electronic Card Transactions (ANZSIC06) - ECT,Private - Values - Electronic card transactions  A/S/T by industry,Actual,Accommodation,,,
2339,ECTM.S1AH2110,2017.1,202.6,,F,Dollars,6,Electronic Card Transactions (ANZSIC06) - ECT,Private - Values - Electronic card transactions  A/S/T by industry,Actual,Accommodation,,,
2340,ECTM.S1AH2110,2017.11,221.6,,F,Dollars,6,Electronic Card Transactions (ANZSIC06) - ECT,Private - Values - Electronic card transactions  A/S/T by industry,Actual,Accommodation,,,
2341,ECTM.S1AH2110,2017.12,248,,F,Dollars,6,Electronic Card Transactions (ANZSIC06) - ECT,Private - Values - Electronic card transactions  A/S/T by industry,Actual,Accommodation,,,
2342,ECTM.S1AH2110,2018.01,271.9,,F,Dollars,6,Electronic Card Transactions (ANZSIC06) - ECT,Private - Values - Electronic card transactions  A/S/T by industry,Actual,Accommodation,,,
2343,ECTM.S1AH2110,2018.02,249.6,,F,Dollars,6,Electronic Card Transactions (ANZSIC06) - ECT,Private - Values - Electronic card transactions  A/S/T by industry,Actual,Accommodation,,,
2344,ECTM.S1AH2110,2018.03,258.2,,F,Dollars,6,Electronic Card Transactions (ANZSIC06) - ECT,Private - Values - Electronic card transactions  A/S/T by industry,Actual,Accommodation,,,
2345,ECTM.S1AH2110,2018.04,206.8,,F,Dollars,6,Electronic Card Transactions (ANZSIC06) - ECT,Private - Values - Electronic card transactions  A/S/T by industry,Actual,Accommodation,,,
2346,ECTM.S1AH2110,2018.05,171.7,,F,Dollars,6,Electronic Card Transactions (ANZSIC06) - ECT,Private - Values - Electronic card transactions  A/S/T by industry,Actual,Accommodation,,,
2347,ECTM.S1AH2110,2018.06,161.8,,F,Dollars,6,Electronic Card Transactions (ANZSIC06) - ECT,Private - Values - Electronic card transactions  A/S/T by industry,Actual,Accommodation,,,
2348,ECTM.S1AH2110,2018.07,189,,F,Dollars,6,Electronic Card Transactions (ANZSIC06) - ECT,Private - Values - Electronic card transactions  A/S/T by industry,Actual,Accommodation,,,
2349,ECTM.S1AH2110,2018.08,184.6,,F,Dollars,6,Electronic Card Transactions (ANZSIC06) - ECT,Private - Values - Electronic card transactions  A/S/T by industry,Actual,Accommodation,,,
2350,ECTM.S1AH2110,2018.09,186.6,,F,Dollars,6,Electronic Card Transactions (ANZSIC06) - ECT,Private - Values - Electronic card transactions  A/S/T by industry,Actual,Accommodation,,,
2351,ECTM.S1AH2110,2018.1,215.1,,F,Dollars,6,Electronic Card Transactions (ANZSIC06) - ECT,Private - Values - Electronic card transactions  A/S/T by industry,Actual,Accommodation,,,
2352,ECTM.S1AH2110,2018.11,238.3,,F,Dollars,6,Electronic Card Transactions (ANZSIC06) - ECT,Private - Values - Electronic card transactions  A/S/T by industry,Actual,Accommodation,,,
2353,ECTM.S1AH2110,2018.12,256.5,,F,Dollars,6,Electronic Card Transactions (ANZSIC06) - ECT,Private - Values - Electronic card transactions  A/S/T by industry,Actual,Accommodation,,,
2354,ECTM.S1AH2110,2019.01,283.3,,F,Dollars,6,Electronic Card Transactions (ANZSIC06) - ECT,Private - Values - Electronic card transactions  A/S/T by industry,Actual,Accommodation,,,
2355,ECTM.S1AH2110,2019.02,258.2,,F,Dollars,6,Electronic Card Transactions (ANZSIC06) - ECT,Private - Values - Electronic card transactions  A/S/T by industry,Actual,Accommodation,,,
2356,ECTM.S1AH2110,2019.03,259.2,,F,Dollars,6,Electronic Card Transactions (ANZSIC06) - ECT,Private - Values - Electronic card transactions  A/S/T by industry,Actual,Accommodation,,,
2357,ECTM.S1AH2110,2019.04,221.3,,F,Dollars,6,Electronic Card Transactions (ANZSIC06) - ECT,Private - Values - Electronic card transactions  A/S/T by industry,Actual,Accommodation,,,
2358,ECTM.S1AH2110,2019.05,177.4,,F,Dollars,6,Electronic Card Transactions (ANZSIC06) - ECT,Private - Values - Electronic card transactions  A/S/T by industry,Actual,Accommodation,,,
2359,ECTM.S1AH2110,2019.06,163.2,,F,Dollars,6,Electronic Card Transactions (ANZSIC06) - ECT,Private - Values - Electronic card transactions  A/S/T by industry,Actual,Accommodation,,,
2360,ECTM.S1AH2110,2019.07,186.7,,F,Dollars,6,Electronic Card Transactions (ANZSIC06) - ECT,Private - Values - Electronic card transactions  A/S/T by industry,Actual,Accommodation,,,
2361,ECTM.S1AH2110,2019.08,186.6,,F,Dollars,6,Electronic Card Transactions (ANZSIC06) - ECT,Private - Values - Electronic card transactions  A/S/T by industry,Actual,Accommodation,,,
2362,ECTM.S1AH2110,2019.09,187,,F,Dollars,6,Electronic Card Transactions (ANZSIC06) - ECT,Private - Values - Electronic card transactions  A/S/T by industry,Actual,Accommodation,,,
2363,ECTM.S1AH2110,2019.1,213.5,,F,Dollars,6,Electronic Card Transactions (ANZSIC06) - ECT,Private - Values - Electronic card transactions  A/S/T by industry,Actual,Accommodation,,,
2364,ECTM.S1AH2110,2019.11,239.5,,F,Dollars,6,Electronic Card Transactions (ANZSIC06) - ECT,Private - Values - Electronic card transactions  A/S/T by industry,Actual,Accommodation,,,
2365,ECTM.S1AH2110,2019.12,258.1,,F,Dollars,6,Electronic Card Transactions (ANZSIC06) - ECT,Private - Values - Electronic card transactions  A/S/T by industry,Actual,Accommodation,,,
2366,ECTM.S1AH2110,2020.01,284.4,,F,Dollars,6,Electronic Card Transactions (ANZSIC06) - ECT,Private - Values - Electronic card transactions  A/S/T by industry,Actual,Accommodation,,,
2367,ECTM.S1AH2110,2020.02,262.2,,F,Dollars,6,Electronic Card Transactions (ANZSIC06) - ECT,Private - Values - Electronic card transactions  A/S/T by industry,Actual,Accommodation,,,
2368,ECTM.S1AH2110,2020.03,162.5,,F,Dollars,6,Electronic Card Transactions (ANZSIC06) - ECT,Private - Values - Electronic card transactions  A/S/T by industry,Actual,Accommodation,,,
2369,ECTM.S1AH2110,2020.04,12.8,,F,Dollars,6,Electronic Card Transactions (ANZSIC06) - ECT,Private - Values - Electronic card transactions  A/S/T by industry,Actual,Accommodation,,,
2370,ECTM.S1SH2110,2007.03,Could not be seasonally adjusted,,R,Dollars,6,Electronic Card Transactions (ANZSIC06) - ECT,Private - Values - Electronic card transactions  A/S/T by industry,Seasonally adjusted,Accommodation,,,
2371,ECTM.S1SH2110,2007.04,Could not be seasonally adjusted,,R,Dollars,6,Electronic Card Transactions (ANZSIC06) - ECT,Private - Values - Electronic card transactions  A/S/T by industry,Seasonally adjusted,Accommodation,,,
2372,ECTM.S1SH2110,2007.05,Could not be seasonally adjusted,,R,Dollars,6,Electronic Card Transactions (ANZSIC06) - ECT,Private - Values - Electronic card transactions  A/S/T by industry,Seasonally adjusted,Accommodation,,,
2373,ECTM.S1SH2110,2007.06,Could not be seasonally adjusted,,R,Dollars,6,Electronic Card Transactions (ANZSIC06) - ECT,Private - Values - Electronic card transactions  A/S/T by industry,Seasonally adjusted,Accommodation,,,
2374,ECTM.S1SH2110,2007.07,Could not be seasonally adjusted,,R,Dollars,6,Electronic Card Transactions (ANZSIC06) - ECT,Private - Values - Electronic card transactions  A/S/T by industry,Seasonally adjusted,Accommodation,,,
2375,ECTM.S1SH2110,2007.08,Could not be seasonally adjusted,,R,Dollars,6,Electronic Card Transactions (ANZSIC06) - ECT,Private - Values - Electronic card transactions  A/S/T by industry,Seasonally adjusted,Accommodation,,,
2376,ECTM.S1SH2110,2007.09,Could not be seasonally adjusted,,R,Dollars,6,Electronic Card Transactions (ANZSIC06) - ECT,Private - Values - Electronic card transactions  A/S/T by industry,Seasonally adjusted,Accommodation,,,
2377,ECTM.S1SH2110,2007.1,Could not be seasonally adjusted,,R,Dollars,6,Electronic Card Transactions (ANZSIC06) - ECT,Private - Values - Electronic card transactions  A/S/T by industry,Seasonally adjusted,Accommodation,,,
2378,ECTM.S1SH2110,2007.11,Could not be seasonally adjusted,,R,Dollars,6,Electronic Card Transactions (ANZSIC06) - ECT,Private - Values - Electronic card transactions  A/S/T by industry,Seasonally adjusted,Accommodation,,,
2379,ECTM.S1SH2110,2007.12,Could not be seasonally adjusted,,R,Dollars,6,Electronic Card Transactions (ANZSIC06) - ECT,Private - Values - Electronic card transactions  A/S/T by industry,Seasonally adjusted,Accommodation,,,
2380,ECTM.S1SH2110,2008.01,Could not be seasonally adjusted,,R,Dollars,6,Electronic Card Transactions (ANZSIC06) - ECT,Private - Values - Electronic card transactions  A/S/T by industry,Seasonally adjusted,Accommodation,,,
2381,ECTM.S1SH2110,2008.02,Could not be seasonally adjusted,,R,Dollars,6,Electronic Card Transactions (ANZSIC06) - ECT,Private - Values - Electronic card transactions  A/S/T by industry,Seasonally adjusted,Accommodation,,,
2382,ECTM.S1SH2110,2008.03,Could not be seasonally adjusted,,R,Dollars,6,Electronic Card Transactions (ANZSIC06) - ECT,Private - Values - Electronic card transactions  A/S/T by industry,Seasonally adjusted,Accommodation,,,
2383,ECTM.S1SH2110,2008.04,Could not be seasonally adjusted,,R,Dollars,6,Electronic Card Transactions (ANZSIC06) - ECT,Private - Values - Electronic card transactions  A/S/T by industry,Seasonally adjusted,Accommodation,,,
2384,ECTM.S1SH2110,2008.05,Could not be seasonally adjusted,,R,Dollars,6,Electronic Card Transactions (ANZSIC06) - ECT,Private - Values - Electronic card transactions  A/S/T by industry,Seasonally adjusted,Accommodation,,,
2385,ECTM.S1SH2110,2008.06,Could not be seasonally adjusted,,R,Dollars,6,Electronic Card Transactions (ANZSIC06) - ECT,Private - Values - Electronic card transactions  A/S/T by industry,Seasonally adjusted,Accommodation,,,
2386,ECTM.S1SH2110,2008.07,Could not be seasonally adjusted,,R,Dollars,6,Electronic Card Transactions (ANZSIC06) - ECT,Private - Values - Electronic card transactions  A/S/T by industry,Seasonally adjusted,Accommodation,,,
2387,ECTM.S1SH2110,2008.08,Could not be seasonally adjusted,,R,Dollars,6,Electronic Card Transactions (ANZSIC06) - ECT,Private - Values - Electronic card transactions  A/S/T by industry,Seasonally adjusted,Accommodation,,,
2388,ECTM.S1SH2110,2008.09,Could not be seasonally adjusted,,R,Dollars,6,Electronic Card Transactions (ANZSIC06) - ECT,Private - Values - Electronic card transactions  A/S/T by industry,Seasonally adjusted,Accommodation,,,
2389,ECTM.S1SH2110,2008.1,Could not be seasonally adjusted,,R,Dollars,6,Electronic Card Transactions (ANZSIC06) - ECT,Private - Values - Electronic card transactions  A/S/T by industry,Seasonally adjusted,Accommodation,,,
2390,ECTM.S1SH2110,2008.11,Could not be seasonally adjusted,,R,Dollars,6,Electronic Card Transactions (ANZSIC06) - ECT,Private - Values - Electronic card transactions  A/S/T by industry,Seasonally adjusted,Accommodation,,,
2391,ECTM.S1SH2110,2008.12,Could not be seasonally adjusted,,R,Dollars,6,Electronic Card Transactions (ANZSIC06) - ECT,Private - Values - Electronic card transactions  A/S/T by industry,Seasonally adjusted,Accommodation,,,
2392,ECTM.S1SH2110,2009.01,Could not be seasonally adjusted,,R,Dollars,6,Electronic Card Transactions (ANZSIC06) - ECT,Private - Values - Electronic card transactions  A/S/T by industry,Seasonally adjusted,Accommodation,,,
2393,ECTM.S1SH2110,2009.02,Could not be seasonally adjusted,,R,Dollars,6,Electronic Card Transactions (ANZSIC06) - ECT,Private - Values - Electronic card transactions  A/S/T by industry,Seasonally adjusted,Accommodation,,,
2394,ECTM.S1SH2110,2009.03,Could not be seasonally adjusted,,R,Dollars,6,Electronic Card Transactions (ANZSIC06) - ECT,Private - Values - Electronic card transactions  A/S/T by industry,Seasonally adjusted,Accommodation,,,
2395,ECTM.S1SH2110,2009.04,Could not be seasonally adjusted,,R,Dollars,6,Electronic Card Transactions (ANZSIC06) - ECT,Private - Values - Electronic card transactions  A/S/T by industry,Seasonally adjusted,Accommodation,,,
2396,ECTM.S1SH2110,2009.05,Could not be seasonally adjusted,,R,Dollars,6,Electronic Card Transactions (ANZSIC06) - ECT,Private - Values - Electronic card transactions  A/S/T by industry,Seasonally adjusted,Accommodation,,,
2397,ECTM.S1SH2110,2009.06,Could not be seasonally adjusted,,R,Dollars,6,Electronic Card Transactions (ANZSIC06) - ECT,Private - Values - Electronic card transactions  A/S/T by industry,Seasonally adjusted,Accommodation,,,
2398,ECTM.S1SH2110,2009.07,Could not be seasonally adjusted,,R,Dollars,6,Electronic Card Transactions (ANZSIC06) - ECT,Private - Values - Electronic card transactions  A/S/T by industry,Seasonally adjusted,Accommodation,,,
2399,ECTM.S1SH2110,2009.08,Could not be seasonally adjusted,,R,Dollars,6,Electronic Card Transactions (ANZSIC06) - ECT,Private - Values - Electronic card transactions  A/S/T by industry,Seasonally adjusted,Accommodation,,,
2400,ECTM.S1SH2110,2009.09,Could not be seasonally adjusted,,R,Dollars,6,Electronic Card Transactions (ANZSIC06) - ECT,Private - Values - Electronic card transactions  A/S/T by industry,Seasonally adjusted,Accommodation,,,
2401,ECTM.S1SH2110,2009.1,Could not be seasonally adjusted,,R,Dollars,6,Electronic Card Transactions (ANZSIC06) - ECT,Private - Values - Electronic card transactions  A/S/T by industry,Seasonally adjusted,Accommodation,,,
2402,ECTM.S1SH2110,2009.11,Could not be seasonally adjusted,,R,Dollars,6,Electronic Card Transactions (ANZSIC06) - ECT,Private - Values - Electronic card transactions  A/S/T by industry,Seasonally adjusted,Accommodation,,,
2403,ECTM.S1SH2110,2009.12,Could not be seasonally adjusted,,R,Dollars,6,Electronic Card Transactions (ANZSIC06) - ECT,Private - Values - Electronic card transactions  A/S/T by industry,Seasonally adjusted,Accommodation,,,
2404,ECTM.S1SH2110,2010.01,Could not be seasonally adjusted,,R,Dollars,6,Electronic Card Transactions (ANZSIC06) - ECT,Private - Values - Electronic card transactions  A/S/T by industry,Seasonally adjusted,Accommodation,,,
2405,ECTM.S1SH2110,2010.02,Could not be seasonally adjusted,,R,Dollars,6,Electronic Card Transactions (ANZSIC06) - ECT,Private - Values - Electronic card transactions  A/S/T by industry,Seasonally adjusted,Accommodation,,,
2406,ECTM.S1SH2110,2010.03,Could not be seasonally adjusted,,R,Dollars,6,Electronic Card Transactions (ANZSIC06) - ECT,Private - Values - Electronic card transactions  A/S/T by industry,Seasonally adjusted,Accommodation,,,
2407,ECTM.S1SH2110,2010.04,Could not be seasonally adjusted,,R,Dollars,6,Electronic Card Transactions (ANZSIC06) - ECT,Private - Values - Electronic card transactions  A/S/T by industry,Seasonally adjusted,Accommodation,,,
2408,ECTM.S1SH2110,2010.05,Could not be seasonally adjusted,,R,Dollars,6,Electronic Card Transactions (ANZSIC06) - ECT,Private - Values - Electronic card transactions  A/S/T by industry,Seasonally adjusted,Accommodation,,,
2409,ECTM.S1SH2110,2010.06,Could not be seasonally adjusted,,R,Dollars,6,Electronic Card Transactions (ANZSIC06) - ECT,Private - Values - Electronic card transactions  A/S/T by industry,Seasonally adjusted,Accommodation,,,
2410,ECTM.S1SH2110,2010.07,Could not be seasonally adjusted,,R,Dollars,6,Electronic Card Transactions (ANZSIC06) - ECT,Private - Values - Electronic card transactions  A/S/T by industry,Seasonally adjusted,Accommodation,,,
2411,ECTM.S1SH2110,2010.08,Could not be seasonally adjusted,,R,Dollars,6,Electronic Card Transactions (ANZSIC06) - ECT,Private - Values - Electronic card transactions  A/S/T by industry,Seasonally adjusted,Accommodation,,,
2412,ECTM.S1SH2110,2010.09,Could not be seasonally adjusted,,R,Dollars,6,Electronic Card Transactions (ANZSIC06) - ECT,Private - Values - Electronic card transactions  A/S/T by industry,Seasonally adjusted,Accommodation,,,
2413,ECTM.S1SH2110,2010.1,Could not be seasonally adjusted,,R,Dollars,6,Electronic Card Transactions (ANZSIC06) - ECT,Private - Values - Electronic card transactions  A/S/T by industry,Seasonally adjusted,Accommodation,,,
2414,ECTM.S1SH2110,2010.11,Could not be seasonally adjusted,,R,Dollars,6,Electronic Card Transactions (ANZSIC06) - ECT,Private - Values - Electronic card transactions  A/S/T by industry,Seasonally adjusted,Accommodation,,,
2415,ECTM.S1SH2110,2010.12,Could not be seasonally adjusted,,R,Dollars,6,Electronic Card Transactions (ANZSIC06) - ECT,Private - Values - Electronic card transactions  A/S/T by industry,Seasonally adjusted,Accommodation,,,
2416,ECTM.S1SH2110,2011.01,Could not be seasonally adjusted,,R,Dollars,6,Electronic Card Transactions (ANZSIC06) - ECT,Private - Values - Electronic card transactions  A/S/T by industry,Seasonally adjusted,Accommodation,,,
2417,ECTM.S1SH2110,2011.02,Could not be seasonally adjusted,,R,Dollars,6,Electronic Card Transactions (ANZSIC06) - ECT,Private - Values - Electronic card transactions  A/S/T by industry,Seasonally adjusted,Accommodation,,,
2418,ECTM.S1SH2110,2011.03,Could not be seasonally adjusted,,R,Dollars,6,Electronic Card Transactions (ANZSIC06) - ECT,Private - Values - Electronic card transactions  A/S/T by industry,Seasonally adjusted,Accommodation,,,
2419,ECTM.S1SH2110,2011.04,Could not be seasonally adjusted,,R,Dollars,6,Electronic Card Transactions (ANZSIC06) - ECT,Private - Values - Electronic card transactions  A/S/T by industry,Seasonally adjusted,Accommodation,,,
2420,ECTM.S1SH2110,2011.05,Could not be seasonally adjusted,,R,Dollars,6,Electronic Card Transactions (ANZSIC06) - ECT,Private - Values - Electronic card transactions  A/S/T by industry,Seasonally adjusted,Accommodation,,,
2421,ECTM.S1SH2110,2011.06,Could not be seasonally adjusted,,R,Dollars,6,Electronic Card Transactions (ANZSIC06) - ECT,Private - Values - Electronic card transactions  A/S/T by industry,Seasonally adjusted,Accommodation,,,
2422,ECTM.S1SH2110,2011.07,Could not be seasonally adjusted,,R,Dollars,6,Electronic Card Transactions (ANZSIC06) - ECT,Private - Values - Electronic card transactions  A/S/T by industry,Seasonally adjusted,Accommodation,,,
2423,ECTM.S1SH2110,2011.08,Could not be seasonally adjusted,,R,Dollars,6,Electronic Card Transactions (ANZSIC06) - ECT,Private - Values - Electronic card transactions  A/S/T by industry,Seasonally adjusted,Accommodation,,,
2424,ECTM.S1SH2110,2011.09,Could not be seasonally adjusted,,R,Dollars,6,Electronic Card Transactions (ANZSIC06) - ECT,Private - Values - Electronic card transactions  A/S/T by industry,Seasonally adjusted,Accommodation,,,
2425,ECTM.S1SH2110,2011.1,Could not be seasonally adjusted,,R,Dollars,6,Electronic Card Transactions (ANZSIC06) - ECT,Private - Values - Electronic card transactions  A/S/T by industry,Seasonally adjusted,Accommodation,,,
2426,ECTM.S1SH2110,2011.11,Could not be seasonally adjusted,,R,Dollars,6,Electronic Card Transactions (ANZSIC06) - ECT,Private - Values - Electronic card transactions  A/S/T by industry,Seasonally adjusted,Accommodation,,,
2427,ECTM.S1SH2110,2011.12,Could not be seasonally adjusted,,R,Dollars,6,Electronic Card Transactions (ANZSIC06) - ECT,Private - Values - Electronic card transactions  A/S/T by industry,Seasonally adjusted,Accommodation,,,
2428,ECTM.S1SH2110,2012.01,Could not be seasonally adjusted,,R,Dollars,6,Electronic Card Transactions (ANZSIC06) - ECT,Private - Values - Electronic card transactions  A/S/T by industry,Seasonally adjusted,Accommodation,,,
2429,ECTM.S1SH2110,2012.02,Could not be seasonally adjusted,,R,Dollars,6,Electronic Card Transactions (ANZSIC06) - ECT,Private - Values - Electronic card transactions  A/S/T by industry,Seasonally adjusted,Accommodation,,,
2430,ECTM.S1SH2110,2012.03,Could not be seasonally adjusted,,R,Dollars,6,Electronic Card Transactions (ANZSIC06) - ECT,Private - Values - Electronic card transactions  A/S/T by industry,Seasonally adjusted,Accommodation,,,
2431,ECTM.S1SH2110,2012.04,Could not be seasonally adjusted,,R,Dollars,6,Electronic Card Transactions (ANZSIC06) - ECT,Private - Values - Electronic card transactions  A/S/T by industry,Seasonally adjusted,Accommodation,,,
2432,ECTM.S1SH2110,2012.05,Could not be seasonally adjusted,,R,Dollars,6,Electronic Card Transactions (ANZSIC06) - ECT,Private - Values - Electronic card transactions  A/S/T by industry,Seasonally adjusted,Accommodation,,,
2433,ECTM.S1SH2110,2012.06,Could not be seasonally adjusted,,R,Dollars,6,Electronic Card Transactions (ANZSIC06) - ECT,Private - Values - Electronic card transactions  A/S/T by industry,Seasonally adjusted,Accommodation,,,
2434,ECTM.S1SH2110,2012.07,Could not be seasonally adjusted,,R,Dollars,6,Electronic Card Transactions (ANZSIC06) - ECT,Private - Values - Electronic card transactions  A/S/T by industry,Seasonally adjusted,Accommodation,,,
2435,ECTM.S1SH2110,2012.08,Could not be seasonally adjusted,,R,Dollars,6,Electronic Card Transactions (ANZSIC06) - ECT,Private - Values - Electronic card transactions  A/S/T by industry,Seasonally adjusted,Accommodation,,,
2436,ECTM.S1SH2110,2012.09,Could not be seasonally adjusted,,R,Dollars,6,Electronic Card Transactions (ANZSIC06) - ECT,Private - Values - Electronic card transactions  A/S/T by industry,Seasonally adjusted,Accommodation,,,
2437,ECTM.S1SH2110,2012.1,Could not be seasonally adjusted,,R,Dollars,6,Electronic Card Transactions (ANZSIC06) - ECT,Private - Values - Electronic card transactions  A/S/T by industry,Seasonally adjusted,Accommodation,,,
2438,ECTM.S1SH2110,2012.11,Could not be seasonally adjusted,,R,Dollars,6,Electronic Card Transactions (ANZSIC06) - ECT,Private - Values - Electronic card transactions  A/S/T by industry,Seasonally adjusted,Accommodation,,,
2439,ECTM.S1SH2110,2012.12,Could not be seasonally adjusted,,R,Dollars,6,Electronic Card Transactions (ANZSIC06) - ECT,Private - Values - Electronic card transactions  A/S/T by industry,Seasonally adjusted,Accommodation,,,
2440,ECTM.S1SH2110,2013.01,Could not be seasonally adjusted,,R,Dollars,6,Electronic Card Transactions (ANZSIC06) - ECT,Private - Values - Electronic card transactions  A/S/T by industry,Seasonally adjusted,Accommodation,,,
2441,ECTM.S1SH2110,2013.02,Could not be seasonally adjusted,,R,Dollars,6,Electronic Card Transactions (ANZSIC06) - ECT,Private - Values - Electronic card transactions  A/S/T by industry,Seasonally adjusted,Accommodation,,,
2442,ECTM.S1SH2110,2013.03,Could not be seasonally adjusted,,R,Dollars,6,Electronic Card Transactions (ANZSIC06) - ECT,Private - Values - Electronic card transactions  A/S/T by industry,Seasonally adjusted,Accommodation,,,
2443,ECTM.S1SH2110,2013.04,Could not be seasonally adjusted,,R,Dollars,6,Electronic Card Transactions (ANZSIC06) - ECT,Private - Values - Electronic card transactions  A/S/T by industry,Seasonally adjusted,Accommodation,,,
2444,ECTM.S1SH2110,2013.05,Could not be seasonally adjusted,,R,Dollars,6,Electronic Card Transactions (ANZSIC06) - ECT,Private - Values - Electronic card transactions  A/S/T by industry,Seasonally adjusted,Accommodation,,,
2445,ECTM.S1SH2110,2013.06,Could not be seasonally adjusted,,R,Dollars,6,Electronic Card Transactions (ANZSIC06) - ECT,Private - Values - Electronic card transactions  A/S/T by industry,Seasonally adjusted,Accommodation,,,
2446,ECTM.S1SH2110,2013.07,Could not be seasonally adjusted,,R,Dollars,6,Electronic Card Transactions (ANZSIC06) - ECT,Private - Values - Electronic card transactions  A/S/T by industry,Seasonally adjusted,Accommodation,,,
2447,ECTM.S1SH2110,2013.08,Could not be seasonally adjusted,,R,Dollars,6,Electronic Card Transactions (ANZSIC06) - ECT,Private - Values - Electronic card transactions  A/S/T by industry,Seasonally adjusted,Accommodation,,,
2448,ECTM.S1SH2110,2013.09,Could not be seasonally adjusted,,R,Dollars,6,Electronic Card Transactions (ANZSIC06) - ECT,Private - Values - Electronic card transactions  A/S/T by industry,Seasonally adjusted,Accommodation,,,
2449,ECTM.S1SH2110,2013.1,Could not be seasonally adjusted,,R,Dollars,6,Electronic Card Transactions (ANZSIC06) - ECT,Private - Values - Electronic card transactions  A/S/T by industry,Seasonally adjusted,Accommodation,,,
2450,ECTM.S1SH2110,2013.11,Could not be seasonally adjusted,,R,Dollars,6,Electronic Card Transactions (ANZSIC06) - ECT,Private - Values - Electronic card transactions  A/S/T by industry,Seasonally adjusted,Accommodation,,,
2451,ECTM.S1SH2110,2013.12,Could not be seasonally adjusted,,R,Dollars,6,Electronic Card Transactions (ANZSIC06) - ECT,Private - Values - Electronic card transactions  A/S/T by industry,Seasonally adjusted,Accommodation,,,
2452,ECTM.S1SH2110,2014.01,Could not be seasonally adjusted,,R,Dollars,6,Electronic Card Transactions (ANZSIC06) - ECT,Private - Values - Electronic card transactions  A/S/T by industry,Seasonally adjusted,Accommodation,,,
2453,ECTM.S1SH2110,2014.02,Could not be seasonally adjusted,,R,Dollars,6,Electronic Card Transactions (ANZSIC06) - ECT,Private - Values - Electronic card transactions  A/S/T by industry,Seasonally adjusted,Accommodation,,,
2454,ECTM.S1SH2110,2014.03,Could not be seasonally adjusted,,R,Dollars,6,Electronic Card Transactions (ANZSIC06) - ECT,Private - Values - Electronic card transactions  A/S/T by industry,Seasonally adjusted,Accommodation,,,
2455,ECTM.S1SH2110,2014.04,Could not be seasonally adjusted,,R,Dollars,6,Electronic Card Transactions (ANZSIC06) - ECT,Private - Values - Electronic card transactions  A/S/T by industry,Seasonally adjusted,Accommodation,,,
2456,ECTM.S1SH2110,2014.05,Could not be seasonally adjusted,,R,Dollars,6,Electronic Card Transactions (ANZSIC06) - ECT,Private - Values - Electronic card transactions  A/S/T by industry,Seasonally adjusted,Accommodation,,,
2457,ECTM.S1SH2110,2014.06,Could not be seasonally adjusted,,R,Dollars,6,Electronic Card Transactions (ANZSIC06) - ECT,Private - Values - Electronic card transactions  A/S/T by industry,Seasonally adjusted,Accommodation,,,
2458,ECTM.S1SH2110,2014.07,Could not be seasonally adjusted,,R,Dollars,6,Electronic Card Transactions (ANZSIC06) - ECT,Private - Values - Electronic card transactions  A/S/T by industry,Seasonally adjusted,Accommodation,,,
2459,ECTM.S1SH2110,2014.08,Could not be seasonally adjusted,,R,Dollars,6,Electronic Card Transactions (ANZSIC06) - ECT,Private - Values - Electronic card transactions  A/S/T by industry,Seasonally adjusted,Accommodation,,,
2460,ECTM.S1SH2110,2014.09,Could not be seasonally adjusted,,R,Dollars,6,Electronic Card Transactions (ANZSIC06) - ECT,Private - Values - Electronic card transactions  A/S/T by industry,Seasonally adjusted,Accommodation,,,
2461,ECTM.S1SH2110,2014.1,Could not be seasonally adjusted,,R,Dollars,6,Electronic Card Transactions (ANZSIC06) - ECT,Private - Values - Electronic card transactions  A/S/T by industry,Seasonally adjusted,Accommodation,,,
2462,ECTM.S1SH2110,2014.11,Could not be seasonally adjusted,,R,Dollars,6,Electronic Card Transactions (ANZSIC06) - ECT,Private - Values - Electronic card transactions  A/S/T by industry,Seasonally adjusted,Accommodation,,,
2463,ECTM.S1SH2110,2014.12,Could not be seasonally adjusted,,R,Dollars,6,Electronic Card Transactions (ANZSIC06) - ECT,Private - Values - Electronic card transactions  A/S/T by industry,Seasonally adjusted,Accommodation,,,
2464,ECTM.S1SH2110,2015.01,Could not be seasonally adjusted,,R,Dollars,6,Electronic Card Transactions (ANZSIC06) - ECT,Private - Values - Electronic card transactions  A/S/T by industry,Seasonally adjusted,Accommodation,,,
2465,ECTM.S1SH2110,2015.02,Could not be seasonally adjusted,,R,Dollars,6,Electronic Card Transactions (ANZSIC06) - ECT,Private - Values - Electronic card transactions  A/S/T by industry,Seasonally adjusted,Accommodation,,,
2466,ECTM.S1SH2110,2015.03,Could not be seasonally adjusted,,R,Dollars,6,Electronic Card Transactions (ANZSIC06) - ECT,Private - Values - Electronic card transactions  A/S/T by industry,Seasonally adjusted,Accommodation,,,
2467,ECTM.S1SH2110,2015.04,Could not be seasonally adjusted,,R,Dollars,6,Electronic Card Transactions (ANZSIC06) - ECT,Private - Values - Electronic card transactions  A/S/T by industry,Seasonally adjusted,Accommodation,,,
2468,ECTM.S1SH2110,2015.05,Could not be seasonally adjusted,,R,Dollars,6,Electronic Card Transactions (ANZSIC06) - ECT,Private - Values - Electronic card transactions  A/S/T by industry,Seasonally adjusted,Accommodation,,,
2469,ECTM.S1SH2110,2015.06,Could not be seasonally adjusted,,R,Dollars,6,Electronic Card Transactions (ANZSIC06) - ECT,Private - Values - Electronic card transactions  A/S/T by industry,Seasonally adjusted,Accommodation,,,
2470,ECTM.S1SH2110,2015.07,Could not be seasonally adjusted,,R,Dollars,6,Electronic Card Transactions (ANZSIC06) - ECT,Private - Values - Electronic card transactions  A/S/T by industry,Seasonally adjusted,Accommodation,,,
2471,ECTM.S1SH2110,2015.08,Could not be seasonally adjusted,,R,Dollars,6,Electronic Card Transactions (ANZSIC06) - ECT,Private - Values - Electronic card transactions  A/S/T by industry,Seasonally adjusted,Accommodation,,,
2472,ECTM.S1SH2110,2015.09,Could not be seasonally adjusted,,R,Dollars,6,Electronic Card Transactions (ANZSIC06) - ECT,Private - Values - Electronic card transactions  A/S/T by industry,Seasonally adjusted,Accommodation,,,
2473,ECTM.S1SH2110,2015.1,Could not be seasonally adjusted,,R,Dollars,6,Electronic Card Transactions (ANZSIC06) - ECT,Private - Values - Electronic card transactions  A/S/T by industry,Seasonally adjusted,Accommodation,,,
2474,ECTM.S1SH2110,2015.11,Could not be seasonally adjusted,,R,Dollars,6,Electronic Card Transactions (ANZSIC06) - ECT,Private - Values - Electronic card transactions  A/S/T by industry,Seasonally adjusted,Accommodation,,,
2475,ECTM.S1SH2110,2015.12,Could not be seasonally adjusted,,R,Dollars,6,Electronic Card Transactions (ANZSIC06) - ECT,Private - Values - Electronic card transactions  A/S/T by industry,Seasonally adjusted,Accommodation,,,
2476,ECTM.S1SH2110,2016.01,Could not be seasonally adjusted,,R,Dollars,6,Electronic Card Transactions (ANZSIC06) - ECT,Private - Values - Electronic card transactions  A/S/T by industry,Seasonally adjusted,Accommodation,,,
2477,ECTM.S1SH2110,2016.02,Could not be seasonally adjusted,,R,Dollars,6,Electronic Card Transactions (ANZSIC06) - ECT,Private - Values - Electronic card transactions  A/S/T by industry,Seasonally adjusted,Accommodation,,,
2478,ECTM.S1SH2110,2016.03,Could not be seasonally adjusted,,R,Dollars,6,Electronic Card Transactions (ANZSIC06) - ECT,Private - Values - Electronic card transactions  A/S/T by industry,Seasonally adjusted,Accommodation,,,
2479,ECTM.S1SH2110,2016.04,Could not be seasonally adjusted,,R,Dollars,6,Electronic Card Transactions (ANZSIC06) - ECT,Private - Values - Electronic card transactions  A/S/T by industry,Seasonally adjusted,Accommodation,,,
2480,ECTM.S1SH2110,2016.05,Could not be seasonally adjusted,,R,Dollars,6,Electronic Card Transactions (ANZSIC06) - ECT,Private - Values - Electronic card transactions  A/S/T by industry,Seasonally adjusted,Accommodation,,,
2481,ECTM.S1SH2110,2016.06,Could not be seasonally adjusted,,R,Dollars,6,Electronic Card Transactions (ANZSIC06) - ECT,Private - Values - Electronic card transactions  A/S/T by industry,Seasonally adjusted,Accommodation,,,
2482,ECTM.S1SH2110,2016.07,Could not be seasonally adjusted,,R,Dollars,6,Electronic Card Transactions (ANZSIC06) - ECT,Private - Values - Electronic card transactions  A/S/T by industry,Seasonally adjusted,Accommodation,,,
2483,ECTM.S1SH2110,2016.08,Could not be seasonally adjusted,,R,Dollars,6,Electronic Card Transactions (ANZSIC06) - ECT,Private - Values - Electronic card transactions  A/S/T by industry,Seasonally adjusted,Accommodation,,,
2484,ECTM.S1SH2110,2016.09,Could not be seasonally adjusted,,R,Dollars,6,Electronic Card Transactions (ANZSIC06) - ECT,Private - Values - Electronic card transactions  A/S/T by industry,Seasonally adjusted,Accommodation,,,
2485,ECTM.S1SH2110,2016.1,Could not be seasonally adjusted,,R,Dollars,6,Electronic Card Transactions (ANZSIC06) - ECT,Private - Values - Electronic card transactions  A/S/T by industry,Seasonally adjusted,Accommodation,,,
2486,ECTM.S1SH2110,2016.11,Could not be seasonally adjusted,,R,Dollars,6,Electronic Card Transactions (ANZSIC06) - ECT,Private - Values - Electronic card transactions  A/S/T by industry,Seasonally adjusted,Accommodation,,,
2487,ECTM.S1SH2110,2016.12,Could not be seasonally adjusted,,R,Dollars,6,Electronic Card Transactions (ANZSIC06) - ECT,Private - Values - Electronic card transactions  A/S/T by industry,Seasonally adjusted,Accommodation,,,
2488,ECTM.S1SH2110,2017.01,Could not be seasonally adjusted,,R,Dollars,6,Electronic Card Transactions (ANZSIC06) - ECT,Private - Values - Electronic card transactions  A/S/T by industry,Seasonally adjusted,Accommodation,,,
2489,ECTM.S1SH2110,2017.02,Could not be seasonally adjusted,,R,Dollars,6,Electronic Card Transactions (ANZSIC06) - ECT,Private - Values - Electronic card transactions  A/S/T by industry,Seasonally adjusted,Accommodation,,,
2490,ECTM.S1SH2110,2017.03,Could not be seasonally adjusted,,R,Dollars,6,Electronic Card Transactions (ANZSIC06) - ECT,Private - Values - Electronic card transactions  A/S/T by industry,Seasonally adjusted,Accommodation,,,
2491,ECTM.S1SH2110,2017.04,Could not be seasonally adjusted,,R,Dollars,6,Electronic Card Transactions (ANZSIC06) - ECT,Private - Values - Electronic card transactions  A/S/T by industry,Seasonally adjusted,Accommodation,,,
2492,ECTM.S1SH2110,2017.05,Could not be seasonally adjusted,,R,Dollars,6,Electronic Card Transactions (ANZSIC06) - ECT,Private - Values - Electronic card transactions  A/S/T by industry,Seasonally adjusted,Accommodation,,,
2493,ECTM.S1SH2110,2017.06,Could not be seasonally adjusted,,R,Dollars,6,Electronic Card Transactions (ANZSIC06) - ECT,Private - Values - Electronic card transactions  A/S/T by industry,Seasonally adjusted,Accommodation,,,
2494,ECTM.S1SH2110,2017.07,Could not be seasonally adjusted,,R,Dollars,6,Electronic Card Transactions (ANZSIC06) - ECT,Private - Values - Electronic card transactions  A/S/T by industry,Seasonally adjusted,Accommodation,,,
2495,ECTM.S1SH2110,2017.08,Could not be seasonally adjusted,,R,Dollars,6,Electronic Card Transactions (ANZSIC06) - ECT,Private - Values - Electronic card transactions  A/S/T by industry,Seasonally adjusted,Accommodation,,,
2496,ECTM.S1SH2110,2017.09,Could not be seasonally adjusted,,R,Dollars,6,Electronic Card Transactions (ANZSIC06) - ECT,Private - Values - Electronic card transactions  A/S/T by industry,Seasonally adjusted,Accommodation,,,
2497,ECTM.S1SH2110,2017.1,Could not be seasonally adjusted,,R,Dollars,6,Electronic Card Transactions (ANZSIC06) - ECT,Private - Values - Electronic card transactions  A/S/T by industry,Seasonally adjusted,Accommodation,,,
2498,ECTM.S1SH2110,2017.11,Could not be seasonally adjusted,,R,Dollars,6,Electronic Card Transactions (ANZSIC06) - ECT,Private - Values - Electronic card transactions  A/S/T by industry,Seasonally adjusted,Accommodation,,,
2499,ECTM.S1SH2110,2017.12,Could not be seasonally adjusted,,R,Dollars,6,Electronic Card Transactions (ANZSIC06) - ECT,Private - Values - Electronic card transactions  A/S/T by industry,Seasonally adjusted,Accommodation,,,
2500,ECTM.S1SH2110,2018.01,Could not be seasonally adjusted,,R,Dollars,6,Electronic Card Transactions (ANZSIC06) - ECT,Private - Values - Electronic card transactions  A/S/T by industry,Seasonally adjusted,Accommodation,,,
2501,ECTM.S1SH2110,2018.02,Could not be seasonally adjusted,,R,Dollars,6,Electronic Card Transactions (ANZSIC06) - ECT,Private - Values - Electronic card transactions  A/S/T by industry,Seasonally adjusted,Accommodation,,,
2502,ECTM.S1SH2110,2018.03,Could not be seasonally adjusted,,R,Dollars,6,Electronic Card Transactions (ANZSIC06) - ECT,Private - Values - Electronic card transactions  A/S/T by industry,Seasonally adjusted,Accommodation,,,
2503,ECTM.S1SH2110,2018.04,Could not be seasonally adjusted,,R,Dollars,6,Electronic Card Transactions (ANZSIC06) - ECT,Private - Values - Electronic card transactions  A/S/T by industry,Seasonally adjusted,Accommodation,,,
2504,ECTM.S1SH2110,2018.05,Could not be seasonally adjusted,,R,Dollars,6,Electronic Card Transactions (ANZSIC06) - ECT,Private - Values - Electronic card transactions  A/S/T by industry,Seasonally adjusted,Accommodation,,,
2505,ECTM.S1SH2110,2018.06,Could not be seasonally adjusted,,R,Dollars,6,Electronic Card Transactions (ANZSIC06) - ECT,Private - Values - Electronic card transactions  A/S/T by industry,Seasonally adjusted,Accommodation,,,
2506,ECTM.S1SH2110,2018.07,Could not be seasonally adjusted,,R,Dollars,6,Electronic Card Transactions (ANZSIC06) - ECT,Private - Values - Electronic card transactions  A/S/T by industry,Seasonally adjusted,Accommodation,,,
2507,ECTM.S1SH2110,2018.08,Could not be seasonally adjusted,,R,Dollars,6,Electronic Card Transactions (ANZSIC06) - ECT,Private - Values - Electronic card transactions  A/S/T by industry,Seasonally adjusted,Accommodation,,,
2508,ECTM.S1SH2110,2018.09,Could not be seasonally adjusted,,R,Dollars,6,Electronic Card Transactions (ANZSIC06) - ECT,Private - Values - Electronic card transactions  A/S/T by industry,Seasonally adjusted,Accommodation,,,
2509,ECTM.S1SH2110,2018.1,Could not be seasonally adjusted,,R,Dollars,6,Electronic Card Transactions (ANZSIC06) - ECT,Private - Values - Electronic card transactions  A/S/T by industry,Seasonally adjusted,Accommodation,,,
2510,ECTM.S1SH2110,2018.11,Could not be seasonally adjusted,,R,Dollars,6,Electronic Card Transactions (ANZSIC06) - ECT,Private - Values - Electronic card transactions  A/S/T by industry,Seasonally adjusted,Accommodation,,,
2511,ECTM.S1SH2110,2018.12,Could not be seasonally adjusted,,R,Dollars,6,Electronic Card Transactions (ANZSIC06) - ECT,Private - Values - Electronic card transactions  A/S/T by industry,Seasonally adjusted,Accommodation,,,
2512,ECTM.S1SH2110,2019.01,Could not be seasonally adjusted,,R,Dollars,6,Electronic Card Transactions (ANZSIC06) - ECT,Private - Values - Electronic card transactions  A/S/T by industry,Seasonally adjusted,Accommodation,,,
2513,ECTM.S1SH2110,2019.02,Could not be seasonally adjusted,,R,Dollars,6,Electronic Card Transactions (ANZSIC06) - ECT,Private - Values - Electronic card transactions  A/S/T by industry,Seasonally adjusted,Accommodation,,,
2514,ECTM.S1SH2110,2019.03,Could not be seasonally adjusted,,R,Dollars,6,Electronic Card Transactions (ANZSIC06) - ECT,Private - Values - Electronic card transactions  A/S/T by industry,Seasonally adjusted,Accommodation,,,
2515,ECTM.S1SH2110,2019.04,Could not be seasonally adjusted,,R,Dollars,6,Electronic Card Transactions (ANZSIC06) - ECT,Private - Values - Electronic card transactions  A/S/T by industry,Seasonally adjusted,Accommodation,,,
2516,ECTM.S1SH2110,2019.05,Could not be seasonally adjusted,,R,Dollars,6,Electronic Card Transactions (ANZSIC06) - ECT,Private - Values - Electronic card transactions  A/S/T by industry,Seasonally adjusted,Accommodation,,,
2517,ECTM.S1SH2110,2019.06,Could not be seasonally adjusted,,R,Dollars,6,Electronic Card Transactions (ANZSIC06) - ECT,Private - Values - Electronic card transactions  A/S/T by industry,Seasonally adjusted,Accommodation,,,
2518,ECTM.S1SH2110,2019.07,Could not be seasonally adjusted,,R,Dollars,6,Electronic Card Transactions (ANZSIC06) - ECT,Private - Values - Electronic card transactions  A/S/T by industry,Seasonally adjusted,Accommodation,,,
2519,ECTM.S1SH2110,2019.08,Could not be seasonally adjusted,,R,Dollars,6,Electronic Card Transactions (ANZSIC06) - ECT,Private - Values - Electronic card transactions  A/S/T by industry,Seasonally adjusted,Accommodation,,,
2520,ECTM.S1SH2110,2019.09,Could not be seasonally adjusted,,R,Dollars,6,Electronic Card Transactions (ANZSIC06) - ECT,Private - Values - Electronic card transactions  A/S/T by industry,Seasonally adjusted,Accommodation,,,
2521,ECTM.S1SH2110,2019.1,Could not be seasonally adjusted,,R,Dollars,6,Electronic Card Transactions (ANZSIC06) - ECT,Private - Values - Electronic card transactions  A/S/T by industry,Seasonally adjusted,Accommodation,,,
2522,ECTM.S1SH2110,2019.11,Could not be seasonally adjusted,,R,Dollars,6,Electronic Card Transactions (ANZSIC06) - ECT,Private - Values - Electronic card transactions  A/S/T by industry,Seasonally adjusted,Accommodation,,,
2523,ECTM.S1SH2110,2019.12,Could not be seasonally adjusted,,R,Dollars,6,Electronic Card Transactions (ANZSIC06) - ECT,Private - Values - Electronic card transactions  A/S/T by industry,Seasonally adjusted,Accommodation,,,
2524,ECTM.S1SH2110,2020.01,Could not be seasonally adjusted,,R,Dollars,6,Electronic Card Transactions (ANZSIC06) - ECT,Private - Values - Electronic card transactions  A/S/T by industry,Seasonally adjusted,Accommodation,,,
2525,ECTM.S1SH2110,2020.02,Could not be seasonally adjusted,,R,Dollars,6,Electronic Card Transactions (ANZSIC06) - ECT,Private - Values - Electronic card transactions  A/S/T by industry,Seasonally adjusted,Accommodation,,,
2526,ECTM.S1SH2110,2020.03,Could not be seasonally adjusted,,R,Dollars,6,Electronic Card Transactions (ANZSIC06) - ECT,Private - Values - Electronic card transactions  A/S/T by industry,Seasonally adjusted,Accommodation,,,
2527,ECTM.S1SH2110,2020.04,Could not be seasonally adjusted,,F,Dollars,6,Electronic Card Transactions (ANZSIC06) - ECT,Private - Values - Electronic card transactions  A/S/T by industry,Seasonally adjusted,Accommodation,,,
2528,ECTM.S1AH2120,2007.03,346.5,,F,Dollars,6,Electronic Card Transactions (ANZSIC06) - ECT,Private - Values - Electronic card transactions  A/S/T by industry,Actual,Food and beverage services,,,
2529,ECTM.S1AH2120,2007.04,329,,F,Dollars,6,Electronic Card Transactions (ANZSIC06) - ECT,Private - Values - Electronic card transactions  A/S/T by industry,Actual,Food and beverage services,,,
2530,ECTM.S1AH2120,2007.05,329.8,,F,Dollars,6,Electronic Card Transactions (ANZSIC06) - ECT,Private - Values - Electronic card transactions  A/S/T by industry,Actual,Food and beverage services,,,
2531,ECTM.S1AH2120,2007.06,323.6,,F,Dollars,6,Electronic Card Transactions (ANZSIC06) - ECT,Private - Values - Electronic card transactions  A/S/T by industry,Actual,Food and beverage services,,,
2532,ECTM.S1AH2120,2007.07,339.4,,F,Dollars,6,Electronic Card Transactions (ANZSIC06) - ECT,Private - Values - Electronic card transactions  A/S/T by industry,Actual,Food and beverage services,,,
2533,ECTM.S1AH2120,2007.08,344.8,,F,Dollars,6,Electronic Card Transactions (ANZSIC06) - ECT,Private - Values - Electronic card transactions  A/S/T by industry,Actual,Food and beverage services,,,
2534,ECTM.S1AH2120,2007.09,343.5,,F,Dollars,6,Electronic Card Transactions (ANZSIC06) - ECT,Private - Values - Electronic card transactions  A/S/T by industry,Actual,Food and beverage services,,,
2535,ECTM.S1AH2120,2007.1,340.2,,F,Dollars,6,Electronic Card Transactions (ANZSIC06) - ECT,Private - Values - Electronic card transactions  A/S/T by industry,Actual,Food and beverage services,,,
2536,ECTM.S1AH2120,2007.11,355.9,,F,Dollars,6,Electronic Card Transactions (ANZSIC06) - ECT,Private - Values - Electronic card transactions  A/S/T by industry,Actual,Food and beverage services,,,
2537,ECTM.S1AH2120,2007.12,399.1,,F,Dollars,6,Electronic Card Transactions (ANZSIC06) - ECT,Private - Values - Electronic card transactions  A/S/T by industry,Actual,Food and beverage services,,,
2538,ECTM.S1AH2120,2008.01,350,,F,Dollars,6,Electronic Card Transactions (ANZSIC06) - ECT,Private - Values - Electronic card transactions  A/S/T by industry,Actual,Food and beverage services,,,
2539,ECTM.S1AH2120,2008.02,351.6,,F,Dollars,6,Electronic Card Transactions (ANZSIC06) - ECT,Private - Values - Electronic card transactions  A/S/T by industry,Actual,Food and beverage services,,,
2540,ECTM.S1AH2120,2008.03,371.7,,F,Dollars,6,Electronic Card Transactions (ANZSIC06) - ECT,Private - Values - Electronic card transactions  A/S/T by industry,Actual,Food and beverage services,,,
2541,ECTM.S1AH2120,2008.04,352.6,,F,Dollars,6,Electronic Card Transactions (ANZSIC06) - ECT,Private - Values - Electronic card transactions  A/S/T by industry,Actual,Food and beverage services,,,
2542,ECTM.S1AH2120,2008.05,364.1,,F,Dollars,6,Electronic Card Transactions (ANZSIC06) - ECT,Private - Values - Electronic card transactions  A/S/T by industry,Actual,Food and beverage services,,,
2543,ECTM.S1AH2120,2008.06,333.1,,F,Dollars,6,Electronic Card Transactions (ANZSIC06) - ECT,Private - Values - Electronic card transactions  A/S/T by industry,Actual,Food and beverage services,,,
2544,ECTM.S1AH2120,2008.07,353.3,,F,Dollars,6,Electronic Card Transactions (ANZSIC06) - ECT,Private - Values - Electronic card transactions  A/S/T by industry,Actual,Food and beverage services,,,
2545,ECTM.S1AH2120,2008.08,368.6,,F,Dollars,6,Electronic Card Transactions (ANZSIC06) - ECT,Private - Values - Electronic card transactions  A/S/T by industry,Actual,Food and beverage services,,,
2546,ECTM.S1AH2120,2008.09,348.2,,F,Dollars,6,Electronic Card Transactions (ANZSIC06) - ECT,Private - Values - Electronic card transactions  A/S/T by industry,Actual,Food and beverage services,,,
2547,ECTM.S1AH2120,2008.1,375.1,,F,Dollars,6,Electronic Card Transactions (ANZSIC06) - ECT,Private - Values - Electronic card transactions  A/S/T by industry,Actual,Food and beverage services,,,
2548,ECTM.S1AH2120,2008.11,375.2,,F,Dollars,6,Electronic Card Transactions (ANZSIC06) - ECT,Private - Values - Electronic card transactions  A/S/T by industry,Actual,Food and beverage services,,,
2549,ECTM.S1AH2120,2008.12,404.8,,F,Dollars,6,Electronic Card Transactions (ANZSIC06) - ECT,Private - Values - Electronic card transactions  A/S/T by industry,Actual,Food and beverage services,,,
2550,ECTM.S1AH2120,2009.01,379.5,,F,Dollars,6,Electronic Card Transactions (ANZSIC06) - ECT,Private - Values - Electronic card transactions  A/S/T by industry,Actual,Food and beverage services,,,
2551,ECTM.S1AH2120,2009.02,351,,F,Dollars,6,Electronic Card Transactions (ANZSIC06) - ECT,Private - Values - Electronic card transactions  A/S/T by industry,Actual,Food and beverage services,,,
2552,ECTM.S1AH2120,2009.03,385.8,,F,Dollars,6,Electronic Card Transactions (ANZSIC06) - ECT,Private - Values - Electronic card transactions  A/S/T by industry,Actual,Food and beverage services,,,
2553,ECTM.S1AH2120,2009.04,372.7,,F,Dollars,6,Electronic Card Transactions (ANZSIC06) - ECT,Private - Values - Electronic card transactions  A/S/T by industry,Actual,Food and beverage services,,,
2554,ECTM.S1AH2120,2009.05,386.5,,F,Dollars,6,Electronic Card Transactions (ANZSIC06) - ECT,Private - Values - Electronic card transactions  A/S/T by industry,Actual,Food and beverage services,,,
2555,ECTM.S1AH2120,2009.06,344.9,,F,Dollars,6,Electronic Card Transactions (ANZSIC06) - ECT,Private - Values - Electronic card transactions  A/S/T by industry,Actual,Food and beverage services,,,
2556,ECTM.S1AH2120,2009.07,386.3,,F,Dollars,6,Electronic Card Transactions (ANZSIC06) - ECT,Private - Values - Electronic card transactions  A/S/T by industry,Actual,Food and beverage services,,,
2557,ECTM.S1AH2120,2009.08,387.8,,F,Dollars,6,Electronic Card Transactions (ANZSIC06) - ECT,Private - Values - Electronic card transactions  A/S/T by industry,Actual,Food and beverage services,,,
2558,ECTM.S1AH2120,2009.09,373.7,,F,Dollars,6,Electronic Card Transactions (ANZSIC06) - ECT,Private - Values - Electronic card transactions  A/S/T by industry,Actual,Food and beverage services,,,
2559,ECTM.S1AH2120,2009.1,405.3,,F,Dollars,6,Electronic Card Transactions (ANZSIC06) - ECT,Private - Values - Electronic card transactions  A/S/T by industry,Actual,Food and beverage services,,,
2560,ECTM.S1AH2120,2009.11,389.6,,F,Dollars,6,Electronic Card Transactions (ANZSIC06) - ECT,Private - Values - Electronic card transactions  A/S/T by industry,Actual,Food and beverage services,,,
2561,ECTM.S1AH2120,2009.12,432.8,,F,Dollars,6,Electronic Card Transactions (ANZSIC06) - ECT,Private - Values - Electronic card transactions  A/S/T by industry,Actual,Food and beverage services,,,
2562,ECTM.S1AH2120,2010.01,404,,F,Dollars,6,Electronic Card Transactions (ANZSIC06) - ECT,Private - Values - Electronic card transactions  A/S/T by industry,Actual,Food and beverage services,,,
2563,ECTM.S1AH2120,2010.02,372.4,,F,Dollars,6,Electronic Card Transactions (ANZSIC06) - ECT,Private - Values - Electronic card transactions  A/S/T by industry,Actual,Food and beverage services,,,
2564,ECTM.S1AH2120,2010.03,409.2,,F,Dollars,6,Electronic Card Transactions (ANZSIC06) - ECT,Private - Values - Electronic card transactions  A/S/T by industry,Actual,Food and beverage services,,,
2565,ECTM.S1AH2120,2010.04,398,,F,Dollars,6,Electronic Card Transactions (ANZSIC06) - ECT,Private - Values - Electronic card transactions  A/S/T by industry,Actual,Food and beverage services,,,
2566,ECTM.S1AH2120,2010.05,403,,F,Dollars,6,Electronic Card Transactions (ANZSIC06) - ECT,Private - Values - Electronic card transactions  A/S/T by industry,Actual,Food and beverage services,,,
2567,ECTM.S1AH2120,2010.06,374.4,,F,Dollars,6,Electronic Card Transactions (ANZSIC06) - ECT,Private - Values - Electronic card transactions  A/S/T by industry,Actual,Food and beverage services,,,
2568,ECTM.S1AH2120,2010.07,419.7,,F,Dollars,6,Electronic Card Transactions (ANZSIC06) - ECT,Private - Values - Electronic card transactions  A/S/T by industry,Actual,Food and beverage services,,,
2569,ECTM.S1AH2120,2010.08,398.5,,F,Dollars,6,Electronic Card Transactions (ANZSIC06) - ECT,Private - Values - Electronic card transactions  A/S/T by industry,Actual,Food and beverage services,,,
2570,ECTM.S1AH2120,2010.09,398.4,,F,Dollars,6,Electronic Card Transactions (ANZSIC06) - ECT,Private - Values - Electronic card transactions  A/S/T by industry,Actual,Food and beverage services,,,
2571,ECTM.S1AH2120,2010.1,434.6,,F,Dollars,6,Electronic Card Transactions (ANZSIC06) - ECT,Private - Values - Electronic card transactions  A/S/T by industry,Actual,Food and beverage services,,,
2572,ECTM.S1AH2120,2010.11,414,,F,Dollars,6,Electronic Card Transactions (ANZSIC06) - ECT,Private - Values - Electronic card transactions  A/S/T by industry,Actual,Food and beverage services,,,
2573,ECTM.S1AH2120,2010.12,468.1,,F,Dollars,6,Electronic Card Transactions (ANZSIC06) - ECT,Private - Values - Electronic card transactions  A/S/T by industry,Actual,Food and beverage services,,,
2574,ECTM.S1AH2120,2011.01,433.4,,F,Dollars,6,Electronic Card Transactions (ANZSIC06) - ECT,Private - Values - Electronic card transactions  A/S/T by industry,Actual,Food and beverage services,,,
2575,ECTM.S1AH2120,2011.02,397.3,,F,Dollars,6,Electronic Card Transactions (ANZSIC06) - ECT,Private - Values - Electronic card transactions  A/S/T by industry,Actual,Food and beverage services,,,
2576,ECTM.S1AH2120,2011.03,439.9,,F,Dollars,6,Electronic Card Transactions (ANZSIC06) - ECT,Private - Values - Electronic card transactions  A/S/T by industry,Actual,Food and beverage services,,,
2577,ECTM.S1AH2120,2011.04,442.5,,F,Dollars,6,Electronic Card Transactions (ANZSIC06) - ECT,Private - Values - Electronic card transactions  A/S/T by industry,Actual,Food and beverage services,,,
2578,ECTM.S1AH2120,2011.05,435.8,,F,Dollars,6,Electronic Card Transactions (ANZSIC06) - ECT,Private - Values - Electronic card transactions  A/S/T by industry,Actual,Food and beverage services,,,
2579,ECTM.S1AH2120,2011.06,422.9,,F,Dollars,6,Electronic Card Transactions (ANZSIC06) - ECT,Private - Values - Electronic card transactions  A/S/T by industry,Actual,Food and beverage services,,,
2580,ECTM.S1AH2120,2011.07,476.6,,F,Dollars,6,Electronic Card Transactions (ANZSIC06) - ECT,Private - Values - Electronic card transactions  A/S/T by industry,Actual,Food and beverage services,,,
2581,ECTM.S1AH2120,2011.08,443,,F,Dollars,6,Electronic Card Transactions (ANZSIC06) - ECT,Private - Values - Electronic card transactions  A/S/T by industry,Actual,Food and beverage services,,,
2582,ECTM.S1AH2120,2011.09,459.5,,F,Dollars,6,Electronic Card Transactions (ANZSIC06) - ECT,Private - Values - Electronic card transactions  A/S/T by industry,Actual,Food and beverage services,,,
2583,ECTM.S1AH2120,2011.1,493.3,,F,Dollars,6,Electronic Card Transactions (ANZSIC06) - ECT,Private - Values - Electronic card transactions  A/S/T by industry,Actual,Food and beverage services,,,
2584,ECTM.S1AH2120,2011.11,453.8,,F,Dollars,6,Electronic Card Transactions (ANZSIC06) - ECT,Private - Values - Electronic card transactions  A/S/T by industry,Actual,Food and beverage services,,,
2585,ECTM.S1AH2120,2011.12,515.5,,F,Dollars,6,Electronic Card Transactions (ANZSIC06) - ECT,Private - Values - Electronic card transactions  A/S/T by industry,Actual,Food and beverage services,,,
2586,ECTM.S1AH2120,2012.01,469.5,,F,Dollars,6,Electronic Card Transactions (ANZSIC06) - ECT,Private - Values - Electronic card transactions  A/S/T by industry,Actual,Food and beverage services,,,
2587,ECTM.S1AH2120,2012.02,447.3,,F,Dollars,6,Electronic Card Transactions (ANZSIC06) - ECT,Private - Values - Electronic card transactions  A/S/T by industry,Actual,Food and beverage services,,,
2588,ECTM.S1AH2120,2012.03,495,,F,Dollars,6,Electronic Card Transactions (ANZSIC06) - ECT,Private - Values - Electronic card transactions  A/S/T by industry,Actual,Food and beverage services,,,
2589,ECTM.S1AH2120,2012.04,472.6,,F,Dollars,6,Electronic Card Transactions (ANZSIC06) - ECT,Private - Values - Electronic card transactions  A/S/T by industry,Actual,Food and beverage services,,,
2590,ECTM.S1AH2120,2012.05,470.2,,F,Dollars,6,Electronic Card Transactions (ANZSIC06) - ECT,Private - Values - Electronic card transactions  A/S/T by industry,Actual,Food and beverage services,,,
2591,ECTM.S1AH2120,2012.06,467.2,,F,Dollars,6,Electronic Card Transactions (ANZSIC06) - ECT,Private - Values - Electronic card transactions  A/S/T by industry,Actual,Food and beverage services,,,
2592,ECTM.S1AH2120,2012.07,484.8,,F,Dollars,6,Electronic Card Transactions (ANZSIC06) - ECT,Private - Values - Electronic card transactions  A/S/T by industry,Actual,Food and beverage services,,,
2593,ECTM.S1AH2120,2012.08,488.1,,F,Dollars,6,Electronic Card Transactions (ANZSIC06) - ECT,Private - Values - Electronic card transactions  A/S/T by industry,Actual,Food and beverage services,,,
2594,ECTM.S1AH2120,2012.09,485.4,,F,Dollars,6,Electronic Card Transactions (ANZSIC06) - ECT,Private - Values - Electronic card transactions  A/S/T by industry,Actual,Food and beverage services,,,
2595,ECTM.S1AH2120,2012.1,494.7,,F,Dollars,6,Electronic Card Transactions (ANZSIC06) - ECT,Private - Values - Electronic card transactions  A/S/T by industry,Actual,Food and beverage services,,,
2596,ECTM.S1AH2120,2012.11,504,,F,Dollars,6,Electronic Card Transactions (ANZSIC06) - ECT,Private - Values - Electronic card transactions  A/S/T by industry,Actual,Food and beverage services,,,
2597,ECTM.S1AH2120,2012.12,554.7,,F,Dollars,6,Electronic Card Transactions (ANZSIC06) - ECT,Private - Values - Electronic card transactions  A/S/T by industry,Actual,Food and beverage services,,,
2598,ECTM.S1AH2120,2013.01,502,,F,Dollars,6,Electronic Card Transactions (ANZSIC06) - ECT,Private - Values - Electronic card transactions  A/S/T by industry,Actual,Food and beverage services,,,
2599,ECTM.S1AH2120,2013.02,470.8,,F,Dollars,6,Electronic Card Transactions (ANZSIC06) - ECT,Private - Values - Electronic card transactions  A/S/T by industry,Actual,Food and beverage services,,,
2600,ECTM.S1AH2120,2013.03,534.2,,F,Dollars,6,Electronic Card Transactions (ANZSIC06) - ECT,Private - Values - Electronic card transactions  A/S/T by industry,Actual,Food and beverage services,,,
2601,ECTM.S1AH2120,2013.04,505.9,,F,Dollars,6,Electronic Card Transactions (ANZSIC06) - ECT,Private - Values - Electronic card transactions  A/S/T by industry,Actual,Food and beverage services,,,
2602,ECTM.S1AH2120,2013.05,520.6,,F,Dollars,6,Electronic Card Transactions (ANZSIC06) - ECT,Private - Values - Electronic card transactions  A/S/T by industry,Actual,Food and beverage services,,,
2603,ECTM.S1AH2120,2013.06,507.4,,F,Dollars,6,Electronic Card Transactions (ANZSIC06) - ECT,Private - Values - Electronic card transactions  A/S/T by industry,Actual,Food and beverage services,,,
2604,ECTM.S1AH2120,2013.07,528.3,,F,Dollars,6,Electronic Card Transactions (ANZSIC06) - ECT,Private - Values - Electronic card transactions  A/S/T by industry,Actual,Food and beverage services,,,
2605,ECTM.S1AH2120,2013.08,538,,F,Dollars,6,Electronic Card Transactions (ANZSIC06) - ECT,Private - Values - Electronic card transactions  A/S/T by industry,Actual,Food and beverage services,,,
2606,ECTM.S1AH2120,2013.09,516,,F,Dollars,6,Electronic Card Transactions (ANZSIC06) - ECT,Private - Values - Electronic card transactions  A/S/T by industry,Actual,Food and beverage services,,,
2607,ECTM.S1AH2120,2013.1,548.2,,F,Dollars,6,Electronic Card Transactions (ANZSIC06) - ECT,Private - Values - Electronic card transactions  A/S/T by industry,Actual,Food and beverage services,,,
2608,ECTM.S1AH2120,2013.11,553.5,,F,Dollars,6,Electronic Card Transactions (ANZSIC06) - ECT,Private - Values - Electronic card transactions  A/S/T by industry,Actual,Food and beverage services,,,
2609,ECTM.S1AH2120,2013.12,600.3,,F,Dollars,6,Electronic Card Transactions (ANZSIC06) - ECT,Private - Values - Electronic card transactions  A/S/T by industry,Actual,Food and beverage services,,,
2610,ECTM.S1AH2120,2014.01,560.8,,F,Dollars,6,Electronic Card Transactions (ANZSIC06) - ECT,Private - Values - Electronic card transactions  A/S/T by industry,Actual,Food and beverage services,,,
2611,ECTM.S1AH2120,2014.02,522.7,,F,Dollars,6,Electronic Card Transactions (ANZSIC06) - ECT,Private - Values - Electronic card transactions  A/S/T by industry,Actual,Food and beverage services,,,
2612,ECTM.S1AH2120,2014.03,589.8,,F,Dollars,6,Electronic Card Transactions (ANZSIC06) - ECT,Private - Values - Electronic card transactions  A/S/T by industry,Actual,Food and beverage services,,,
2613,ECTM.S1AH2120,2014.04,555.5,,F,Dollars,6,Electronic Card Transactions (ANZSIC06) - ECT,Private - Values - Electronic card transactions  A/S/T by industry,Actual,Food and beverage services,,,
2614,ECTM.S1AH2120,2014.05,586.9,,F,Dollars,6,Electronic Card Transactions (ANZSIC06) - ECT,Private - Values - Electronic card transactions  A/S/T by industry,Actual,Food and beverage services,,,
2615,ECTM.S1AH2120,2014.06,552.1,,F,Dollars,6,Electronic Card Transactions (ANZSIC06) - ECT,Private - Values - Electronic card transactions  A/S/T by industry,Actual,Food and beverage services,,,
2616,ECTM.S1AH2120,2014.07,576.1,,F,Dollars,6,Electronic Card Transactions (ANZSIC06) - ECT,Private - Values - Electronic card transactions  A/S/T by industry,Actual,Food and beverage services,,,
2617,ECTM.S1AH2120,2014.08,596.2,,F,Dollars,6,Electronic Card Transactions (ANZSIC06) - ECT,Private - Values - Electronic card transactions  A/S/T by industry,Actual,Food and beverage services,,,
2618,ECTM.S1AH2120,2014.09,561.7,,F,Dollars,6,Electronic Card Transactions (ANZSIC06) - ECT,Private - Values - Electronic card transactions  A/S/T by industry,Actual,Food and beverage services,,,
2619,ECTM.S1AH2120,2014.1,607.7,,F,Dollars,6,Electronic Card Transactions (ANZSIC06) - ECT,Private - Values - Electronic card transactions  A/S/T by industry,Actual,Food and beverage services,,,
2620,ECTM.S1AH2120,2014.11,613.1,,F,Dollars,6,Electronic Card Transactions (ANZSIC06) - ECT,Private - Values - Electronic card transactions  A/S/T by industry,Actual,Food and beverage services,,,
2621,ECTM.S1AH2120,2014.12,651.6,,F,Dollars,6,Electronic Card Transactions (ANZSIC06) - ECT,Private - Values - Electronic card transactions  A/S/T by industry,Actual,Food and beverage services,,,
2622,ECTM.S1AH2120,2015.01,615.1,,F,Dollars,6,Electronic Card Transactions (ANZSIC06) - ECT,Private - Values - Electronic card transactions  A/S/T by industry,Actual,Food and beverage services,,,
2623,ECTM.S1AH2120,2015.02,580.7,,F,Dollars,6,Electronic Card Transactions (ANZSIC06) - ECT,Private - Values - Electronic card transactions  A/S/T by industry,Actual,Food and beverage services,,,
2624,ECTM.S1AH2120,2015.03,638.5,,F,Dollars,6,Electronic Card Transactions (ANZSIC06) - ECT,Private - Values - Electronic card transactions  A/S/T by industry,Actual,Food and beverage services,,,
2625,ECTM.S1AH2120,2015.04,617.7,,F,Dollars,6,Electronic Card Transactions (ANZSIC06) - ECT,Private - Values - Electronic card transactions  A/S/T by industry,Actual,Food and beverage services,,,
2626,ECTM.S1AH2120,2015.05,641.5,,F,Dollars,6,Electronic Card Transactions (ANZSIC06) - ECT,Private - Values - Electronic card transactions  A/S/T by industry,Actual,Food and beverage services,,,
2627,ECTM.S1AH2120,2015.06,590.5,,F,Dollars,6,Electronic Card Transactions (ANZSIC06) - ECT,Private - Values - Electronic card transactions  A/S/T by industry,Actual,Food and beverage services,,,
2628,ECTM.S1AH2120,2015.07,640.6,,F,Dollars,6,Electronic Card Transactions (ANZSIC06) - ECT,Private - Values - Electronic card transactions  A/S/T by industry,Actual,Food and beverage services,,,
2629,ECTM.S1AH2120,2015.08,642.9,,F,Dollars,6,Electronic Card Transactions (ANZSIC06) - ECT,Private - Values - Electronic card transactions  A/S/T by industry,Actual,Food and beverage services,,,
2630,ECTM.S1AH2120,2015.09,621,,F,Dollars,6,Electronic Card Transactions (ANZSIC06) - ECT,Private - Values - Electronic card transactions  A/S/T by industry,Actual,Food and beverage services,,,
2631,ECTM.S1AH2120,2015.1,667.7,,F,Dollars,6,Electronic Card Transactions (ANZSIC06) - ECT,Private - Values - Electronic card transactions  A/S/T by industry,Actual,Food and beverage services,,,
2632,ECTM.S1AH2120,2015.11,667.5,,F,Dollars,6,Electronic Card Transactions (ANZSIC06) - ECT,Private - Values - Electronic card transactions  A/S/T by industry,Actual,Food and beverage services,,,
2633,ECTM.S1AH2120,2015.12,734.9,,F,Dollars,6,Electronic Card Transactions (ANZSIC06) - ECT,Private - Values - Electronic card transactions  A/S/T by industry,Actual,Food and beverage services,,,
2634,ECTM.S1AH2120,2016.01,695.4,,F,Dollars,6,Electronic Card Transactions (ANZSIC06) - ECT,Private - Values - Electronic card transactions  A/S/T by industry,Actual,Food and beverage services,,,
2635,ECTM.S1AH2120,2016.02,668.3,,F,Dollars,6,Electronic Card Transactions (ANZSIC06) - ECT,Private - Values - Electronic card transactions  A/S/T by industry,Actual,Food and beverage services,,,
2636,ECTM.S1AH2120,2016.03,708.7,,F,Dollars,6,Electronic Card Transactions (ANZSIC06) - ECT,Private - Values - Electronic card transactions  A/S/T by industry,Actual,Food and beverage services,,,
2637,ECTM.S1AH2120,2016.04,717.3,,F,Dollars,6,Electronic Card Transactions (ANZSIC06) - ECT,Private - Values - Electronic card transactions  A/S/T by industry,Actual,Food and beverage services,,,
2638,ECTM.S1AH2120,2016.05,691.8,,F,Dollars,6,Electronic Card Transactions (ANZSIC06) - ECT,Private - Values - Electronic card transactions  A/S/T by industry,Actual,Food and beverage services,,,
2639,ECTM.S1AH2120,2016.06,672,,F,Dollars,6,Electronic Card Transactions (ANZSIC06) - ECT,Private - Values - Electronic card transactions  A/S/T by industry,Actual,Food and beverage services,,,
2640,ECTM.S1AH2120,2016.07,745.3,,F,Dollars,6,Electronic Card Transactions (ANZSIC06) - ECT,Private - Values - Electronic card transactions  A/S/T by industry,Actual,Food and beverage services,,,
2641,ECTM.S1AH2120,2016.08,696.7,,F,Dollars,6,Electronic Card Transactions (ANZSIC06) - ECT,Private - Values - Electronic card transactions  A/S/T by industry,Actual,Food and beverage services,,,
2642,ECTM.S1AH2120,2016.09,706.9,,F,Dollars,6,Electronic Card Transactions (ANZSIC06) - ECT,Private - Values - Electronic card transactions  A/S/T by industry,Actual,Food and beverage services,,,
2643,ECTM.S1AH2120,2016.1,748.1,,F,Dollars,6,Electronic Card Transactions (ANZSIC06) - ECT,Private - Values - Electronic card transactions  A/S/T by industry,Actual,Food and beverage services,,,
2644,ECTM.S1AH2120,2016.11,725.5,,F,Dollars,6,Electronic Card Transactions (ANZSIC06) - ECT,Private - Values - Electronic card transactions  A/S/T by industry,Actual,Food and beverage services,,,
2645,ECTM.S1AH2120,2016.12,826.2,,F,Dollars,6,Electronic Card Transactions (ANZSIC06) - ECT,Private - Values - Electronic card transactions  A/S/T by industry,Actual,Food and beverage services,,,
2646,ECTM.S1AH2120,2017.01,754.3,,F,Dollars,6,Electronic Card Transactions (ANZSIC06) - ECT,Private - Values - Electronic card transactions  A/S/T by industry,Actual,Food and beverage services,,,
2647,ECTM.S1AH2120,2017.02,705.5,,F,Dollars,6,Electronic Card Transactions (ANZSIC06) - ECT,Private - Values - Electronic card transactions  A/S/T by industry,Actual,Food and beverage services,,,
2648,ECTM.S1AH2120,2017.03,785.2,,F,Dollars,6,Electronic Card Transactions (ANZSIC06) - ECT,Private - Values - Electronic card transactions  A/S/T by industry,Actual,Food and beverage services,,,
2649,ECTM.S1AH2120,2017.04,769.4,,F,Dollars,6,Electronic Card Transactions (ANZSIC06) - ECT,Private - Values - Electronic card transactions  A/S/T by industry,Actual,Food and beverage services,,,
2650,ECTM.S1AH2120,2017.05,743.8,,F,Dollars,6,Electronic Card Transactions (ANZSIC06) - ECT,Private - Values - Electronic card transactions  A/S/T by industry,Actual,Food and beverage services,,,
2651,ECTM.S1AH2120,2017.06,745.2,,F,Dollars,6,Electronic Card Transactions (ANZSIC06) - ECT,Private - Values - Electronic card transactions  A/S/T by industry,Actual,Food and beverage services,,,
2652,ECTM.S1AH2120,2017.07,788,,F,Dollars,6,Electronic Card Transactions (ANZSIC06) - ECT,Private - Values - Electronic card transactions  A/S/T by industry,Actual,Food and beverage services,,,
2653,ECTM.S1AH2120,2017.08,760.3,,F,Dollars,6,Electronic Card Transactions (ANZSIC06) - ECT,Private - Values - Electronic card transactions  A/S/T by industry,Actual,Food and beverage services,,,
2654,ECTM.S1AH2120,2017.09,765.7,,F,Dollars,6,Electronic Card Transactions (ANZSIC06) - ECT,Private - Values - Electronic card transactions  A/S/T by industry,Actual,Food and beverage services,,,
2655,ECTM.S1AH2120,2017.1,798.1,,F,Dollars,6,Electronic Card Transactions (ANZSIC06) - ECT,Private - Values - Electronic card transactions  A/S/T by industry,Actual,Food and beverage services,,,
2656,ECTM.S1AH2120,2017.11,800.9,,F,Dollars,6,Electronic Card Transactions (ANZSIC06) - ECT,Private - Values - Electronic card transactions  A/S/T by industry,Actual,Food and beverage services,,,
2657,ECTM.S1AH2120,2017.12,894.7,,F,Dollars,6,Electronic Card Transactions (ANZSIC06) - ECT,Private - Values - Electronic card transactions  A/S/T by industry,Actual,Food and beverage services,,,
2658,ECTM.S1AH2120,2018.01,810.9,,F,Dollars,6,Electronic Card Transactions (ANZSIC06) - ECT,Private - Values - Electronic card transactions  A/S/T by industry,Actual,Food and beverage services,,,
2659,ECTM.S1AH2120,2018.02,769.4,,F,Dollars,6,Electronic Card Transactions (ANZSIC06) - ECT,Private - Values - Electronic card transactions  A/S/T by industry,Actual,Food and beverage services,,,
2660,ECTM.S1AH2120,2018.03,868,,F,Dollars,6,Electronic Card Transactions (ANZSIC06) - ECT,Private - Values - Electronic card transactions  A/S/T by industry,Actual,Food and beverage services,,,
2661,ECTM.S1AH2120,2018.04,819.9,,F,Dollars,6,Electronic Card Transactions (ANZSIC06) - ECT,Private - Values - Electronic card transactions  A/S/T by industry,Actual,Food and beverage services,,,
2662,ECTM.S1AH2120,2018.05,802.6,,F,Dollars,6,Electronic Card Transactions (ANZSIC06) - ECT,Private - Values - Electronic card transactions  A/S/T by industry,Actual,Food and beverage services,,,
2663,ECTM.S1AH2120,2018.06,796.7,,F,Dollars,6,Electronic Card Transactions (ANZSIC06) - ECT,Private - Values - Electronic card transactions  A/S/T by industry,Actual,Food and beverage services,,,
2664,ECTM.S1AH2120,2018.07,827.7,,F,Dollars,6,Electronic Card Transactions (ANZSIC06) - ECT,Private - Values - Electronic card transactions  A/S/T by industry,Actual,Food and beverage services,,,
2665,ECTM.S1AH2120,2018.08,826.1,,F,Dollars,6,Electronic Card Transactions (ANZSIC06) - ECT,Private - Values - Electronic card transactions  A/S/T by industry,Actual,Food and beverage services,,,
2666,ECTM.S1AH2120,2018.09,822.1,,F,Dollars,6,Electronic Card Transactions (ANZSIC06) - ECT,Private - Values - Electronic card transactions  A/S/T by industry,Actual,Food and beverage services,,,
2667,ECTM.S1AH2120,2018.1,837.4,,F,Dollars,6,Electronic Card Transactions (ANZSIC06) - ECT,Private - Values - Electronic card transactions  A/S/T by industry,Actual,Food and beverage services,,,
2668,ECTM.S1AH2120,2018.11,860.5,,F,Dollars,6,Electronic Card Transactions (ANZSIC06) - ECT,Private - Values - Electronic card transactions  A/S/T by industry,Actual,Food and beverage services,,,
2669,ECTM.S1AH2120,2018.12,947.9,,F,Dollars,6,Electronic Card Transactions (ANZSIC06) - ECT,Private - Values - Electronic card transactions  A/S/T by industry,Actual,Food and beverage services,,,
2670,ECTM.S1AH2120,2019.01,872.2,,F,Dollars,6,Electronic Card Transactions (ANZSIC06) - ECT,Private - Values - Electronic card transactions  A/S/T by industry,Actual,Food and beverage services,,,
2671,ECTM.S1AH2120,2019.02,824.3,,F,Dollars,6,Electronic Card Transactions (ANZSIC06) - ECT,Private - Values - Electronic card transactions  A/S/T by industry,Actual,Food and beverage services,,,
2672,ECTM.S1AH2120,2019.03,928.9,,F,Dollars,6,Electronic Card Transactions (ANZSIC06) - ECT,Private - Values - Electronic card transactions  A/S/T by industry,Actual,Food and beverage services,,,
2673,ECTM.S1AH2120,2019.04,857.4,,F,Dollars,6,Electronic Card Transactions (ANZSIC06) - ECT,Private - Values - Electronic card transactions  A/S/T by industry,Actual,Food and beverage services,,,
2674,ECTM.S1AH2120,2019.05,869.5,,F,Dollars,6,Electronic Card Transactions (ANZSIC06) - ECT,Private - Values - Electronic card transactions  A/S/T by industry,Actual,Food and beverage services,,,
2675,ECTM.S1AH2120,2019.06,844.3,,F,Dollars,6,Electronic Card Transactions (ANZSIC06) - ECT,Private - Values - Electronic card transactions  A/S/T by industry,Actual,Food and beverage services,,,
2676,ECTM.S1AH2120,2019.07,865.5,,F,Dollars,6,Electronic Card Transactions (ANZSIC06) - ECT,Private - Values - Electronic card transactions  A/S/T by industry,Actual,Food and beverage services,,,
2677,ECTM.S1AH2120,2019.08,886.7,,F,Dollars,6,Electronic Card Transactions (ANZSIC06) - ECT,Private - Values - Electronic card transactions  A/S/T by industry,Actual,Food and beverage services,,,
2678,ECTM.S1AH2120,2019.09,858.4,,F,Dollars,6,Electronic Card Transactions (ANZSIC06) - ECT,Private - Values - Electronic card transactions  A/S/T by industry,Actual,Food and beverage services,,,
2679,ECTM.S1AH2120,2019.1,897.2,,F,Dollars,6,Electronic Card Transactions (ANZSIC06) - ECT,Private - Values - Electronic card transactions  A/S/T by industry,Actual,Food and beverage services,,,
2680,ECTM.S1AH2120,2019.11,924.4,,F,Dollars,6,Electronic Card Transactions (ANZSIC06) - ECT,Private - Values - Electronic card transactions  A/S/T by industry,Actual,Food and beverage services,,,
2681,ECTM.S1AH2120,2019.12,988.6,,F,Dollars,6,Electronic Card Transactions (ANZSIC06) - ECT,Private - Values - Electronic card transactions  A/S/T by industry,Actual,Food and beverage services,,,
2682,ECTM.S1AH2120,2020.01,928.5,,F,Dollars,6,Electronic Card Transactions (ANZSIC06) - ECT,Private - Values - Electronic card transactions  A/S/T by industry,Actual,Food and beverage services,,,
2683,ECTM.S1AH2120,2020.02,892.9,,F,Dollars,6,Electronic Card Transactions (ANZSIC06) - ECT,Private - Values - Electronic card transactions  A/S/T by industry,Actual,Food and beverage services,,,
2684,ECTM.S1AH2120,2020.03,662.4,,F,Dollars,6,Electronic Card Transactions (ANZSIC06) - ECT,Private - Values - Electronic card transactions  A/S/T by industry,Actual,Food and beverage services,,,
2685,ECTM.S1AH2120,2020.04,43.7,,F,Dollars,6,Electronic Card Transactions (ANZSIC06) - ECT,Private - Values - Electronic card transactions  A/S/T by industry,Actual,Food and beverage services,,,
2686,ECTM.S1SH2120,2007.03,Could not be seasonally adjusted,,R,Dollars,6,Electronic Card Transactions (ANZSIC06) - ECT,Private - Values - Electronic card transactions  A/S/T by industry,Seasonally adjusted,Food and beverage services,,,
2687,ECTM.S1SH2120,2007.04,Could not be seasonally adjusted,,R,Dollars,6,Electronic Card Transactions (ANZSIC06) - ECT,Private - Values - Electronic card transactions  A/S/T by industry,Seasonally adjusted,Food and beverage services,,,
2688,ECTM.S1SH2120,2007.05,Could not be seasonally adjusted,,R,Dollars,6,Electronic Card Transactions (ANZSIC06) - ECT,Private - Values - Electronic card transactions  A/S/T by industry,Seasonally adjusted,Food and beverage services,,,
2689,ECTM.S1SH2120,2007.06,Could not be seasonally adjusted,,R,Dollars,6,Electronic Card Transactions (ANZSIC06) - ECT,Private - Values - Electronic card transactions  A/S/T by industry,Seasonally adjusted,Food and beverage services,,,
2690,ECTM.S1SH2120,2007.07,Could not be seasonally adjusted,,R,Dollars,6,Electronic Card Transactions (ANZSIC06) - ECT,Private - Values - Electronic card transactions  A/S/T by industry,Seasonally adjusted,Food and beverage services,,,
2691,ECTM.S1SH2120,2007.08,Could not be seasonally adjusted,,R,Dollars,6,Electronic Card Transactions (ANZSIC06) - ECT,Private - Values - Electronic card transactions  A/S/T by industry,Seasonally adjusted,Food and beverage services,,,
2692,ECTM.S1SH2120,2007.09,Could not be seasonally adjusted,,R,Dollars,6,Electronic Card Transactions (ANZSIC06) - ECT,Private - Values - Electronic card transactions  A/S/T by industry,Seasonally adjusted,Food and beverage services,,,
2693,ECTM.S1SH2120,2007.1,Could not be seasonally adjusted,,R,Dollars,6,Electronic Card Transactions (ANZSIC06) - ECT,Private - Values - Electronic card transactions  A/S/T by industry,Seasonally adjusted,Food and beverage services,,,
2694,ECTM.S1SH2120,2007.11,Could not be seasonally adjusted,,R,Dollars,6,Electronic Card Transactions (ANZSIC06) - ECT,Private - Values - Electronic card transactions  A/S/T by industry,Seasonally adjusted,Food and beverage services,,,
2695,ECTM.S1SH2120,2007.12,Could not be seasonally adjusted,,R,Dollars,6,Electronic Card Transactions (ANZSIC06) - ECT,Private - Values - Electronic card transactions  A/S/T by industry,Seasonally adjusted,Food and beverage services,,,
2696,ECTM.S1SH2120,2008.01,Could not be seasonally adjusted,,R,Dollars,6,Electronic Card Transactions (ANZSIC06) - ECT,Private - Values - Electronic card transactions  A/S/T by industry,Seasonally adjusted,Food and beverage services,,,
2697,ECTM.S1SH2120,2008.02,Could not be seasonally adjusted,,R,Dollars,6,Electronic Card Transactions (ANZSIC06) - ECT,Private - Values - Electronic card transactions  A/S/T by industry,Seasonally adjusted,Food and beverage services,,,
2698,ECTM.S1SH2120,2008.03,Could not be seasonally adjusted,,R,Dollars,6,Electronic Card Transactions (ANZSIC06) - ECT,Private - Values - Electronic card transactions  A/S/T by industry,Seasonally adjusted,Food and beverage services,,,
2699,ECTM.S1SH2120,2008.04,Could not be seasonally adjusted,,R,Dollars,6,Electronic Card Transactions (ANZSIC06) - ECT,Private - Values - Electronic card transactions  A/S/T by industry,Seasonally adjusted,Food and beverage services,,,
2700,ECTM.S1SH2120,2008.05,Could not be seasonally adjusted,,R,Dollars,6,Electronic Card Transactions (ANZSIC06) - ECT,Private - Values - Electronic card transactions  A/S/T by industry,Seasonally adjusted,Food and beverage services,,,
2701,ECTM.S1SH2120,2008.06,Could not be seasonally adjusted,,R,Dollars,6,Electronic Card Transactions (ANZSIC06) - ECT,Private - Values - Electronic card transactions  A/S/T by industry,Seasonally adjusted,Food and beverage services,,,
2702,ECTM.S1SH2120,2008.07,Could not be seasonally adjusted,,R,Dollars,6,Electronic Card Transactions (ANZSIC06) - ECT,Private - Values - Electronic card transactions  A/S/T by industry,Seasonally adjusted,Food and beverage services,,,
2703,ECTM.S1SH2120,2008.08,Could not be seasonally adjusted,,R,Dollars,6,Electronic Card Transactions (ANZSIC06) - ECT,Private - Values - Electronic card transactions  A/S/T by industry,Seasonally adjusted,Food and beverage services,,,
2704,ECTM.S1SH2120,2008.09,Could not be seasonally adjusted,,R,Dollars,6,Electronic Card Transactions (ANZSIC06) - ECT,Private - Values - Electronic card transactions  A/S/T by industry,Seasonally adjusted,Food and beverage services,,,
2705,ECTM.S1SH2120,2008.1,Could not be seasonally adjusted,,R,Dollars,6,Electronic Card Transactions (ANZSIC06) - ECT,Private - Values - Electronic card transactions  A/S/T by industry,Seasonally adjusted,Food and beverage services,,,
2706,ECTM.S1SH2120,2008.11,Could not be seasonally adjusted,,R,Dollars,6,Electronic Card Transactions (ANZSIC06) - ECT,Private - Values - Electronic card transactions  A/S/T by industry,Seasonally adjusted,Food and beverage services,,,
2707,ECTM.S1SH2120,2008.12,Could not be seasonally adjusted,,R,Dollars,6,Electronic Card Transactions (ANZSIC06) - ECT,Private - Values - Electronic card transactions  A/S/T by industry,Seasonally adjusted,Food and beverage services,,,
2708,ECTM.S1SH2120,2009.01,Could not be seasonally adjusted,,R,Dollars,6,Electronic Card Transactions (ANZSIC06) - ECT,Private - Values - Electronic card transactions  A/S/T by industry,Seasonally adjusted,Food and beverage services,,,
2709,ECTM.S1SH2120,2009.02,Could not be seasonally adjusted,,R,Dollars,6,Electronic Card Transactions (ANZSIC06) - ECT,Private - Values - Electronic card transactions  A/S/T by industry,Seasonally adjusted,Food and beverage services,,,
2710,ECTM.S1SH2120,2009.03,Could not be seasonally adjusted,,R,Dollars,6,Electronic Card Transactions (ANZSIC06) - ECT,Private - Values - Electronic card transactions  A/S/T by industry,Seasonally adjusted,Food and beverage services,,,
2711,ECTM.S1SH2120,2009.04,Could not be seasonally adjusted,,R,Dollars,6,Electronic Card Transactions (ANZSIC06) - ECT,Private - Values - Electronic card transactions  A/S/T by industry,Seasonally adjusted,Food and beverage services,,,
2712,ECTM.S1SH2120,2009.05,Could not be seasonally adjusted,,R,Dollars,6,Electronic Card Transactions (ANZSIC06) - ECT,Private - Values - Electronic card transactions  A/S/T by industry,Seasonally adjusted,Food and beverage services,,,
2713,ECTM.S1SH2120,2009.06,Could not be seasonally adjusted,,R,Dollars,6,Electronic Card Transactions (ANZSIC06) - ECT,Private - Values - Electronic card transactions  A/S/T by industry,Seasonally adjusted,Food and beverage services,,,
2714,ECTM.S1SH2120,2009.07,Could not be seasonally adjusted,,R,Dollars,6,Electronic Card Transactions (ANZSIC06) - ECT,Private - Values - Electronic card transactions  A/S/T by industry,Seasonally adjusted,Food and beverage services,,,
2715,ECTM.S1SH2120,2009.08,Could not be seasonally adjusted,,R,Dollars,6,Electronic Card Transactions (ANZSIC06) - ECT,Private - Values - Electronic card transactions  A/S/T by industry,Seasonally adjusted,Food and beverage services,,,
2716,ECTM.S1SH2120,2009.09,Could not be seasonally adjusted,,R,Dollars,6,Electronic Card Transactions (ANZSIC06) - ECT,Private - Values - Electronic card transactions  A/S/T by industry,Seasonally adjusted,Food and beverage services,,,
2717,ECTM.S1SH2120,2009.1,Could not be seasonally adjusted,,R,Dollars,6,Electronic Card Transactions (ANZSIC06) - ECT,Private - Values - Electronic card transactions  A/S/T by industry,Seasonally adjusted,Food and beverage services,,,
2718,ECTM.S1SH2120,2009.11,Could not be seasonally adjusted,,R,Dollars,6,Electronic Card Transactions (ANZSIC06) - ECT,Private - Values - Electronic card transactions  A/S/T by industry,Seasonally adjusted,Food and beverage services,,,
2719,ECTM.S1SH2120,2009.12,Could not be seasonally adjusted,,R,Dollars,6,Electronic Card Transactions (ANZSIC06) - ECT,Private - Values - Electronic card transactions  A/S/T by industry,Seasonally adjusted,Food and beverage services,,,
2720,ECTM.S1SH2120,2010.01,Could not be seasonally adjusted,,R,Dollars,6,Electronic Card Transactions (ANZSIC06) - ECT,Private - Values - Electronic card transactions  A/S/T by industry,Seasonally adjusted,Food and beverage services,,,
2721,ECTM.S1SH2120,2010.02,Could not be seasonally adjusted,,R,Dollars,6,Electronic Card Transactions (ANZSIC06) - ECT,Private - Values - Electronic card transactions  A/S/T by industry,Seasonally adjusted,Food and beverage services,,,
2722,ECTM.S1SH2120,2010.03,Could not be seasonally adjusted,,R,Dollars,6,Electronic Card Transactions (ANZSIC06) - ECT,Private - Values - Electronic card transactions  A/S/T by industry,Seasonally adjusted,Food and beverage services,,,
2723,ECTM.S1SH2120,2010.04,Could not be seasonally adjusted,,R,Dollars,6,Electronic Card Transactions (ANZSIC06) - ECT,Private - Values - Electronic card transactions  A/S/T by industry,Seasonally adjusted,Food and beverage services,,,
2724,ECTM.S1SH2120,2010.05,Could not be seasonally adjusted,,R,Dollars,6,Electronic Card Transactions (ANZSIC06) - ECT,Private - Values - Electronic card transactions  A/S/T by industry,Seasonally adjusted,Food and beverage services,,,
2725,ECTM.S1SH2120,2010.06,Could not be seasonally adjusted,,R,Dollars,6,Electronic Card Transactions (ANZSIC06) - ECT,Private - Values - Electronic card transactions  A/S/T by industry,Seasonally adjusted,Food and beverage services,,,
2726,ECTM.S1SH2120,2010.07,Could not be seasonally adjusted,,R,Dollars,6,Electronic Card Transactions (ANZSIC06) - ECT,Private - Values - Electronic card transactions  A/S/T by industry,Seasonally adjusted,Food and beverage services,,,
2727,ECTM.S1SH2120,2010.08,Could not be seasonally adjusted,,R,Dollars,6,Electronic Card Transactions (ANZSIC06) - ECT,Private - Values - Electronic card transactions  A/S/T by industry,Seasonally adjusted,Food and beverage services,,,
2728,ECTM.S1SH2120,2010.09,Could not be seasonally adjusted,,R,Dollars,6,Electronic Card Transactions (ANZSIC06) - ECT,Private - Values - Electronic card transactions  A/S/T by industry,Seasonally adjusted,Food and beverage services,,,
2729,ECTM.S1SH2120,2010.1,Could not be seasonally adjusted,,R,Dollars,6,Electronic Card Transactions (ANZSIC06) - ECT,Private - Values - Electronic card transactions  A/S/T by industry,Seasonally adjusted,Food and beverage services,,,
2730,ECTM.S1SH2120,2010.11,Could not be seasonally adjusted,,R,Dollars,6,Electronic Card Transactions (ANZSIC06) - ECT,Private - Values - Electronic card transactions  A/S/T by industry,Seasonally adjusted,Food and beverage services,,,
2731,ECTM.S1SH2120,2010.12,Could not be seasonally adjusted,,R,Dollars,6,Electronic Card Transactions (ANZSIC06) - ECT,Private - Values - Electronic card transactions  A/S/T by industry,Seasonally adjusted,Food and beverage services,,,
2732,ECTM.S1SH2120,2011.01,Could not be seasonally adjusted,,R,Dollars,6,Electronic Card Transactions (ANZSIC06) - ECT,Private - Values - Electronic card transactions  A/S/T by industry,Seasonally adjusted,Food and beverage services,,,
2733,ECTM.S1SH2120,2011.02,Could not be seasonally adjusted,,R,Dollars,6,Electronic Card Transactions (ANZSIC06) - ECT,Private - Values - Electronic card transactions  A/S/T by industry,Seasonally adjusted,Food and beverage services,,,
2734,ECTM.S1SH2120,2011.03,Could not be seasonally adjusted,,R,Dollars,6,Electronic Card Transactions (ANZSIC06) - ECT,Private - Values - Electronic card transactions  A/S/T by industry,Seasonally adjusted,Food and beverage services,,,
2735,ECTM.S1SH2120,2011.04,Could not be seasonally adjusted,,R,Dollars,6,Electronic Card Transactions (ANZSIC06) - ECT,Private - Values - Electronic card transactions  A/S/T by industry,Seasonally adjusted,Food and beverage services,,,
2736,ECTM.S1SH2120,2011.05,Could not be seasonally adjusted,,R,Dollars,6,Electronic Card Transactions (ANZSIC06) - ECT,Private - Values - Electronic card transactions  A/S/T by industry,Seasonally adjusted,Food and beverage services,,,
2737,ECTM.S1SH2120,2011.06,Could not be seasonally adjusted,,R,Dollars,6,Electronic Card Transactions (ANZSIC06) - ECT,Private - Values - Electronic card transactions  A/S/T by industry,Seasonally adjusted,Food and beverage services,,,
2738,ECTM.S1SH2120,2011.07,Could not be seasonally adjusted,,R,Dollars,6,Electronic Card Transactions (ANZSIC06) - ECT,Private - Values - Electronic card transactions  A/S/T by industry,Seasonally adjusted,Food and beverage services,,,
2739,ECTM.S1SH2120,2011.08,Could not be seasonally adjusted,,R,Dollars,6,Electronic Card Transactions (ANZSIC06) - ECT,Private - Values - Electronic card transactions  A/S/T by industry,Seasonally adjusted,Food and beverage services,,,
2740,ECTM.S1SH2120,2011.09,Could not be seasonally adjusted,,R,Dollars,6,Electronic Card Transactions (ANZSIC06) - ECT,Private - Values - Electronic card transactions  A/S/T by industry,Seasonally adjusted,Food and beverage services,,,
2741,ECTM.S1SH2120,2011.1,Could not be seasonally adjusted,,R,Dollars,6,Electronic Card Transactions (ANZSIC06) - ECT,Private - Values - Electronic card transactions  A/S/T by industry,Seasonally adjusted,Food and beverage services,,,
2742,ECTM.S1SH2120,2011.11,Could not be seasonally adjusted,,R,Dollars,6,Electronic Card Transactions (ANZSIC06) - ECT,Private - Values - Electronic card transactions  A/S/T by industry,Seasonally adjusted,Food and beverage services,,,
2743,ECTM.S1SH2120,2011.12,Could not be seasonally adjusted,,R,Dollars,6,Electronic Card Transactions (ANZSIC06) - ECT,Private - Values - Electronic card transactions  A/S/T by industry,Seasonally adjusted,Food and beverage services,,,
2744,ECTM.S1SH2120,2012.01,Could not be seasonally adjusted,,R,Dollars,6,Electronic Card Transactions (ANZSIC06) - ECT,Private - Values - Electronic card transactions  A/S/T by industry,Seasonally adjusted,Food and beverage services,,,
2745,ECTM.S1SH2120,2012.02,Could not be seasonally adjusted,,R,Dollars,6,Electronic Card Transactions (ANZSIC06) - ECT,Private - Values - Electronic card transactions  A/S/T by industry,Seasonally adjusted,Food and beverage services,,,
2746,ECTM.S1SH2120,2012.03,Could not be seasonally adjusted,,R,Dollars,6,Electronic Card Transactions (ANZSIC06) - ECT,Private - Values - Electronic card transactions  A/S/T by industry,Seasonally adjusted,Food and beverage services,,,
2747,ECTM.S1SH2120,2012.04,Could not be seasonally adjusted,,R,Dollars,6,Electronic Card Transactions (ANZSIC06) - ECT,Private - Values - Electronic card transactions  A/S/T by industry,Seasonally adjusted,Food and beverage services,,,
2748,ECTM.S1SH2120,2012.05,Could not be seasonally adjusted,,R,Dollars,6,Electronic Card Transactions (ANZSIC06) - ECT,Private - Values - Electronic card transactions  A/S/T by industry,Seasonally adjusted,Food and beverage services,,,
2749,ECTM.S1SH2120,2012.06,Could not be seasonally adjusted,,R,Dollars,6,Electronic Card Transactions (ANZSIC06) - ECT,Private - Values - Electronic card transactions  A/S/T by industry,Seasonally adjusted,Food and beverage services,,,
2750,ECTM.S1SH2120,2012.07,Could not be seasonally adjusted,,R,Dollars,6,Electronic Card Transactions (ANZSIC06) - ECT,Private - Values - Electronic card transactions  A/S/T by industry,Seasonally adjusted,Food and beverage services,,,
2751,ECTM.S1SH2120,2012.08,Could not be seasonally adjusted,,R,Dollars,6,Electronic Card Transactions (ANZSIC06) - ECT,Private - Values - Electronic card transactions  A/S/T by industry,Seasonally adjusted,Food and beverage services,,,
2752,ECTM.S1SH2120,2012.09,Could not be seasonally adjusted,,R,Dollars,6,Electronic Card Transactions (ANZSIC06) - ECT,Private - Values - Electronic card transactions  A/S/T by industry,Seasonally adjusted,Food and beverage services,,,
2753,ECTM.S1SH2120,2012.1,Could not be seasonally adjusted,,R,Dollars,6,Electronic Card Transactions (ANZSIC06) - ECT,Private - Values - Electronic card transactions  A/S/T by industry,Seasonally adjusted,Food and beverage services,,,
2754,ECTM.S1SH2120,2012.11,Could not be seasonally adjusted,,R,Dollars,6,Electronic Card Transactions (ANZSIC06) - ECT,Private - Values - Electronic card transactions  A/S/T by industry,Seasonally adjusted,Food and beverage services,,,
2755,ECTM.S1SH2120,2012.12,Could not be seasonally adjusted,,R,Dollars,6,Electronic Card Transactions (ANZSIC06) - ECT,Private - Values - Electronic card transactions  A/S/T by industry,Seasonally adjusted,Food and beverage services,,,
2756,ECTM.S1SH2120,2013.01,Could not be seasonally adjusted,,R,Dollars,6,Electronic Card Transactions (ANZSIC06) - ECT,Private - Values - Electronic card transactions  A/S/T by industry,Seasonally adjusted,Food and beverage services,,,
2757,ECTM.S1SH2120,2013.02,Could not be seasonally adjusted,,R,Dollars,6,Electronic Card Transactions (ANZSIC06) - ECT,Private - Values - Electronic card transactions  A/S/T by industry,Seasonally adjusted,Food and beverage services,,,
2758,ECTM.S1SH2120,2013.03,Could not be seasonally adjusted,,R,Dollars,6,Electronic Card Transactions (ANZSIC06) - ECT,Private - Values - Electronic card transactions  A/S/T by industry,Seasonally adjusted,Food and beverage services,,,
2759,ECTM.S1SH2120,2013.04,Could not be seasonally adjusted,,R,Dollars,6,Electronic Card Transactions (ANZSIC06) - ECT,Private - Values - Electronic card transactions  A/S/T by industry,Seasonally adjusted,Food and beverage services,,,
2760,ECTM.S1SH2120,2013.05,Could not be seasonally adjusted,,R,Dollars,6,Electronic Card Transactions (ANZSIC06) - ECT,Private - Values - Electronic card transactions  A/S/T by industry,Seasonally adjusted,Food and beverage services,,,
2761,ECTM.S1SH2120,2013.06,Could not be seasonally adjusted,,R,Dollars,6,Electronic Card Transactions (ANZSIC06) - ECT,Private - Values - Electronic card transactions  A/S/T by industry,Seasonally adjusted,Food and beverage services,,,
2762,ECTM.S1SH2120,2013.07,Could not be seasonally adjusted,,R,Dollars,6,Electronic Card Transactions (ANZSIC06) - ECT,Private - Values - Electronic card transactions  A/S/T by industry,Seasonally adjusted,Food and beverage services,,,
2763,ECTM.S1SH2120,2013.08,Could not be seasonally adjusted,,R,Dollars,6,Electronic Card Transactions (ANZSIC06) - ECT,Private - Values - Electronic card transactions  A/S/T by industry,Seasonally adjusted,Food and beverage services,,,
2764,ECTM.S1SH2120,2013.09,Could not be seasonally adjusted,,R,Dollars,6,Electronic Card Transactions (ANZSIC06) - ECT,Private - Values - Electronic card transactions  A/S/T by industry,Seasonally adjusted,Food and beverage services,,,
2765,ECTM.S1SH2120,2013.1,Could not be seasonally adjusted,,R,Dollars,6,Electronic Card Transactions (ANZSIC06) - ECT,Private - Values - Electronic card transactions  A/S/T by industry,Seasonally adjusted,Food and beverage services,,,
2766,ECTM.S1SH2120,2013.11,Could not be seasonally adjusted,,R,Dollars,6,Electronic Card Transactions (ANZSIC06) - ECT,Private - Values - Electronic card transactions  A/S/T by industry,Seasonally adjusted,Food and beverage services,,,
2767,ECTM.S1SH2120,2013.12,Could not be seasonally adjusted,,R,Dollars,6,Electronic Card Transactions (ANZSIC06) - ECT,Private - Values - Electronic card transactions  A/S/T by industry,Seasonally adjusted,Food and beverage services,,,
2768,ECTM.S1SH2120,2014.01,Could not be seasonally adjusted,,R,Dollars,6,Electronic Card Transactions (ANZSIC06) - ECT,Private - Values - Electronic card transactions  A/S/T by industry,Seasonally adjusted,Food and beverage services,,,
2769,ECTM.S1SH2120,2014.02,Could not be seasonally adjusted,,R,Dollars,6,Electronic Card Transactions (ANZSIC06) - ECT,Private - Values - Electronic card transactions  A/S/T by industry,Seasonally adjusted,Food and beverage services,,,
2770,ECTM.S1SH2120,2014.03,Could not be seasonally adjusted,,R,Dollars,6,Electronic Card Transactions (ANZSIC06) - ECT,Private - Values - Electronic card transactions  A/S/T by industry,Seasonally adjusted,Food and beverage services,,,
2771,ECTM.S1SH2120,2014.04,Could not be seasonally adjusted,,R,Dollars,6,Electronic Card Transactions (ANZSIC06) - ECT,Private - Values - Electronic card transactions  A/S/T by industry,Seasonally adjusted,Food and beverage services,,,
2772,ECTM.S1SH2120,2014.05,Could not be seasonally adjusted,,R,Dollars,6,Electronic Card Transactions (ANZSIC06) - ECT,Private - Values - Electronic card transactions  A/S/T by industry,Seasonally adjusted,Food and beverage services,,,
2773,ECTM.S1SH2120,2014.06,Could not be seasonally adjusted,,R,Dollars,6,Electronic Card Transactions (ANZSIC06) - ECT,Private - Values - Electronic card transactions  A/S/T by industry,Seasonally adjusted,Food and beverage services,,,
2774,ECTM.S1SH2120,2014.07,Could not be seasonally adjusted,,R,Dollars,6,Electronic Card Transactions (ANZSIC06) - ECT,Private - Values - Electronic card transactions  A/S/T by industry,Seasonally adjusted,Food and beverage services,,,
2775,ECTM.S1SH2120,2014.08,Could not be seasonally adjusted,,R,Dollars,6,Electronic Card Transactions (ANZSIC06) - ECT,Private - Values - Electronic card transactions  A/S/T by industry,Seasonally adjusted,Food and beverage services,,,
2776,ECTM.S1SH2120,2014.09,Could not be seasonally adjusted,,R,Dollars,6,Electronic Card Transactions (ANZSIC06) - ECT,Private - Values - Electronic card transactions  A/S/T by industry,Seasonally adjusted,Food and beverage services,,,
2777,ECTM.S1SH2120,2014.1,Could not be seasonally adjusted,,R,Dollars,6,Electronic Card Transactions (ANZSIC06) - ECT,Private - Values - Electronic card transactions  A/S/T by industry,Seasonally adjusted,Food and beverage services,,,
2778,ECTM.S1SH2120,2014.11,Could not be seasonally adjusted,,R,Dollars,6,Electronic Card Transactions (ANZSIC06) - ECT,Private - Values - Electronic card transactions  A/S/T by industry,Seasonally adjusted,Food and beverage services,,,
2779,ECTM.S1SH2120,2014.12,Could not be seasonally adjusted,,R,Dollars,6,Electronic Card Transactions (ANZSIC06) - ECT,Private - Values - Electronic card transactions  A/S/T by industry,Seasonally adjusted,Food and beverage services,,,
2780,ECTM.S1SH2120,2015.01,Could not be seasonally adjusted,,R,Dollars,6,Electronic Card Transactions (ANZSIC06) - ECT,Private - Values - Electronic card transactions  A/S/T by industry,Seasonally adjusted,Food and beverage services,,,
2781,ECTM.S1SH2120,2015.02,Could not be seasonally adjusted,,R,Dollars,6,Electronic Card Transactions (ANZSIC06) - ECT,Private - Values - Electronic card transactions  A/S/T by industry,Seasonally adjusted,Food and beverage services,,,
2782,ECTM.S1SH2120,2015.03,Could not be seasonally adjusted,,R,Dollars,6,Electronic Card Transactions (ANZSIC06) - ECT,Private - Values - Electronic card transactions  A/S/T by industry,Seasonally adjusted,Food and beverage services,,,
2783,ECTM.S1SH2120,2015.04,Could not be seasonally adjusted,,R,Dollars,6,Electronic Card Transactions (ANZSIC06) - ECT,Private - Values - Electronic card transactions  A/S/T by industry,Seasonally adjusted,Food and beverage services,,,
2784,ECTM.S1SH2120,2015.05,Could not be seasonally adjusted,,R,Dollars,6,Electronic Card Transactions (ANZSIC06) - ECT,Private - Values - Electronic card transactions  A/S/T by industry,Seasonally adjusted,Food and beverage services,,,
2785,ECTM.S1SH2120,2015.06,Could not be seasonally adjusted,,R,Dollars,6,Electronic Card Transactions (ANZSIC06) - ECT,Private - Values - Electronic card transactions  A/S/T by industry,Seasonally adjusted,Food and beverage services,,,
2786,ECTM.S1SH2120,2015.07,Could not be seasonally adjusted,,R,Dollars,6,Electronic Card Transactions (ANZSIC06) - ECT,Private - Values - Electronic card transactions  A/S/T by industry,Seasonally adjusted,Food and beverage services,,,
2787,ECTM.S1SH2120,2015.08,Could not be seasonally adjusted,,R,Dollars,6,Electronic Card Transactions (ANZSIC06) - ECT,Private - Values - Electronic card transactions  A/S/T by industry,Seasonally adjusted,Food and beverage services,,,
2788,ECTM.S1SH2120,2015.09,Could not be seasonally adjusted,,R,Dollars,6,Electronic Card Transactions (ANZSIC06) - ECT,Private - Values - Electronic card transactions  A/S/T by industry,Seasonally adjusted,Food and beverage services,,,
2789,ECTM.S1SH2120,2015.1,Could not be seasonally adjusted,,R,Dollars,6,Electronic Card Transactions (ANZSIC06) - ECT,Private - Values - Electronic card transactions  A/S/T by industry,Seasonally adjusted,Food and beverage services,,,
2790,ECTM.S1SH2120,2015.11,Could not be seasonally adjusted,,R,Dollars,6,Electronic Card Transactions (ANZSIC06) - ECT,Private - Values - Electronic card transactions  A/S/T by industry,Seasonally adjusted,Food and beverage services,,,
2791,ECTM.S1SH2120,2015.12,Could not be seasonally adjusted,,R,Dollars,6,Electronic Card Transactions (ANZSIC06) - ECT,Private - Values - Electronic card transactions  A/S/T by industry,Seasonally adjusted,Food and beverage services,,,
2792,ECTM.S1SH2120,2016.01,Could not be seasonally adjusted,,R,Dollars,6,Electronic Card Transactions (ANZSIC06) - ECT,Private - Values - Electronic card transactions  A/S/T by industry,Seasonally adjusted,Food and beverage services,,,
2793,ECTM.S1SH2120,2016.02,Could not be seasonally adjusted,,R,Dollars,6,Electronic Card Transactions (ANZSIC06) - ECT,Private - Values - Electronic card transactions  A/S/T by industry,Seasonally adjusted,Food and beverage services,,,
2794,ECTM.S1SH2120,2016.03,Could not be seasonally adjusted,,R,Dollars,6,Electronic Card Transactions (ANZSIC06) - ECT,Private - Values - Electronic card transactions  A/S/T by industry,Seasonally adjusted,Food and beverage services,,,
2795,ECTM.S1SH2120,2016.04,Could not be seasonally adjusted,,R,Dollars,6,Electronic Card Transactions (ANZSIC06) - ECT,Private - Values - Electronic card transactions  A/S/T by industry,Seasonally adjusted,Food and beverage services,,,
2796,ECTM.S1SH2120,2016.05,Could not be seasonally adjusted,,R,Dollars,6,Electronic Card Transactions (ANZSIC06) - ECT,Private - Values - Electronic card transactions  A/S/T by industry,Seasonally adjusted,Food and beverage services,,,
2797,ECTM.S1SH2120,2016.06,Could not be seasonally adjusted,,R,Dollars,6,Electronic Card Transactions (ANZSIC06) - ECT,Private - Values - Electronic card transactions  A/S/T by industry,Seasonally adjusted,Food and beverage services,,,
2798,ECTM.S1SH2120,2016.07,Could not be seasonally adjusted,,R,Dollars,6,Electronic Card Transactions (ANZSIC06) - ECT,Private - Values - Electronic card transactions  A/S/T by industry,Seasonally adjusted,Food and beverage services,,,
2799,ECTM.S1SH2120,2016.08,Could not be seasonally adjusted,,R,Dollars,6,Electronic Card Transactions (ANZSIC06) - ECT,Private - Values - Electronic card transactions  A/S/T by industry,Seasonally adjusted,Food and beverage services,,,
2800,ECTM.S1SH2120,2016.09,Could not be seasonally adjusted,,R,Dollars,6,Electronic Card Transactions (ANZSIC06) - ECT,Private - Values - Electronic card transactions  A/S/T by industry,Seasonally adjusted,Food and beverage services,,,
2801,ECTM.S1SH2120,2016.1,Could not be seasonally adjusted,,R,Dollars,6,Electronic Card Transactions (ANZSIC06) - ECT,Private - Values - Electronic card transactions  A/S/T by industry,Seasonally adjusted,Food and beverage services,,,
2802,ECTM.S1SH2120,2016.11,Could not be seasonally adjusted,,R,Dollars,6,Electronic Card Transactions (ANZSIC06) - ECT,Private - Values - Electronic card transactions  A/S/T by industry,Seasonally adjusted,Food and beverage services,,,
2803,ECTM.S1SH2120,2016.12,Could not be seasonally adjusted,,R,Dollars,6,Electronic Card Transactions (ANZSIC06) - ECT,Private - Values - Electronic card transactions  A/S/T by industry,Seasonally adjusted,Food and beverage services,,,
2804,ECTM.S1SH2120,2017.01,Could not be seasonally adjusted,,R,Dollars,6,Electronic Card Transactions (ANZSIC06) - ECT,Private - Values - Electronic card transactions  A/S/T by industry,Seasonally adjusted,Food and beverage services,,,
2805,ECTM.S1SH2120,2017.02,Could not be seasonally adjusted,,R,Dollars,6,Electronic Card Transactions (ANZSIC06) - ECT,Private - Values - Electronic card transactions  A/S/T by industry,Seasonally adjusted,Food and beverage services,,,
2806,ECTM.S1SH2120,2017.03,Could not be seasonally adjusted,,R,Dollars,6,Electronic Card Transactions (ANZSIC06) - ECT,Private - Values - Electronic card transactions  A/S/T by industry,Seasonally adjusted,Food and beverage services,,,
2807,ECTM.S1SH2120,2017.04,Could not be seasonally adjusted,,R,Dollars,6,Electronic Card Transactions (ANZSIC06) - ECT,Private - Values - Electronic card transactions  A/S/T by industry,Seasonally adjusted,Food and beverage services,,,
2808,ECTM.S1SH2120,2017.05,Could not be seasonally adjusted,,R,Dollars,6,Electronic Card Transactions (ANZSIC06) - ECT,Private - Values - Electronic card transactions  A/S/T by industry,Seasonally adjusted,Food and beverage services,,,
2809,ECTM.S1SH2120,2017.06,Could not be seasonally adjusted,,R,Dollars,6,Electronic Card Transactions (ANZSIC06) - ECT,Private - Values - Electronic card transactions  A/S/T by industry,Seasonally adjusted,Food and beverage services,,,
2810,ECTM.S1SH2120,2017.07,Could not be seasonally adjusted,,R,Dollars,6,Electronic Card Transactions (ANZSIC06) - ECT,Private - Values - Electronic card transactions  A/S/T by industry,Seasonally adjusted,Food and beverage services,,,
2811,ECTM.S1SH2120,2017.08,Could not be seasonally adjusted,,R,Dollars,6,Electronic Card Transactions (ANZSIC06) - ECT,Private - Values - Electronic card transactions  A/S/T by industry,Seasonally adjusted,Food and beverage services,,,
2812,ECTM.S1SH2120,2017.09,Could not be seasonally adjusted,,R,Dollars,6,Electronic Card Transactions (ANZSIC06) - ECT,Private - Values - Electronic card transactions  A/S/T by industry,Seasonally adjusted,Food and beverage services,,,
2813,ECTM.S1SH2120,2017.1,Could not be seasonally adjusted,,R,Dollars,6,Electronic Card Transactions (ANZSIC06) - ECT,Private - Values - Electronic card transactions  A/S/T by industry,Seasonally adjusted,Food and beverage services,,,
2814,ECTM.S1SH2120,2017.11,Could not be seasonally adjusted,,R,Dollars,6,Electronic Card Transactions (ANZSIC06) - ECT,Private - Values - Electronic card transactions  A/S/T by industry,Seasonally adjusted,Food and beverage services,,,
2815,ECTM.S1SH2120,2017.12,Could not be seasonally adjusted,,R,Dollars,6,Electronic Card Transactions (ANZSIC06) - ECT,Private - Values - Electronic card transactions  A/S/T by industry,Seasonally adjusted,Food and beverage services,,,
2816,ECTM.S1SH2120,2018.01,Could not be seasonally adjusted,,R,Dollars,6,Electronic Card Transactions (ANZSIC06) - ECT,Private - Values - Electronic card transactions  A/S/T by industry,Seasonally adjusted,Food and beverage services,,,
2817,ECTM.S1SH2120,2018.02,Could not be seasonally adjusted,,R,Dollars,6,Electronic Card Transactions (ANZSIC06) - ECT,Private - Values - Electronic card transactions  A/S/T by industry,Seasonally adjusted,Food and beverage services,,,
2818,ECTM.S1SH2120,2018.03,Could not be seasonally adjusted,,R,Dollars,6,Electronic Card Transactions (ANZSIC06) - ECT,Private - Values - Electronic card transactions  A/S/T by industry,Seasonally adjusted,Food and beverage services,,,
2819,ECTM.S1SH2120,2018.04,Could not be seasonally adjusted,,R,Dollars,6,Electronic Card Transactions (ANZSIC06) - ECT,Private - Values - Electronic card transactions  A/S/T by industry,Seasonally adjusted,Food and beverage services,,,
2820,ECTM.S1SH2120,2018.05,Could not be seasonally adjusted,,R,Dollars,6,Electronic Card Transactions (ANZSIC06) - ECT,Private - Values - Electronic card transactions  A/S/T by industry,Seasonally adjusted,Food and beverage services,,,
2821,ECTM.S1SH2120,2018.06,Could not be seasonally adjusted,,R,Dollars,6,Electronic Card Transactions (ANZSIC06) - ECT,Private - Values - Electronic card transactions  A/S/T by industry,Seasonally adjusted,Food and beverage services,,,
2822,ECTM.S1SH2120,2018.07,Could not be seasonally adjusted,,R,Dollars,6,Electronic Card Transactions (ANZSIC06) - ECT,Private - Values - Electronic card transactions  A/S/T by industry,Seasonally adjusted,Food and beverage services,,,
2823,ECTM.S1SH2120,2018.08,Could not be seasonally adjusted,,R,Dollars,6,Electronic Card Transactions (ANZSIC06) - ECT,Private - Values - Electronic card transactions  A/S/T by industry,Seasonally adjusted,Food and beverage services,,,
2824,ECTM.S1SH2120,2018.09,Could not be seasonally adjusted,,R,Dollars,6,Electronic Card Transactions (ANZSIC06) - ECT,Private - Values - Electronic card transactions  A/S/T by industry,Seasonally adjusted,Food and beverage services,,,
2825,ECTM.S1SH2120,2018.1,Could not be seasonally adjusted,,R,Dollars,6,Electronic Card Transactions (ANZSIC06) - ECT,Private - Values - Electronic card transactions  A/S/T by industry,Seasonally adjusted,Food and beverage services,,,
2826,ECTM.S1SH2120,2018.11,Could not be seasonally adjusted,,R,Dollars,6,Electronic Card Transactions (ANZSIC06) - ECT,Private - Values - Electronic card transactions  A/S/T by industry,Seasonally adjusted,Food and beverage services,,,
2827,ECTM.S1SH2120,2018.12,Could not be seasonally adjusted,,R,Dollars,6,Electronic Card Transactions (ANZSIC06) - ECT,Private - Values - Electronic card transactions  A/S/T by industry,Seasonally adjusted,Food and beverage services,,,
2828,ECTM.S1SH2120,2019.01,Could not be seasonally adjusted,,R,Dollars,6,Electronic Card Transactions (ANZSIC06) - ECT,Private - Values - Electronic card transactions  A/S/T by industry,Seasonally adjusted,Food and beverage services,,,
2829,ECTM.S1SH2120,2019.02,Could not be seasonally adjusted,,R,Dollars,6,Electronic Card Transactions (ANZSIC06) - ECT,Private - Values - Electronic card transactions  A/S/T by industry,Seasonally adjusted,Food and beverage services,,,
2830,ECTM.S1SH2120,2019.03,Could not be seasonally adjusted,,R,Dollars,6,Electronic Card Transactions (ANZSIC06) - ECT,Private - Values - Electronic card transactions  A/S/T by industry,Seasonally adjusted,Food and beverage services,,,
2831,ECTM.S1SH2120,2019.04,Could not be seasonally adjusted,,R,Dollars,6,Electronic Card Transactions (ANZSIC06) - ECT,Private - Values - Electronic card transactions  A/S/T by industry,Seasonally adjusted,Food and beverage services,,,
2832,ECTM.S1SH2120,2019.05,Could not be seasonally adjusted,,R,Dollars,6,Electronic Card Transactions (ANZSIC06) - ECT,Private - Values - Electronic card transactions  A/S/T by industry,Seasonally adjusted,Food and beverage services,,,
2833,ECTM.S1SH2120,2019.06,Could not be seasonally adjusted,,R,Dollars,6,Electronic Card Transactions (ANZSIC06) - ECT,Private - Values - Electronic card transactions  A/S/T by industry,Seasonally adjusted,Food and beverage services,,,
2834,ECTM.S1SH2120,2019.07,Could not be seasonally adjusted,,R,Dollars,6,Electronic Card Transactions (ANZSIC06) - ECT,Private - Values - Electronic card transactions  A/S/T by industry,Seasonally adjusted,Food and beverage services,,,
2835,ECTM.S1SH2120,2019.08,Could not be seasonally adjusted,,R,Dollars,6,Electronic Card Transactions (ANZSIC06) - ECT,Private - Values - Electronic card transactions  A/S/T by industry,Seasonally adjusted,Food and beverage services,,,
2836,ECTM.S1SH2120,2019.09,Could not be seasonally adjusted,,R,Dollars,6,Electronic Card Transactions (ANZSIC06) - ECT,Private - Values - Electronic card transactions  A/S/T by industry,Seasonally adjusted,Food and beverage services,,,
2837,ECTM.S1SH2120,2019.1,Could not be seasonally adjusted,,R,Dollars,6,Electronic Card Transactions (ANZSIC06) - ECT,Private - Values - Electronic card transactions  A/S/T by industry,Seasonally adjusted,Food and beverage services,,,
2838,ECTM.S1SH2120,2019.11,Could not be seasonally adjusted,,R,Dollars,6,Electronic Card Transactions (ANZSIC06) - ECT,Private - Values - Electronic card transactions  A/S/T by industry,Seasonally adjusted,Food and beverage services,,,
2839,ECTM.S1SH2120,2019.12,Could not be seasonally adjusted,,R,Dollars,6,Electronic Card Transactions (ANZSIC06) - ECT,Private - Values - Electronic card transactions  A/S/T by industry,Seasonally adjusted,Food and beverage services,,,
2840,ECTM.S1SH2120,2020.01,Could not be seasonally adjusted,,R,Dollars,6,Electronic Card Transactions (ANZSIC06) - ECT,Private - Values - Electronic card transactions  A/S/T by industry,Seasonally adjusted,Food and beverage services,,,
2841,ECTM.S1SH2120,2020.02,Could not be seasonally adjusted,,R,Dollars,6,Electronic Card Transactions (ANZSIC06) - ECT,Private - Values - Electronic card transactions  A/S/T by industry,Seasonally adjusted,Food and beverage services,,,
2842,ECTM.S1SH2120,2020.03,Could not be seasonally adjusted,,R,Dollars,6,Electronic Card Transactions (ANZSIC06) - ECT,Private - Values - Electronic card transactions  A/S/T by industry,Seasonally adjusted,Food and beverage services,,,
2843,ECTM.S1SH2120,2020.04,Could not be seasonally adjusted,,F,Dollars,6,Electronic Card Transactions (ANZSIC06) - ECT,Private - Values - Electronic card transactions  A/S/T by industry,Seasonally adjusted,Food and beverage services,,,
2844,ECTM.S1AII131,2007.03,105.3,,F,Dollars,6,Electronic Card Transactions (ANZSIC06) - ECT,Private - Values - Electronic card transactions  A/S/T by industry,Actual,Postal and Courier Pick Up and Delivery Services,,,
2845,ECTM.S1AII131,2007.04,89.9,,F,Dollars,6,Electronic Card Transactions (ANZSIC06) - ECT,Private - Values - Electronic card transactions  A/S/T by industry,Actual,Postal and Courier Pick Up and Delivery Services,,,
2846,ECTM.S1AII131,2007.05,110.5,,F,Dollars,6,Electronic Card Transactions (ANZSIC06) - ECT,Private - Values - Electronic card transactions  A/S/T by industry,Actual,Postal and Courier Pick Up and Delivery Services,,,
2847,ECTM.S1AII131,2007.06,99.8,,F,Dollars,6,Electronic Card Transactions (ANZSIC06) - ECT,Private - Values - Electronic card transactions  A/S/T by industry,Actual,Postal and Courier Pick Up and Delivery Services,,,
2848,ECTM.S1AII131,2007.07,107,,F,Dollars,6,Electronic Card Transactions (ANZSIC06) - ECT,Private - Values - Electronic card transactions  A/S/T by industry,Actual,Postal and Courier Pick Up and Delivery Services,,,
2849,ECTM.S1AII131,2007.08,120.7,,F,Dollars,6,Electronic Card Transactions (ANZSIC06) - ECT,Private - Values - Electronic card transactions  A/S/T by industry,Actual,Postal and Courier Pick Up and Delivery Services,,,
2850,ECTM.S1AII131,2007.09,103.8,,F,Dollars,6,Electronic Card Transactions (ANZSIC06) - ECT,Private - Values - Electronic card transactions  A/S/T by industry,Actual,Postal and Courier Pick Up and Delivery Services,,,
2851,ECTM.S1AII131,2007.1,111.1,,F,Dollars,6,Electronic Card Transactions (ANZSIC06) - ECT,Private - Values - Electronic card transactions  A/S/T by industry,Actual,Postal and Courier Pick Up and Delivery Services,,,
2852,ECTM.S1AII131,2007.11,113.8,,F,Dollars,6,Electronic Card Transactions (ANZSIC06) - ECT,Private - Values - Electronic card transactions  A/S/T by industry,Actual,Postal and Courier Pick Up and Delivery Services,,,
2853,ECTM.S1AII131,2007.12,109.3,,F,Dollars,6,Electronic Card Transactions (ANZSIC06) - ECT,Private - Values - Electronic card transactions  A/S/T by industry,Actual,Postal and Courier Pick Up and Delivery Services,,,
2854,ECTM.S1AII131,2008.01,100,,F,Dollars,6,Electronic Card Transactions (ANZSIC06) - ECT,Private - Values - Electronic card transactions  A/S/T by industry,Actual,Postal and Courier Pick Up and Delivery Services,,,
2855,ECTM.S1AII131,2008.02,103.5,,F,Dollars,6,Electronic Card Transactions (ANZSIC06) - ECT,Private - Values - Electronic card transactions  A/S/T by industry,Actual,Postal and Courier Pick Up and Delivery Services,,,
2856,ECTM.S1AII131,2008.03,100.4,,F,Dollars,6,Electronic Card Transactions (ANZSIC06) - ECT,Private - Values - Electronic card transactions  A/S/T by industry,Actual,Postal and Courier Pick Up and Delivery Services,,,
2857,ECTM.S1AII131,2008.04,103.3,,F,Dollars,6,Electronic Card Transactions (ANZSIC06) - ECT,Private - Values - Electronic card transactions  A/S/T by industry,Actual,Postal and Courier Pick Up and Delivery Services,,,
2858,ECTM.S1AII131,2008.05,113.9,,F,Dollars,6,Electronic Card Transactions (ANZSIC06) - ECT,Private - Values - Electronic card transactions  A/S/T by industry,Actual,Postal and Courier Pick Up and Delivery Services,,,
2859,ECTM.S1AII131,2008.06,103.3,,F,Dollars,6,Electronic Card Transactions (ANZSIC06) - ECT,Private - Values - Electronic card transactions  A/S/T by industry,Actual,Postal and Courier Pick Up and Delivery Services,,,
2860,ECTM.S1AII131,2008.07,117.8,,F,Dollars,6,Electronic Card Transactions (ANZSIC06) - ECT,Private - Values - Electronic card transactions  A/S/T by industry,Actual,Postal and Courier Pick Up and Delivery Services,,,
2861,ECTM.S1AII131,2008.08,121,,F,Dollars,6,Electronic Card Transactions (ANZSIC06) - ECT,Private - Values - Electronic card transactions  A/S/T by industry,Actual,Postal and Courier Pick Up and Delivery Services,,,
2862,ECTM.S1AII131,2008.09,121.5,,F,Dollars,6,Electronic Card Transactions (ANZSIC06) - ECT,Private - Values - Electronic card transactions  A/S/T by industry,Actual,Postal and Courier Pick Up and Delivery Services,,,
2863,ECTM.S1AII131,2008.1,118.3,,F,Dollars,6,Electronic Card Transactions (ANZSIC06) - ECT,Private - Values - Electronic card transactions  A/S/T by industry,Actual,Postal and Courier Pick Up and Delivery Services,,,
2864,ECTM.S1AII131,2008.11,111.9,,F,Dollars,6,Electronic Card Transactions (ANZSIC06) - ECT,Private - Values - Electronic card transactions  A/S/T by industry,Actual,Postal and Courier Pick Up and Delivery Services,,,
2865,ECTM.S1AII131,2008.12,122.7,,F,Dollars,6,Electronic Card Transactions (ANZSIC06) - ECT,Private - Values - Electronic card transactions  A/S/T by industry,Actual,Postal and Courier Pick Up and Delivery Services,,,
2866,ECTM.S1AII131,2009.01,102.7,,F,Dollars,6,Electronic Card Transactions (ANZSIC06) - ECT,Private - Values - Electronic card transactions  A/S/T by industry,Actual,Postal and Courier Pick Up and Delivery Services,,,
2867,ECTM.S1AII131,2009.02,104.4,,F,Dollars,6,Electronic Card Transactions (ANZSIC06) - ECT,Private - Values - Electronic card transactions  A/S/T by industry,Actual,Postal and Courier Pick Up and Delivery Services,,,
2868,ECTM.S1AII131,2009.03,115.3,,F,Dollars,6,Electronic Card Transactions (ANZSIC06) - ECT,Private - Values - Electronic card transactions  A/S/T by industry,Actual,Postal and Courier Pick Up and Delivery Services,,,
2869,ECTM.S1AII131,2009.04,107.7,,F,Dollars,6,Electronic Card Transactions (ANZSIC06) - ECT,Private - Values - Electronic card transactions  A/S/T by industry,Actual,Postal and Courier Pick Up and Delivery Services,,,
2870,ECTM.S1AII131,2009.05,117.4,,F,Dollars,6,Electronic Card Transactions (ANZSIC06) - ECT,Private - Values - Electronic card transactions  A/S/T by industry,Actual,Postal and Courier Pick Up and Delivery Services,,,
2871,ECTM.S1AII131,2009.06,114.8,,F,Dollars,6,Electronic Card Transactions (ANZSIC06) - ECT,Private - Values - Electronic card transactions  A/S/T by industry,Actual,Postal and Courier Pick Up and Delivery Services,,,
2872,ECTM.S1AII131,2009.07,129.8,,F,Dollars,6,Electronic Card Transactions (ANZSIC06) - ECT,Private - Values - Electronic card transactions  A/S/T by industry,Actual,Postal and Courier Pick Up and Delivery Services,,,
2873,ECTM.S1AII131,2009.08,133.3,,F,Dollars,6,Electronic Card Transactions (ANZSIC06) - ECT,Private - Values - Electronic card transactions  A/S/T by industry,Actual,Postal and Courier Pick Up and Delivery Services,,,
2874,ECTM.S1AII131,2009.09,127.6,,F,Dollars,6,Electronic Card Transactions (ANZSIC06) - ECT,Private - Values - Electronic card transactions  A/S/T by industry,Actual,Postal and Courier Pick Up and Delivery Services,,,
2875,ECTM.S1AII131,2009.1,121.5,,F,Dollars,6,Electronic Card Transactions (ANZSIC06) - ECT,Private - Values - Electronic card transactions  A/S/T by industry,Actual,Postal and Courier Pick Up and Delivery Services,,,
2876,ECTM.S1AII131,2009.11,123.9,,F,Dollars,6,Electronic Card Transactions (ANZSIC06) - ECT,Private - Values - Electronic card transactions  A/S/T by industry,Actual,Postal and Courier Pick Up and Delivery Services,,,
2877,ECTM.S1AII131,2009.12,130.9,,F,Dollars,6,Electronic Card Transactions (ANZSIC06) - ECT,Private - Values - Electronic card transactions  A/S/T by industry,Actual,Postal and Courier Pick Up and Delivery Services,,,
2878,ECTM.S1AII131,2010.01,107.1,,F,Dollars,6,Electronic Card Transactions (ANZSIC06) - ECT,Private - Values - Electronic card transactions  A/S/T by industry,Actual,Postal and Courier Pick Up and Delivery Services,,,
2879,ECTM.S1AII131,2010.02,112.2,,F,Dollars,6,Electronic Card Transactions (ANZSIC06) - ECT,Private - Values - Electronic card transactions  A/S/T by industry,Actual,Postal and Courier Pick Up and Delivery Services,,,
2880,ECTM.S1AII131,2010.03,127.5,,F,Dollars,6,Electronic Card Transactions (ANZSIC06) - ECT,Private - Values - Electronic card transactions  A/S/T by industry,Actual,Postal and Courier Pick Up and Delivery Services,,,
2881,ECTM.S1AII131,2010.04,112.5,,F,Dollars,6,Electronic Card Transactions (ANZSIC06) - ECT,Private - Values - Electronic card transactions  A/S/T by industry,Actual,Postal and Courier Pick Up and Delivery Services,,,
2882,ECTM.S1AII131,2010.05,119.8,,F,Dollars,6,Electronic Card Transactions (ANZSIC06) - ECT,Private - Values - Electronic card transactions  A/S/T by industry,Actual,Postal and Courier Pick Up and Delivery Services,,,
2883,ECTM.S1AII131,2010.06,118.1,,F,Dollars,6,Electronic Card Transactions (ANZSIC06) - ECT,Private - Values - Electronic card transactions  A/S/T by industry,Actual,Postal and Courier Pick Up and Delivery Services,,,
2884,ECTM.S1AII131,2010.07,127.7,,F,Dollars,6,Electronic Card Transactions (ANZSIC06) - ECT,Private - Values - Electronic card transactions  A/S/T by industry,Actual,Postal and Courier Pick Up and Delivery Services,,,
2885,ECTM.S1AII131,2010.08,140.6,,F,Dollars,6,Electronic Card Transactions (ANZSIC06) - ECT,Private - Values - Electronic card transactions  A/S/T by industry,Actual,Postal and Courier Pick Up and Delivery Services,,,
2886,ECTM.S1AII131,2010.09,132.6,,F,Dollars,6,Electronic Card Transactions (ANZSIC06) - ECT,Private - Values - Electronic card transactions  A/S/T by industry,Actual,Postal and Courier Pick Up and Delivery Services,,,
2887,ECTM.S1AII131,2010.1,121.8,,F,Dollars,6,Electronic Card Transactions (ANZSIC06) - ECT,Private - Values - Electronic card transactions  A/S/T by industry,Actual,Postal and Courier Pick Up and Delivery Services,,,
2888,ECTM.S1AII131,2010.11,134.2,,F,Dollars,6,Electronic Card Transactions (ANZSIC06) - ECT,Private - Values - Electronic card transactions  A/S/T by industry,Actual,Postal and Courier Pick Up and Delivery Services,,,
2889,ECTM.S1AII131,2010.12,134.8,,F,Dollars,6,Electronic Card Transactions (ANZSIC06) - ECT,Private - Values - Electronic card transactions  A/S/T by industry,Actual,Postal and Courier Pick Up and Delivery Services,,,
2890,ECTM.S1AII131,2011.01,107.3,,F,Dollars,6,Electronic Card Transactions (ANZSIC06) - ECT,Private - Values - Electronic card transactions  A/S/T by industry,Actual,Postal and Courier Pick Up and Delivery Services,,,
2891,ECTM.S1AII131,2011.02,118.1,,F,Dollars,6,Electronic Card Transactions (ANZSIC06) - ECT,Private - Values - Electronic card transactions  A/S/T by industry,Actual,Postal and Courier Pick Up and Delivery Services,,,
2892,ECTM.S1AII131,2011.03,131,,F,Dollars,6,Electronic Card Transactions (ANZSIC06) - ECT,Private - Values - Electronic card transactions  A/S/T by industry,Actual,Postal and Courier Pick Up and Delivery Services,,,
2893,ECTM.S1AII131,2011.04,115,,F,Dollars,6,Electronic Card Transactions (ANZSIC06) - ECT,Private - Values - Electronic card transactions  A/S/T by industry,Actual,Postal and Courier Pick Up and Delivery Services,,,
2894,ECTM.S1AII131,2011.05,134.7,,F,Dollars,6,Electronic Card Transactions (ANZSIC06) - ECT,Private - Values - Electronic card transactions  A/S/T by industry,Actual,Postal and Courier Pick Up and Delivery Services,,,
2895,ECTM.S1AII131,2011.06,124.1,,F,Dollars,6,Electronic Card Transactions (ANZSIC06) - ECT,Private - Values - Electronic card transactions  A/S/T by industry,Actual,Postal and Courier Pick Up and Delivery Services,,,
2896,ECTM.S1AII131,2011.07,121.8,,F,Dollars,6,Electronic Card Transactions (ANZSIC06) - ECT,Private - Values - Electronic card transactions  A/S/T by industry,Actual,Postal and Courier Pick Up and Delivery Services,,,
2897,ECTM.S1AII131,2011.08,147.2,,F,Dollars,6,Electronic Card Transactions (ANZSIC06) - ECT,Private - Values - Electronic card transactions  A/S/T by industry,Actual,Postal and Courier Pick Up and Delivery Services,,,
2898,ECTM.S1AII131,2011.09,129.6,,F,Dollars,6,Electronic Card Transactions (ANZSIC06) - ECT,Private - Values - Electronic card transactions  A/S/T by industry,Actual,Postal and Courier Pick Up and Delivery Services,,,
2899,ECTM.S1AII131,2011.1,119.3,,F,Dollars,6,Electronic Card Transactions (ANZSIC06) - ECT,Private - Values - Electronic card transactions  A/S/T by industry,Actual,Postal and Courier Pick Up and Delivery Services,,,
2900,ECTM.S1AII131,2011.11,134.1,,F,Dollars,6,Electronic Card Transactions (ANZSIC06) - ECT,Private - Values - Electronic card transactions  A/S/T by industry,Actual,Postal and Courier Pick Up and Delivery Services,,,
2901,ECTM.S1AII131,2011.12,128.9,,F,Dollars,6,Electronic Card Transactions (ANZSIC06) - ECT,Private - Values - Electronic card transactions  A/S/T by industry,Actual,Postal and Courier Pick Up and Delivery Services,,,
2902,ECTM.S1AII131,2012.01,108.8,,F,Dollars,6,Electronic Card Transactions (ANZSIC06) - ECT,Private - Values - Electronic card transactions  A/S/T by industry,Actual,Postal and Courier Pick Up and Delivery Services,,,
2903,ECTM.S1AII131,2012.02,126.7,,F,Dollars,6,Electronic Card Transactions (ANZSIC06) - ECT,Private - Values - Electronic card transactions  A/S/T by industry,Actual,Postal and Courier Pick Up and Delivery Services,,,
2904,ECTM.S1AII131,2012.03,124.2,,F,Dollars,6,Electronic Card Transactions (ANZSIC06) - ECT,Private - Values - Electronic card transactions  A/S/T by industry,Actual,Postal and Courier Pick Up and Delivery Services,,,
2905,ECTM.S1AII131,2012.04,107.9,,F,Dollars,6,Electronic Card Transactions (ANZSIC06) - ECT,Private - Values - Electronic card transactions  A/S/T by industry,Actual,Postal and Courier Pick Up and Delivery Services,,,
2906,ECTM.S1AII131,2012.05,138.6,,F,Dollars,6,Electronic Card Transactions (ANZSIC06) - ECT,Private - Values - Electronic card transactions  A/S/T by industry,Actual,Postal and Courier Pick Up and Delivery Services,,,
2907,ECTM.S1AII131,2012.06,120.8,,F,Dollars,6,Electronic Card Transactions (ANZSIC06) - ECT,Private - Values - Electronic card transactions  A/S/T by industry,Actual,Postal and Courier Pick Up and Delivery Services,,,
2908,ECTM.S1AII131,2012.07,127.2,,F,Dollars,6,Electronic Card Transactions (ANZSIC06) - ECT,Private - Values - Electronic card transactions  A/S/T by industry,Actual,Postal and Courier Pick Up and Delivery Services,,,
2909,ECTM.S1AII131,2012.08,148.6,,F,Dollars,6,Electronic Card Transactions (ANZSIC06) - ECT,Private - Values - Electronic card transactions  A/S/T by industry,Actual,Postal and Courier Pick Up and Delivery Services,,,
2910,ECTM.S1AII131,2012.09,117.7,,F,Dollars,6,Electronic Card Transactions (ANZSIC06) - ECT,Private - Values - Electronic card transactions  A/S/T by industry,Actual,Postal and Courier Pick Up and Delivery Services,,,
2911,ECTM.S1AII131,2012.1,122.7,,F,Dollars,6,Electronic Card Transactions (ANZSIC06) - ECT,Private - Values - Electronic card transactions  A/S/T by industry,Actual,Postal and Courier Pick Up and Delivery Services,,,
2912,ECTM.S1AII131,2012.11,135.2,,F,Dollars,6,Electronic Card Transactions (ANZSIC06) - ECT,Private - Values - Electronic card transactions  A/S/T by industry,Actual,Postal and Courier Pick Up and Delivery Services,,,
2913,ECTM.S1AII131,2012.12,125.6,,F,Dollars,6,Electronic Card Transactions (ANZSIC06) - ECT,Private - Values - Electronic card transactions  A/S/T by industry,Actual,Postal and Courier Pick Up and Delivery Services,,,
2914,ECTM.S1AII131,2013.01,110.8,,F,Dollars,6,Electronic Card Transactions (ANZSIC06) - ECT,Private - Values - Electronic card transactions  A/S/T by industry,Actual,Postal and Courier Pick Up and Delivery Services,,,
2915,ECTM.S1AII131,2013.02,119.2,,F,Dollars,6,Electronic Card Transactions (ANZSIC06) - ECT,Private - Values - Electronic card transactions  A/S/T by industry,Actual,Postal and Courier Pick Up and Delivery Services,,,
2916,ECTM.S1AII131,2013.03,116.2,,F,Dollars,6,Electronic Card Transactions (ANZSIC06) - ECT,Private - Values - Electronic card transactions  A/S/T by industry,Actual,Postal and Courier Pick Up and Delivery Services,,,
2917,ECTM.S1AII131,2013.04,113.2,,F,Dollars,6,Electronic Card Transactions (ANZSIC06) - ECT,Private - Values - Electronic card transactions  A/S/T by industry,Actual,Postal and Courier Pick Up and Delivery Services,,,
2918,ECTM.S1AII131,2013.05,133.1,,F,Dollars,6,Electronic Card Transactions (ANZSIC06) - ECT,Private - Values - Electronic card transactions  A/S/T by industry,Actual,Postal and Courier Pick Up and Delivery Services,,,
2919,ECTM.S1AII131,2013.06,111,,F,Dollars,6,Electronic Card Transactions (ANZSIC06) - ECT,Private - Values - Electronic card transactions  A/S/T by industry,Actual,Postal and Courier Pick Up and Delivery Services,,,
2920,ECTM.S1AII131,2013.07,126.9,,F,Dollars,6,Electronic Card Transactions (ANZSIC06) - ECT,Private - Values - Electronic card transactions  A/S/T by industry,Actual,Postal and Courier Pick Up and Delivery Services,,,
2921,ECTM.S1AII131,2013.08,141.6,,F,Dollars,6,Electronic Card Transactions (ANZSIC06) - ECT,Private - Values - Electronic card transactions  A/S/T by industry,Actual,Postal and Courier Pick Up and Delivery Services,,,
2922,ECTM.S1AII131,2013.09,117,,F,Dollars,6,Electronic Card Transactions (ANZSIC06) - ECT,Private - Values - Electronic card transactions  A/S/T by industry,Actual,Postal and Courier Pick Up and Delivery Services,,,
2923,ECTM.S1AII131,2013.1,120.8,,F,Dollars,6,Electronic Card Transactions (ANZSIC06) - ECT,Private - Values - Electronic card transactions  A/S/T by industry,Actual,Postal and Courier Pick Up and Delivery Services,,,
2924,ECTM.S1AII131,2013.11,129.3,,F,Dollars,6,Electronic Card Transactions (ANZSIC06) - ECT,Private - Values - Electronic card transactions  A/S/T by industry,Actual,Postal and Courier Pick Up and Delivery Services,,,
2925,ECTM.S1AII131,2013.12,128,,F,Dollars,6,Electronic Card Transactions (ANZSIC06) - ECT,Private - Values - Electronic card transactions  A/S/T by industry,Actual,Postal and Courier Pick Up and Delivery Services,,,
2926,ECTM.S1AII131,2014.01,109.7,,F,Dollars,6,Electronic Card Transactions (ANZSIC06) - ECT,Private - Values - Electronic card transactions  A/S/T by industry,Actual,Postal and Courier Pick Up and Delivery Services,,,
2927,ECTM.S1AII131,2014.02,116.7,,F,Dollars,6,Electronic Card Transactions (ANZSIC06) - ECT,Private - Values - Electronic card transactions  A/S/T by industry,Actual,Postal and Courier Pick Up and Delivery Services,,,
2928,ECTM.S1AII131,2014.03,116.8,,F,Dollars,6,Electronic Card Transactions (ANZSIC06) - ECT,Private - Values - Electronic card transactions  A/S/T by industry,Actual,Postal and Courier Pick Up and Delivery Services,,,
2929,ECTM.S1AII131,2014.04,106.7,,F,Dollars,6,Electronic Card Transactions (ANZSIC06) - ECT,Private - Values - Electronic card transactions  A/S/T by industry,Actual,Postal and Courier Pick Up and Delivery Services,,,
2930,ECTM.S1AII131,2014.05,131.7,,F,Dollars,6,Electronic Card Transactions (ANZSIC06) - ECT,Private - Values - Electronic card transactions  A/S/T by industry,Actual,Postal and Courier Pick Up and Delivery Services,,,
2931,ECTM.S1AII131,2014.06,112.5,,F,Dollars,6,Electronic Card Transactions (ANZSIC06) - ECT,Private - Values - Electronic card transactions  A/S/T by industry,Actual,Postal and Courier Pick Up and Delivery Services,,,
2932,ECTM.S1AII131,2014.07,121,,F,Dollars,6,Electronic Card Transactions (ANZSIC06) - ECT,Private - Values - Electronic card transactions  A/S/T by industry,Actual,Postal and Courier Pick Up and Delivery Services,,,
2933,ECTM.S1AII131,2014.08,129.7,,F,Dollars,6,Electronic Card Transactions (ANZSIC06) - ECT,Private - Values - Electronic card transactions  A/S/T by industry,Actual,Postal and Courier Pick Up and Delivery Services,,,
2934,ECTM.S1AII131,2014.09,115.7,,F,Dollars,6,Electronic Card Transactions (ANZSIC06) - ECT,Private - Values - Electronic card transactions  A/S/T by industry,Actual,Postal and Courier Pick Up and Delivery Services,,,
2935,ECTM.S1AII131,2014.1,117,,F,Dollars,6,Electronic Card Transactions (ANZSIC06) - ECT,Private - Values - Electronic card transactions  A/S/T by industry,Actual,Postal and Courier Pick Up and Delivery Services,,,
2936,ECTM.S1AII131,2014.11,117.4,,F,Dollars,6,Electronic Card Transactions (ANZSIC06) - ECT,Private - Values - Electronic card transactions  A/S/T by industry,Actual,Postal and Courier Pick Up and Delivery Services,,,
2937,ECTM.S1AII131,2014.12,126.3,,F,Dollars,6,Electronic Card Transactions (ANZSIC06) - ECT,Private - Values - Electronic card transactions  A/S/T by industry,Actual,Postal and Courier Pick Up and Delivery Services,,,
2938,ECTM.S1AII131,2015.01,99.9,,F,Dollars,6,Electronic Card Transactions (ANZSIC06) - ECT,Private - Values - Electronic card transactions  A/S/T by industry,Actual,Postal and Courier Pick Up and Delivery Services,,,
2939,ECTM.S1AII131,2015.02,107.4,,F,Dollars,6,Electronic Card Transactions (ANZSIC06) - ECT,Private - Values - Electronic card transactions  A/S/T by industry,Actual,Postal and Courier Pick Up and Delivery Services,,,
2940,ECTM.S1AII131,2015.03,105.8,,F,Dollars,6,Electronic Card Transactions (ANZSIC06) - ECT,Private - Values - Electronic card transactions  A/S/T by industry,Actual,Postal and Courier Pick Up and Delivery Services,,,
2941,ECTM.S1AII131,2015.04,94.2,,F,Dollars,6,Electronic Card Transactions (ANZSIC06) - ECT,Private - Values - Electronic card transactions  A/S/T by industry,Actual,Postal and Courier Pick Up and Delivery Services,,,
2942,ECTM.S1AII131,2015.05,113.2,,F,Dollars,6,Electronic Card Transactions (ANZSIC06) - ECT,Private - Values - Electronic card transactions  A/S/T by industry,Actual,Postal and Courier Pick Up and Delivery Services,,,
2943,ECTM.S1AII131,2015.06,110.9,,F,Dollars,6,Electronic Card Transactions (ANZSIC06) - ECT,Private - Values - Electronic card transactions  A/S/T by industry,Actual,Postal and Courier Pick Up and Delivery Services,,,
2944,ECTM.S1AII131,2015.07,147.6,,F,Dollars,6,Electronic Card Transactions (ANZSIC06) - ECT,Private - Values - Electronic card transactions  A/S/T by industry,Actual,Postal and Courier Pick Up and Delivery Services,,,
2945,ECTM.S1AII131,2015.08,134.7,,F,Dollars,6,Electronic Card Transactions (ANZSIC06) - ECT,Private - Values - Electronic card transactions  A/S/T by industry,Actual,Postal and Courier Pick Up and Delivery Services,,,
2946,ECTM.S1AII131,2015.09,108,,F,Dollars,6,Electronic Card Transactions (ANZSIC06) - ECT,Private - Values - Electronic card transactions  A/S/T by industry,Actual,Postal and Courier Pick Up and Delivery Services,,,
2947,ECTM.S1AII131,2015.1,108.1,,F,Dollars,6,Electronic Card Transactions (ANZSIC06) - ECT,Private - Values - Electronic card transactions  A/S/T by industry,Actual,Postal and Courier Pick Up and Delivery Services,,,
2948,ECTM.S1AII131,2015.11,110.4,,F,Dollars,6,Electronic Card Transactions (ANZSIC06) - ECT,Private - Values - Electronic card transactions  A/S/T by industry,Actual,Postal and Courier Pick Up and Delivery Services,,,
2949,ECTM.S1AII131,2015.12,117.5,,F,Dollars,6,Electronic Card Transactions (ANZSIC06) - ECT,Private - Values - Electronic card transactions  A/S/T by industry,Actual,Postal and Courier Pick Up and Delivery Services,,,
2950,ECTM.S1AII131,2016.01,95.9,,F,Dollars,6,Electronic Card Transactions (ANZSIC06) - ECT,Private - Values - Electronic card transactions  A/S/T by industry,Actual,Postal and Courier Pick Up and Delivery Services,,,
2951,ECTM.S1AII131,2016.02,103.3,,F,Dollars,6,Electronic Card Transactions (ANZSIC06) - ECT,Private - Values - Electronic card transactions  A/S/T by industry,Actual,Postal and Courier Pick Up and Delivery Services,,,
2952,ECTM.S1AII131,2016.03,97,,F,Dollars,6,Electronic Card Transactions (ANZSIC06) - ECT,Private - Values - Electronic card transactions  A/S/T by industry,Actual,Postal and Courier Pick Up and Delivery Services,,,
2953,ECTM.S1AII131,2016.04,93.5,,F,Dollars,6,Electronic Card Transactions (ANZSIC06) - ECT,Private - Values - Electronic card transactions  A/S/T by industry,Actual,Postal and Courier Pick Up and Delivery Services,,,
2954,ECTM.S1AII131,2016.05,105.5,,F,Dollars,6,Electronic Card Transactions (ANZSIC06) - ECT,Private - Values - Electronic card transactions  A/S/T by industry,Actual,Postal and Courier Pick Up and Delivery Services,,,
2955,ECTM.S1AII131,2016.06,99.4,,F,Dollars,6,Electronic Card Transactions (ANZSIC06) - ECT,Private - Values - Electronic card transactions  A/S/T by industry,Actual,Postal and Courier Pick Up and Delivery Services,,,
2956,ECTM.S1AII131,2016.07,113.9,,F,Dollars,6,Electronic Card Transactions (ANZSIC06) - ECT,Private - Values - Electronic card transactions  A/S/T by industry,Actual,Postal and Courier Pick Up and Delivery Services,,,
2957,ECTM.S1AII131,2016.08,124.6,,F,Dollars,6,Electronic Card Transactions (ANZSIC06) - ECT,Private - Values - Electronic card transactions  A/S/T by industry,Actual,Postal and Courier Pick Up and Delivery Services,,,
2958,ECTM.S1AII131,2016.09,98.4,,F,Dollars,6,Electronic Card Transactions (ANZSIC06) - ECT,Private - Values - Electronic card transactions  A/S/T by industry,Actual,Postal and Courier Pick Up and Delivery Services,,,
2959,ECTM.S1AII131,2016.1,94.3,,F,Dollars,6,Electronic Card Transactions (ANZSIC06) - ECT,Private - Values - Electronic card transactions  A/S/T by industry,Actual,Postal and Courier Pick Up and Delivery Services,,,
2960,ECTM.S1AII131,2016.11,106.7,,F,Dollars,6,Electronic Card Transactions (ANZSIC06) - ECT,Private - Values - Electronic card transactions  A/S/T by industry,Actual,Postal and Courier Pick Up and Delivery Services,,,
2961,ECTM.S1AII131,2016.12,107.4,,F,Dollars,6,Electronic Card Transactions (ANZSIC06) - ECT,Private - Values - Electronic card transactions  A/S/T by industry,Actual,Postal and Courier Pick Up and Delivery Services,,,
2962,ECTM.S1AII131,2017.01,87,,F,Dollars,6,Electronic Card Transactions (ANZSIC06) - ECT,Private - Values - Electronic card transactions  A/S/T by industry,Actual,Postal and Courier Pick Up and Delivery Services,,,
2963,ECTM.S1AII131,2017.02,95.1,,F,Dollars,6,Electronic Card Transactions (ANZSIC06) - ECT,Private - Values - Electronic card transactions  A/S/T by industry,Actual,Postal and Courier Pick Up and Delivery Services,,,
2964,ECTM.S1AII131,2017.03,92.8,,F,Dollars,6,Electronic Card Transactions (ANZSIC06) - ECT,Private - Values - Electronic card transactions  A/S/T by industry,Actual,Postal and Courier Pick Up and Delivery Services,,,
2965,ECTM.S1AII131,2017.04,78.4,,F,Dollars,6,Electronic Card Transactions (ANZSIC06) - ECT,Private - Values - Electronic card transactions  A/S/T by industry,Actual,Postal and Courier Pick Up and Delivery Services,,,
2966,ECTM.S1AII131,2017.05,105.3,,F,Dollars,6,Electronic Card Transactions (ANZSIC06) - ECT,Private - Values - Electronic card transactions  A/S/T by industry,Actual,Postal and Courier Pick Up and Delivery Services,,,
2967,ECTM.S1AII131,2017.06,92.9,,F,Dollars,6,Electronic Card Transactions (ANZSIC06) - ECT,Private - Values - Electronic card transactions  A/S/T by industry,Actual,Postal and Courier Pick Up and Delivery Services,,,
2968,ECTM.S1AII131,2017.07,101.1,,F,Dollars,6,Electronic Card Transactions (ANZSIC06) - ECT,Private - Values - Electronic card transactions  A/S/T by industry,Actual,Postal and Courier Pick Up and Delivery Services,,,
2969,ECTM.S1AII131,2017.08,119.3,,F,Dollars,6,Electronic Card Transactions (ANZSIC06) - ECT,Private - Values - Electronic card transactions  A/S/T by industry,Actual,Postal and Courier Pick Up and Delivery Services,,,
2970,ECTM.S1AII131,2017.09,91.6,,F,Dollars,6,Electronic Card Transactions (ANZSIC06) - ECT,Private - Values - Electronic card transactions  A/S/T by industry,Actual,Postal and Courier Pick Up and Delivery Services,,,
2971,ECTM.S1AII131,2017.1,91.1,,F,Dollars,6,Electronic Card Transactions (ANZSIC06) - ECT,Private - Values - Electronic card transactions  A/S/T by industry,Actual,Postal and Courier Pick Up and Delivery Services,,,
2972,ECTM.S1AII131,2017.11,104,,F,Dollars,6,Electronic Card Transactions (ANZSIC06) - ECT,Private - Values - Electronic card transactions  A/S/T by industry,Actual,Postal and Courier Pick Up and Delivery Services,,,
2973,ECTM.S1AII131,2017.12,100.9,,F,Dollars,6,Electronic Card Transactions (ANZSIC06) - ECT,Private - Values - Electronic card transactions  A/S/T by industry,Actual,Postal and Courier Pick Up and Delivery Services,,,
2974,ECTM.S1AII131,2018.01,82.5,,F,Dollars,6,Electronic Card Transactions (ANZSIC06) - ECT,Private - Values - Electronic card transactions  A/S/T by industry,Actual,Postal and Courier Pick Up and Delivery Services,,,
2975,ECTM.S1AII131,2018.02,89.7,,F,Dollars,6,Electronic Card Transactions (ANZSIC06) - ECT,Private - Values - Electronic card transactions  A/S/T by industry,Actual,Postal and Courier Pick Up and Delivery Services,,,
2976,ECTM.S1AII131,2018.03,85.8,,F,Dollars,6,Electronic Card Transactions (ANZSIC06) - ECT,Private - Values - Electronic card transactions  A/S/T by industry,Actual,Postal and Courier Pick Up and Delivery Services,,,
2977,ECTM.S1AII131,2018.04,77.8,,F,Dollars,6,Electronic Card Transactions (ANZSIC06) - ECT,Private - Values - Electronic card transactions  A/S/T by industry,Actual,Postal and Courier Pick Up and Delivery Services,,,
2978,ECTM.S1AII131,2018.05,99.6,,F,Dollars,6,Electronic Card Transactions (ANZSIC06) - ECT,Private - Values - Electronic card transactions  A/S/T by industry,Actual,Postal and Courier Pick Up and Delivery Services,,,
2979,ECTM.S1AII131,2018.06,84.5,,F,Dollars,6,Electronic Card Transactions (ANZSIC06) - ECT,Private - Values - Electronic card transactions  A/S/T by industry,Actual,Postal and Courier Pick Up and Delivery Services,,,
2980,ECTM.S1AII131,2018.07,94,,F,Dollars,6,Electronic Card Transactions (ANZSIC06) - ECT,Private - Values - Electronic card transactions  A/S/T by industry,Actual,Postal and Courier Pick Up and Delivery Services,,,
2981,ECTM.S1AII131,2018.08,113.2,,F,Dollars,6,Electronic Card Transactions (ANZSIC06) - ECT,Private - Values - Electronic card transactions  A/S/T by industry,Actual,Postal and Courier Pick Up and Delivery Services,,,
2982,ECTM.S1AII131,2018.09,83.8,,F,Dollars,6,Electronic Card Transactions (ANZSIC06) - ECT,Private - Values - Electronic card transactions  A/S/T by industry,Actual,Postal and Courier Pick Up and Delivery Services,,,
2983,ECTM.S1AII131,2018.1,87.2,,F,Dollars,6,Electronic Card Transactions (ANZSIC06) - ECT,Private - Values - Electronic card transactions  A/S/T by industry,Actual,Postal and Courier Pick Up and Delivery Services,,,
2984,ECTM.S1AII131,2018.11,97.3,,F,Dollars,6,Electronic Card Transactions (ANZSIC06) - ECT,Private - Values - Electronic card transactions  A/S/T by industry,Actual,Postal and Courier Pick Up and Delivery Services,,,
2985,ECTM.S1AII131,2018.12,93.3,,F,Dollars,6,Electronic Card Transactions (ANZSIC06) - ECT,Private - Values - Electronic card transactions  A/S/T by industry,Actual,Postal and Courier Pick Up and Delivery Services,,,
2986,ECTM.S1AII131,2019.01,75.3,,F,Dollars,6,Electronic Card Transactions (ANZSIC06) - ECT,Private - Values - Electronic card transactions  A/S/T by industry,Actual,Postal and Courier Pick Up and Delivery Services,,,
2987,ECTM.S1AII131,2019.02,82.2,,F,Dollars,6,Electronic Card Transactions (ANZSIC06) - ECT,Private - Values - Electronic card transactions  A/S/T by industry,Actual,Postal and Courier Pick Up and Delivery Services,,,
2988,ECTM.S1AII131,2019.03,76.6,,F,Dollars,6,Electronic Card Transactions (ANZSIC06) - ECT,Private - Values - Electronic card transactions  A/S/T by industry,Actual,Postal and Courier Pick Up and Delivery Services,,,
2989,ECTM.S1AII131,2019.04,72.2,,F,Dollars,6,Electronic Card Transactions (ANZSIC06) - ECT,Private - Values - Electronic card transactions  A/S/T by industry,Actual,Postal and Courier Pick Up and Delivery Services,,,
2990,ECTM.S1AII131,2019.05,92.8,,F,Dollars,6,Electronic Card Transactions (ANZSIC06) - ECT,Private - Values - Electronic card transactions  A/S/T by industry,Actual,Postal and Courier Pick Up and Delivery Services,,,
2991,ECTM.S1AII131,2019.06,74.6,,F,Dollars,6,Electronic Card Transactions (ANZSIC06) - ECT,Private - Values - Electronic card transactions  A/S/T by industry,Actual,Postal and Courier Pick Up and Delivery Services,,,
2992,ECTM.S1AII131,2019.07,86.6,,F,Dollars,6,Electronic Card Transactions (ANZSIC06) - ECT,Private - Values - Electronic card transactions  A/S/T by industry,Actual,Postal and Courier Pick Up and Delivery Services,,,
2993,ECTM.S1AII131,2019.08,98.5,,F,Dollars,6,Electronic Card Transactions (ANZSIC06) - ECT,Private - Values - Electronic card transactions  A/S/T by industry,Actual,Postal and Courier Pick Up and Delivery Services,,,
2994,ECTM.S1AII131,2019.09,75.4,,F,Dollars,6,Electronic Card Transactions (ANZSIC06) - ECT,Private - Values - Electronic card transactions  A/S/T by industry,Actual,Postal and Courier Pick Up and Delivery Services,,,
2995,ECTM.S1AII131,2019.1,76.5,,F,Dollars,6,Electronic Card Transactions (ANZSIC06) - ECT,Private - Values - Electronic card transactions  A/S/T by industry,Actual,Postal and Courier Pick Up and Delivery Services,,,
2996,ECTM.S1AII131,2019.11,80.9,,F,Dollars,6,Electronic Card Transactions (ANZSIC06) - ECT,Private - Values - Electronic card transactions  A/S/T by industry,Actual,Postal and Courier Pick Up and Delivery Services,,,
2997,ECTM.S1AII131,2019.12,73.9,,F,Dollars,6,Electronic Card Transactions (ANZSIC06) - ECT,Private - Values - Electronic card transactions  A/S/T by industry,Actual,Postal and Courier Pick Up and Delivery Services,,,
2998,ECTM.S1AII131,2020.01,61.6,,F,Dollars,6,Electronic Card Transactions (ANZSIC06) - ECT,Private - Values - Electronic card transactions  A/S/T by industry,Actual,Postal and Courier Pick Up and Delivery Services,,,
2999,ECTM.S1AII131,2020.02,70.1,,F,Dollars,6,Electronic Card Transactions (ANZSIC06) - ECT,Private - Values - Electronic card transactions  A/S/T by industry,Actual,Postal and Courier Pick Up and Delivery Services,,,
3000,ECTM.S1AII131,2020.03,55.5,,F,Dollars,6,Electronic Card Transactions (ANZSIC06) - ECT,Private - Values - Electronic card transactions  A/S/T by industry,Actual,Postal and Courier Pick Up and Delivery Services,,,
3001,ECTM.S1AII131,2020.04,3.2,,F,Dollars,6,Electronic Card Transactions (ANZSIC06) - ECT,Private - Values - Electronic card transactions  A/S/T by industry,Actual,Postal and Courier Pick Up and Delivery Services,,,
3002,ECTM.S1SII131,2007.03,Could not be seasonally adjusted,,R,Dollars,6,Electronic Card Transactions (ANZSIC06) - ECT,Private - Values - Electronic card transactions  A/S/T by industry,Seasonally adjusted,Postal and Courier Pick Up and Delivery Services,,,
3003,ECTM.S1SII131,2007.04,Could not be seasonally adjusted,,R,Dollars,6,Electronic Card Transactions (ANZSIC06) - ECT,Private - Values - Electronic card transactions  A/S/T by industry,Seasonally adjusted,Postal and Courier Pick Up and Delivery Services,,,
3004,ECTM.S1SII131,2007.05,Could not be seasonally adjusted,,R,Dollars,6,Electronic Card Transactions (ANZSIC06) - ECT,Private - Values - Electronic card transactions  A/S/T by industry,Seasonally adjusted,Postal and Courier Pick Up and Delivery Services,,,
3005,ECTM.S1SII131,2007.06,Could not be seasonally adjusted,,R,Dollars,6,Electronic Card Transactions (ANZSIC06) - ECT,Private - Values - Electronic card transactions  A/S/T by industry,Seasonally adjusted,Postal and Courier Pick Up and Delivery Services,,,
3006,ECTM.S1SII131,2007.07,Could not be seasonally adjusted,,R,Dollars,6,Electronic Card Transactions (ANZSIC06) - ECT,Private - Values - Electronic card transactions  A/S/T by industry,Seasonally adjusted,Postal and Courier Pick Up and Delivery Services,,,
3007,ECTM.S1SII131,2007.08,Could not be seasonally adjusted,,R,Dollars,6,Electronic Card Transactions (ANZSIC06) - ECT,Private - Values - Electronic card transactions  A/S/T by industry,Seasonally adjusted,Postal and Courier Pick Up and Delivery Services,,,
3008,ECTM.S1SII131,2007.09,Could not be seasonally adjusted,,R,Dollars,6,Electronic Card Transactions (ANZSIC06) - ECT,Private - Values - Electronic card transactions  A/S/T by industry,Seasonally adjusted,Postal and Courier Pick Up and Delivery Services,,,
3009,ECTM.S1SII131,2007.1,Could not be seasonally adjusted,,R,Dollars,6,Electronic Card Transactions (ANZSIC06) - ECT,Private - Values - Electronic card transactions  A/S/T by industry,Seasonally adjusted,Postal and Courier Pick Up and Delivery Services,,,
3010,ECTM.S1SII131,2007.11,Could not be seasonally adjusted,,R,Dollars,6,Electronic Card Transactions (ANZSIC06) - ECT,Private - Values - Electronic card transactions  A/S/T by industry,Seasonally adjusted,Postal and Courier Pick Up and Delivery Services,,,
3011,ECTM.S1SII131,2007.12,Could not be seasonally adjusted,,R,Dollars,6,Electronic Card Transactions (ANZSIC06) - ECT,Private - Values - Electronic card transactions  A/S/T by industry,Seasonally adjusted,Postal and Courier Pick Up and Delivery Services,,,
3012,ECTM.S1SII131,2008.01,Could not be seasonally adjusted,,R,Dollars,6,Electronic Card Transactions (ANZSIC06) - ECT,Private - Values - Electronic card transactions  A/S/T by industry,Seasonally adjusted,Postal and Courier Pick Up and Delivery Services,,,
3013,ECTM.S1SII131,2008.02,Could not be seasonally adjusted,,R,Dollars,6,Electronic Card Transactions (ANZSIC06) - ECT,Private - Values - Electronic card transactions  A/S/T by industry,Seasonally adjusted,Postal and Courier Pick Up and Delivery Services,,,
3014,ECTM.S1SII131,2008.03,Could not be seasonally adjusted,,R,Dollars,6,Electronic Card Transactions (ANZSIC06) - ECT,Private - Values - Electronic card transactions  A/S/T by industry,Seasonally adjusted,Postal and Courier Pick Up and Delivery Services,,,
3015,ECTM.S1SII131,2008.04,Could not be seasonally adjusted,,R,Dollars,6,Electronic Card Transactions (ANZSIC06) - ECT,Private - Values - Electronic card transactions  A/S/T by industry,Seasonally adjusted,Postal and Courier Pick Up and Delivery Services,,,
3016,ECTM.S1SII131,2008.05,Could not be seasonally adjusted,,R,Dollars,6,Electronic Card Transactions (ANZSIC06) - ECT,Private - Values - Electronic card transactions  A/S/T by industry,Seasonally adjusted,Postal and Courier Pick Up and Delivery Services,,,
3017,ECTM.S1SII131,2008.06,Could not be seasonally adjusted,,R,Dollars,6,Electronic Card Transactions (ANZSIC06) - ECT,Private - Values - Electronic card transactions  A/S/T by industry,Seasonally adjusted,Postal and Courier Pick Up and Delivery Services,,,
3018,ECTM.S1SII131,2008.07,Could not be seasonally adjusted,,R,Dollars,6,Electronic Card Transactions (ANZSIC06) - ECT,Private - Values - Electronic card transactions  A/S/T by industry,Seasonally adjusted,Postal and Courier Pick Up and Delivery Services,,,
3019,ECTM.S1SII131,2008.08,Could not be seasonally adjusted,,R,Dollars,6,Electronic Card Transactions (ANZSIC06) - ECT,Private - Values - Electronic card transactions  A/S/T by industry,Seasonally adjusted,Postal and Courier Pick Up and Delivery Services,,,
3020,ECTM.S1SII131,2008.09,Could not be seasonally adjusted,,R,Dollars,6,Electronic Card Transactions (ANZSIC06) - ECT,Private - Values - Electronic card transactions  A/S/T by industry,Seasonally adjusted,Postal and Courier Pick Up and Delivery Services,,,
3021,ECTM.S1SII131,2008.1,Could not be seasonally adjusted,,R,Dollars,6,Electronic Card Transactions (ANZSIC06) - ECT,Private - Values - Electronic card transactions  A/S/T by industry,Seasonally adjusted,Postal and Courier Pick Up and Delivery Services,,,
3022,ECTM.S1SII131,2008.11,Could not be seasonally adjusted,,R,Dollars,6,Electronic Card Transactions (ANZSIC06) - ECT,Private - Values - Electronic card transactions  A/S/T by industry,Seasonally adjusted,Postal and Courier Pick Up and Delivery Services,,,
3023,ECTM.S1SII131,2008.12,Could not be seasonally adjusted,,R,Dollars,6,Electronic Card Transactions (ANZSIC06) - ECT,Private - Values - Electronic card transactions  A/S/T by industry,Seasonally adjusted,Postal and Courier Pick Up and Delivery Services,,,
3024,ECTM.S1SII131,2009.01,Could not be seasonally adjusted,,R,Dollars,6,Electronic Card Transactions (ANZSIC06) - ECT,Private - Values - Electronic card transactions  A/S/T by industry,Seasonally adjusted,Postal and Courier Pick Up and Delivery Services,,,
3025,ECTM.S1SII131,2009.02,Could not be seasonally adjusted,,R,Dollars,6,Electronic Card Transactions (ANZSIC06) - ECT,Private - Values - Electronic card transactions  A/S/T by industry,Seasonally adjusted,Postal and Courier Pick Up and Delivery Services,,,
3026,ECTM.S1SII131,2009.03,Could not be seasonally adjusted,,R,Dollars,6,Electronic Card Transactions (ANZSIC06) - ECT,Private - Values - Electronic card transactions  A/S/T by industry,Seasonally adjusted,Postal and Courier Pick Up and Delivery Services,,,
3027,ECTM.S1SII131,2009.04,Could not be seasonally adjusted,,R,Dollars,6,Electronic Card Transactions (ANZSIC06) - ECT,Private - Values - Electronic card transactions  A/S/T by industry,Seasonally adjusted,Postal and Courier Pick Up and Delivery Services,,,
3028,ECTM.S1SII131,2009.05,Could not be seasonally adjusted,,R,Dollars,6,Electronic Card Transactions (ANZSIC06) - ECT,Private - Values - Electronic card transactions  A/S/T by industry,Seasonally adjusted,Postal and Courier Pick Up and Delivery Services,,,
3029,ECTM.S1SII131,2009.06,Could not be seasonally adjusted,,R,Dollars,6,Electronic Card Transactions (ANZSIC06) - ECT,Private - Values - Electronic card transactions  A/S/T by industry,Seasonally adjusted,Postal and Courier Pick Up and Delivery Services,,,
3030,ECTM.S1SII131,2009.07,Could not be seasonally adjusted,,R,Dollars,6,Electronic Card Transactions (ANZSIC06) - ECT,Private - Values - Electronic card transactions  A/S/T by industry,Seasonally adjusted,Postal and Courier Pick Up and Delivery Services,,,
3031,ECTM.S1SII131,2009.08,Could not be seasonally adjusted,,R,Dollars,6,Electronic Card Transactions (ANZSIC06) - ECT,Private - Values - Electronic card transactions  A/S/T by industry,Seasonally adjusted,Postal and Courier Pick Up and Delivery Services,,,
3032,ECTM.S1SII131,2009.09,Could not be seasonally adjusted,,R,Dollars,6,Electronic Card Transactions (ANZSIC06) - ECT,Private - Values - Electronic card transactions  A/S/T by industry,Seasonally adjusted,Postal and Courier Pick Up and Delivery Services,,,
3033,ECTM.S1SII131,2009.1,Could not be seasonally adjusted,,R,Dollars,6,Electronic Card Transactions (ANZSIC06) - ECT,Private - Values - Electronic card transactions  A/S/T by industry,Seasonally adjusted,Postal and Courier Pick Up and Delivery Services,,,
3034,ECTM.S1SII131,2009.11,Could not be seasonally adjusted,,R,Dollars,6,Electronic Card Transactions (ANZSIC06) - ECT,Private - Values - Electronic card transactions  A/S/T by industry,Seasonally adjusted,Postal and Courier Pick Up and Delivery Services,,,
3035,ECTM.S1SII131,2009.12,Could not be seasonally adjusted,,R,Dollars,6,Electronic Card Transactions (ANZSIC06) - ECT,Private - Values - Electronic card transactions  A/S/T by industry,Seasonally adjusted,Postal and Courier Pick Up and Delivery Services,,,
3036,ECTM.S1SII131,2010.01,Could not be seasonally adjusted,,R,Dollars,6,Electronic Card Transactions (ANZSIC06) - ECT,Private - Values - Electronic card transactions  A/S/T by industry,Seasonally adjusted,Postal and Courier Pick Up and Delivery Services,,,
3037,ECTM.S1SII131,2010.02,Could not be seasonally adjusted,,R,Dollars,6,Electronic Card Transactions (ANZSIC06) - ECT,Private - Values - Electronic card transactions  A/S/T by industry,Seasonally adjusted,Postal and Courier Pick Up and Delivery Services,,,
3038,ECTM.S1SII131,2010.03,Could not be seasonally adjusted,,R,Dollars,6,Electronic Card Transactions (ANZSIC06) - ECT,Private - Values - Electronic card transactions  A/S/T by industry,Seasonally adjusted,Postal and Courier Pick Up and Delivery Services,,,
3039,ECTM.S1SII131,2010.04,Could not be seasonally adjusted,,R,Dollars,6,Electronic Card Transactions (ANZSIC06) - ECT,Private - Values - Electronic card transactions  A/S/T by industry,Seasonally adjusted,Postal and Courier Pick Up and Delivery Services,,,
3040,ECTM.S1SII131,2010.05,Could not be seasonally adjusted,,R,Dollars,6,Electronic Card Transactions (ANZSIC06) - ECT,Private - Values - Electronic card transactions  A/S/T by industry,Seasonally adjusted,Postal and Courier Pick Up and Delivery Services,,,
3041,ECTM.S1SII131,2010.06,Could not be seasonally adjusted,,R,Dollars,6,Electronic Card Transactions (ANZSIC06) - ECT,Private - Values - Electronic card transactions  A/S/T by industry,Seasonally adjusted,Postal and Courier Pick Up and Delivery Services,,,
3042,ECTM.S1SII131,2010.07,Could not be seasonally adjusted,,R,Dollars,6,Electronic Card Transactions (ANZSIC06) - ECT,Private - Values - Electronic card transactions  A/S/T by industry,Seasonally adjusted,Postal and Courier Pick Up and Delivery Services,,,
3043,ECTM.S1SII131,2010.08,Could not be seasonally adjusted,,R,Dollars,6,Electronic Card Transactions (ANZSIC06) - ECT,Private - Values - Electronic card transactions  A/S/T by industry,Seasonally adjusted,Postal and Courier Pick Up and Delivery Services,,,
3044,ECTM.S1SII131,2010.09,Could not be seasonally adjusted,,R,Dollars,6,Electronic Card Transactions (ANZSIC06) - ECT,Private - Values - Electronic card transactions  A/S/T by industry,Seasonally adjusted,Postal and Courier Pick Up and Delivery Services,,,
3045,ECTM.S1SII131,2010.1,Could not be seasonally adjusted,,R,Dollars,6,Electronic Card Transactions (ANZSIC06) - ECT,Private - Values - Electronic card transactions  A/S/T by industry,Seasonally adjusted,Postal and Courier Pick Up and Delivery Services,,,
3046,ECTM.S1SII131,2010.11,Could not be seasonally adjusted,,R,Dollars,6,Electronic Card Transactions (ANZSIC06) - ECT,Private - Values - Electronic card transactions  A/S/T by industry,Seasonally adjusted,Postal and Courier Pick Up and Delivery Services,,,
3047,ECTM.S1SII131,2010.12,Could not be seasonally adjusted,,R,Dollars,6,Electronic Card Transactions (ANZSIC06) - ECT,Private - Values - Electronic card transactions  A/S/T by industry,Seasonally adjusted,Postal and Courier Pick Up and Delivery Services,,,
3048,ECTM.S1SII131,2011.01,Could not be seasonally adjusted,,R,Dollars,6,Electronic Card Transactions (ANZSIC06) - ECT,Private - Values - Electronic card transactions  A/S/T by industry,Seasonally adjusted,Postal and Courier Pick Up and Delivery Services,,,
3049,ECTM.S1SII131,2011.02,Could not be seasonally adjusted,,R,Dollars,6,Electronic Card Transactions (ANZSIC06) - ECT,Private - Values - Electronic card transactions  A/S/T by industry,Seasonally adjusted,Postal and Courier Pick Up and Delivery Services,,,
3050,ECTM.S1SII131,2011.03,Could not be seasonally adjusted,,R,Dollars,6,Electronic Card Transactions (ANZSIC06) - ECT,Private - Values - Electronic card transactions  A/S/T by industry,Seasonally adjusted,Postal and Courier Pick Up and Delivery Services,,,
3051,ECTM.S1SII131,2011.04,Could not be seasonally adjusted,,R,Dollars,6,Electronic Card Transactions (ANZSIC06) - ECT,Private - Values - Electronic card transactions  A/S/T by industry,Seasonally adjusted,Postal and Courier Pick Up and Delivery Services,,,
3052,ECTM.S1SII131,2011.05,Could not be seasonally adjusted,,R,Dollars,6,Electronic Card Transactions (ANZSIC06) - ECT,Private - Values - Electronic card transactions  A/S/T by industry,Seasonally adjusted,Postal and Courier Pick Up and Delivery Services,,,
3053,ECTM.S1SII131,2011.06,Could not be seasonally adjusted,,R,Dollars,6,Electronic Card Transactions (ANZSIC06) - ECT,Private - Values - Electronic card transactions  A/S/T by industry,Seasonally adjusted,Postal and Courier Pick Up and Delivery Services,,,
3054,ECTM.S1SII131,2011.07,Could not be seasonally adjusted,,R,Dollars,6,Electronic Card Transactions (ANZSIC06) - ECT,Private - Values - Electronic card transactions  A/S/T by industry,Seasonally adjusted,Postal and Courier Pick Up and Delivery Services,,,
3055,ECTM.S1SII131,2011.08,Could not be seasonally adjusted,,R,Dollars,6,Electronic Card Transactions (ANZSIC06) - ECT,Private - Values - Electronic card transactions  A/S/T by industry,Seasonally adjusted,Postal and Courier Pick Up and Delivery Services,,,
3056,ECTM.S1SII131,2011.09,Could not be seasonally adjusted,,R,Dollars,6,Electronic Card Transactions (ANZSIC06) - ECT,Private - Values - Electronic card transactions  A/S/T by industry,Seasonally adjusted,Postal and Courier Pick Up and Delivery Services,,,
3057,ECTM.S1SII131,2011.1,Could not be seasonally adjusted,,R,Dollars,6,Electronic Card Transactions (ANZSIC06) - ECT,Private - Values - Electronic card transactions  A/S/T by industry,Seasonally adjusted,Postal and Courier Pick Up and Delivery Services,,,
3058,ECTM.S1SII131,2011.11,Could not be seasonally adjusted,,R,Dollars,6,Electronic Card Transactions (ANZSIC06) - ECT,Private - Values - Electronic card transactions  A/S/T by industry,Seasonally adjusted,Postal and Courier Pick Up and Delivery Services,,,
3059,ECTM.S1SII131,2011.12,Could not be seasonally adjusted,,R,Dollars,6,Electronic Card Transactions (ANZSIC06) - ECT,Private - Values - Electronic card transactions  A/S/T by industry,Seasonally adjusted,Postal and Courier Pick Up and Delivery Services,,,
3060,ECTM.S1SII131,2012.01,Could not be seasonally adjusted,,R,Dollars,6,Electronic Card Transactions (ANZSIC06) - ECT,Private - Values - Electronic card transactions  A/S/T by industry,Seasonally adjusted,Postal and Courier Pick Up and Delivery Services,,,
3061,ECTM.S1SII131,2012.02,Could not be seasonally adjusted,,R,Dollars,6,Electronic Card Transactions (ANZSIC06) - ECT,Private - Values - Electronic card transactions  A/S/T by industry,Seasonally adjusted,Postal and Courier Pick Up and Delivery Services,,,
3062,ECTM.S1SII131,2012.03,Could not be seasonally adjusted,,R,Dollars,6,Electronic Card Transactions (ANZSIC06) - ECT,Private - Values - Electronic card transactions  A/S/T by industry,Seasonally adjusted,Postal and Courier Pick Up and Delivery Services,,,
3063,ECTM.S1SII131,2012.04,Could not be seasonally adjusted,,R,Dollars,6,Electronic Card Transactions (ANZSIC06) - ECT,Private - Values - Electronic card transactions  A/S/T by industry,Seasonally adjusted,Postal and Courier Pick Up and Delivery Services,,,
3064,ECTM.S1SII131,2012.05,Could not be seasonally adjusted,,R,Dollars,6,Electronic Card Transactions (ANZSIC06) - ECT,Private - Values - Electronic card transactions  A/S/T by industry,Seasonally adjusted,Postal and Courier Pick Up and Delivery Services,,,
3065,ECTM.S1SII131,2012.06,Could not be seasonally adjusted,,R,Dollars,6,Electronic Card Transactions (ANZSIC06) - ECT,Private - Values - Electronic card transactions  A/S/T by industry,Seasonally adjusted,Postal and Courier Pick Up and Delivery Services,,,
3066,ECTM.S1SII131,2012.07,Could not be seasonally adjusted,,R,Dollars,6,Electronic Card Transactions (ANZSIC06) - ECT,Private - Values - Electronic card transactions  A/S/T by industry,Seasonally adjusted,Postal and Courier Pick Up and Delivery Services,,,
3067,ECTM.S1SII131,2012.08,Could not be seasonally adjusted,,R,Dollars,6,Electronic Card Transactions (ANZSIC06) - ECT,Private - Values - Electronic card transactions  A/S/T by industry,Seasonally adjusted,Postal and Courier Pick Up and Delivery Services,,,
3068,ECTM.S1SII131,2012.09,Could not be seasonally adjusted,,R,Dollars,6,Electronic Card Transactions (ANZSIC06) - ECT,Private - Values - Electronic card transactions  A/S/T by industry,Seasonally adjusted,Postal and Courier Pick Up and Delivery Services,,,
3069,ECTM.S1SII131,2012.1,Could not be seasonally adjusted,,R,Dollars,6,Electronic Card Transactions (ANZSIC06) - ECT,Private - Values - Electronic card transactions  A/S/T by industry,Seasonally adjusted,Postal and Courier Pick Up and Delivery Services,,,
3070,ECTM.S1SII131,2012.11,Could not be seasonally adjusted,,R,Dollars,6,Electronic Card Transactions (ANZSIC06) - ECT,Private - Values - Electronic card transactions  A/S/T by industry,Seasonally adjusted,Postal and Courier Pick Up and Delivery Services,,,
3071,ECTM.S1SII131,2012.12,Could not be seasonally adjusted,,R,Dollars,6,Electronic Card Transactions (ANZSIC06) - ECT,Private - Values - Electronic card transactions  A/S/T by industry,Seasonally adjusted,Postal and Courier Pick Up and Delivery Services,,,
3072,ECTM.S1SII131,2013.01,Could not be seasonally adjusted,,R,Dollars,6,Electronic Card Transactions (ANZSIC06) - ECT,Private - Values - Electronic card transactions  A/S/T by industry,Seasonally adjusted,Postal and Courier Pick Up and Delivery Services,,,
3073,ECTM.S1SII131,2013.02,Could not be seasonally adjusted,,R,Dollars,6,Electronic Card Transactions (ANZSIC06) - ECT,Private - Values - Electronic card transactions  A/S/T by industry,Seasonally adjusted,Postal and Courier Pick Up and Delivery Services,,,
3074,ECTM.S1SII131,2013.03,Could not be seasonally adjusted,,R,Dollars,6,Electronic Card Transactions (ANZSIC06) - ECT,Private - Values - Electronic card transactions  A/S/T by industry,Seasonally adjusted,Postal and Courier Pick Up and Delivery Services,,,
3075,ECTM.S1SII131,2013.04,Could not be seasonally adjusted,,R,Dollars,6,Electronic Card Transactions (ANZSIC06) - ECT,Private - Values - Electronic card transactions  A/S/T by industry,Seasonally adjusted,Postal and Courier Pick Up and Delivery Services,,,
3076,ECTM.S1SII131,2013.05,Could not be seasonally adjusted,,R,Dollars,6,Electronic Card Transactions (ANZSIC06) - ECT,Private - Values - Electronic card transactions  A/S/T by industry,Seasonally adjusted,Postal and Courier Pick Up and Delivery Services,,,
3077,ECTM.S1SII131,2013.06,Could not be seasonally adjusted,,R,Dollars,6,Electronic Card Transactions (ANZSIC06) - ECT,Private - Values - Electronic card transactions  A/S/T by industry,Seasonally adjusted,Postal and Courier Pick Up and Delivery Services,,,
3078,ECTM.S1SII131,2013.07,Could not be seasonally adjusted,,R,Dollars,6,Electronic Card Transactions (ANZSIC06) - ECT,Private - Values - Electronic card transactions  A/S/T by industry,Seasonally adjusted,Postal and Courier Pick Up and Delivery Services,,,
3079,ECTM.S1SII131,2013.08,Could not be seasonally adjusted,,R,Dollars,6,Electronic Card Transactions (ANZSIC06) - ECT,Private - Values - Electronic card transactions  A/S/T by industry,Seasonally adjusted,Postal and Courier Pick Up and Delivery Services,,,
3080,ECTM.S1SII131,2013.09,Could not be seasonally adjusted,,R,Dollars,6,Electronic Card Transactions (ANZSIC06) - ECT,Private - Values - Electronic card transactions  A/S/T by industry,Seasonally adjusted,Postal and Courier Pick Up and Delivery Services,,,
3081,ECTM.S1SII131,2013.1,Could not be seasonally adjusted,,R,Dollars,6,Electronic Card Transactions (ANZSIC06) - ECT,Private - Values - Electronic card transactions  A/S/T by industry,Seasonally adjusted,Postal and Courier Pick Up and Delivery Services,,,
3082,ECTM.S1SII131,2013.11,Could not be seasonally adjusted,,R,Dollars,6,Electronic Card Transactions (ANZSIC06) - ECT,Private - Values - Electronic card transactions  A/S/T by industry,Seasonally adjusted,Postal and Courier Pick Up and Delivery Services,,,
3083,ECTM.S1SII131,2013.12,Could not be seasonally adjusted,,R,Dollars,6,Electronic Card Transactions (ANZSIC06) - ECT,Private - Values - Electronic card transactions  A/S/T by industry,Seasonally adjusted,Postal and Courier Pick Up and Delivery Services,,,
3084,ECTM.S1SII131,2014.01,Could not be seasonally adjusted,,R,Dollars,6,Electronic Card Transactions (ANZSIC06) - ECT,Private - Values - Electronic card transactions  A/S/T by industry,Seasonally adjusted,Postal and Courier Pick Up and Delivery Services,,,
3085,ECTM.S1SII131,2014.02,Could not be seasonally adjusted,,R,Dollars,6,Electronic Card Transactions (ANZSIC06) - ECT,Private - Values - Electronic card transactions  A/S/T by industry,Seasonally adjusted,Postal and Courier Pick Up and Delivery Services,,,
3086,ECTM.S1SII131,2014.03,Could not be seasonally adjusted,,R,Dollars,6,Electronic Card Transactions (ANZSIC06) - ECT,Private - Values - Electronic card transactions  A/S/T by industry,Seasonally adjusted,Postal and Courier Pick Up and Delivery Services,,,
3087,ECTM.S1SII131,2014.04,Could not be seasonally adjusted,,R,Dollars,6,Electronic Card Transactions (ANZSIC06) - ECT,Private - Values - Electronic card transactions  A/S/T by industry,Seasonally adjusted,Postal and Courier Pick Up and Delivery Services,,,
3088,ECTM.S1SII131,2014.05,Could not be seasonally adjusted,,R,Dollars,6,Electronic Card Transactions (ANZSIC06) - ECT,Private - Values - Electronic card transactions  A/S/T by industry,Seasonally adjusted,Postal and Courier Pick Up and Delivery Services,,,
3089,ECTM.S1SII131,2014.06,Could not be seasonally adjusted,,R,Dollars,6,Electronic Card Transactions (ANZSIC06) - ECT,Private - Values - Electronic card transactions  A/S/T by industry,Seasonally adjusted,Postal and Courier Pick Up and Delivery Services,,,
3090,ECTM.S1SII131,2014.07,Could not be seasonally adjusted,,R,Dollars,6,Electronic Card Transactions (ANZSIC06) - ECT,Private - Values - Electronic card transactions  A/S/T by industry,Seasonally adjusted,Postal and Courier Pick Up and Delivery Services,,,
3091,ECTM.S1SII131,2014.08,Could not be seasonally adjusted,,R,Dollars,6,Electronic Card Transactions (ANZSIC06) - ECT,Private - Values - Electronic card transactions  A/S/T by industry,Seasonally adjusted,Postal and Courier Pick Up and Delivery Services,,,
3092,ECTM.S1SII131,2014.09,Could not be seasonally adjusted,,R,Dollars,6,Electronic Card Transactions (ANZSIC06) - ECT,Private - Values - Electronic card transactions  A/S/T by industry,Seasonally adjusted,Postal and Courier Pick Up and Delivery Services,,,
3093,ECTM.S1SII131,2014.1,Could not be seasonally adjusted,,R,Dollars,6,Electronic Card Transactions (ANZSIC06) - ECT,Private - Values - Electronic card transactions  A/S/T by industry,Seasonally adjusted,Postal and Courier Pick Up and Delivery Services,,,
3094,ECTM.S1SII131,2014.11,Could not be seasonally adjusted,,R,Dollars,6,Electronic Card Transactions (ANZSIC06) - ECT,Private - Values - Electronic card transactions  A/S/T by industry,Seasonally adjusted,Postal and Courier Pick Up and Delivery Services,,,
3095,ECTM.S1SII131,2014.12,Could not be seasonally adjusted,,R,Dollars,6,Electronic Card Transactions (ANZSIC06) - ECT,Private - Values - Electronic card transactions  A/S/T by industry,Seasonally adjusted,Postal and Courier Pick Up and Delivery Services,,,
3096,ECTM.S1SII131,2015.01,Could not be seasonally adjusted,,R,Dollars,6,Electronic Card Transactions (ANZSIC06) - ECT,Private - Values - Electronic card transactions  A/S/T by industry,Seasonally adjusted,Postal and Courier Pick Up and Delivery Services,,,
3097,ECTM.S1SII131,2015.02,Could not be seasonally adjusted,,R,Dollars,6,Electronic Card Transactions (ANZSIC06) - ECT,Private - Values - Electronic card transactions  A/S/T by industry,Seasonally adjusted,Postal and Courier Pick Up and Delivery Services,,,
3098,ECTM.S1SII131,2015.03,Could not be seasonally adjusted,,R,Dollars,6,Electronic Card Transactions (ANZSIC06) - ECT,Private - Values - Electronic card transactions  A/S/T by industry,Seasonally adjusted,Postal and Courier Pick Up and Delivery Services,,,
3099,ECTM.S1SII131,2015.04,Could not be seasonally adjusted,,R,Dollars,6,Electronic Card Transactions (ANZSIC06) - ECT,Private - Values - Electronic card transactions  A/S/T by industry,Seasonally adjusted,Postal and Courier Pick Up and Delivery Services,,,
3100,ECTM.S1SII131,2015.05,Could not be seasonally adjusted,,R,Dollars,6,Electronic Card Transactions (ANZSIC06) - ECT,Private - Values - Electronic card transactions  A/S/T by industry,Seasonally adjusted,Postal and Courier Pick Up and Delivery Services,,,
3101,ECTM.S1SII131,2015.06,Could not be seasonally adjusted,,R,Dollars,6,Electronic Card Transactions (ANZSIC06) - ECT,Private - Values - Electronic card transactions  A/S/T by industry,Seasonally adjusted,Postal and Courier Pick Up and Delivery Services,,,
3102,ECTM.S1SII131,2015.07,Could not be seasonally adjusted,,R,Dollars,6,Electronic Card Transactions (ANZSIC06) - ECT,Private - Values - Electronic card transactions  A/S/T by industry,Seasonally adjusted,Postal and Courier Pick Up and Delivery Services,,,
3103,ECTM.S1SII131,2015.08,Could not be seasonally adjusted,,R,Dollars,6,Electronic Card Transactions (ANZSIC06) - ECT,Private - Values - Electronic card transactions  A/S/T by industry,Seasonally adjusted,Postal and Courier Pick Up and Delivery Services,,,
3104,ECTM.S1SII131,2015.09,Could not be seasonally adjusted,,R,Dollars,6,Electronic Card Transactions (ANZSIC06) - ECT,Private - Values - Electronic card transactions  A/S/T by industry,Seasonally adjusted,Postal and Courier Pick Up and Delivery Services,,,
3105,ECTM.S1SII131,2015.1,Could not be seasonally adjusted,,R,Dollars,6,Electronic Card Transactions (ANZSIC06) - ECT,Private - Values - Electronic card transactions  A/S/T by industry,Seasonally adjusted,Postal and Courier Pick Up and Delivery Services,,,
3106,ECTM.S1SII131,2015.11,Could not be seasonally adjusted,,R,Dollars,6,Electronic Card Transactions (ANZSIC06) - ECT,Private - Values - Electronic card transactions  A/S/T by industry,Seasonally adjusted,Postal and Courier Pick Up and Delivery Services,,,
3107,ECTM.S1SII131,2015.12,Could not be seasonally adjusted,,R,Dollars,6,Electronic Card Transactions (ANZSIC06) - ECT,Private - Values - Electronic card transactions  A/S/T by industry,Seasonally adjusted,Postal and Courier Pick Up and Delivery Services,,,
3108,ECTM.S1SII131,2016.01,Could not be seasonally adjusted,,R,Dollars,6,Electronic Card Transactions (ANZSIC06) - ECT,Private - Values - Electronic card transactions  A/S/T by industry,Seasonally adjusted,Postal and Courier Pick Up and Delivery Services,,,
3109,ECTM.S1SII131,2016.02,Could not be seasonally adjusted,,R,Dollars,6,Electronic Card Transactions (ANZSIC06) - ECT,Private - Values - Electronic card transactions  A/S/T by industry,Seasonally adjusted,Postal and Courier Pick Up and Delivery Services,,,
3110,ECTM.S1SII131,2016.03,Could not be seasonally adjusted,,R,Dollars,6,Electronic Card Transactions (ANZSIC06) - ECT,Private - Values - Electronic card transactions  A/S/T by industry,Seasonally adjusted,Postal and Courier Pick Up and Delivery Services,,,
3111,ECTM.S1SII131,2016.04,Could not be seasonally adjusted,,R,Dollars,6,Electronic Card Transactions (ANZSIC06) - ECT,Private - Values - Electronic card transactions  A/S/T by industry,Seasonally adjusted,Postal and Courier Pick Up and Delivery Services,,,
3112,ECTM.S1SII131,2016.05,Could not be seasonally adjusted,,R,Dollars,6,Electronic Card Transactions (ANZSIC06) - ECT,Private - Values - Electronic card transactions  A/S/T by industry,Seasonally adjusted,Postal and Courier Pick Up and Delivery Services,,,
3113,ECTM.S1SII131,2016.06,Could not be seasonally adjusted,,R,Dollars,6,Electronic Card Transactions (ANZSIC06) - ECT,Private - Values - Electronic card transactions  A/S/T by industry,Seasonally adjusted,Postal and Courier Pick Up and Delivery Services,,,
3114,ECTM.S1SII131,2016.07,Could not be seasonally adjusted,,R,Dollars,6,Electronic Card Transactions (ANZSIC06) - ECT,Private - Values - Electronic card transactions  A/S/T by industry,Seasonally adjusted,Postal and Courier Pick Up and Delivery Services,,,
3115,ECTM.S1SII131,2016.08,Could not be seasonally adjusted,,R,Dollars,6,Electronic Card Transactions (ANZSIC06) - ECT,Private - Values - Electronic card transactions  A/S/T by industry,Seasonally adjusted,Postal and Courier Pick Up and Delivery Services,,,
3116,ECTM.S1SII131,2016.09,Could not be seasonally adjusted,,R,Dollars,6,Electronic Card Transactions (ANZSIC06) - ECT,Private - Values - Electronic card transactions  A/S/T by industry,Seasonally adjusted,Postal and Courier Pick Up and Delivery Services,,,
3117,ECTM.S1SII131,2016.1,Could not be seasonally adjusted,,R,Dollars,6,Electronic Card Transactions (ANZSIC06) - ECT,Private - Values - Electronic card transactions  A/S/T by industry,Seasonally adjusted,Postal and Courier Pick Up and Delivery Services,,,
3118,ECTM.S1SII131,2016.11,Could not be seasonally adjusted,,R,Dollars,6,Electronic Card Transactions (ANZSIC06) - ECT,Private - Values - Electronic card transactions  A/S/T by industry,Seasonally adjusted,Postal and Courier Pick Up and Delivery Services,,,
3119,ECTM.S1SII131,2016.12,Could not be seasonally adjusted,,R,Dollars,6,Electronic Card Transactions (ANZSIC06) - ECT,Private - Values - Electronic card transactions  A/S/T by industry,Seasonally adjusted,Postal and Courier Pick Up and Delivery Services,,,
3120,ECTM.S1SII131,2017.01,Could not be seasonally adjusted,,R,Dollars,6,Electronic Card Transactions (ANZSIC06) - ECT,Private - Values - Electronic card transactions  A/S/T by industry,Seasonally adjusted,Postal and Courier Pick Up and Delivery Services,,,
3121,ECTM.S1SII131,2017.02,Could not be seasonally adjusted,,R,Dollars,6,Electronic Card Transactions (ANZSIC06) - ECT,Private - Values - Electronic card transactions  A/S/T by industry,Seasonally adjusted,Postal and Courier Pick Up and Delivery Services,,,
3122,ECTM.S1SII131,2017.03,Could not be seasonally adjusted,,R,Dollars,6,Electronic Card Transactions (ANZSIC06) - ECT,Private - Values - Electronic card transactions  A/S/T by industry,Seasonally adjusted,Postal and Courier Pick Up and Delivery Services,,,
3123,ECTM.S1SII131,2017.04,Could not be seasonally adjusted,,R,Dollars,6,Electronic Card Transactions (ANZSIC06) - ECT,Private - Values - Electronic card transactions  A/S/T by industry,Seasonally adjusted,Postal and Courier Pick Up and Delivery Services,,,
3124,ECTM.S1SII131,2017.05,Could not be seasonally adjusted,,R,Dollars,6,Electronic Card Transactions (ANZSIC06) - ECT,Private - Values - Electronic card transactions  A/S/T by industry,Seasonally adjusted,Postal and Courier Pick Up and Delivery Services,,,
3125,ECTM.S1SII131,2017.06,Could not be seasonally adjusted,,R,Dollars,6,Electronic Card Transactions (ANZSIC06) - ECT,Private - Values - Electronic card transactions  A/S/T by industry,Seasonally adjusted,Postal and Courier Pick Up and Delivery Services,,,
3126,ECTM.S1SII131,2017.07,Could not be seasonally adjusted,,R,Dollars,6,Electronic Card Transactions (ANZSIC06) - ECT,Private - Values - Electronic card transactions  A/S/T by industry,Seasonally adjusted,Postal and Courier Pick Up and Delivery Services,,,
3127,ECTM.S1SII131,2017.08,Could not be seasonally adjusted,,R,Dollars,6,Electronic Card Transactions (ANZSIC06) - ECT,Private - Values - Electronic card transactions  A/S/T by industry,Seasonally adjusted,Postal and Courier Pick Up and Delivery Services,,,
3128,ECTM.S1SII131,2017.09,Could not be seasonally adjusted,,R,Dollars,6,Electronic Card Transactions (ANZSIC06) - ECT,Private - Values - Electronic card transactions  A/S/T by industry,Seasonally adjusted,Postal and Courier Pick Up and Delivery Services,,,
3129,ECTM.S1SII131,2017.1,Could not be seasonally adjusted,,R,Dollars,6,Electronic Card Transactions (ANZSIC06) - ECT,Private - Values - Electronic card transactions  A/S/T by industry,Seasonally adjusted,Postal and Courier Pick Up and Delivery Services,,,
3130,ECTM.S1SII131,2017.11,Could not be seasonally adjusted,,R,Dollars,6,Electronic Card Transactions (ANZSIC06) - ECT,Private - Values - Electronic card transactions  A/S/T by industry,Seasonally adjusted,Postal and Courier Pick Up and Delivery Services,,,
3131,ECTM.S1SII131,2017.12,Could not be seasonally adjusted,,R,Dollars,6,Electronic Card Transactions (ANZSIC06) - ECT,Private - Values - Electronic card transactions  A/S/T by industry,Seasonally adjusted,Postal and Courier Pick Up and Delivery Services,,,
3132,ECTM.S1SII131,2018.01,Could not be seasonally adjusted,,R,Dollars,6,Electronic Card Transactions (ANZSIC06) - ECT,Private - Values - Electronic card transactions  A/S/T by industry,Seasonally adjusted,Postal and Courier Pick Up and Delivery Services,,,
3133,ECTM.S1SII131,2018.02,Could not be seasonally adjusted,,R,Dollars,6,Electronic Card Transactions (ANZSIC06) - ECT,Private - Values - Electronic card transactions  A/S/T by industry,Seasonally adjusted,Postal and Courier Pick Up and Delivery Services,,,
3134,ECTM.S1SII131,2018.03,Could not be seasonally adjusted,,R,Dollars,6,Electronic Card Transactions (ANZSIC06) - ECT,Private - Values - Electronic card transactions  A/S/T by industry,Seasonally adjusted,Postal and Courier Pick Up and Delivery Services,,,
3135,ECTM.S1SII131,2018.04,Could not be seasonally adjusted,,R,Dollars,6,Electronic Card Transactions (ANZSIC06) - ECT,Private - Values - Electronic card transactions  A/S/T by industry,Seasonally adjusted,Postal and Courier Pick Up and Delivery Services,,,
3136,ECTM.S1SII131,2018.05,Could not be seasonally adjusted,,R,Dollars,6,Electronic Card Transactions (ANZSIC06) - ECT,Private - Values - Electronic card transactions  A/S/T by industry,Seasonally adjusted,Postal and Courier Pick Up and Delivery Services,,,
3137,ECTM.S1SII131,2018.06,Could not be seasonally adjusted,,R,Dollars,6,Electronic Card Transactions (ANZSIC06) - ECT,Private - Values - Electronic card transactions  A/S/T by industry,Seasonally adjusted,Postal and Courier Pick Up and Delivery Services,,,
3138,ECTM.S1SII131,2018.07,Could not be seasonally adjusted,,R,Dollars,6,Electronic Card Transactions (ANZSIC06) - ECT,Private - Values - Electronic card transactions  A/S/T by industry,Seasonally adjusted,Postal and Courier Pick Up and Delivery Services,,,
3139,ECTM.S1SII131,2018.08,Could not be seasonally adjusted,,R,Dollars,6,Electronic Card Transactions (ANZSIC06) - ECT,Private - Values - Electronic card transactions  A/S/T by industry,Seasonally adjusted,Postal and Courier Pick Up and Delivery Services,,,
3140,ECTM.S1SII131,2018.09,Could not be seasonally adjusted,,R,Dollars,6,Electronic Card Transactions (ANZSIC06) - ECT,Private - Values - Electronic card transactions  A/S/T by industry,Seasonally adjusted,Postal and Courier Pick Up and Delivery Services,,,
3141,ECTM.S1SII131,2018.1,Could not be seasonally adjusted,,R,Dollars,6,Electronic Card Transactions (ANZSIC06) - ECT,Private - Values - Electronic card transactions  A/S/T by industry,Seasonally adjusted,Postal and Courier Pick Up and Delivery Services,,,
3142,ECTM.S1SII131,2018.11,Could not be seasonally adjusted,,R,Dollars,6,Electronic Card Transactions (ANZSIC06) - ECT,Private - Values - Electronic card transactions  A/S/T by industry,Seasonally adjusted,Postal and Courier Pick Up and Delivery Services,,,
3143,ECTM.S1SII131,2018.12,Could not be seasonally adjusted,,R,Dollars,6,Electronic Card Transactions (ANZSIC06) - ECT,Private - Values - Electronic card transactions  A/S/T by industry,Seasonally adjusted,Postal and Courier Pick Up and Delivery Services,,,
3144,ECTM.S1SII131,2019.01,Could not be seasonally adjusted,,R,Dollars,6,Electronic Card Transactions (ANZSIC06) - ECT,Private - Values - Electronic card transactions  A/S/T by industry,Seasonally adjusted,Postal and Courier Pick Up and Delivery Services,,,
3145,ECTM.S1SII131,2019.02,Could not be seasonally adjusted,,R,Dollars,6,Electronic Card Transactions (ANZSIC06) - ECT,Private - Values - Electronic card transactions  A/S/T by industry,Seasonally adjusted,Postal and Courier Pick Up and Delivery Services,,,
3146,ECTM.S1SII131,2019.03,Could not be seasonally adjusted,,R,Dollars,6,Electronic Card Transactions (ANZSIC06) - ECT,Private - Values - Electronic card transactions  A/S/T by industry,Seasonally adjusted,Postal and Courier Pick Up and Delivery Services,,,
3147,ECTM.S1SII131,2019.04,Could not be seasonally adjusted,,R,Dollars,6,Electronic Card Transactions (ANZSIC06) - ECT,Private - Values - Electronic card transactions  A/S/T by industry,Seasonally adjusted,Postal and Courier Pick Up and Delivery Services,,,
3148,ECTM.S1SII131,2019.05,Could not be seasonally adjusted,,R,Dollars,6,Electronic Card Transactions (ANZSIC06) - ECT,Private - Values - Electronic card transactions  A/S/T by industry,Seasonally adjusted,Postal and Courier Pick Up and Delivery Services,,,
3149,ECTM.S1SII131,2019.06,Could not be seasonally adjusted,,R,Dollars,6,Electronic Card Transactions (ANZSIC06) - ECT,Private - Values - Electronic card transactions  A/S/T by industry,Seasonally adjusted,Postal and Courier Pick Up and Delivery Services,,,
3150,ECTM.S1SII131,2019.07,Could not be seasonally adjusted,,R,Dollars,6,Electronic Card Transactions (ANZSIC06) - ECT,Private - Values - Electronic card transactions  A/S/T by industry,Seasonally adjusted,Postal and Courier Pick Up and Delivery Services,,,
3151,ECTM.S1SII131,2019.08,Could not be seasonally adjusted,,R,Dollars,6,Electronic Card Transactions (ANZSIC06) - ECT,Private - Values - Electronic card transactions  A/S/T by industry,Seasonally adjusted,Postal and Courier Pick Up and Delivery Services,,,
3152,ECTM.S1SII131,2019.09,Could not be seasonally adjusted,,R,Dollars,6,Electronic Card Transactions (ANZSIC06) - ECT,Private - Values - Electronic card transactions  A/S/T by industry,Seasonally adjusted,Postal and Courier Pick Up and Delivery Services,,,
3153,ECTM.S1SII131,2019.1,Could not be seasonally adjusted,,R,Dollars,6,Electronic Card Transactions (ANZSIC06) - ECT,Private - Values - Electronic card transactions  A/S/T by industry,Seasonally adjusted,Postal and Courier Pick Up and Delivery Services,,,
3154,ECTM.S1SII131,2019.11,Could not be seasonally adjusted,,R,Dollars,6,Electronic Card Transactions (ANZSIC06) - ECT,Private - Values - Electronic card transactions  A/S/T by industry,Seasonally adjusted,Postal and Courier Pick Up and Delivery Services,,,
3155,ECTM.S1SII131,2019.12,Could not be seasonally adjusted,,R,Dollars,6,Electronic Card Transactions (ANZSIC06) - ECT,Private - Values - Electronic card transactions  A/S/T by industry,Seasonally adjusted,Postal and Courier Pick Up and Delivery Services,,,
3156,ECTM.S1SII131,2020.01,Could not be seasonally adjusted,,R,Dollars,6,Electronic Card Transactions (ANZSIC06) - ECT,Private - Values - Electronic card transactions  A/S/T by industry,Seasonally adjusted,Postal and Courier Pick Up and Delivery Services,,,
3157,ECTM.S1SII131,2020.02,Could not be seasonally adjusted,,R,Dollars,6,Electronic Card Transactions (ANZSIC06) - ECT,Private - Values - Electronic card transactions  A/S/T by industry,Seasonally adjusted,Postal and Courier Pick Up and Delivery Services,,,
3158,ECTM.S1SII131,2020.03,Could not be seasonally adjusted,,R,Dollars,6,Electronic Card Transactions (ANZSIC06) - ECT,Private - Values - Electronic card transactions  A/S/T by industry,Seasonally adjusted,Postal and Courier Pick Up and Delivery Services,,,
3159,ECTM.S1SII131,2020.04,Could not be seasonally adjusted,,F,Dollars,6,Electronic Card Transactions (ANZSIC06) - ECT,Private - Values - Electronic card transactions  A/S/T by industry,Seasonally adjusted,Postal and Courier Pick Up and Delivery Services,,,
3160,ECTM.S1AMN211,2007.03,186.3,,F,Dollars,6,Electronic Card Transactions (ANZSIC06) - ECT,Private - Values - Electronic card transactions  A/S/T by industry,Actual,Travel Agency & Tour Arrangement Services,,,
3161,ECTM.S1AMN211,2007.04,140.6,,F,Dollars,6,Electronic Card Transactions (ANZSIC06) - ECT,Private - Values - Electronic card transactions  A/S/T by industry,Actual,Travel Agency & Tour Arrangement Services,,,
3162,ECTM.S1AMN211,2007.05,164.1,,F,Dollars,6,Electronic Card Transactions (ANZSIC06) - ECT,Private - Values - Electronic card transactions  A/S/T by industry,Actual,Travel Agency & Tour Arrangement Services,,,
3163,ECTM.S1AMN211,2007.06,141.1,,F,Dollars,6,Electronic Card Transactions (ANZSIC06) - ECT,Private - Values - Electronic card transactions  A/S/T by industry,Actual,Travel Agency & Tour Arrangement Services,,,
3164,ECTM.S1AMN211,2007.07,143.9,,F,Dollars,6,Electronic Card Transactions (ANZSIC06) - ECT,Private - Values - Electronic card transactions  A/S/T by industry,Actual,Travel Agency & Tour Arrangement Services,,,
3165,ECTM.S1AMN211,2007.08,152.6,,F,Dollars,6,Electronic Card Transactions (ANZSIC06) - ECT,Private - Values - Electronic card transactions  A/S/T by industry,Actual,Travel Agency & Tour Arrangement Services,,,
3166,ECTM.S1AMN211,2007.09,129.8,,F,Dollars,6,Electronic Card Transactions (ANZSIC06) - ECT,Private - Values - Electronic card transactions  A/S/T by industry,Actual,Travel Agency & Tour Arrangement Services,,,
3167,ECTM.S1AMN211,2007.1,140.5,,F,Dollars,6,Electronic Card Transactions (ANZSIC06) - ECT,Private - Values - Electronic card transactions  A/S/T by industry,Actual,Travel Agency & Tour Arrangement Services,,,
3168,ECTM.S1AMN211,2007.11,158.2,,F,Dollars,6,Electronic Card Transactions (ANZSIC06) - ECT,Private - Values - Electronic card transactions  A/S/T by industry,Actual,Travel Agency & Tour Arrangement Services,,,
3169,ECTM.S1AMN211,2007.12,154.4,,F,Dollars,6,Electronic Card Transactions (ANZSIC06) - ECT,Private - Values - Electronic card transactions  A/S/T by industry,Actual,Travel Agency & Tour Arrangement Services,,,
3170,ECTM.S1AMN211,2008.01,151.1,,F,Dollars,6,Electronic Card Transactions (ANZSIC06) - ECT,Private - Values - Electronic card transactions  A/S/T by industry,Actual,Travel Agency & Tour Arrangement Services,,,
3171,ECTM.S1AMN211,2008.02,172.2,,F,Dollars,6,Electronic Card Transactions (ANZSIC06) - ECT,Private - Values - Electronic card transactions  A/S/T by industry,Actual,Travel Agency & Tour Arrangement Services,,,
3172,ECTM.S1AMN211,2008.03,178.2,,F,Dollars,6,Electronic Card Transactions (ANZSIC06) - ECT,Private - Values - Electronic card transactions  A/S/T by industry,Actual,Travel Agency & Tour Arrangement Services,,,
3173,ECTM.S1AMN211,2008.04,156.3,,F,Dollars,6,Electronic Card Transactions (ANZSIC06) - ECT,Private - Values - Electronic card transactions  A/S/T by industry,Actual,Travel Agency & Tour Arrangement Services,,,
3174,ECTM.S1AMN211,2008.05,161.6,,F,Dollars,6,Electronic Card Transactions (ANZSIC06) - ECT,Private - Values - Electronic card transactions  A/S/T by industry,Actual,Travel Agency & Tour Arrangement Services,,,
3175,ECTM.S1AMN211,2008.06,145.6,,F,Dollars,6,Electronic Card Transactions (ANZSIC06) - ECT,Private - Values - Electronic card transactions  A/S/T by industry,Actual,Travel Agency & Tour Arrangement Services,,,
3176,ECTM.S1AMN211,2008.07,145.2,,F,Dollars,6,Electronic Card Transactions (ANZSIC06) - ECT,Private - Values - Electronic card transactions  A/S/T by industry,Actual,Travel Agency & Tour Arrangement Services,,,
3177,ECTM.S1AMN211,2008.08,135.5,,F,Dollars,6,Electronic Card Transactions (ANZSIC06) - ECT,Private - Values - Electronic card transactions  A/S/T by industry,Actual,Travel Agency & Tour Arrangement Services,,,
3178,ECTM.S1AMN211,2008.09,136.6,,F,Dollars,6,Electronic Card Transactions (ANZSIC06) - ECT,Private - Values - Electronic card transactions  A/S/T by industry,Actual,Travel Agency & Tour Arrangement Services,,,
3179,ECTM.S1AMN211,2008.1,127.6,,F,Dollars,6,Electronic Card Transactions (ANZSIC06) - ECT,Private - Values - Electronic card transactions  A/S/T by industry,Actual,Travel Agency & Tour Arrangement Services,,,
3180,ECTM.S1AMN211,2008.11,126.3,,F,Dollars,6,Electronic Card Transactions (ANZSIC06) - ECT,Private - Values - Electronic card transactions  A/S/T by industry,Actual,Travel Agency & Tour Arrangement Services,,,
3181,ECTM.S1AMN211,2008.12,125,,F,Dollars,6,Electronic Card Transactions (ANZSIC06) - ECT,Private - Values - Electronic card transactions  A/S/T by industry,Actual,Travel Agency & Tour Arrangement Services,,,
3182,ECTM.S1AMN211,2009.01,130.7,,F,Dollars,6,Electronic Card Transactions (ANZSIC06) - ECT,Private - Values - Electronic card transactions  A/S/T by industry,Actual,Travel Agency & Tour Arrangement Services,,,
3183,ECTM.S1AMN211,2009.02,145.8,,F,Dollars,6,Electronic Card Transactions (ANZSIC06) - ECT,Private - Values - Electronic card transactions  A/S/T by industry,Actual,Travel Agency & Tour Arrangement Services,,,
3184,ECTM.S1AMN211,2009.03,152.4,,F,Dollars,6,Electronic Card Transactions (ANZSIC06) - ECT,Private - Values - Electronic card transactions  A/S/T by industry,Actual,Travel Agency & Tour Arrangement Services,,,
3185,ECTM.S1AMN211,2009.04,134.7,,F,Dollars,6,Electronic Card Transactions (ANZSIC06) - ECT,Private - Values - Electronic card transactions  A/S/T by industry,Actual,Travel Agency & Tour Arrangement Services,,,
3186,ECTM.S1AMN211,2009.05,136.4,,F,Dollars,6,Electronic Card Transactions (ANZSIC06) - ECT,Private - Values - Electronic card transactions  A/S/T by industry,Actual,Travel Agency & Tour Arrangement Services,,,
3187,ECTM.S1AMN211,2009.06,129.1,,F,Dollars,6,Electronic Card Transactions (ANZSIC06) - ECT,Private - Values - Electronic card transactions  A/S/T by industry,Actual,Travel Agency & Tour Arrangement Services,,,
3188,ECTM.S1AMN211,2009.07,139.6,,F,Dollars,6,Electronic Card Transactions (ANZSIC06) - ECT,Private - Values - Electronic card transactions  A/S/T by industry,Actual,Travel Agency & Tour Arrangement Services,,,
3189,ECTM.S1AMN211,2009.08,132.4,,F,Dollars,6,Electronic Card Transactions (ANZSIC06) - ECT,Private - Values - Electronic card transactions  A/S/T by industry,Actual,Travel Agency & Tour Arrangement Services,,,
3190,ECTM.S1AMN211,2009.09,125.3,,F,Dollars,6,Electronic Card Transactions (ANZSIC06) - ECT,Private - Values - Electronic card transactions  A/S/T by industry,Actual,Travel Agency & Tour Arrangement Services,,,
3191,ECTM.S1AMN211,2009.1,133.3,,F,Dollars,6,Electronic Card Transactions (ANZSIC06) - ECT,Private - Values - Electronic card transactions  A/S/T by industry,Actual,Travel Agency & Tour Arrangement Services,,,
3192,ECTM.S1AMN211,2009.11,131.5,,F,Dollars,6,Electronic Card Transactions (ANZSIC06) - ECT,Private - Values - Electronic card transactions  A/S/T by industry,Actual,Travel Agency & Tour Arrangement Services,,,
3193,ECTM.S1AMN211,2009.12,128.7,,F,Dollars,6,Electronic Card Transactions (ANZSIC06) - ECT,Private - Values - Electronic card transactions  A/S/T by industry,Actual,Travel Agency & Tour Arrangement Services,,,
3194,ECTM.S1AMN211,2010.01,138.9,,F,Dollars,6,Electronic Card Transactions (ANZSIC06) - ECT,Private - Values - Electronic card transactions  A/S/T by industry,Actual,Travel Agency & Tour Arrangement Services,,,
3195,ECTM.S1AMN211,2010.02,156.9,,F,Dollars,6,Electronic Card Transactions (ANZSIC06) - ECT,Private - Values - Electronic card transactions  A/S/T by industry,Actual,Travel Agency & Tour Arrangement Services,,,
3196,ECTM.S1AMN211,2010.03,175.7,,F,Dollars,6,Electronic Card Transactions (ANZSIC06) - ECT,Private - Values - Electronic card transactions  A/S/T by industry,Actual,Travel Agency & Tour Arrangement Services,,,
3197,ECTM.S1AMN211,2010.04,140.8,,F,Dollars,6,Electronic Card Transactions (ANZSIC06) - ECT,Private - Values - Electronic card transactions  A/S/T by industry,Actual,Travel Agency & Tour Arrangement Services,,,
3198,ECTM.S1AMN211,2010.05,141.8,,F,Dollars,6,Electronic Card Transactions (ANZSIC06) - ECT,Private - Values - Electronic card transactions  A/S/T by industry,Actual,Travel Agency & Tour Arrangement Services,,,
3199,ECTM.S1AMN211,2010.06,136.1,,F,Dollars,6,Electronic Card Transactions (ANZSIC06) - ECT,Private - Values - Electronic card transactions  A/S/T by industry,Actual,Travel Agency & Tour Arrangement Services,,,
3200,ECTM.S1AMN211,2010.07,130.5,,F,Dollars,6,Electronic Card Transactions (ANZSIC06) - ECT,Private - Values - Electronic card transactions  A/S/T by industry,Actual,Travel Agency & Tour Arrangement Services,,,
3201,ECTM.S1AMN211,2010.08,135.2,,F,Dollars,6,Electronic Card Transactions (ANZSIC06) - ECT,Private - Values - Electronic card transactions  A/S/T by industry,Actual,Travel Agency & Tour Arrangement Services,,,
3202,ECTM.S1AMN211,2010.09,125.1,,F,Dollars,6,Electronic Card Transactions (ANZSIC06) - ECT,Private - Values - Electronic card transactions  A/S/T by industry,Actual,Travel Agency & Tour Arrangement Services,,,
3203,ECTM.S1AMN211,2010.1,129,,F,Dollars,6,Electronic Card Transactions (ANZSIC06) - ECT,Private - Values - Electronic card transactions  A/S/T by industry,Actual,Travel Agency & Tour Arrangement Services,,,
3204,ECTM.S1AMN211,2010.11,144.4,,F,Dollars,6,Electronic Card Transactions (ANZSIC06) - ECT,Private - Values - Electronic card transactions  A/S/T by industry,Actual,Travel Agency & Tour Arrangement Services,,,
3205,ECTM.S1AMN211,2010.12,126.7,,F,Dollars,6,Electronic Card Transactions (ANZSIC06) - ECT,Private - Values - Electronic card transactions  A/S/T by industry,Actual,Travel Agency & Tour Arrangement Services,,,
3206,ECTM.S1AMN211,2011.01,138.9,,F,Dollars,6,Electronic Card Transactions (ANZSIC06) - ECT,Private - Values - Electronic card transactions  A/S/T by industry,Actual,Travel Agency & Tour Arrangement Services,,,
3207,ECTM.S1AMN211,2011.02,162.2,,F,Dollars,6,Electronic Card Transactions (ANZSIC06) - ECT,Private - Values - Electronic card transactions  A/S/T by industry,Actual,Travel Agency & Tour Arrangement Services,,,
3208,ECTM.S1AMN211,2011.03,173.1,,F,Dollars,6,Electronic Card Transactions (ANZSIC06) - ECT,Private - Values - Electronic card transactions  A/S/T by industry,Actual,Travel Agency & Tour Arrangement Services,,,
3209,ECTM.S1AMN211,2011.04,144.2,,F,Dollars,6,Electronic Card Transactions (ANZSIC06) - ECT,Private - Values - Electronic card transactions  A/S/T by industry,Actual,Travel Agency & Tour Arrangement Services,,,
3210,ECTM.S1AMN211,2011.05,155.5,,F,Dollars,6,Electronic Card Transactions (ANZSIC06) - ECT,Private - Values - Electronic card transactions  A/S/T by industry,Actual,Travel Agency & Tour Arrangement Services,,,
3211,ECTM.S1AMN211,2011.06,140.4,,F,Dollars,6,Electronic Card Transactions (ANZSIC06) - ECT,Private - Values - Electronic card transactions  A/S/T by industry,Actual,Travel Agency & Tour Arrangement Services,,,
3212,ECTM.S1AMN211,2011.07,128.8,,F,Dollars,6,Electronic Card Transactions (ANZSIC06) - ECT,Private - Values - Electronic card transactions  A/S/T by industry,Actual,Travel Agency & Tour Arrangement Services,,,
3213,ECTM.S1AMN211,2011.08,133.3,,F,Dollars,6,Electronic Card Transactions (ANZSIC06) - ECT,Private - Values - Electronic card transactions  A/S/T by industry,Actual,Travel Agency & Tour Arrangement Services,,,
3214,ECTM.S1AMN211,2011.09,123.7,,F,Dollars,6,Electronic Card Transactions (ANZSIC06) - ECT,Private - Values - Electronic card transactions  A/S/T by industry,Actual,Travel Agency & Tour Arrangement Services,,,
3215,ECTM.S1AMN211,2011.1,127.3,,F,Dollars,6,Electronic Card Transactions (ANZSIC06) - ECT,Private - Values - Electronic card transactions  A/S/T by industry,Actual,Travel Agency & Tour Arrangement Services,,,
3216,ECTM.S1AMN211,2011.11,145.9,,F,Dollars,6,Electronic Card Transactions (ANZSIC06) - ECT,Private - Values - Electronic card transactions  A/S/T by industry,Actual,Travel Agency & Tour Arrangement Services,,,
3217,ECTM.S1AMN211,2011.12,133.7,,F,Dollars,6,Electronic Card Transactions (ANZSIC06) - ECT,Private - Values - Electronic card transactions  A/S/T by industry,Actual,Travel Agency & Tour Arrangement Services,,,
3218,ECTM.S1AMN211,2012.01,145.5,,F,Dollars,6,Electronic Card Transactions (ANZSIC06) - ECT,Private - Values - Electronic card transactions  A/S/T by industry,Actual,Travel Agency & Tour Arrangement Services,,,
3219,ECTM.S1AMN211,2012.02,170.3,,F,Dollars,6,Electronic Card Transactions (ANZSIC06) - ECT,Private - Values - Electronic card transactions  A/S/T by industry,Actual,Travel Agency & Tour Arrangement Services,,,
3220,ECTM.S1AMN211,2012.03,165.4,,F,Dollars,6,Electronic Card Transactions (ANZSIC06) - ECT,Private - Values - Electronic card transactions  A/S/T by industry,Actual,Travel Agency & Tour Arrangement Services,,,
3221,ECTM.S1AMN211,2012.04,142.4,,F,Dollars,6,Electronic Card Transactions (ANZSIC06) - ECT,Private - Values - Electronic card transactions  A/S/T by industry,Actual,Travel Agency & Tour Arrangement Services,,,
3222,ECTM.S1AMN211,2012.05,153.8,,F,Dollars,6,Electronic Card Transactions (ANZSIC06) - ECT,Private - Values - Electronic card transactions  A/S/T by industry,Actual,Travel Agency & Tour Arrangement Services,,,
3223,ECTM.S1AMN211,2012.06,141.8,,F,Dollars,6,Electronic Card Transactions (ANZSIC06) - ECT,Private - Values - Electronic card transactions  A/S/T by industry,Actual,Travel Agency & Tour Arrangement Services,,,
3224,ECTM.S1AMN211,2012.07,121.4,,F,Dollars,6,Electronic Card Transactions (ANZSIC06) - ECT,Private - Values - Electronic card transactions  A/S/T by industry,Actual,Travel Agency & Tour Arrangement Services,,,
3225,ECTM.S1AMN211,2012.08,127.3,,F,Dollars,6,Electronic Card Transactions (ANZSIC06) - ECT,Private - Values - Electronic card transactions  A/S/T by industry,Actual,Travel Agency & Tour Arrangement Services,,,
3226,ECTM.S1AMN211,2012.09,111.2,,F,Dollars,6,Electronic Card Transactions (ANZSIC06) - ECT,Private - Values - Electronic card transactions  A/S/T by industry,Actual,Travel Agency & Tour Arrangement Services,,,
3227,ECTM.S1AMN211,2012.1,124.9,,F,Dollars,6,Electronic Card Transactions (ANZSIC06) - ECT,Private - Values - Electronic card transactions  A/S/T by industry,Actual,Travel Agency & Tour Arrangement Services,,,
3228,ECTM.S1AMN211,2012.11,129.6,,F,Dollars,6,Electronic Card Transactions (ANZSIC06) - ECT,Private - Values - Electronic card transactions  A/S/T by industry,Actual,Travel Agency & Tour Arrangement Services,,,
3229,ECTM.S1AMN211,2012.12,115.9,,F,Dollars,6,Electronic Card Transactions (ANZSIC06) - ECT,Private - Values - Electronic card transactions  A/S/T by industry,Actual,Travel Agency & Tour Arrangement Services,,,
3230,ECTM.S1AMN211,2013.01,135.3,,F,Dollars,6,Electronic Card Transactions (ANZSIC06) - ECT,Private - Values - Electronic card transactions  A/S/T by industry,Actual,Travel Agency & Tour Arrangement Services,,,
3231,ECTM.S1AMN211,2013.02,159.9,,F,Dollars,6,Electronic Card Transactions (ANZSIC06) - ECT,Private - Values - Electronic card transactions  A/S/T by industry,Actual,Travel Agency & Tour Arrangement Services,,,
3232,ECTM.S1AMN211,2013.03,151.2,,F,Dollars,6,Electronic Card Transactions (ANZSIC06) - ECT,Private - Values - Electronic card transactions  A/S/T by industry,Actual,Travel Agency & Tour Arrangement Services,,,
3233,ECTM.S1AMN211,2013.04,138.4,,F,Dollars,6,Electronic Card Transactions (ANZSIC06) - ECT,Private - Values - Electronic card transactions  A/S/T by industry,Actual,Travel Agency & Tour Arrangement Services,,,
3234,ECTM.S1AMN211,2013.05,136.5,,F,Dollars,6,Electronic Card Transactions (ANZSIC06) - ECT,Private - Values - Electronic card transactions  A/S/T by industry,Actual,Travel Agency & Tour Arrangement Services,,,
3235,ECTM.S1AMN211,2013.06,124.6,,F,Dollars,6,Electronic Card Transactions (ANZSIC06) - ECT,Private - Values - Electronic card transactions  A/S/T by industry,Actual,Travel Agency & Tour Arrangement Services,,,
3236,ECTM.S1AMN211,2013.07,129.4,,F,Dollars,6,Electronic Card Transactions (ANZSIC06) - ECT,Private - Values - Electronic card transactions  A/S/T by industry,Actual,Travel Agency & Tour Arrangement Services,,,
3237,ECTM.S1AMN211,2013.08,126.2,,F,Dollars,6,Electronic Card Transactions (ANZSIC06) - ECT,Private - Values - Electronic card transactions  A/S/T by industry,Actual,Travel Agency & Tour Arrangement Services,,,
3238,ECTM.S1AMN211,2013.09,111.9,,F,Dollars,6,Electronic Card Transactions (ANZSIC06) - ECT,Private - Values - Electronic card transactions  A/S/T by industry,Actual,Travel Agency & Tour Arrangement Services,,,
3239,ECTM.S1AMN211,2013.1,127.3,,F,Dollars,6,Electronic Card Transactions (ANZSIC06) - ECT,Private - Values - Electronic card transactions  A/S/T by industry,Actual,Travel Agency & Tour Arrangement Services,,,
3240,ECTM.S1AMN211,2013.11,125,,F,Dollars,6,Electronic Card Transactions (ANZSIC06) - ECT,Private - Values - Electronic card transactions  A/S/T by industry,Actual,Travel Agency & Tour Arrangement Services,,,
3241,ECTM.S1AMN211,2013.12,116.1,,F,Dollars,6,Electronic Card Transactions (ANZSIC06) - ECT,Private - Values - Electronic card transactions  A/S/T by industry,Actual,Travel Agency & Tour Arrangement Services,,,
3242,ECTM.S1AMN211,2014.01,144.3,,F,Dollars,6,Electronic Card Transactions (ANZSIC06) - ECT,Private - Values - Electronic card transactions  A/S/T by industry,Actual,Travel Agency & Tour Arrangement Services,,,
3243,ECTM.S1AMN211,2014.02,159.4,,F,Dollars,6,Electronic Card Transactions (ANZSIC06) - ECT,Private - Values - Electronic card transactions  A/S/T by industry,Actual,Travel Agency & Tour Arrangement Services,,,
3244,ECTM.S1AMN211,2014.03,154.5,,F,Dollars,6,Electronic Card Transactions (ANZSIC06) - ECT,Private - Values - Electronic card transactions  A/S/T by industry,Actual,Travel Agency & Tour Arrangement Services,,,
3245,ECTM.S1AMN211,2014.04,133.2,,F,Dollars,6,Electronic Card Transactions (ANZSIC06) - ECT,Private - Values - Electronic card transactions  A/S/T by industry,Actual,Travel Agency & Tour Arrangement Services,,,
3246,ECTM.S1AMN211,2014.05,135.2,,F,Dollars,6,Electronic Card Transactions (ANZSIC06) - ECT,Private - Values - Electronic card transactions  A/S/T by industry,Actual,Travel Agency & Tour Arrangement Services,,,
3247,ECTM.S1AMN211,2014.06,123.8,,F,Dollars,6,Electronic Card Transactions (ANZSIC06) - ECT,Private - Values - Electronic card transactions  A/S/T by industry,Actual,Travel Agency & Tour Arrangement Services,,,
3248,ECTM.S1AMN211,2014.07,127.1,,F,Dollars,6,Electronic Card Transactions (ANZSIC06) - ECT,Private - Values - Electronic card transactions  A/S/T by industry,Actual,Travel Agency & Tour Arrangement Services,,,
3249,ECTM.S1AMN211,2014.08,124.1,,F,Dollars,6,Electronic Card Transactions (ANZSIC06) - ECT,Private - Values - Electronic card transactions  A/S/T by industry,Actual,Travel Agency & Tour Arrangement Services,,,
3250,ECTM.S1AMN211,2014.09,117.4,,F,Dollars,6,Electronic Card Transactions (ANZSIC06) - ECT,Private - Values - Electronic card transactions  A/S/T by industry,Actual,Travel Agency & Tour Arrangement Services,,,
3251,ECTM.S1AMN211,2014.1,130.9,,F,Dollars,6,Electronic Card Transactions (ANZSIC06) - ECT,Private - Values - Electronic card transactions  A/S/T by industry,Actual,Travel Agency & Tour Arrangement Services,,,
3252,ECTM.S1AMN211,2014.11,122.7,,F,Dollars,6,Electronic Card Transactions (ANZSIC06) - ECT,Private - Values - Electronic card transactions  A/S/T by industry,Actual,Travel Agency & Tour Arrangement Services,,,
3253,ECTM.S1AMN211,2014.12,127.6,,F,Dollars,6,Electronic Card Transactions (ANZSIC06) - ECT,Private - Values - Electronic card transactions  A/S/T by industry,Actual,Travel Agency & Tour Arrangement Services,,,
3254,ECTM.S1AMN211,2015.01,152.1,,F,Dollars,6,Electronic Card Transactions (ANZSIC06) - ECT,Private - Values - Electronic card transactions  A/S/T by industry,Actual,Travel Agency & Tour Arrangement Services,,,
3255,ECTM.S1AMN211,2015.02,162.5,,F,Dollars,6,Electronic Card Transactions (ANZSIC06) - ECT,Private - Values - Electronic card transactions  A/S/T by industry,Actual,Travel Agency & Tour Arrangement Services,,,
3256,ECTM.S1AMN211,2015.03,157.8,,F,Dollars,6,Electronic Card Transactions (ANZSIC06) - ECT,Private - Values - Electronic card transactions  A/S/T by industry,Actual,Travel Agency & Tour Arrangement Services,,,
3257,ECTM.S1AMN211,2015.04,134.9,,F,Dollars,6,Electronic Card Transactions (ANZSIC06) - ECT,Private - Values - Electronic card transactions  A/S/T by industry,Actual,Travel Agency & Tour Arrangement Services,,,
3258,ECTM.S1AMN211,2015.05,135.3,,F,Dollars,6,Electronic Card Transactions (ANZSIC06) - ECT,Private - Values - Electronic card transactions  A/S/T by industry,Actual,Travel Agency & Tour Arrangement Services,,,
3259,ECTM.S1AMN211,2015.06,132.2,,F,Dollars,6,Electronic Card Transactions (ANZSIC06) - ECT,Private - Values - Electronic card transactions  A/S/T by industry,Actual,Travel Agency & Tour Arrangement Services,,,
3260,ECTM.S1AMN211,2015.07,130.6,,F,Dollars,6,Electronic Card Transactions (ANZSIC06) - ECT,Private - Values - Electronic card transactions  A/S/T by industry,Actual,Travel Agency & Tour Arrangement Services,,,
3261,ECTM.S1AMN211,2015.08,130.8,,F,Dollars,6,Electronic Card Transactions (ANZSIC06) - ECT,Private - Values - Electronic card transactions  A/S/T by industry,Actual,Travel Agency & Tour Arrangement Services,,,
3262,ECTM.S1AMN211,2015.09,122.8,,F,Dollars,6,Electronic Card Transactions (ANZSIC06) - ECT,Private - Values - Electronic card transactions  A/S/T by industry,Actual,Travel Agency & Tour Arrangement Services,,,
3263,ECTM.S1AMN211,2015.1,129.5,,F,Dollars,6,Electronic Card Transactions (ANZSIC06) - ECT,Private - Values - Electronic card transactions  A/S/T by industry,Actual,Travel Agency & Tour Arrangement Services,,,
3264,ECTM.S1AMN211,2015.11,131.4,,F,Dollars,6,Electronic Card Transactions (ANZSIC06) - ECT,Private - Values - Electronic card transactions  A/S/T by industry,Actual,Travel Agency & Tour Arrangement Services,,,
3265,ECTM.S1AMN211,2015.12,129.5,,F,Dollars,6,Electronic Card Transactions (ANZSIC06) - ECT,Private - Values - Electronic card transactions  A/S/T by industry,Actual,Travel Agency & Tour Arrangement Services,,,
3266,ECTM.S1AMN211,2016.01,151.4,,F,Dollars,6,Electronic Card Transactions (ANZSIC06) - ECT,Private - Values - Electronic card transactions  A/S/T by industry,Actual,Travel Agency & Tour Arrangement Services,,,
3267,ECTM.S1AMN211,2016.02,173.1,,F,Dollars,6,Electronic Card Transactions (ANZSIC06) - ECT,Private - Values - Electronic card transactions  A/S/T by industry,Actual,Travel Agency & Tour Arrangement Services,,,
3268,ECTM.S1AMN211,2016.03,166,,F,Dollars,6,Electronic Card Transactions (ANZSIC06) - ECT,Private - Values - Electronic card transactions  A/S/T by industry,Actual,Travel Agency & Tour Arrangement Services,,,
3269,ECTM.S1AMN211,2016.04,146.6,,F,Dollars,6,Electronic Card Transactions (ANZSIC06) - ECT,Private - Values - Electronic card transactions  A/S/T by industry,Actual,Travel Agency & Tour Arrangement Services,,,
3270,ECTM.S1AMN211,2016.05,145.7,,F,Dollars,6,Electronic Card Transactions (ANZSIC06) - ECT,Private - Values - Electronic card transactions  A/S/T by industry,Actual,Travel Agency & Tour Arrangement Services,,,
3271,ECTM.S1AMN211,2016.06,134,,F,Dollars,6,Electronic Card Transactions (ANZSIC06) - ECT,Private - Values - Electronic card transactions  A/S/T by industry,Actual,Travel Agency & Tour Arrangement Services,,,
3272,ECTM.S1AMN211,2016.07,130.8,,F,Dollars,6,Electronic Card Transactions (ANZSIC06) - ECT,Private - Values - Electronic card transactions  A/S/T by industry,Actual,Travel Agency & Tour Arrangement Services,,,
3273,ECTM.S1AMN211,2016.08,128.6,,F,Dollars,6,Electronic Card Transactions (ANZSIC06) - ECT,Private - Values - Electronic card transactions  A/S/T by industry,Actual,Travel Agency & Tour Arrangement Services,,,
3274,ECTM.S1AMN211,2016.09,143.9,,F,Dollars,6,Electronic Card Transactions (ANZSIC06) - ECT,Private - Values - Electronic card transactions  A/S/T by industry,Actual,Travel Agency & Tour Arrangement Services,,,
3275,ECTM.S1AMN211,2016.1,134.6,,F,Dollars,6,Electronic Card Transactions (ANZSIC06) - ECT,Private - Values - Electronic card transactions  A/S/T by industry,Actual,Travel Agency & Tour Arrangement Services,,,
3276,ECTM.S1AMN211,2016.11,132.9,,F,Dollars,6,Electronic Card Transactions (ANZSIC06) - ECT,Private - Values - Electronic card transactions  A/S/T by industry,Actual,Travel Agency & Tour Arrangement Services,,,
3277,ECTM.S1AMN211,2016.12,132.8,,F,Dollars,6,Electronic Card Transactions (ANZSIC06) - ECT,Private - Values - Electronic card transactions  A/S/T by industry,Actual,Travel Agency & Tour Arrangement Services,,,
3278,ECTM.S1AMN211,2017.01,173.2,,F,Dollars,6,Electronic Card Transactions (ANZSIC06) - ECT,Private - Values - Electronic card transactions  A/S/T by industry,Actual,Travel Agency & Tour Arrangement Services,,,
3279,ECTM.S1AMN211,2017.02,184.3,,F,Dollars,6,Electronic Card Transactions (ANZSIC06) - ECT,Private - Values - Electronic card transactions  A/S/T by industry,Actual,Travel Agency & Tour Arrangement Services,,,
3280,ECTM.S1AMN211,2017.03,186.6,,F,Dollars,6,Electronic Card Transactions (ANZSIC06) - ECT,Private - Values - Electronic card transactions  A/S/T by industry,Actual,Travel Agency & Tour Arrangement Services,,,
3281,ECTM.S1AMN211,2017.04,154.8,,F,Dollars,6,Electronic Card Transactions (ANZSIC06) - ECT,Private - Values - Electronic card transactions  A/S/T by industry,Actual,Travel Agency & Tour Arrangement Services,,,
3282,ECTM.S1AMN211,2017.05,160.2,,F,Dollars,6,Electronic Card Transactions (ANZSIC06) - ECT,Private - Values - Electronic card transactions  A/S/T by industry,Actual,Travel Agency & Tour Arrangement Services,,,
3283,ECTM.S1AMN211,2017.06,149.6,,F,Dollars,6,Electronic Card Transactions (ANZSIC06) - ECT,Private - Values - Electronic card transactions  A/S/T by industry,Actual,Travel Agency & Tour Arrangement Services,,,
3284,ECTM.S1AMN211,2017.07,143.3,,F,Dollars,6,Electronic Card Transactions (ANZSIC06) - ECT,Private - Values - Electronic card transactions  A/S/T by industry,Actual,Travel Agency & Tour Arrangement Services,,,
3285,ECTM.S1AMN211,2017.08,144.7,,F,Dollars,6,Electronic Card Transactions (ANZSIC06) - ECT,Private - Values - Electronic card transactions  A/S/T by industry,Actual,Travel Agency & Tour Arrangement Services,,,
3286,ECTM.S1AMN211,2017.09,151.5,,F,Dollars,6,Electronic Card Transactions (ANZSIC06) - ECT,Private - Values - Electronic card transactions  A/S/T by industry,Actual,Travel Agency & Tour Arrangement Services,,,
3287,ECTM.S1AMN211,2017.1,148.1,,F,Dollars,6,Electronic Card Transactions (ANZSIC06) - ECT,Private - Values - Electronic card transactions  A/S/T by industry,Actual,Travel Agency & Tour Arrangement Services,,,
3288,ECTM.S1AMN211,2017.11,162.5,,F,Dollars,6,Electronic Card Transactions (ANZSIC06) - ECT,Private - Values - Electronic card transactions  A/S/T by industry,Actual,Travel Agency & Tour Arrangement Services,,,
3289,ECTM.S1AMN211,2017.12,149,,F,Dollars,6,Electronic Card Transactions (ANZSIC06) - ECT,Private - Values - Electronic card transactions  A/S/T by industry,Actual,Travel Agency & Tour Arrangement Services,,,
3290,ECTM.S1AMN211,2018.01,181.6,,F,Dollars,6,Electronic Card Transactions (ANZSIC06) - ECT,Private - Values - Electronic card transactions  A/S/T by industry,Actual,Travel Agency & Tour Arrangement Services,,,
3291,ECTM.S1AMN211,2018.02,188,,F,Dollars,6,Electronic Card Transactions (ANZSIC06) - ECT,Private - Values - Electronic card transactions  A/S/T by industry,Actual,Travel Agency & Tour Arrangement Services,,,
3292,ECTM.S1AMN211,2018.03,180.8,,F,Dollars,6,Electronic Card Transactions (ANZSIC06) - ECT,Private - Values - Electronic card transactions  A/S/T by industry,Actual,Travel Agency & Tour Arrangement Services,,,
3293,ECTM.S1AMN211,2018.04,157.2,,F,Dollars,6,Electronic Card Transactions (ANZSIC06) - ECT,Private - Values - Electronic card transactions  A/S/T by industry,Actual,Travel Agency & Tour Arrangement Services,,,
3294,ECTM.S1AMN211,2018.05,163.5,,F,Dollars,6,Electronic Card Transactions (ANZSIC06) - ECT,Private - Values - Electronic card transactions  A/S/T by industry,Actual,Travel Agency & Tour Arrangement Services,,,
3295,ECTM.S1AMN211,2018.06,144.7,,F,Dollars,6,Electronic Card Transactions (ANZSIC06) - ECT,Private - Values - Electronic card transactions  A/S/T by industry,Actual,Travel Agency & Tour Arrangement Services,,,
3296,ECTM.S1AMN211,2018.07,145.2,,F,Dollars,6,Electronic Card Transactions (ANZSIC06) - ECT,Private - Values - Electronic card transactions  A/S/T by industry,Actual,Travel Agency & Tour Arrangement Services,,,
3297,ECTM.S1AMN211,2018.08,149.6,,F,Dollars,6,Electronic Card Transactions (ANZSIC06) - ECT,Private - Values - Electronic card transactions  A/S/T by industry,Actual,Travel Agency & Tour Arrangement Services,,,
3298,ECTM.S1AMN211,2018.09,150,,F,Dollars,6,Electronic Card Transactions (ANZSIC06) - ECT,Private - Values - Electronic card transactions  A/S/T by industry,Actual,Travel Agency & Tour Arrangement Services,,,
3299,ECTM.S1AMN211,2018.1,152.7,,F,Dollars,6,Electronic Card Transactions (ANZSIC06) - ECT,Private - Values - Electronic card transactions  A/S/T by industry,Actual,Travel Agency & Tour Arrangement Services,,,
3300,ECTM.S1AMN211,2018.11,154,,F,Dollars,6,Electronic Card Transactions (ANZSIC06) - ECT,Private - Values - Electronic card transactions  A/S/T by industry,Actual,Travel Agency & Tour Arrangement Services,,,
3301,ECTM.S1AMN211,2018.12,143.5,,F,Dollars,6,Electronic Card Transactions (ANZSIC06) - ECT,Private - Values - Electronic card transactions  A/S/T by industry,Actual,Travel Agency & Tour Arrangement Services,,,
3302,ECTM.S1AMN211,2019.01,188.4,,F,Dollars,6,Electronic Card Transactions (ANZSIC06) - ECT,Private - Values - Electronic card transactions  A/S/T by industry,Actual,Travel Agency & Tour Arrangement Services,,,
3303,ECTM.S1AMN211,2019.02,191.9,,F,Dollars,6,Electronic Card Transactions (ANZSIC06) - ECT,Private - Values - Electronic card transactions  A/S/T by industry,Actual,Travel Agency & Tour Arrangement Services,,,
3304,ECTM.S1AMN211,2019.03,180.4,,F,Dollars,6,Electronic Card Transactions (ANZSIC06) - ECT,Private - Values - Electronic card transactions  A/S/T by industry,Actual,Travel Agency & Tour Arrangement Services,,,
3305,ECTM.S1AMN211,2019.04,160.8,,F,Dollars,6,Electronic Card Transactions (ANZSIC06) - ECT,Private - Values - Electronic card transactions  A/S/T by industry,Actual,Travel Agency & Tour Arrangement Services,,,
3306,ECTM.S1AMN211,2019.05,164.6,,F,Dollars,6,Electronic Card Transactions (ANZSIC06) - ECT,Private - Values - Electronic card transactions  A/S/T by industry,Actual,Travel Agency & Tour Arrangement Services,,,
3307,ECTM.S1AMN211,2019.06,141.5,,F,Dollars,6,Electronic Card Transactions (ANZSIC06) - ECT,Private - Values - Electronic card transactions  A/S/T by industry,Actual,Travel Agency & Tour Arrangement Services,,,
3308,ECTM.S1AMN211,2019.07,143.1,,F,Dollars,6,Electronic Card Transactions (ANZSIC06) - ECT,Private - Values - Electronic card transactions  A/S/T by industry,Actual,Travel Agency & Tour Arrangement Services,,,
3309,ECTM.S1AMN211,2019.08,147.9,,F,Dollars,6,Electronic Card Transactions (ANZSIC06) - ECT,Private - Values - Electronic card transactions  A/S/T by industry,Actual,Travel Agency & Tour Arrangement Services,,,
3310,ECTM.S1AMN211,2019.09,153.2,,F,Dollars,6,Electronic Card Transactions (ANZSIC06) - ECT,Private - Values - Electronic card transactions  A/S/T by industry,Actual,Travel Agency & Tour Arrangement Services,,,
3311,ECTM.S1AMN211,2019.1,148.4,,F,Dollars,6,Electronic Card Transactions (ANZSIC06) - ECT,Private - Values - Electronic card transactions  A/S/T by industry,Actual,Travel Agency & Tour Arrangement Services,,,
3312,ECTM.S1AMN211,2019.11,151.8,,F,Dollars,6,Electronic Card Transactions (ANZSIC06) - ECT,Private - Values - Electronic card transactions  A/S/T by industry,Actual,Travel Agency & Tour Arrangement Services,,,
3313,ECTM.S1AMN211,2019.12,141.4,,F,Dollars,6,Electronic Card Transactions (ANZSIC06) - ECT,Private - Values - Electronic card transactions  A/S/T by industry,Actual,Travel Agency & Tour Arrangement Services,,,
3314,ECTM.S1AMN211,2020.01,174.7,,F,Dollars,6,Electronic Card Transactions (ANZSIC06) - ECT,Private - Values - Electronic card transactions  A/S/T by industry,Actual,Travel Agency & Tour Arrangement Services,,,
3315,ECTM.S1AMN211,2020.02,155.5,,F,Dollars,6,Electronic Card Transactions (ANZSIC06) - ECT,Private - Values - Electronic card transactions  A/S/T by industry,Actual,Travel Agency & Tour Arrangement Services,,,
3316,ECTM.S1AMN211,2020.03,63,,F,Dollars,6,Electronic Card Transactions (ANZSIC06) - ECT,Private - Values - Electronic card transactions  A/S/T by industry,Actual,Travel Agency & Tour Arrangement Services,,,
3317,ECTM.S1AMN211,2020.04,-1.4,,F,Dollars,6,Electronic Card Transactions (ANZSIC06) - ECT,Private - Values - Electronic card transactions  A/S/T by industry,Actual,Travel Agency & Tour Arrangement Services,,,
3318,ECTM.S1SMN211,2007.03,156.8,,R,Dollars,6,Electronic Card Transactions (ANZSIC06) - ECT,Private - Values - Electronic card transactions  A/S/T by industry,Seasonally adjusted,Travel Agency & Tour Arrangement Services,,,
3319,ECTM.S1SMN211,2007.04,141.3,,R,Dollars,6,Electronic Card Transactions (ANZSIC06) - ECT,Private - Values - Electronic card transactions  A/S/T by industry,Seasonally adjusted,Travel Agency & Tour Arrangement Services,,,
3320,ECTM.S1SMN211,2007.05,154.1,,R,Dollars,6,Electronic Card Transactions (ANZSIC06) - ECT,Private - Values - Electronic card transactions  A/S/T by industry,Seasonally adjusted,Travel Agency & Tour Arrangement Services,,,
3321,ECTM.S1SMN211,2007.06,146.4,,R,Dollars,6,Electronic Card Transactions (ANZSIC06) - ECT,Private - Values - Electronic card transactions  A/S/T by industry,Seasonally adjusted,Travel Agency & Tour Arrangement Services,,,
3322,ECTM.S1SMN211,2007.07,148.7,,R,Dollars,6,Electronic Card Transactions (ANZSIC06) - ECT,Private - Values - Electronic card transactions  A/S/T by industry,Seasonally adjusted,Travel Agency & Tour Arrangement Services,,,
3323,ECTM.S1SMN211,2007.08,153.4,,R,Dollars,6,Electronic Card Transactions (ANZSIC06) - ECT,Private - Values - Electronic card transactions  A/S/T by industry,Seasonally adjusted,Travel Agency & Tour Arrangement Services,,,
3324,ECTM.S1SMN211,2007.09,150.3,,R,Dollars,6,Electronic Card Transactions (ANZSIC06) - ECT,Private - Values - Electronic card transactions  A/S/T by industry,Seasonally adjusted,Travel Agency & Tour Arrangement Services,,,
3325,ECTM.S1SMN211,2007.1,149.7,,R,Dollars,6,Electronic Card Transactions (ANZSIC06) - ECT,Private - Values - Electronic card transactions  A/S/T by industry,Seasonally adjusted,Travel Agency & Tour Arrangement Services,,,
3326,ECTM.S1SMN211,2007.11,158.7,,R,Dollars,6,Electronic Card Transactions (ANZSIC06) - ECT,Private - Values - Electronic card transactions  A/S/T by industry,Seasonally adjusted,Travel Agency & Tour Arrangement Services,,,
3327,ECTM.S1SMN211,2007.12,170.1,,R,Dollars,6,Electronic Card Transactions (ANZSIC06) - ECT,Private - Values - Electronic card transactions  A/S/T by industry,Seasonally adjusted,Travel Agency & Tour Arrangement Services,,,
3328,ECTM.S1SMN211,2008.01,151.6,,R,Dollars,6,Electronic Card Transactions (ANZSIC06) - ECT,Private - Values - Electronic card transactions  A/S/T by industry,Seasonally adjusted,Travel Agency & Tour Arrangement Services,,,
3329,ECTM.S1SMN211,2008.02,144,,R,Dollars,6,Electronic Card Transactions (ANZSIC06) - ECT,Private - Values - Electronic card transactions  A/S/T by industry,Seasonally adjusted,Travel Agency & Tour Arrangement Services,,,
3330,ECTM.S1SMN211,2008.03,152.8,,R,Dollars,6,Electronic Card Transactions (ANZSIC06) - ECT,Private - Values - Electronic card transactions  A/S/T by industry,Seasonally adjusted,Travel Agency & Tour Arrangement Services,,,
3331,ECTM.S1SMN211,2008.04,154.5,,R,Dollars,6,Electronic Card Transactions (ANZSIC06) - ECT,Private - Values - Electronic card transactions  A/S/T by industry,Seasonally adjusted,Travel Agency & Tour Arrangement Services,,,
3332,ECTM.S1SMN211,2008.05,151.2,,R,Dollars,6,Electronic Card Transactions (ANZSIC06) - ECT,Private - Values - Electronic card transactions  A/S/T by industry,Seasonally adjusted,Travel Agency & Tour Arrangement Services,,,
3333,ECTM.S1SMN211,2008.06,153.2,,R,Dollars,6,Electronic Card Transactions (ANZSIC06) - ECT,Private - Values - Electronic card transactions  A/S/T by industry,Seasonally adjusted,Travel Agency & Tour Arrangement Services,,,
3334,ECTM.S1SMN211,2008.07,147.8,,R,Dollars,6,Electronic Card Transactions (ANZSIC06) - ECT,Private - Values - Electronic card transactions  A/S/T by industry,Seasonally adjusted,Travel Agency & Tour Arrangement Services,,,
3335,ECTM.S1SMN211,2008.08,141.8,,R,Dollars,6,Electronic Card Transactions (ANZSIC06) - ECT,Private - Values - Electronic card transactions  A/S/T by industry,Seasonally adjusted,Travel Agency & Tour Arrangement Services,,,
3336,ECTM.S1SMN211,2008.09,150.6,,R,Dollars,6,Electronic Card Transactions (ANZSIC06) - ECT,Private - Values - Electronic card transactions  A/S/T by industry,Seasonally adjusted,Travel Agency & Tour Arrangement Services,,,
3337,ECTM.S1SMN211,2008.1,137,,R,Dollars,6,Electronic Card Transactions (ANZSIC06) - ECT,Private - Values - Electronic card transactions  A/S/T by industry,Seasonally adjusted,Travel Agency & Tour Arrangement Services,,,
3338,ECTM.S1SMN211,2008.11,133.1,,R,Dollars,6,Electronic Card Transactions (ANZSIC06) - ECT,Private - Values - Electronic card transactions  A/S/T by industry,Seasonally adjusted,Travel Agency & Tour Arrangement Services,,,
3339,ECTM.S1SMN211,2008.12,135.8,,R,Dollars,6,Electronic Card Transactions (ANZSIC06) - ECT,Private - Values - Electronic card transactions  A/S/T by industry,Seasonally adjusted,Travel Agency & Tour Arrangement Services,,,
3340,ECTM.S1SMN211,2009.01,130.6,,R,Dollars,6,Electronic Card Transactions (ANZSIC06) - ECT,Private - Values - Electronic card transactions  A/S/T by industry,Seasonally adjusted,Travel Agency & Tour Arrangement Services,,,
3341,ECTM.S1SMN211,2009.02,128.8,,R,Dollars,6,Electronic Card Transactions (ANZSIC06) - ECT,Private - Values - Electronic card transactions  A/S/T by industry,Seasonally adjusted,Travel Agency & Tour Arrangement Services,,,
3342,ECTM.S1SMN211,2009.03,125.6,,R,Dollars,6,Electronic Card Transactions (ANZSIC06) - ECT,Private - Values - Electronic card transactions  A/S/T by industry,Seasonally adjusted,Travel Agency & Tour Arrangement Services,,,
3343,ECTM.S1SMN211,2009.04,132.7,,R,Dollars,6,Electronic Card Transactions (ANZSIC06) - ECT,Private - Values - Electronic card transactions  A/S/T by industry,Seasonally adjusted,Travel Agency & Tour Arrangement Services,,,
3344,ECTM.S1SMN211,2009.05,130.4,,R,Dollars,6,Electronic Card Transactions (ANZSIC06) - ECT,Private - Values - Electronic card transactions  A/S/T by industry,Seasonally adjusted,Travel Agency & Tour Arrangement Services,,,
3345,ECTM.S1SMN211,2009.06,131,,R,Dollars,6,Electronic Card Transactions (ANZSIC06) - ECT,Private - Values - Electronic card transactions  A/S/T by industry,Seasonally adjusted,Travel Agency & Tour Arrangement Services,,,
3346,ECTM.S1SMN211,2009.07,142.6,,R,Dollars,6,Electronic Card Transactions (ANZSIC06) - ECT,Private - Values - Electronic card transactions  A/S/T by industry,Seasonally adjusted,Travel Agency & Tour Arrangement Services,,,
3347,ECTM.S1SMN211,2009.08,139.9,,R,Dollars,6,Electronic Card Transactions (ANZSIC06) - ECT,Private - Values - Electronic card transactions  A/S/T by industry,Seasonally adjusted,Travel Agency & Tour Arrangement Services,,,
3348,ECTM.S1SMN211,2009.09,141.6,,R,Dollars,6,Electronic Card Transactions (ANZSIC06) - ECT,Private - Values - Electronic card transactions  A/S/T by industry,Seasonally adjusted,Travel Agency & Tour Arrangement Services,,,
3349,ECTM.S1SMN211,2009.1,142.8,,R,Dollars,6,Electronic Card Transactions (ANZSIC06) - ECT,Private - Values - Electronic card transactions  A/S/T by industry,Seasonally adjusted,Travel Agency & Tour Arrangement Services,,,
3350,ECTM.S1SMN211,2009.11,136.1,,R,Dollars,6,Electronic Card Transactions (ANZSIC06) - ECT,Private - Values - Electronic card transactions  A/S/T by industry,Seasonally adjusted,Travel Agency & Tour Arrangement Services,,,
3351,ECTM.S1SMN211,2009.12,140.2,,R,Dollars,6,Electronic Card Transactions (ANZSIC06) - ECT,Private - Values - Electronic card transactions  A/S/T by industry,Seasonally adjusted,Travel Agency & Tour Arrangement Services,,,
3352,ECTM.S1SMN211,2010.01,142.4,,R,Dollars,6,Electronic Card Transactions (ANZSIC06) - ECT,Private - Values - Electronic card transactions  A/S/T by industry,Seasonally adjusted,Travel Agency & Tour Arrangement Services,,,
3353,ECTM.S1SMN211,2010.02,139,,R,Dollars,6,Electronic Card Transactions (ANZSIC06) - ECT,Private - Values - Electronic card transactions  A/S/T by industry,Seasonally adjusted,Travel Agency & Tour Arrangement Services,,,
3354,ECTM.S1SMN211,2010.03,146.3,,R,Dollars,6,Electronic Card Transactions (ANZSIC06) - ECT,Private - Values - Electronic card transactions  A/S/T by industry,Seasonally adjusted,Travel Agency & Tour Arrangement Services,,,
3355,ECTM.S1SMN211,2010.04,136.8,,R,Dollars,6,Electronic Card Transactions (ANZSIC06) - ECT,Private - Values - Electronic card transactions  A/S/T by industry,Seasonally adjusted,Travel Agency & Tour Arrangement Services,,,
3356,ECTM.S1SMN211,2010.05,135.6,,R,Dollars,6,Electronic Card Transactions (ANZSIC06) - ECT,Private - Values - Electronic card transactions  A/S/T by industry,Seasonally adjusted,Travel Agency & Tour Arrangement Services,,,
3357,ECTM.S1SMN211,2010.06,138.9,,R,Dollars,6,Electronic Card Transactions (ANZSIC06) - ECT,Private - Values - Electronic card transactions  A/S/T by industry,Seasonally adjusted,Travel Agency & Tour Arrangement Services,,,
3358,ECTM.S1SMN211,2010.07,134.8,,R,Dollars,6,Electronic Card Transactions (ANZSIC06) - ECT,Private - Values - Electronic card transactions  A/S/T by industry,Seasonally adjusted,Travel Agency & Tour Arrangement Services,,,
3359,ECTM.S1SMN211,2010.08,142.5,,R,Dollars,6,Electronic Card Transactions (ANZSIC06) - ECT,Private - Values - Electronic card transactions  A/S/T by industry,Seasonally adjusted,Travel Agency & Tour Arrangement Services,,,
3360,ECTM.S1SMN211,2010.09,141.9,,R,Dollars,6,Electronic Card Transactions (ANZSIC06) - ECT,Private - Values - Electronic card transactions  A/S/T by industry,Seasonally adjusted,Travel Agency & Tour Arrangement Services,,,
3361,ECTM.S1SMN211,2010.1,142.5,,R,Dollars,6,Electronic Card Transactions (ANZSIC06) - ECT,Private - Values - Electronic card transactions  A/S/T by industry,Seasonally adjusted,Travel Agency & Tour Arrangement Services,,,
3362,ECTM.S1SMN211,2010.11,145,,R,Dollars,6,Electronic Card Transactions (ANZSIC06) - ECT,Private - Values - Electronic card transactions  A/S/T by industry,Seasonally adjusted,Travel Agency & Tour Arrangement Services,,,
3363,ECTM.S1SMN211,2010.12,137.9,,R,Dollars,6,Electronic Card Transactions (ANZSIC06) - ECT,Private - Values - Electronic card transactions  A/S/T by industry,Seasonally adjusted,Travel Agency & Tour Arrangement Services,,,
3364,ECTM.S1SMN211,2011.01,140.5,,R,Dollars,6,Electronic Card Transactions (ANZSIC06) - ECT,Private - Values - Electronic card transactions  A/S/T by industry,Seasonally adjusted,Travel Agency & Tour Arrangement Services,,,
3365,ECTM.S1SMN211,2011.02,142.8,,R,Dollars,6,Electronic Card Transactions (ANZSIC06) - ECT,Private - Values - Electronic card transactions  A/S/T by industry,Seasonally adjusted,Travel Agency & Tour Arrangement Services,,,
3366,ECTM.S1SMN211,2011.03,145,,R,Dollars,6,Electronic Card Transactions (ANZSIC06) - ECT,Private - Values - Electronic card transactions  A/S/T by industry,Seasonally adjusted,Travel Agency & Tour Arrangement Services,,,
3367,ECTM.S1SMN211,2011.04,141.6,,R,Dollars,6,Electronic Card Transactions (ANZSIC06) - ECT,Private - Values - Electronic card transactions  A/S/T by industry,Seasonally adjusted,Travel Agency & Tour Arrangement Services,,,
3368,ECTM.S1SMN211,2011.05,148.4,,R,Dollars,6,Electronic Card Transactions (ANZSIC06) - ECT,Private - Values - Electronic card transactions  A/S/T by industry,Seasonally adjusted,Travel Agency & Tour Arrangement Services,,,
3369,ECTM.S1SMN211,2011.06,142.5,,R,Dollars,6,Electronic Card Transactions (ANZSIC06) - ECT,Private - Values - Electronic card transactions  A/S/T by industry,Seasonally adjusted,Travel Agency & Tour Arrangement Services,,,
3370,ECTM.S1SMN211,2011.07,138.6,,R,Dollars,6,Electronic Card Transactions (ANZSIC06) - ECT,Private - Values - Electronic card transactions  A/S/T by industry,Seasonally adjusted,Travel Agency & Tour Arrangement Services,,,
3371,ECTM.S1SMN211,2011.08,138.5,,R,Dollars,6,Electronic Card Transactions (ANZSIC06) - ECT,Private - Values - Electronic card transactions  A/S/T by industry,Seasonally adjusted,Travel Agency & Tour Arrangement Services,,,
3372,ECTM.S1SMN211,2011.09,139.6,,R,Dollars,6,Electronic Card Transactions (ANZSIC06) - ECT,Private - Values - Electronic card transactions  A/S/T by industry,Seasonally adjusted,Travel Agency & Tour Arrangement Services,,,
3373,ECTM.S1SMN211,2011.1,140,,R,Dollars,6,Electronic Card Transactions (ANZSIC06) - ECT,Private - Values - Electronic card transactions  A/S/T by industry,Seasonally adjusted,Travel Agency & Tour Arrangement Services,,,
3374,ECTM.S1SMN211,2011.11,149.2,,R,Dollars,6,Electronic Card Transactions (ANZSIC06) - ECT,Private - Values - Electronic card transactions  A/S/T by industry,Seasonally adjusted,Travel Agency & Tour Arrangement Services,,,
3375,ECTM.S1SMN211,2011.12,145.6,,R,Dollars,6,Electronic Card Transactions (ANZSIC06) - ECT,Private - Values - Electronic card transactions  A/S/T by industry,Seasonally adjusted,Travel Agency & Tour Arrangement Services,,,
3376,ECTM.S1SMN211,2012.01,143.2,,R,Dollars,6,Electronic Card Transactions (ANZSIC06) - ECT,Private - Values - Electronic card transactions  A/S/T by industry,Seasonally adjusted,Travel Agency & Tour Arrangement Services,,,
3377,ECTM.S1SMN211,2012.02,138.9,,R,Dollars,6,Electronic Card Transactions (ANZSIC06) - ECT,Private - Values - Electronic card transactions  A/S/T by industry,Seasonally adjusted,Travel Agency & Tour Arrangement Services,,,
3378,ECTM.S1SMN211,2012.03,138,,R,Dollars,6,Electronic Card Transactions (ANZSIC06) - ECT,Private - Values - Electronic card transactions  A/S/T by industry,Seasonally adjusted,Travel Agency & Tour Arrangement Services,,,
3379,ECTM.S1SMN211,2012.04,142.7,,R,Dollars,6,Electronic Card Transactions (ANZSIC06) - ECT,Private - Values - Electronic card transactions  A/S/T by industry,Seasonally adjusted,Travel Agency & Tour Arrangement Services,,,
3380,ECTM.S1SMN211,2012.05,144.8,,R,Dollars,6,Electronic Card Transactions (ANZSIC06) - ECT,Private - Values - Electronic card transactions  A/S/T by industry,Seasonally adjusted,Travel Agency & Tour Arrangement Services,,,
3381,ECTM.S1SMN211,2012.06,144.2,,R,Dollars,6,Electronic Card Transactions (ANZSIC06) - ECT,Private - Values - Electronic card transactions  A/S/T by industry,Seasonally adjusted,Travel Agency & Tour Arrangement Services,,,
3382,ECTM.S1SMN211,2012.07,130.2,,R,Dollars,6,Electronic Card Transactions (ANZSIC06) - ECT,Private - Values - Electronic card transactions  A/S/T by industry,Seasonally adjusted,Travel Agency & Tour Arrangement Services,,,
3383,ECTM.S1SMN211,2012.08,133.4,,R,Dollars,6,Electronic Card Transactions (ANZSIC06) - ECT,Private - Values - Electronic card transactions  A/S/T by industry,Seasonally adjusted,Travel Agency & Tour Arrangement Services,,,
3384,ECTM.S1SMN211,2012.09,134.5,,R,Dollars,6,Electronic Card Transactions (ANZSIC06) - ECT,Private - Values - Electronic card transactions  A/S/T by industry,Seasonally adjusted,Travel Agency & Tour Arrangement Services,,,
3385,ECTM.S1SMN211,2012.1,132.3,,R,Dollars,6,Electronic Card Transactions (ANZSIC06) - ECT,Private - Values - Electronic card transactions  A/S/T by industry,Seasonally adjusted,Travel Agency & Tour Arrangement Services,,,
3386,ECTM.S1SMN211,2012.11,132,,R,Dollars,6,Electronic Card Transactions (ANZSIC06) - ECT,Private - Values - Electronic card transactions  A/S/T by industry,Seasonally adjusted,Travel Agency & Tour Arrangement Services,,,
3387,ECTM.S1SMN211,2012.12,131.8,,R,Dollars,6,Electronic Card Transactions (ANZSIC06) - ECT,Private - Values - Electronic card transactions  A/S/T by industry,Seasonally adjusted,Travel Agency & Tour Arrangement Services,,,
3388,ECTM.S1SMN211,2013.01,127.3,,R,Dollars,6,Electronic Card Transactions (ANZSIC06) - ECT,Private - Values - Electronic card transactions  A/S/T by industry,Seasonally adjusted,Travel Agency & Tour Arrangement Services,,,
3389,ECTM.S1SMN211,2013.02,136.6,,R,Dollars,6,Electronic Card Transactions (ANZSIC06) - ECT,Private - Values - Electronic card transactions  A/S/T by industry,Seasonally adjusted,Travel Agency & Tour Arrangement Services,,,
3390,ECTM.S1SMN211,2013.03,129.2,,R,Dollars,6,Electronic Card Transactions (ANZSIC06) - ECT,Private - Values - Electronic card transactions  A/S/T by industry,Seasonally adjusted,Travel Agency & Tour Arrangement Services,,,
3391,ECTM.S1SMN211,2013.04,134,,R,Dollars,6,Electronic Card Transactions (ANZSIC06) - ECT,Private - Values - Electronic card transactions  A/S/T by industry,Seasonally adjusted,Travel Agency & Tour Arrangement Services,,,
3392,ECTM.S1SMN211,2013.05,128.3,,R,Dollars,6,Electronic Card Transactions (ANZSIC06) - ECT,Private - Values - Electronic card transactions  A/S/T by industry,Seasonally adjusted,Travel Agency & Tour Arrangement Services,,,
3393,ECTM.S1SMN211,2013.06,132.7,,R,Dollars,6,Electronic Card Transactions (ANZSIC06) - ECT,Private - Values - Electronic card transactions  A/S/T by industry,Seasonally adjusted,Travel Agency & Tour Arrangement Services,,,
3394,ECTM.S1SMN211,2013.07,135.4,,R,Dollars,6,Electronic Card Transactions (ANZSIC06) - ECT,Private - Values - Electronic card transactions  A/S/T by industry,Seasonally adjusted,Travel Agency & Tour Arrangement Services,,,
3395,ECTM.S1SMN211,2013.08,133.6,,R,Dollars,6,Electronic Card Transactions (ANZSIC06) - ECT,Private - Values - Electronic card transactions  A/S/T by industry,Seasonally adjusted,Travel Agency & Tour Arrangement Services,,,
3396,ECTM.S1SMN211,2013.09,132.9,,R,Dollars,6,Electronic Card Transactions (ANZSIC06) - ECT,Private - Values - Electronic card transactions  A/S/T by industry,Seasonally adjusted,Travel Agency & Tour Arrangement Services,,,
3397,ECTM.S1SMN211,2013.1,135.3,,R,Dollars,6,Electronic Card Transactions (ANZSIC06) - ECT,Private - Values - Electronic card transactions  A/S/T by industry,Seasonally adjusted,Travel Agency & Tour Arrangement Services,,,
3398,ECTM.S1SMN211,2013.11,130.1,,R,Dollars,6,Electronic Card Transactions (ANZSIC06) - ECT,Private - Values - Electronic card transactions  A/S/T by industry,Seasonally adjusted,Travel Agency & Tour Arrangement Services,,,
3399,ECTM.S1SMN211,2013.12,129.8,,R,Dollars,6,Electronic Card Transactions (ANZSIC06) - ECT,Private - Values - Electronic card transactions  A/S/T by industry,Seasonally adjusted,Travel Agency & Tour Arrangement Services,,,
3400,ECTM.S1SMN211,2014.01,132.7,,R,Dollars,6,Electronic Card Transactions (ANZSIC06) - ECT,Private - Values - Electronic card transactions  A/S/T by industry,Seasonally adjusted,Travel Agency & Tour Arrangement Services,,,
3401,ECTM.S1SMN211,2014.02,134.4,,R,Dollars,6,Electronic Card Transactions (ANZSIC06) - ECT,Private - Values - Electronic card transactions  A/S/T by industry,Seasonally adjusted,Travel Agency & Tour Arrangement Services,,,
3402,ECTM.S1SMN211,2014.03,132.9,,R,Dollars,6,Electronic Card Transactions (ANZSIC06) - ECT,Private - Values - Electronic card transactions  A/S/T by industry,Seasonally adjusted,Travel Agency & Tour Arrangement Services,,,
3403,ECTM.S1SMN211,2014.04,130.5,,R,Dollars,6,Electronic Card Transactions (ANZSIC06) - ECT,Private - Values - Electronic card transactions  A/S/T by industry,Seasonally adjusted,Travel Agency & Tour Arrangement Services,,,
3404,ECTM.S1SMN211,2014.05,129.3,,R,Dollars,6,Electronic Card Transactions (ANZSIC06) - ECT,Private - Values - Electronic card transactions  A/S/T by industry,Seasonally adjusted,Travel Agency & Tour Arrangement Services,,,
3405,ECTM.S1SMN211,2014.06,131.4,,R,Dollars,6,Electronic Card Transactions (ANZSIC06) - ECT,Private - Values - Electronic card transactions  A/S/T by industry,Seasonally adjusted,Travel Agency & Tour Arrangement Services,,,
3406,ECTM.S1SMN211,2014.07,134.1,,R,Dollars,6,Electronic Card Transactions (ANZSIC06) - ECT,Private - Values - Electronic card transactions  A/S/T by industry,Seasonally adjusted,Travel Agency & Tour Arrangement Services,,,
3407,ECTM.S1SMN211,2014.08,137.1,,R,Dollars,6,Electronic Card Transactions (ANZSIC06) - ECT,Private - Values - Electronic card transactions  A/S/T by industry,Seasonally adjusted,Travel Agency & Tour Arrangement Services,,,
3408,ECTM.S1SMN211,2014.09,132.9,,R,Dollars,6,Electronic Card Transactions (ANZSIC06) - ECT,Private - Values - Electronic card transactions  A/S/T by industry,Seasonally adjusted,Travel Agency & Tour Arrangement Services,,,
3409,ECTM.S1SMN211,2014.1,138.4,,R,Dollars,6,Electronic Card Transactions (ANZSIC06) - ECT,Private - Values - Electronic card transactions  A/S/T by industry,Seasonally adjusted,Travel Agency & Tour Arrangement Services,,,
3410,ECTM.S1SMN211,2014.11,133.2,,R,Dollars,6,Electronic Card Transactions (ANZSIC06) - ECT,Private - Values - Electronic card transactions  A/S/T by industry,Seasonally adjusted,Travel Agency & Tour Arrangement Services,,,
3411,ECTM.S1SMN211,2014.12,137.1,,R,Dollars,6,Electronic Card Transactions (ANZSIC06) - ECT,Private - Values - Electronic card transactions  A/S/T by industry,Seasonally adjusted,Travel Agency & Tour Arrangement Services,,,
3412,ECTM.S1SMN211,2015.01,137.5,,R,Dollars,6,Electronic Card Transactions (ANZSIC06) - ECT,Private - Values - Electronic card transactions  A/S/T by industry,Seasonally adjusted,Travel Agency & Tour Arrangement Services,,,
3413,ECTM.S1SMN211,2015.02,136.4,,R,Dollars,6,Electronic Card Transactions (ANZSIC06) - ECT,Private - Values - Electronic card transactions  A/S/T by industry,Seasonally adjusted,Travel Agency & Tour Arrangement Services,,,
3414,ECTM.S1SMN211,2015.03,134.7,,R,Dollars,6,Electronic Card Transactions (ANZSIC06) - ECT,Private - Values - Electronic card transactions  A/S/T by industry,Seasonally adjusted,Travel Agency & Tour Arrangement Services,,,
3415,ECTM.S1SMN211,2015.04,132.5,,R,Dollars,6,Electronic Card Transactions (ANZSIC06) - ECT,Private - Values - Electronic card transactions  A/S/T by industry,Seasonally adjusted,Travel Agency & Tour Arrangement Services,,,
3416,ECTM.S1SMN211,2015.05,135.7,,R,Dollars,6,Electronic Card Transactions (ANZSIC06) - ECT,Private - Values - Electronic card transactions  A/S/T by industry,Seasonally adjusted,Travel Agency & Tour Arrangement Services,,,
3417,ECTM.S1SMN211,2015.06,137.8,,R,Dollars,6,Electronic Card Transactions (ANZSIC06) - ECT,Private - Values - Electronic card transactions  A/S/T by industry,Seasonally adjusted,Travel Agency & Tour Arrangement Services,,,
3418,ECTM.S1SMN211,2015.07,138.5,,R,Dollars,6,Electronic Card Transactions (ANZSIC06) - ECT,Private - Values - Electronic card transactions  A/S/T by industry,Seasonally adjusted,Travel Agency & Tour Arrangement Services,,,
3419,ECTM.S1SMN211,2015.08,144.9,,R,Dollars,6,Electronic Card Transactions (ANZSIC06) - ECT,Private - Values - Electronic card transactions  A/S/T by industry,Seasonally adjusted,Travel Agency & Tour Arrangement Services,,,
3420,ECTM.S1SMN211,2015.09,138.2,,R,Dollars,6,Electronic Card Transactions (ANZSIC06) - ECT,Private - Values - Electronic card transactions  A/S/T by industry,Seasonally adjusted,Travel Agency & Tour Arrangement Services,,,
3421,ECTM.S1SMN211,2015.1,137.3,,R,Dollars,6,Electronic Card Transactions (ANZSIC06) - ECT,Private - Values - Electronic card transactions  A/S/T by industry,Seasonally adjusted,Travel Agency & Tour Arrangement Services,,,
3422,ECTM.S1SMN211,2015.11,139.3,,R,Dollars,6,Electronic Card Transactions (ANZSIC06) - ECT,Private - Values - Electronic card transactions  A/S/T by industry,Seasonally adjusted,Travel Agency & Tour Arrangement Services,,,
3423,ECTM.S1SMN211,2015.12,138.8,,R,Dollars,6,Electronic Card Transactions (ANZSIC06) - ECT,Private - Values - Electronic card transactions  A/S/T by industry,Seasonally adjusted,Travel Agency & Tour Arrangement Services,,,
3424,ECTM.S1SMN211,2016.01,137.7,,R,Dollars,6,Electronic Card Transactions (ANZSIC06) - ECT,Private - Values - Electronic card transactions  A/S/T by industry,Seasonally adjusted,Travel Agency & Tour Arrangement Services,,,
3425,ECTM.S1SMN211,2016.02,134,,R,Dollars,6,Electronic Card Transactions (ANZSIC06) - ECT,Private - Values - Electronic card transactions  A/S/T by industry,Seasonally adjusted,Travel Agency & Tour Arrangement Services,,,
3426,ECTM.S1SMN211,2016.03,140.3,,R,Dollars,6,Electronic Card Transactions (ANZSIC06) - ECT,Private - Values - Electronic card transactions  A/S/T by industry,Seasonally adjusted,Travel Agency & Tour Arrangement Services,,,
3427,ECTM.S1SMN211,2016.04,145.5,,R,Dollars,6,Electronic Card Transactions (ANZSIC06) - ECT,Private - Values - Electronic card transactions  A/S/T by industry,Seasonally adjusted,Travel Agency & Tour Arrangement Services,,,
3428,ECTM.S1SMN211,2016.05,145.9,,R,Dollars,6,Electronic Card Transactions (ANZSIC06) - ECT,Private - Values - Electronic card transactions  A/S/T by industry,Seasonally adjusted,Travel Agency & Tour Arrangement Services,,,
3429,ECTM.S1SMN211,2016.06,144.6,,R,Dollars,6,Electronic Card Transactions (ANZSIC06) - ECT,Private - Values - Electronic card transactions  A/S/T by industry,Seasonally adjusted,Travel Agency & Tour Arrangement Services,,,
3430,ECTM.S1SMN211,2016.07,146.3,,R,Dollars,6,Electronic Card Transactions (ANZSIC06) - ECT,Private - Values - Electronic card transactions  A/S/T by industry,Seasonally adjusted,Travel Agency & Tour Arrangement Services,,,
3431,ECTM.S1SMN211,2016.08,139.4,,R,Dollars,6,Electronic Card Transactions (ANZSIC06) - ECT,Private - Values - Electronic card transactions  A/S/T by industry,Seasonally adjusted,Travel Agency & Tour Arrangement Services,,,
3432,ECTM.S1SMN211,2016.09,155.1,,R,Dollars,6,Electronic Card Transactions (ANZSIC06) - ECT,Private - Values - Electronic card transactions  A/S/T by industry,Seasonally adjusted,Travel Agency & Tour Arrangement Services,,,
3433,ECTM.S1SMN211,2016.1,146.8,,R,Dollars,6,Electronic Card Transactions (ANZSIC06) - ECT,Private - Values - Electronic card transactions  A/S/T by industry,Seasonally adjusted,Travel Agency & Tour Arrangement Services,,,
3434,ECTM.S1SMN211,2016.11,136,,R,Dollars,6,Electronic Card Transactions (ANZSIC06) - ECT,Private - Values - Electronic card transactions  A/S/T by industry,Seasonally adjusted,Travel Agency & Tour Arrangement Services,,,
3435,ECTM.S1SMN211,2016.12,139.5,,R,Dollars,6,Electronic Card Transactions (ANZSIC06) - ECT,Private - Values - Electronic card transactions  A/S/T by industry,Seasonally adjusted,Travel Agency & Tour Arrangement Services,,,
3436,ECTM.S1SMN211,2017.01,153.6,,R,Dollars,6,Electronic Card Transactions (ANZSIC06) - ECT,Private - Values - Electronic card transactions  A/S/T by industry,Seasonally adjusted,Travel Agency & Tour Arrangement Services,,,
3437,ECTM.S1SMN211,2017.02,155.5,,R,Dollars,6,Electronic Card Transactions (ANZSIC06) - ECT,Private - Values - Electronic card transactions  A/S/T by industry,Seasonally adjusted,Travel Agency & Tour Arrangement Services,,,
3438,ECTM.S1SMN211,2017.03,161.8,,R,Dollars,6,Electronic Card Transactions (ANZSIC06) - ECT,Private - Values - Electronic card transactions  A/S/T by industry,Seasonally adjusted,Travel Agency & Tour Arrangement Services,,,
3439,ECTM.S1SMN211,2017.04,160.4,,R,Dollars,6,Electronic Card Transactions (ANZSIC06) - ECT,Private - Values - Electronic card transactions  A/S/T by industry,Seasonally adjusted,Travel Agency & Tour Arrangement Services,,,
3440,ECTM.S1SMN211,2017.05,159.1,,R,Dollars,6,Electronic Card Transactions (ANZSIC06) - ECT,Private - Values - Electronic card transactions  A/S/T by industry,Seasonally adjusted,Travel Agency & Tour Arrangement Services,,,
3441,ECTM.S1SMN211,2017.06,162.5,,R,Dollars,6,Electronic Card Transactions (ANZSIC06) - ECT,Private - Values - Electronic card transactions  A/S/T by industry,Seasonally adjusted,Travel Agency & Tour Arrangement Services,,,
3442,ECTM.S1SMN211,2017.07,161.6,,R,Dollars,6,Electronic Card Transactions (ANZSIC06) - ECT,Private - Values - Electronic card transactions  A/S/T by industry,Seasonally adjusted,Travel Agency & Tour Arrangement Services,,,
3443,ECTM.S1SMN211,2017.08,157.8,,R,Dollars,6,Electronic Card Transactions (ANZSIC06) - ECT,Private - Values - Electronic card transactions  A/S/T by industry,Seasonally adjusted,Travel Agency & Tour Arrangement Services,,,
3444,ECTM.S1SMN211,2017.09,161.4,,R,Dollars,6,Electronic Card Transactions (ANZSIC06) - ECT,Private - Values - Electronic card transactions  A/S/T by industry,Seasonally adjusted,Travel Agency & Tour Arrangement Services,,,
3445,ECTM.S1SMN211,2017.1,158,,R,Dollars,6,Electronic Card Transactions (ANZSIC06) - ECT,Private - Values - Electronic card transactions  A/S/T by industry,Seasonally adjusted,Travel Agency & Tour Arrangement Services,,,
3446,ECTM.S1SMN211,2017.11,163.4,,R,Dollars,6,Electronic Card Transactions (ANZSIC06) - ECT,Private - Values - Electronic card transactions  A/S/T by industry,Seasonally adjusted,Travel Agency & Tour Arrangement Services,,,
3447,ECTM.S1SMN211,2017.12,157.2,,R,Dollars,6,Electronic Card Transactions (ANZSIC06) - ECT,Private - Values - Electronic card transactions  A/S/T by industry,Seasonally adjusted,Travel Agency & Tour Arrangement Services,,,
3448,ECTM.S1SMN211,2018.01,153.9,,R,Dollars,6,Electronic Card Transactions (ANZSIC06) - ECT,Private - Values - Electronic card transactions  A/S/T by industry,Seasonally adjusted,Travel Agency & Tour Arrangement Services,,,
3449,ECTM.S1SMN211,2018.02,157.4,,R,Dollars,6,Electronic Card Transactions (ANZSIC06) - ECT,Private - Values - Electronic card transactions  A/S/T by industry,Seasonally adjusted,Travel Agency & Tour Arrangement Services,,,
3450,ECTM.S1SMN211,2018.03,158.6,,R,Dollars,6,Electronic Card Transactions (ANZSIC06) - ECT,Private - Values - Electronic card transactions  A/S/T by industry,Seasonally adjusted,Travel Agency & Tour Arrangement Services,,,
3451,ECTM.S1SMN211,2018.04,163.6,,R,Dollars,6,Electronic Card Transactions (ANZSIC06) - ECT,Private - Values - Electronic card transactions  A/S/T by industry,Seasonally adjusted,Travel Agency & Tour Arrangement Services,,,
3452,ECTM.S1SMN211,2018.05,165.6,,R,Dollars,6,Electronic Card Transactions (ANZSIC06) - ECT,Private - Values - Electronic card transactions  A/S/T by industry,Seasonally adjusted,Travel Agency & Tour Arrangement Services,,,
3453,ECTM.S1SMN211,2018.06,162.8,,R,Dollars,6,Electronic Card Transactions (ANZSIC06) - ECT,Private - Values - Electronic card transactions  A/S/T by industry,Seasonally adjusted,Travel Agency & Tour Arrangement Services,,,
3454,ECTM.S1SMN211,2018.07,164.9,,R,Dollars,6,Electronic Card Transactions (ANZSIC06) - ECT,Private - Values - Electronic card transactions  A/S/T by industry,Seasonally adjusted,Travel Agency & Tour Arrangement Services,,,
3455,ECTM.S1SMN211,2018.08,163.5,,R,Dollars,6,Electronic Card Transactions (ANZSIC06) - ECT,Private - Values - Electronic card transactions  A/S/T by industry,Seasonally adjusted,Travel Agency & Tour Arrangement Services,,,
3456,ECTM.S1SMN211,2018.09,162.1,,R,Dollars,6,Electronic Card Transactions (ANZSIC06) - ECT,Private - Values - Electronic card transactions  A/S/T by industry,Seasonally adjusted,Travel Agency & Tour Arrangement Services,,,
3457,ECTM.S1SMN211,2018.1,158.3,,R,Dollars,6,Electronic Card Transactions (ANZSIC06) - ECT,Private - Values - Electronic card transactions  A/S/T by industry,Seasonally adjusted,Travel Agency & Tour Arrangement Services,,,
3458,ECTM.S1SMN211,2018.11,150.6,,R,Dollars,6,Electronic Card Transactions (ANZSIC06) - ECT,Private - Values - Electronic card transactions  A/S/T by industry,Seasonally adjusted,Travel Agency & Tour Arrangement Services,,,
3459,ECTM.S1SMN211,2018.12,148.2,,R,Dollars,6,Electronic Card Transactions (ANZSIC06) - ECT,Private - Values - Electronic card transactions  A/S/T by industry,Seasonally adjusted,Travel Agency & Tour Arrangement Services,,,
3460,ECTM.S1SMN211,2019.01,157.1,,R,Dollars,6,Electronic Card Transactions (ANZSIC06) - ECT,Private - Values - Electronic card transactions  A/S/T by industry,Seasonally adjusted,Travel Agency & Tour Arrangement Services,,,
3461,ECTM.S1SMN211,2019.02,159.6,,R,Dollars,6,Electronic Card Transactions (ANZSIC06) - ECT,Private - Values - Electronic card transactions  A/S/T by industry,Seasonally adjusted,Travel Agency & Tour Arrangement Services,,,
3462,ECTM.S1SMN211,2019.03,165.4,,R,Dollars,6,Electronic Card Transactions (ANZSIC06) - ECT,Private - Values - Electronic card transactions  A/S/T by industry,Seasonally adjusted,Travel Agency & Tour Arrangement Services,,,
3463,ECTM.S1SMN211,2019.04,166,,R,Dollars,6,Electronic Card Transactions (ANZSIC06) - ECT,Private - Values - Electronic card transactions  A/S/T by industry,Seasonally adjusted,Travel Agency & Tour Arrangement Services,,,
3464,ECTM.S1SMN211,2019.05,168.8,,R,Dollars,6,Electronic Card Transactions (ANZSIC06) - ECT,Private - Values - Electronic card transactions  A/S/T by industry,Seasonally adjusted,Travel Agency & Tour Arrangement Services,,,
3465,ECTM.S1SMN211,2019.06,167.7,,R,Dollars,6,Electronic Card Transactions (ANZSIC06) - ECT,Private - Values - Electronic card transactions  A/S/T by industry,Seasonally adjusted,Travel Agency & Tour Arrangement Services,,,
3466,ECTM.S1SMN211,2019.07,161.4,,R,Dollars,6,Electronic Card Transactions (ANZSIC06) - ECT,Private - Values - Electronic card transactions  A/S/T by industry,Seasonally adjusted,Travel Agency & Tour Arrangement Services,,,
3467,ECTM.S1SMN211,2019.08,162.5,,R,Dollars,6,Electronic Card Transactions (ANZSIC06) - ECT,Private - Values - Electronic card transactions  A/S/T by industry,Seasonally adjusted,Travel Agency & Tour Arrangement Services,,,
3468,ECTM.S1SMN211,2019.09,160.7,,R,Dollars,6,Electronic Card Transactions (ANZSIC06) - ECT,Private - Values - Electronic card transactions  A/S/T by industry,Seasonally adjusted,Travel Agency & Tour Arrangement Services,,,
3469,ECTM.S1SMN211,2019.1,153.4,,R,Dollars,6,Electronic Card Transactions (ANZSIC06) - ECT,Private - Values - Electronic card transactions  A/S/T by industry,Seasonally adjusted,Travel Agency & Tour Arrangement Services,,,
3470,ECTM.S1SMN211,2019.11,148.6,,R,Dollars,6,Electronic Card Transactions (ANZSIC06) - ECT,Private - Values - Electronic card transactions  A/S/T by industry,Seasonally adjusted,Travel Agency & Tour Arrangement Services,,,
3471,ECTM.S1SMN211,2019.12,142.4,,R,Dollars,6,Electronic Card Transactions (ANZSIC06) - ECT,Private - Values - Electronic card transactions  A/S/T by industry,Seasonally adjusted,Travel Agency & Tour Arrangement Services,,,
3472,ECTM.S1SMN211,2020.01,139.7,,R,Dollars,6,Electronic Card Transactions (ANZSIC06) - ECT,Private - Values - Electronic card transactions  A/S/T by industry,Seasonally adjusted,Travel Agency & Tour Arrangement Services,,,
3473,ECTM.S1SMN211,2020.02,112.5,,R,Dollars,6,Electronic Card Transactions (ANZSIC06) - ECT,Private - Values - Electronic card transactions  A/S/T by industry,Seasonally adjusted,Travel Agency & Tour Arrangement Services,,,
3474,ECTM.S1SMN211,2020.03,48.5,,R,Dollars,6,Electronic Card Transactions (ANZSIC06) - ECT,Private - Values - Electronic card transactions  A/S/T by industry,Seasonally adjusted,Travel Agency & Tour Arrangement Services,,,
3475,ECTM.S1SMN211,2020.04,8.6,,F,Dollars,6,Electronic Card Transactions (ANZSIC06) - ECT,Private - Values - Electronic card transactions  A/S/T by industry,Seasonally adjusted,Travel Agency & Tour Arrangement Services,,,
3476,ECTM.S1AQQ112,2007.03,134.9,,F,Dollars,6,Electronic Card Transactions (ANZSIC06) - ECT,Private - Values - Electronic card transactions  A/S/T by industry,Actual,Medical and Other Health Care Services,,,
3477,ECTM.S1AQQ112,2007.04,114.5,,F,Dollars,6,Electronic Card Transactions (ANZSIC06) - ECT,Private - Values - Electronic card transactions  A/S/T by industry,Actual,Medical and Other Health Care Services,,,
3478,ECTM.S1AQQ112,2007.05,142.3,,F,Dollars,6,Electronic Card Transactions (ANZSIC06) - ECT,Private - Values - Electronic card transactions  A/S/T by industry,Actual,Medical and Other Health Care Services,,,
3479,ECTM.S1AQQ112,2007.06,123.8,,F,Dollars,6,Electronic Card Transactions (ANZSIC06) - ECT,Private - Values - Electronic card transactions  A/S/T by industry,Actual,Medical and Other Health Care Services,,,
3480,ECTM.S1AQQ112,2007.07,128.1,,F,Dollars,6,Electronic Card Transactions (ANZSIC06) - ECT,Private - Values - Electronic card transactions  A/S/T by industry,Actual,Medical and Other Health Care Services,,,
3481,ECTM.S1AQQ112,2007.08,139.4,,F,Dollars,6,Electronic Card Transactions (ANZSIC06) - ECT,Private - Values - Electronic card transactions  A/S/T by industry,Actual,Medical and Other Health Care Services,,,
3482,ECTM.S1AQQ112,2007.09,123.3,,F,Dollars,6,Electronic Card Transactions (ANZSIC06) - ECT,Private - Values - Electronic card transactions  A/S/T by industry,Actual,Medical and Other Health Care Services,,,
3483,ECTM.S1AQQ112,2007.1,134.5,,F,Dollars,6,Electronic Card Transactions (ANZSIC06) - ECT,Private - Values - Electronic card transactions  A/S/T by industry,Actual,Medical and Other Health Care Services,,,
3484,ECTM.S1AQQ112,2007.11,143.1,,F,Dollars,6,Electronic Card Transactions (ANZSIC06) - ECT,Private - Values - Electronic card transactions  A/S/T by industry,Actual,Medical and Other Health Care Services,,,
3485,ECTM.S1AQQ112,2007.12,120.3,,F,Dollars,6,Electronic Card Transactions (ANZSIC06) - ECT,Private - Values - Electronic card transactions  A/S/T by industry,Actual,Medical and Other Health Care Services,,,
3486,ECTM.S1AQQ112,2008.01,113.9,,F,Dollars,6,Electronic Card Transactions (ANZSIC06) - ECT,Private - Values - Electronic card transactions  A/S/T by industry,Actual,Medical and Other Health Care Services,,,
3487,ECTM.S1AQQ112,2008.02,130.2,,F,Dollars,6,Electronic Card Transactions (ANZSIC06) - ECT,Private - Values - Electronic card transactions  A/S/T by industry,Actual,Medical and Other Health Care Services,,,
3488,ECTM.S1AQQ112,2008.03,129.4,,F,Dollars,6,Electronic Card Transactions (ANZSIC06) - ECT,Private - Values - Electronic card transactions  A/S/T by industry,Actual,Medical and Other Health Care Services,,,
3489,ECTM.S1AQQ112,2008.04,137.1,,F,Dollars,6,Electronic Card Transactions (ANZSIC06) - ECT,Private - Values - Electronic card transactions  A/S/T by industry,Actual,Medical and Other Health Care Services,,,
3490,ECTM.S1AQQ112,2008.05,143.2,,F,Dollars,6,Electronic Card Transactions (ANZSIC06) - ECT,Private - Values - Electronic card transactions  A/S/T by industry,Actual,Medical and Other Health Care Services,,,
3491,ECTM.S1AQQ112,2008.06,129.6,,F,Dollars,6,Electronic Card Transactions (ANZSIC06) - ECT,Private - Values - Electronic card transactions  A/S/T by industry,Actual,Medical and Other Health Care Services,,,
3492,ECTM.S1AQQ112,2008.07,141.3,,F,Dollars,6,Electronic Card Transactions (ANZSIC06) - ECT,Private - Values - Electronic card transactions  A/S/T by industry,Actual,Medical and Other Health Care Services,,,
3493,ECTM.S1AQQ112,2008.08,135,,F,Dollars,6,Electronic Card Transactions (ANZSIC06) - ECT,Private - Values - Electronic card transactions  A/S/T by industry,Actual,Medical and Other Health Care Services,,,
3494,ECTM.S1AQQ112,2008.09,138.1,,F,Dollars,6,Electronic Card Transactions (ANZSIC06) - ECT,Private - Values - Electronic card transactions  A/S/T by industry,Actual,Medical and Other Health Care Services,,,
3495,ECTM.S1AQQ112,2008.1,140.4,,F,Dollars,6,Electronic Card Transactions (ANZSIC06) - ECT,Private - Values - Electronic card transactions  A/S/T by industry,Actual,Medical and Other Health Care Services,,,
3496,ECTM.S1AQQ112,2008.11,136.8,,F,Dollars,6,Electronic Card Transactions (ANZSIC06) - ECT,Private - Values - Electronic card transactions  A/S/T by industry,Actual,Medical and Other Health Care Services,,,
3497,ECTM.S1AQQ112,2008.12,134.1,,F,Dollars,6,Electronic Card Transactions (ANZSIC06) - ECT,Private - Values - Electronic card transactions  A/S/T by industry,Actual,Medical and Other Health Care Services,,,
3498,ECTM.S1AQQ112,2009.01,110.2,,F,Dollars,6,Electronic Card Transactions (ANZSIC06) - ECT,Private - Values - Electronic card transactions  A/S/T by industry,Actual,Medical and Other Health Care Services,,,
3499,ECTM.S1AQQ112,2009.02,129.1,,F,Dollars,6,Electronic Card Transactions (ANZSIC06) - ECT,Private - Values - Electronic card transactions  A/S/T by industry,Actual,Medical and Other Health Care Services,,,
3500,ECTM.S1AQQ112,2009.03,147.5,,F,Dollars,6,Electronic Card Transactions (ANZSIC06) - ECT,Private - Values - Electronic card transactions  A/S/T by industry,Actual,Medical and Other Health Care Services,,,
3501,ECTM.S1AQQ112,2009.04,135.3,,F,Dollars,6,Electronic Card Transactions (ANZSIC06) - ECT,Private - Values - Electronic card transactions  A/S/T by industry,Actual,Medical and Other Health Care Services,,,
3502,ECTM.S1AQQ112,2009.05,140.1,,F,Dollars,6,Electronic Card Transactions (ANZSIC06) - ECT,Private - Values - Electronic card transactions  A/S/T by industry,Actual,Medical and Other Health Care Services,,,
3503,ECTM.S1AQQ112,2009.06,137.9,,F,Dollars,6,Electronic Card Transactions (ANZSIC06) - ECT,Private - Values - Electronic card transactions  A/S/T by industry,Actual,Medical and Other Health Care Services,,,
3504,ECTM.S1AQQ112,2009.07,145,,F,Dollars,6,Electronic Card Transactions (ANZSIC06) - ECT,Private - Values - Electronic card transactions  A/S/T by industry,Actual,Medical and Other Health Care Services,,,
3505,ECTM.S1AQQ112,2009.08,139.9,,F,Dollars,6,Electronic Card Transactions (ANZSIC06) - ECT,Private - Values - Electronic card transactions  A/S/T by industry,Actual,Medical and Other Health Care Services,,,
3506,ECTM.S1AQQ112,2009.09,142,,F,Dollars,6,Electronic Card Transactions (ANZSIC06) - ECT,Private - Values - Electronic card transactions  A/S/T by industry,Actual,Medical and Other Health Care Services,,,
3507,ECTM.S1AQQ112,2009.1,139.2,,F,Dollars,6,Electronic Card Transactions (ANZSIC06) - ECT,Private - Values - Electronic card transactions  A/S/T by industry,Actual,Medical and Other Health Care Services,,,
3508,ECTM.S1AQQ112,2009.11,145.4,,F,Dollars,6,Electronic Card Transactions (ANZSIC06) - ECT,Private - Values - Electronic card transactions  A/S/T by industry,Actual,Medical and Other Health Care Services,,,
3509,ECTM.S1AQQ112,2009.12,138.4,,F,Dollars,6,Electronic Card Transactions (ANZSIC06) - ECT,Private - Values - Electronic card transactions  A/S/T by industry,Actual,Medical and Other Health Care Services,,,
3510,ECTM.S1AQQ112,2010.01,112.9,,F,Dollars,6,Electronic Card Transactions (ANZSIC06) - ECT,Private - Values - Electronic card transactions  A/S/T by industry,Actual,Medical and Other Health Care Services,,,
3511,ECTM.S1AQQ112,2010.02,133.7,,F,Dollars,6,Electronic Card Transactions (ANZSIC06) - ECT,Private - Values - Electronic card transactions  A/S/T by industry,Actual,Medical and Other Health Care Services,,,
3512,ECTM.S1AQQ112,2010.03,157.8,,F,Dollars,6,Electronic Card Transactions (ANZSIC06) - ECT,Private - Values - Electronic card transactions  A/S/T by industry,Actual,Medical and Other Health Care Services,,,
3513,ECTM.S1AQQ112,2010.04,139.1,,F,Dollars,6,Electronic Card Transactions (ANZSIC06) - ECT,Private - Values - Electronic card transactions  A/S/T by industry,Actual,Medical and Other Health Care Services,,,
3514,ECTM.S1AQQ112,2010.05,147.7,,F,Dollars,6,Electronic Card Transactions (ANZSIC06) - ECT,Private - Values - Electronic card transactions  A/S/T by industry,Actual,Medical and Other Health Care Services,,,
3515,ECTM.S1AQQ112,2010.06,144.5,,F,Dollars,6,Electronic Card Transactions (ANZSIC06) - ECT,Private - Values - Electronic card transactions  A/S/T by industry,Actual,Medical and Other Health Care Services,,,
3516,ECTM.S1AQQ112,2010.07,145.6,,F,Dollars,6,Electronic Card Transactions (ANZSIC06) - ECT,Private - Values - Electronic card transactions  A/S/T by industry,Actual,Medical and Other Health Care Services,,,
3517,ECTM.S1AQQ112,2010.08,150.3,,F,Dollars,6,Electronic Card Transactions (ANZSIC06) - ECT,Private - Values - Electronic card transactions  A/S/T by industry,Actual,Medical and Other Health Care Services,,,
3518,ECTM.S1AQQ112,2010.09,148.1,,F,Dollars,6,Electronic Card Transactions (ANZSIC06) - ECT,Private - Values - Electronic card transactions  A/S/T by industry,Actual,Medical and Other Health Care Services,,,
3519,ECTM.S1AQQ112,2010.1,139.6,,F,Dollars,6,Electronic Card Transactions (ANZSIC06) - ECT,Private - Values - Electronic card transactions  A/S/T by industry,Actual,Medical and Other Health Care Services,,,
3520,ECTM.S1AQQ112,2010.11,159.2,,F,Dollars,6,Electronic Card Transactions (ANZSIC06) - ECT,Private - Values - Electronic card transactions  A/S/T by industry,Actual,Medical and Other Health Care Services,,,
3521,ECTM.S1AQQ112,2010.12,144.1,,F,Dollars,6,Electronic Card Transactions (ANZSIC06) - ECT,Private - Values - Electronic card transactions  A/S/T by industry,Actual,Medical and Other Health Care Services,,,
3522,ECTM.S1AQQ112,2011.01,116.2,,F,Dollars,6,Electronic Card Transactions (ANZSIC06) - ECT,Private - Values - Electronic card transactions  A/S/T by industry,Actual,Medical and Other Health Care Services,,,
3523,ECTM.S1AQQ112,2011.02,141,,F,Dollars,6,Electronic Card Transactions (ANZSIC06) - ECT,Private - Values - Electronic card transactions  A/S/T by industry,Actual,Medical and Other Health Care Services,,,
3524,ECTM.S1AQQ112,2011.03,159.6,,F,Dollars,6,Electronic Card Transactions (ANZSIC06) - ECT,Private - Values - Electronic card transactions  A/S/T by industry,Actual,Medical and Other Health Care Services,,,
3525,ECTM.S1AQQ112,2011.04,138.6,,F,Dollars,6,Electronic Card Transactions (ANZSIC06) - ECT,Private - Values - Electronic card transactions  A/S/T by industry,Actual,Medical and Other Health Care Services,,,
3526,ECTM.S1AQQ112,2011.05,160.6,,F,Dollars,6,Electronic Card Transactions (ANZSIC06) - ECT,Private - Values - Electronic card transactions  A/S/T by industry,Actual,Medical and Other Health Care Services,,,
3527,ECTM.S1AQQ112,2011.06,152.6,,F,Dollars,6,Electronic Card Transactions (ANZSIC06) - ECT,Private - Values - Electronic card transactions  A/S/T by industry,Actual,Medical and Other Health Care Services,,,
3528,ECTM.S1AQQ112,2011.07,145.1,,F,Dollars,6,Electronic Card Transactions (ANZSIC06) - ECT,Private - Values - Electronic card transactions  A/S/T by industry,Actual,Medical and Other Health Care Services,,,
3529,ECTM.S1AQQ112,2011.08,161.6,,F,Dollars,6,Electronic Card Transactions (ANZSIC06) - ECT,Private - Values - Electronic card transactions  A/S/T by industry,Actual,Medical and Other Health Care Services,,,
3530,ECTM.S1AQQ112,2011.09,158.4,,F,Dollars,6,Electronic Card Transactions (ANZSIC06) - ECT,Private - Values - Electronic card transactions  A/S/T by industry,Actual,Medical and Other Health Care Services,,,
3531,ECTM.S1AQQ112,2011.1,147.8,,F,Dollars,6,Electronic Card Transactions (ANZSIC06) - ECT,Private - Values - Electronic card transactions  A/S/T by industry,Actual,Medical and Other Health Care Services,,,
3532,ECTM.S1AQQ112,2011.11,166.3,,F,Dollars,6,Electronic Card Transactions (ANZSIC06) - ECT,Private - Values - Electronic card transactions  A/S/T by industry,Actual,Medical and Other Health Care Services,,,
3533,ECTM.S1AQQ112,2011.12,146.2,,F,Dollars,6,Electronic Card Transactions (ANZSIC06) - ECT,Private - Values - Electronic card transactions  A/S/T by industry,Actual,Medical and Other Health Care Services,,,
3534,ECTM.S1AQQ112,2012.01,124.9,,F,Dollars,6,Electronic Card Transactions (ANZSIC06) - ECT,Private - Values - Electronic card transactions  A/S/T by industry,Actual,Medical and Other Health Care Services,,,
3535,ECTM.S1AQQ112,2012.02,155.3,,F,Dollars,6,Electronic Card Transactions (ANZSIC06) - ECT,Private - Values - Electronic card transactions  A/S/T by industry,Actual,Medical and Other Health Care Services,,,
3536,ECTM.S1AQQ112,2012.03,170,,F,Dollars,6,Electronic Card Transactions (ANZSIC06) - ECT,Private - Values - Electronic card transactions  A/S/T by industry,Actual,Medical and Other Health Care Services,,,
3537,ECTM.S1AQQ112,2012.04,144.7,,F,Dollars,6,Electronic Card Transactions (ANZSIC06) - ECT,Private - Values - Electronic card transactions  A/S/T by industry,Actual,Medical and Other Health Care Services,,,
3538,ECTM.S1AQQ112,2012.05,177.7,,F,Dollars,6,Electronic Card Transactions (ANZSIC06) - ECT,Private - Values - Electronic card transactions  A/S/T by industry,Actual,Medical and Other Health Care Services,,,
3539,ECTM.S1AQQ112,2012.06,155.2,,F,Dollars,6,Electronic Card Transactions (ANZSIC06) - ECT,Private - Values - Electronic card transactions  A/S/T by industry,Actual,Medical and Other Health Care Services,,,
3540,ECTM.S1AQQ112,2012.07,162.9,,F,Dollars,6,Electronic Card Transactions (ANZSIC06) - ECT,Private - Values - Electronic card transactions  A/S/T by industry,Actual,Medical and Other Health Care Services,,,
3541,ECTM.S1AQQ112,2012.08,173.2,,F,Dollars,6,Electronic Card Transactions (ANZSIC06) - ECT,Private - Values - Electronic card transactions  A/S/T by industry,Actual,Medical and Other Health Care Services,,,
3542,ECTM.S1AQQ112,2012.09,154.1,,F,Dollars,6,Electronic Card Transactions (ANZSIC06) - ECT,Private - Values - Electronic card transactions  A/S/T by industry,Actual,Medical and Other Health Care Services,,,
3543,ECTM.S1AQQ112,2012.1,168,,F,Dollars,6,Electronic Card Transactions (ANZSIC06) - ECT,Private - Values - Electronic card transactions  A/S/T by industry,Actual,Medical and Other Health Care Services,,,
3544,ECTM.S1AQQ112,2012.11,176.1,,F,Dollars,6,Electronic Card Transactions (ANZSIC06) - ECT,Private - Values - Electronic card transactions  A/S/T by industry,Actual,Medical and Other Health Care Services,,,
3545,ECTM.S1AQQ112,2012.12,144.8,,F,Dollars,6,Electronic Card Transactions (ANZSIC06) - ECT,Private - Values - Electronic card transactions  A/S/T by industry,Actual,Medical and Other Health Care Services,,,
3546,ECTM.S1AQQ112,2013.01,139,,F,Dollars,6,Electronic Card Transactions (ANZSIC06) - ECT,Private - Values - Electronic card transactions  A/S/T by industry,Actual,Medical and Other Health Care Services,,,
3547,ECTM.S1AQQ112,2013.02,154.9,,F,Dollars,6,Electronic Card Transactions (ANZSIC06) - ECT,Private - Values - Electronic card transactions  A/S/T by industry,Actual,Medical and Other Health Care Services,,,
3548,ECTM.S1AQQ112,2013.03,164.5,,F,Dollars,6,Electronic Card Transactions (ANZSIC06) - ECT,Private - Values - Electronic card transactions  A/S/T by industry,Actual,Medical and Other Health Care Services,,,
3549,ECTM.S1AQQ112,2013.04,164.9,,F,Dollars,6,Electronic Card Transactions (ANZSIC06) - ECT,Private - Values - Electronic card transactions  A/S/T by industry,Actual,Medical and Other Health Care Services,,,
3550,ECTM.S1AQQ112,2013.05,186.6,,F,Dollars,6,Electronic Card Transactions (ANZSIC06) - ECT,Private - Values - Electronic card transactions  A/S/T by industry,Actual,Medical and Other Health Care Services,,,
3551,ECTM.S1AQQ112,2013.06,158.7,,F,Dollars,6,Electronic Card Transactions (ANZSIC06) - ECT,Private - Values - Electronic card transactions  A/S/T by industry,Actual,Medical and Other Health Care Services,,,
3552,ECTM.S1AQQ112,2013.07,177.1,,F,Dollars,6,Electronic Card Transactions (ANZSIC06) - ECT,Private - Values - Electronic card transactions  A/S/T by industry,Actual,Medical and Other Health Care Services,,,
3553,ECTM.S1AQQ112,2013.08,176.1,,F,Dollars,6,Electronic Card Transactions (ANZSIC06) - ECT,Private - Values - Electronic card transactions  A/S/T by industry,Actual,Medical and Other Health Care Services,,,
3554,ECTM.S1AQQ112,2013.09,164.6,,F,Dollars,6,Electronic Card Transactions (ANZSIC06) - ECT,Private - Values - Electronic card transactions  A/S/T by industry,Actual,Medical and Other Health Care Services,,,
3555,ECTM.S1AQQ112,2013.1,174.4,,F,Dollars,6,Electronic Card Transactions (ANZSIC06) - ECT,Private - Values - Electronic card transactions  A/S/T by industry,Actual,Medical and Other Health Care Services,,,
3556,ECTM.S1AQQ112,2013.11,176.4,,F,Dollars,6,Electronic Card Transactions (ANZSIC06) - ECT,Private - Values - Electronic card transactions  A/S/T by industry,Actual,Medical and Other Health Care Services,,,
3557,ECTM.S1AQQ112,2013.12,156.4,,F,Dollars,6,Electronic Card Transactions (ANZSIC06) - ECT,Private - Values - Electronic card transactions  A/S/T by industry,Actual,Medical and Other Health Care Services,,,
3558,ECTM.S1AQQ112,2014.01,146.6,,F,Dollars,6,Electronic Card Transactions (ANZSIC06) - ECT,Private - Values - Electronic card transactions  A/S/T by industry,Actual,Medical and Other Health Care Services,,,
3559,ECTM.S1AQQ112,2014.02,160.6,,F,Dollars,6,Electronic Card Transactions (ANZSIC06) - ECT,Private - Values - Electronic card transactions  A/S/T by industry,Actual,Medical and Other Health Care Services,,,
3560,ECTM.S1AQQ112,2014.03,177.1,,F,Dollars,6,Electronic Card Transactions (ANZSIC06) - ECT,Private - Values - Electronic card transactions  A/S/T by industry,Actual,Medical and Other Health Care Services,,,
3561,ECTM.S1AQQ112,2014.04,164.2,,F,Dollars,6,Electronic Card Transactions (ANZSIC06) - ECT,Private - Values - Electronic card transactions  A/S/T by industry,Actual,Medical and Other Health Care Services,,,
3562,ECTM.S1AQQ112,2014.05,188.4,,F,Dollars,6,Electronic Card Transactions (ANZSIC06) - ECT,Private - Values - Electronic card transactions  A/S/T by industry,Actual,Medical and Other Health Care Services,,,
3563,ECTM.S1AQQ112,2014.06,170.7,,F,Dollars,6,Electronic Card Transactions (ANZSIC06) - ECT,Private - Values - Electronic card transactions  A/S/T by industry,Actual,Medical and Other Health Care Services,,,
3564,ECTM.S1AQQ112,2014.07,185.9,,F,Dollars,6,Electronic Card Transactions (ANZSIC06) - ECT,Private - Values - Electronic card transactions  A/S/T by industry,Actual,Medical and Other Health Care Services,,,
3565,ECTM.S1AQQ112,2014.08,175.8,,F,Dollars,6,Electronic Card Transactions (ANZSIC06) - ECT,Private - Values - Electronic card transactions  A/S/T by industry,Actual,Medical and Other Health Care Services,,,
3566,ECTM.S1AQQ112,2014.09,181,,F,Dollars,6,Electronic Card Transactions (ANZSIC06) - ECT,Private - Values - Electronic card transactions  A/S/T by industry,Actual,Medical and Other Health Care Services,,,
3567,ECTM.S1AQQ112,2014.1,184.6,,F,Dollars,6,Electronic Card Transactions (ANZSIC06) - ECT,Private - Values - Electronic card transactions  A/S/T by industry,Actual,Medical and Other Health Care Services,,,
3568,ECTM.S1AQQ112,2014.11,179,,F,Dollars,6,Electronic Card Transactions (ANZSIC06) - ECT,Private - Values - Electronic card transactions  A/S/T by industry,Actual,Medical and Other Health Care Services,,,
3569,ECTM.S1AQQ112,2014.12,170.9,,F,Dollars,6,Electronic Card Transactions (ANZSIC06) - ECT,Private - Values - Electronic card transactions  A/S/T by industry,Actual,Medical and Other Health Care Services,,,
3570,ECTM.S1AQQ112,2015.01,149,,F,Dollars,6,Electronic Card Transactions (ANZSIC06) - ECT,Private - Values - Electronic card transactions  A/S/T by industry,Actual,Medical and Other Health Care Services,,,
3571,ECTM.S1AQQ112,2015.02,168.2,,F,Dollars,6,Electronic Card Transactions (ANZSIC06) - ECT,Private - Values - Electronic card transactions  A/S/T by industry,Actual,Medical and Other Health Care Services,,,
3572,ECTM.S1AQQ112,2015.03,193.3,,F,Dollars,6,Electronic Card Transactions (ANZSIC06) - ECT,Private - Values - Electronic card transactions  A/S/T by industry,Actual,Medical and Other Health Care Services,,,
3573,ECTM.S1AQQ112,2015.04,174.6,,F,Dollars,6,Electronic Card Transactions (ANZSIC06) - ECT,Private - Values - Electronic card transactions  A/S/T by industry,Actual,Medical and Other Health Care Services,,,
3574,ECTM.S1AQQ112,2015.05,193.2,,F,Dollars,6,Electronic Card Transactions (ANZSIC06) - ECT,Private - Values - Electronic card transactions  A/S/T by industry,Actual,Medical and Other Health Care Services,,,
3575,ECTM.S1AQQ112,2015.06,188.1,,F,Dollars,6,Electronic Card Transactions (ANZSIC06) - ECT,Private - Values - Electronic card transactions  A/S/T by industry,Actual,Medical and Other Health Care Services,,,
3576,ECTM.S1AQQ112,2015.07,195.8,,F,Dollars,6,Electronic Card Transactions (ANZSIC06) - ECT,Private - Values - Electronic card transactions  A/S/T by industry,Actual,Medical and Other Health Care Services,,,
3577,ECTM.S1AQQ112,2015.08,185.9,,F,Dollars,6,Electronic Card Transactions (ANZSIC06) - ECT,Private - Values - Electronic card transactions  A/S/T by industry,Actual,Medical and Other Health Care Services,,,
3578,ECTM.S1AQQ112,2015.09,191.4,,F,Dollars,6,Electronic Card Transactions (ANZSIC06) - ECT,Private - Values - Electronic card transactions  A/S/T by industry,Actual,Medical and Other Health Care Services,,,
3579,ECTM.S1AQQ112,2015.1,188.8,,F,Dollars,6,Electronic Card Transactions (ANZSIC06) - ECT,Private - Values - Electronic card transactions  A/S/T by industry,Actual,Medical and Other Health Care Services,,,
3580,ECTM.S1AQQ112,2015.11,196.6,,F,Dollars,6,Electronic Card Transactions (ANZSIC06) - ECT,Private - Values - Electronic card transactions  A/S/T by industry,Actual,Medical and Other Health Care Services,,,
3581,ECTM.S1AQQ112,2015.12,184.7,,F,Dollars,6,Electronic Card Transactions (ANZSIC06) - ECT,Private - Values - Electronic card transactions  A/S/T by industry,Actual,Medical and Other Health Care Services,,,
3582,ECTM.S1AQQ112,2016.01,155.1,,F,Dollars,6,Electronic Card Transactions (ANZSIC06) - ECT,Private - Values - Electronic card transactions  A/S/T by industry,Actual,Medical and Other Health Care Services,,,
3583,ECTM.S1AQQ112,2016.02,186,,F,Dollars,6,Electronic Card Transactions (ANZSIC06) - ECT,Private - Values - Electronic card transactions  A/S/T by industry,Actual,Medical and Other Health Care Services,,,
3584,ECTM.S1AQQ112,2016.03,203.4,,F,Dollars,6,Electronic Card Transactions (ANZSIC06) - ECT,Private - Values - Electronic card transactions  A/S/T by industry,Actual,Medical and Other Health Care Services,,,
3585,ECTM.S1AQQ112,2016.04,195.3,,F,Dollars,6,Electronic Card Transactions (ANZSIC06) - ECT,Private - Values - Electronic card transactions  A/S/T by industry,Actual,Medical and Other Health Care Services,,,
3586,ECTM.S1AQQ112,2016.05,213.1,,F,Dollars,6,Electronic Card Transactions (ANZSIC06) - ECT,Private - Values - Electronic card transactions  A/S/T by industry,Actual,Medical and Other Health Care Services,,,
3587,ECTM.S1AQQ112,2016.06,202.1,,F,Dollars,6,Electronic Card Transactions (ANZSIC06) - ECT,Private - Values - Electronic card transactions  A/S/T by industry,Actual,Medical and Other Health Care Services,,,
3588,ECTM.S1AQQ112,2016.07,194.1,,F,Dollars,6,Electronic Card Transactions (ANZSIC06) - ECT,Private - Values - Electronic card transactions  A/S/T by industry,Actual,Medical and Other Health Care Services,,,
3589,ECTM.S1AQQ112,2016.08,212.6,,F,Dollars,6,Electronic Card Transactions (ANZSIC06) - ECT,Private - Values - Electronic card transactions  A/S/T by industry,Actual,Medical and Other Health Care Services,,,
3590,ECTM.S1AQQ112,2016.09,205,,F,Dollars,6,Electronic Card Transactions (ANZSIC06) - ECT,Private - Values - Electronic card transactions  A/S/T by industry,Actual,Medical and Other Health Care Services,,,
3591,ECTM.S1AQQ112,2016.1,195.4,,F,Dollars,6,Electronic Card Transactions (ANZSIC06) - ECT,Private - Values - Electronic card transactions  A/S/T by industry,Actual,Medical and Other Health Care Services,,,
3592,ECTM.S1AQQ112,2016.11,220.5,,F,Dollars,6,Electronic Card Transactions (ANZSIC06) - ECT,Private - Values - Electronic card transactions  A/S/T by industry,Actual,Medical and Other Health Care Services,,,
3593,ECTM.S1AQQ112,2016.12,189.6,,F,Dollars,6,Electronic Card Transactions (ANZSIC06) - ECT,Private - Values - Electronic card transactions  A/S/T by industry,Actual,Medical and Other Health Care Services,,,
3594,ECTM.S1AQQ112,2017.01,165.7,,F,Dollars,6,Electronic Card Transactions (ANZSIC06) - ECT,Private - Values - Electronic card transactions  A/S/T by industry,Actual,Medical and Other Health Care Services,,,
3595,ECTM.S1AQQ112,2017.02,191.6,,F,Dollars,6,Electronic Card Transactions (ANZSIC06) - ECT,Private - Values - Electronic card transactions  A/S/T by industry,Actual,Medical and Other Health Care Services,,,
3596,ECTM.S1AQQ112,2017.03,230.1,,F,Dollars,6,Electronic Card Transactions (ANZSIC06) - ECT,Private - Values - Electronic card transactions  A/S/T by industry,Actual,Medical and Other Health Care Services,,,
3597,ECTM.S1AQQ112,2017.04,180.1,,F,Dollars,6,Electronic Card Transactions (ANZSIC06) - ECT,Private - Values - Electronic card transactions  A/S/T by industry,Actual,Medical and Other Health Care Services,,,
3598,ECTM.S1AQQ112,2017.05,234.9,,F,Dollars,6,Electronic Card Transactions (ANZSIC06) - ECT,Private - Values - Electronic card transactions  A/S/T by industry,Actual,Medical and Other Health Care Services,,,
3599,ECTM.S1AQQ112,2017.06,213.5,,F,Dollars,6,Electronic Card Transactions (ANZSIC06) - ECT,Private - Values - Electronic card transactions  A/S/T by industry,Actual,Medical and Other Health Care Services,,,
3600,ECTM.S1AQQ112,2017.07,204.2,,F,Dollars,6,Electronic Card Transactions (ANZSIC06) - ECT,Private - Values - Electronic card transactions  A/S/T by industry,Actual,Medical and Other Health Care Services,,,
3601,ECTM.S1AQQ112,2017.08,226.4,,F,Dollars,6,Electronic Card Transactions (ANZSIC06) - ECT,Private - Values - Electronic card transactions  A/S/T by industry,Actual,Medical and Other Health Care Services,,,
3602,ECTM.S1AQQ112,2017.09,207.1,,F,Dollars,6,Electronic Card Transactions (ANZSIC06) - ECT,Private - Values - Electronic card transactions  A/S/T by industry,Actual,Medical and Other Health Care Services,,,
3603,ECTM.S1AQQ112,2017.1,210.2,,F,Dollars,6,Electronic Card Transactions (ANZSIC06) - ECT,Private - Values - Electronic card transactions  A/S/T by industry,Actual,Medical and Other Health Care Services,,,
3604,ECTM.S1AQQ112,2017.11,231.5,,F,Dollars,6,Electronic Card Transactions (ANZSIC06) - ECT,Private - Values - Electronic card transactions  A/S/T by industry,Actual,Medical and Other Health Care Services,,,
3605,ECTM.S1AQQ112,2017.12,191.9,,F,Dollars,6,Electronic Card Transactions (ANZSIC06) - ECT,Private - Values - Electronic card transactions  A/S/T by industry,Actual,Medical and Other Health Care Services,,,
3606,ECTM.S1AQQ112,2018.01,179.5,,F,Dollars,6,Electronic Card Transactions (ANZSIC06) - ECT,Private - Values - Electronic card transactions  A/S/T by industry,Actual,Medical and Other Health Care Services,,,
3607,ECTM.S1AQQ112,2018.02,201.9,,F,Dollars,6,Electronic Card Transactions (ANZSIC06) - ECT,Private - Values - Electronic card transactions  A/S/T by industry,Actual,Medical and Other Health Care Services,,,
3608,ECTM.S1AQQ112,2018.03,224.9,,F,Dollars,6,Electronic Card Transactions (ANZSIC06) - ECT,Private - Values - Electronic card transactions  A/S/T by industry,Actual,Medical and Other Health Care Services,,,
3609,ECTM.S1AQQ112,2018.04,203.9,,F,Dollars,6,Electronic Card Transactions (ANZSIC06) - ECT,Private - Values - Electronic card transactions  A/S/T by industry,Actual,Medical and Other Health Care Services,,,
3610,ECTM.S1AQQ112,2018.05,245.4,,F,Dollars,6,Electronic Card Transactions (ANZSIC06) - ECT,Private - Values - Electronic card transactions  A/S/T by industry,Actual,Medical and Other Health Care Services,,,
3611,ECTM.S1AQQ112,2018.06,215.8,,F,Dollars,6,Electronic Card Transactions (ANZSIC06) - ECT,Private - Values - Electronic card transactions  A/S/T by industry,Actual,Medical and Other Health Care Services,,,
3612,ECTM.S1AQQ112,2018.07,226.9,,F,Dollars,6,Electronic Card Transactions (ANZSIC06) - ECT,Private - Values - Electronic card transactions  A/S/T by industry,Actual,Medical and Other Health Care Services,,,
3613,ECTM.S1AQQ112,2018.08,238.3,,F,Dollars,6,Electronic Card Transactions (ANZSIC06) - ECT,Private - Values - Electronic card transactions  A/S/T by industry,Actual,Medical and Other Health Care Services,,,
3614,ECTM.S1AQQ112,2018.09,212.2,,F,Dollars,6,Electronic Card Transactions (ANZSIC06) - ECT,Private - Values - Electronic card transactions  A/S/T by industry,Actual,Medical and Other Health Care Services,,,
3615,ECTM.S1AQQ112,2018.1,232.1,,F,Dollars,6,Electronic Card Transactions (ANZSIC06) - ECT,Private - Values - Electronic card transactions  A/S/T by industry,Actual,Medical and Other Health Care Services,,,
3616,ECTM.S1AQQ112,2018.11,243.8,,F,Dollars,6,Electronic Card Transactions (ANZSIC06) - ECT,Private - Values - Electronic card transactions  A/S/T by industry,Actual,Medical and Other Health Care Services,,,
3617,ECTM.S1AQQ112,2018.12,196.8,,F,Dollars,6,Electronic Card Transactions (ANZSIC06) - ECT,Private - Values - Electronic card transactions  A/S/T by industry,Actual,Medical and Other Health Care Services,,,
3618,ECTM.S1AQQ112,2019.01,194.5,,F,Dollars,6,Electronic Card Transactions (ANZSIC06) - ECT,Private - Values - Electronic card transactions  A/S/T by industry,Actual,Medical and Other Health Care Services,,,
3619,ECTM.S1AQQ112,2019.02,213.1,,F,Dollars,6,Electronic Card Transactions (ANZSIC06) - ECT,Private - Values - Electronic card transactions  A/S/T by industry,Actual,Medical and Other Health Care Services,,,
3620,ECTM.S1AQQ112,2019.03,233.9,,F,Dollars,6,Electronic Card Transactions (ANZSIC06) - ECT,Private - Values - Electronic card transactions  A/S/T by industry,Actual,Medical and Other Health Care Services,,,
3621,ECTM.S1AQQ112,2019.04,214.3,,F,Dollars,6,Electronic Card Transactions (ANZSIC06) - ECT,Private - Values - Electronic card transactions  A/S/T by industry,Actual,Medical and Other Health Care Services,,,
3622,ECTM.S1AQQ112,2019.05,259.1,,F,Dollars,6,Electronic Card Transactions (ANZSIC06) - ECT,Private - Values - Electronic card transactions  A/S/T by industry,Actual,Medical and Other Health Care Services,,,
3623,ECTM.S1AQQ112,2019.06,217.9,,F,Dollars,6,Electronic Card Transactions (ANZSIC06) - ECT,Private - Values - Electronic card transactions  A/S/T by industry,Actual,Medical and Other Health Care Services,,,
3624,ECTM.S1AQQ112,2019.07,245.7,,F,Dollars,6,Electronic Card Transactions (ANZSIC06) - ECT,Private - Values - Electronic card transactions  A/S/T by industry,Actual,Medical and Other Health Care Services,,,
3625,ECTM.S1AQQ112,2019.08,245.8,,F,Dollars,6,Electronic Card Transactions (ANZSIC06) - ECT,Private - Values - Electronic card transactions  A/S/T by industry,Actual,Medical and Other Health Care Services,,,
3626,ECTM.S1AQQ112,2019.09,231.3,,F,Dollars,6,Electronic Card Transactions (ANZSIC06) - ECT,Private - Values - Electronic card transactions  A/S/T by industry,Actual,Medical and Other Health Care Services,,,
3627,ECTM.S1AQQ112,2019.1,248.6,,F,Dollars,6,Electronic Card Transactions (ANZSIC06) - ECT,Private - Values - Electronic card transactions  A/S/T by industry,Actual,Medical and Other Health Care Services,,,
3628,ECTM.S1AQQ112,2019.11,251,,F,Dollars,6,Electronic Card Transactions (ANZSIC06) - ECT,Private - Values - Electronic card transactions  A/S/T by industry,Actual,Medical and Other Health Care Services,,,
3629,ECTM.S1AQQ112,2019.12,213.7,,F,Dollars,6,Electronic Card Transactions (ANZSIC06) - ECT,Private - Values - Electronic card transactions  A/S/T by industry,Actual,Medical and Other Health Care Services,,,
3630,ECTM.S1AQQ112,2020.01,207.5,,F,Dollars,6,Electronic Card Transactions (ANZSIC06) - ECT,Private - Values - Electronic card transactions  A/S/T by industry,Actual,Medical and Other Health Care Services,,,
3631,ECTM.S1AQQ112,2020.02,228.3,,F,Dollars,6,Electronic Card Transactions (ANZSIC06) - ECT,Private - Values - Electronic card transactions  A/S/T by industry,Actual,Medical and Other Health Care Services,,,
3632,ECTM.S1AQQ112,2020.03,194.6,,F,Dollars,6,Electronic Card Transactions (ANZSIC06) - ECT,Private - Values - Electronic card transactions  A/S/T by industry,Actual,Medical and Other Health Care Services,,,
3633,ECTM.S1AQQ112,2020.04,29.1,,F,Dollars,6,Electronic Card Transactions (ANZSIC06) - ECT,Private - Values - Electronic card transactions  A/S/T by industry,Actual,Medical and Other Health Care Services,,,
3634,ECTM.S1SQQ112,2007.03,127.2,,R,Dollars,6,Electronic Card Transactions (ANZSIC06) - ECT,Private - Values - Electronic card transactions  A/S/T by industry,Seasonally adjusted,Medical and Other Health Care Services,,,
3635,ECTM.S1SQQ112,2007.04,120.9,,R,Dollars,6,Electronic Card Transactions (ANZSIC06) - ECT,Private - Values - Electronic card transactions  A/S/T by industry,Seasonally adjusted,Medical and Other Health Care Services,,,
3636,ECTM.S1SQQ112,2007.05,128,,R,Dollars,6,Electronic Card Transactions (ANZSIC06) - ECT,Private - Values - Electronic card transactions  A/S/T by industry,Seasonally adjusted,Medical and Other Health Care Services,,,
3637,ECTM.S1SQQ112,2007.06,126.9,,R,Dollars,6,Electronic Card Transactions (ANZSIC06) - ECT,Private - Values - Electronic card transactions  A/S/T by industry,Seasonally adjusted,Medical and Other Health Care Services,,,
3638,ECTM.S1SQQ112,2007.07,124.9,,R,Dollars,6,Electronic Card Transactions (ANZSIC06) - ECT,Private - Values - Electronic card transactions  A/S/T by industry,Seasonally adjusted,Medical and Other Health Care Services,,,
3639,ECTM.S1SQQ112,2007.08,129.5,,R,Dollars,6,Electronic Card Transactions (ANZSIC06) - ECT,Private - Values - Electronic card transactions  A/S/T by industry,Seasonally adjusted,Medical and Other Health Care Services,,,
3640,ECTM.S1SQQ112,2007.09,131,,R,Dollars,6,Electronic Card Transactions (ANZSIC06) - ECT,Private - Values - Electronic card transactions  A/S/T by industry,Seasonally adjusted,Medical and Other Health Care Services,,,
3641,ECTM.S1SQQ112,2007.1,127.3,,R,Dollars,6,Electronic Card Transactions (ANZSIC06) - ECT,Private - Values - Electronic card transactions  A/S/T by industry,Seasonally adjusted,Medical and Other Health Care Services,,,
3642,ECTM.S1SQQ112,2007.11,130.8,,R,Dollars,6,Electronic Card Transactions (ANZSIC06) - ECT,Private - Values - Electronic card transactions  A/S/T by industry,Seasonally adjusted,Medical and Other Health Care Services,,,
3643,ECTM.S1SQQ112,2007.12,132.1,,R,Dollars,6,Electronic Card Transactions (ANZSIC06) - ECT,Private - Values - Electronic card transactions  A/S/T by industry,Seasonally adjusted,Medical and Other Health Care Services,,,
3644,ECTM.S1SQQ112,2008.01,133.2,,R,Dollars,6,Electronic Card Transactions (ANZSIC06) - ECT,Private - Values - Electronic card transactions  A/S/T by industry,Seasonally adjusted,Medical and Other Health Care Services,,,
3645,ECTM.S1SQQ112,2008.02,130,,R,Dollars,6,Electronic Card Transactions (ANZSIC06) - ECT,Private - Values - Electronic card transactions  A/S/T by industry,Seasonally adjusted,Medical and Other Health Care Services,,,
3646,ECTM.S1SQQ112,2008.03,128,,R,Dollars,6,Electronic Card Transactions (ANZSIC06) - ECT,Private - Values - Electronic card transactions  A/S/T by industry,Seasonally adjusted,Medical and Other Health Care Services,,,
3647,ECTM.S1SQQ112,2008.04,137.7,,R,Dollars,6,Electronic Card Transactions (ANZSIC06) - ECT,Private - Values - Electronic card transactions  A/S/T by industry,Seasonally adjusted,Medical and Other Health Care Services,,,
3648,ECTM.S1SQQ112,2008.05,132.3,,R,Dollars,6,Electronic Card Transactions (ANZSIC06) - ECT,Private - Values - Electronic card transactions  A/S/T by industry,Seasonally adjusted,Medical and Other Health Care Services,,,
3649,ECTM.S1SQQ112,2008.06,135.9,,R,Dollars,6,Electronic Card Transactions (ANZSIC06) - ECT,Private - Values - Electronic card transactions  A/S/T by industry,Seasonally adjusted,Medical and Other Health Care Services,,,
3650,ECTM.S1SQQ112,2008.07,135.2,,R,Dollars,6,Electronic Card Transactions (ANZSIC06) - ECT,Private - Values - Electronic card transactions  A/S/T by industry,Seasonally adjusted,Medical and Other Health Care Services,,,
3651,ECTM.S1SQQ112,2008.08,134.5,,R,Dollars,6,Electronic Card Transactions (ANZSIC06) - ECT,Private - Values - Electronic card transactions  A/S/T by industry,Seasonally adjusted,Medical and Other Health Care Services,,,
3652,ECTM.S1SQQ112,2008.09,128.5,,R,Dollars,6,Electronic Card Transactions (ANZSIC06) - ECT,Private - Values - Electronic card transactions  A/S/T by industry,Seasonally adjusted,Medical and Other Health Care Services,,,
3653,ECTM.S1SQQ112,2008.1,137.2,,R,Dollars,6,Electronic Card Transactions (ANZSIC06) - ECT,Private - Values - Electronic card transactions  A/S/T by industry,Seasonally adjusted,Medical and Other Health Care Services,,,
3654,ECTM.S1SQQ112,2008.11,138.1,,R,Dollars,6,Electronic Card Transactions (ANZSIC06) - ECT,Private - Values - Electronic card transactions  A/S/T by industry,Seasonally adjusted,Medical and Other Health Care Services,,,
3655,ECTM.S1SQQ112,2008.12,133,,R,Dollars,6,Electronic Card Transactions (ANZSIC06) - ECT,Private - Values - Electronic card transactions  A/S/T by industry,Seasonally adjusted,Medical and Other Health Care Services,,,
3656,ECTM.S1SQQ112,2009.01,132.4,,R,Dollars,6,Electronic Card Transactions (ANZSIC06) - ECT,Private - Values - Electronic card transactions  A/S/T by industry,Seasonally adjusted,Medical and Other Health Care Services,,,
3657,ECTM.S1SQQ112,2009.02,136.4,,R,Dollars,6,Electronic Card Transactions (ANZSIC06) - ECT,Private - Values - Electronic card transactions  A/S/T by industry,Seasonally adjusted,Medical and Other Health Care Services,,,
3658,ECTM.S1SQQ112,2009.03,137.9,,R,Dollars,6,Electronic Card Transactions (ANZSIC06) - ECT,Private - Values - Electronic card transactions  A/S/T by industry,Seasonally adjusted,Medical and Other Health Care Services,,,
3659,ECTM.S1SQQ112,2009.04,140.9,,R,Dollars,6,Electronic Card Transactions (ANZSIC06) - ECT,Private - Values - Electronic card transactions  A/S/T by industry,Seasonally adjusted,Medical and Other Health Care Services,,,
3660,ECTM.S1SQQ112,2009.05,136,,R,Dollars,6,Electronic Card Transactions (ANZSIC06) - ECT,Private - Values - Electronic card transactions  A/S/T by industry,Seasonally adjusted,Medical and Other Health Care Services,,,
3661,ECTM.S1SQQ112,2009.06,132.9,,R,Dollars,6,Electronic Card Transactions (ANZSIC06) - ECT,Private - Values - Electronic card transactions  A/S/T by industry,Seasonally adjusted,Medical and Other Health Care Services,,,
3662,ECTM.S1SQQ112,2009.07,139.7,,R,Dollars,6,Electronic Card Transactions (ANZSIC06) - ECT,Private - Values - Electronic card transactions  A/S/T by industry,Seasonally adjusted,Medical and Other Health Care Services,,,
3663,ECTM.S1SQQ112,2009.08,139.6,,R,Dollars,6,Electronic Card Transactions (ANZSIC06) - ECT,Private - Values - Electronic card transactions  A/S/T by industry,Seasonally adjusted,Medical and Other Health Care Services,,,
3664,ECTM.S1SQQ112,2009.09,135.9,,R,Dollars,6,Electronic Card Transactions (ANZSIC06) - ECT,Private - Values - Electronic card transactions  A/S/T by industry,Seasonally adjusted,Medical and Other Health Care Services,,,
3665,ECTM.S1SQQ112,2009.1,138.4,,R,Dollars,6,Electronic Card Transactions (ANZSIC06) - ECT,Private - Values - Electronic card transactions  A/S/T by industry,Seasonally adjusted,Medical and Other Health Care Services,,,
3666,ECTM.S1SQQ112,2009.11,140.1,,R,Dollars,6,Electronic Card Transactions (ANZSIC06) - ECT,Private - Values - Electronic card transactions  A/S/T by industry,Seasonally adjusted,Medical and Other Health Care Services,,,
3667,ECTM.S1SQQ112,2009.12,141.1,,R,Dollars,6,Electronic Card Transactions (ANZSIC06) - ECT,Private - Values - Electronic card transactions  A/S/T by industry,Seasonally adjusted,Medical and Other Health Care Services,,,
3668,ECTM.S1SQQ112,2010.01,142.6,,R,Dollars,6,Electronic Card Transactions (ANZSIC06) - ECT,Private - Values - Electronic card transactions  A/S/T by industry,Seasonally adjusted,Medical and Other Health Care Services,,,
3669,ECTM.S1SQQ112,2010.02,140.8,,R,Dollars,6,Electronic Card Transactions (ANZSIC06) - ECT,Private - Values - Electronic card transactions  A/S/T by industry,Seasonally adjusted,Medical and Other Health Care Services,,,
3670,ECTM.S1SQQ112,2010.03,141.1,,R,Dollars,6,Electronic Card Transactions (ANZSIC06) - ECT,Private - Values - Electronic card transactions  A/S/T by industry,Seasonally adjusted,Medical and Other Health Care Services,,,
3671,ECTM.S1SQQ112,2010.04,141.5,,R,Dollars,6,Electronic Card Transactions (ANZSIC06) - ECT,Private - Values - Electronic card transactions  A/S/T by industry,Seasonally adjusted,Medical and Other Health Care Services,,,
3672,ECTM.S1SQQ112,2010.05,143.1,,R,Dollars,6,Electronic Card Transactions (ANZSIC06) - ECT,Private - Values - Electronic card transactions  A/S/T by industry,Seasonally adjusted,Medical and Other Health Care Services,,,
3673,ECTM.S1SQQ112,2010.06,143,,R,Dollars,6,Electronic Card Transactions (ANZSIC06) - ECT,Private - Values - Electronic card transactions  A/S/T by industry,Seasonally adjusted,Medical and Other Health Care Services,,,
3674,ECTM.S1SQQ112,2010.07,142.9,,R,Dollars,6,Electronic Card Transactions (ANZSIC06) - ECT,Private - Values - Electronic card transactions  A/S/T by industry,Seasonally adjusted,Medical and Other Health Care Services,,,
3675,ECTM.S1SQQ112,2010.08,141.9,,R,Dollars,6,Electronic Card Transactions (ANZSIC06) - ECT,Private - Values - Electronic card transactions  A/S/T by industry,Seasonally adjusted,Medical and Other Health Care Services,,,
3676,ECTM.S1SQQ112,2010.09,146.3,,R,Dollars,6,Electronic Card Transactions (ANZSIC06) - ECT,Private - Values - Electronic card transactions  A/S/T by industry,Seasonally adjusted,Medical and Other Health Care Services,,,
3677,ECTM.S1SQQ112,2010.1,145.6,,R,Dollars,6,Electronic Card Transactions (ANZSIC06) - ECT,Private - Values - Electronic card transactions  A/S/T by industry,Seasonally adjusted,Medical and Other Health Care Services,,,
3678,ECTM.S1SQQ112,2010.11,141.8,,R,Dollars,6,Electronic Card Transactions (ANZSIC06) - ECT,Private - Values - Electronic card transactions  A/S/T by industry,Seasonally adjusted,Medical and Other Health Care Services,,,
3679,ECTM.S1SQQ112,2010.12,148.7,,R,Dollars,6,Electronic Card Transactions (ANZSIC06) - ECT,Private - Values - Electronic card transactions  A/S/T by industry,Seasonally adjusted,Medical and Other Health Care Services,,,
3680,ECTM.S1SQQ112,2011.01,146.3,,R,Dollars,6,Electronic Card Transactions (ANZSIC06) - ECT,Private - Values - Electronic card transactions  A/S/T by industry,Seasonally adjusted,Medical and Other Health Care Services,,,
3681,ECTM.S1SQQ112,2011.02,148.2,,R,Dollars,6,Electronic Card Transactions (ANZSIC06) - ECT,Private - Values - Electronic card transactions  A/S/T by industry,Seasonally adjusted,Medical and Other Health Care Services,,,
3682,ECTM.S1SQQ112,2011.03,146.1,,R,Dollars,6,Electronic Card Transactions (ANZSIC06) - ECT,Private - Values - Electronic card transactions  A/S/T by industry,Seasonally adjusted,Medical and Other Health Care Services,,,
3683,ECTM.S1SQQ112,2011.04,145.4,,R,Dollars,6,Electronic Card Transactions (ANZSIC06) - ECT,Private - Values - Electronic card transactions  A/S/T by industry,Seasonally adjusted,Medical and Other Health Care Services,,,
3684,ECTM.S1SQQ112,2011.05,146.7,,R,Dollars,6,Electronic Card Transactions (ANZSIC06) - ECT,Private - Values - Electronic card transactions  A/S/T by industry,Seasonally adjusted,Medical and Other Health Care Services,,,
3685,ECTM.S1SQQ112,2011.06,155.2,,R,Dollars,6,Electronic Card Transactions (ANZSIC06) - ECT,Private - Values - Electronic card transactions  A/S/T by industry,Seasonally adjusted,Medical and Other Health Care Services,,,
3686,ECTM.S1SQQ112,2011.07,149.4,,R,Dollars,6,Electronic Card Transactions (ANZSIC06) - ECT,Private - Values - Electronic card transactions  A/S/T by industry,Seasonally adjusted,Medical and Other Health Care Services,,,
3687,ECTM.S1SQQ112,2011.08,146.1,,R,Dollars,6,Electronic Card Transactions (ANZSIC06) - ECT,Private - Values - Electronic card transactions  A/S/T by industry,Seasonally adjusted,Medical and Other Health Care Services,,,
3688,ECTM.S1SQQ112,2011.09,152.1,,R,Dollars,6,Electronic Card Transactions (ANZSIC06) - ECT,Private - Values - Electronic card transactions  A/S/T by industry,Seasonally adjusted,Medical and Other Health Care Services,,,
3689,ECTM.S1SQQ112,2011.1,153.6,,R,Dollars,6,Electronic Card Transactions (ANZSIC06) - ECT,Private - Values - Electronic card transactions  A/S/T by industry,Seasonally adjusted,Medical and Other Health Care Services,,,
3690,ECTM.S1SQQ112,2011.11,152.8,,R,Dollars,6,Electronic Card Transactions (ANZSIC06) - ECT,Private - Values - Electronic card transactions  A/S/T by industry,Seasonally adjusted,Medical and Other Health Care Services,,,
3691,ECTM.S1SQQ112,2011.12,154.9,,R,Dollars,6,Electronic Card Transactions (ANZSIC06) - ECT,Private - Values - Electronic card transactions  A/S/T by industry,Seasonally adjusted,Medical and Other Health Care Services,,,
3692,ECTM.S1SQQ112,2012.01,148.4,,R,Dollars,6,Electronic Card Transactions (ANZSIC06) - ECT,Private - Values - Electronic card transactions  A/S/T by industry,Seasonally adjusted,Medical and Other Health Care Services,,,
3693,ECTM.S1SQQ112,2012.02,158.4,,R,Dollars,6,Electronic Card Transactions (ANZSIC06) - ECT,Private - Values - Electronic card transactions  A/S/T by industry,Seasonally adjusted,Medical and Other Health Care Services,,,
3694,ECTM.S1SQQ112,2012.03,159.6,,R,Dollars,6,Electronic Card Transactions (ANZSIC06) - ECT,Private - Values - Electronic card transactions  A/S/T by industry,Seasonally adjusted,Medical and Other Health Care Services,,,
3695,ECTM.S1SQQ112,2012.04,156.6,,R,Dollars,6,Electronic Card Transactions (ANZSIC06) - ECT,Private - Values - Electronic card transactions  A/S/T by industry,Seasonally adjusted,Medical and Other Health Care Services,,,
3696,ECTM.S1SQQ112,2012.05,158.5,,R,Dollars,6,Electronic Card Transactions (ANZSIC06) - ECT,Private - Values - Electronic card transactions  A/S/T by industry,Seasonally adjusted,Medical and Other Health Care Services,,,
3697,ECTM.S1SQQ112,2012.06,156.3,,R,Dollars,6,Electronic Card Transactions (ANZSIC06) - ECT,Private - Values - Electronic card transactions  A/S/T by industry,Seasonally adjusted,Medical and Other Health Care Services,,,
3698,ECTM.S1SQQ112,2012.07,158.2,,R,Dollars,6,Electronic Card Transactions (ANZSIC06) - ECT,Private - Values - Electronic card transactions  A/S/T by industry,Seasonally adjusted,Medical and Other Health Care Services,,,
3699,ECTM.S1SQQ112,2012.08,161.9,,R,Dollars,6,Electronic Card Transactions (ANZSIC06) - ECT,Private - Values - Electronic card transactions  A/S/T by industry,Seasonally adjusted,Medical and Other Health Care Services,,,
3700,ECTM.S1SQQ112,2012.09,163.5,,R,Dollars,6,Electronic Card Transactions (ANZSIC06) - ECT,Private - Values - Electronic card transactions  A/S/T by industry,Seasonally adjusted,Medical and Other Health Care Services,,,
3701,ECTM.S1SQQ112,2012.1,157.7,,R,Dollars,6,Electronic Card Transactions (ANZSIC06) - ECT,Private - Values - Electronic card transactions  A/S/T by industry,Seasonally adjusted,Medical and Other Health Care Services,,,
3702,ECTM.S1SQQ112,2012.11,162.4,,R,Dollars,6,Electronic Card Transactions (ANZSIC06) - ECT,Private - Values - Electronic card transactions  A/S/T by industry,Seasonally adjusted,Medical and Other Health Care Services,,,
3703,ECTM.S1SQQ112,2012.12,161.9,,R,Dollars,6,Electronic Card Transactions (ANZSIC06) - ECT,Private - Values - Electronic card transactions  A/S/T by industry,Seasonally adjusted,Medical and Other Health Care Services,,,
3704,ECTM.S1SQQ112,2013.01,161.5,,R,Dollars,6,Electronic Card Transactions (ANZSIC06) - ECT,Private - Values - Electronic card transactions  A/S/T by industry,Seasonally adjusted,Medical and Other Health Care Services,,,
3705,ECTM.S1SQQ112,2013.02,163.5,,R,Dollars,6,Electronic Card Transactions (ANZSIC06) - ECT,Private - Values - Electronic card transactions  A/S/T by industry,Seasonally adjusted,Medical and Other Health Care Services,,,
3706,ECTM.S1SQQ112,2013.03,162.3,,R,Dollars,6,Electronic Card Transactions (ANZSIC06) - ECT,Private - Values - Electronic card transactions  A/S/T by industry,Seasonally adjusted,Medical and Other Health Care Services,,,
3707,ECTM.S1SQQ112,2013.04,164.3,,R,Dollars,6,Electronic Card Transactions (ANZSIC06) - ECT,Private - Values - Electronic card transactions  A/S/T by industry,Seasonally adjusted,Medical and Other Health Care Services,,,
3708,ECTM.S1SQQ112,2013.05,167.4,,R,Dollars,6,Electronic Card Transactions (ANZSIC06) - ECT,Private - Values - Electronic card transactions  A/S/T by industry,Seasonally adjusted,Medical and Other Health Care Services,,,
3709,ECTM.S1SQQ112,2013.06,171.1,,R,Dollars,6,Electronic Card Transactions (ANZSIC06) - ECT,Private - Values - Electronic card transactions  A/S/T by industry,Seasonally adjusted,Medical and Other Health Care Services,,,
3710,ECTM.S1SQQ112,2013.07,164.1,,R,Dollars,6,Electronic Card Transactions (ANZSIC06) - ECT,Private - Values - Electronic card transactions  A/S/T by industry,Seasonally adjusted,Medical and Other Health Care Services,,,
3711,ECTM.S1SQQ112,2013.08,167.8,,R,Dollars,6,Electronic Card Transactions (ANZSIC06) - ECT,Private - Values - Electronic card transactions  A/S/T by industry,Seasonally adjusted,Medical and Other Health Care Services,,,
3712,ECTM.S1SQQ112,2013.09,167.2,,R,Dollars,6,Electronic Card Transactions (ANZSIC06) - ECT,Private - Values - Electronic card transactions  A/S/T by industry,Seasonally adjusted,Medical and Other Health Care Services,,,
3713,ECTM.S1SQQ112,2013.1,167.7,,R,Dollars,6,Electronic Card Transactions (ANZSIC06) - ECT,Private - Values - Electronic card transactions  A/S/T by industry,Seasonally adjusted,Medical and Other Health Care Services,,,
3714,ECTM.S1SQQ112,2013.11,165.9,,R,Dollars,6,Electronic Card Transactions (ANZSIC06) - ECT,Private - Values - Electronic card transactions  A/S/T by industry,Seasonally adjusted,Medical and Other Health Care Services,,,
3715,ECTM.S1SQQ112,2013.12,166.3,,R,Dollars,6,Electronic Card Transactions (ANZSIC06) - ECT,Private - Values - Electronic card transactions  A/S/T by industry,Seasonally adjusted,Medical and Other Health Care Services,,,
3716,ECTM.S1SQQ112,2014.01,171.9,,R,Dollars,6,Electronic Card Transactions (ANZSIC06) - ECT,Private - Values - Electronic card transactions  A/S/T by industry,Seasonally adjusted,Medical and Other Health Care Services,,,
3717,ECTM.S1SQQ112,2014.02,170.5,,R,Dollars,6,Electronic Card Transactions (ANZSIC06) - ECT,Private - Values - Electronic card transactions  A/S/T by industry,Seasonally adjusted,Medical and Other Health Care Services,,,
3718,ECTM.S1SQQ112,2014.03,174.6,,R,Dollars,6,Electronic Card Transactions (ANZSIC06) - ECT,Private - Values - Electronic card transactions  A/S/T by industry,Seasonally adjusted,Medical and Other Health Care Services,,,
3719,ECTM.S1SQQ112,2014.04,167.7,,R,Dollars,6,Electronic Card Transactions (ANZSIC06) - ECT,Private - Values - Electronic card transactions  A/S/T by industry,Seasonally adjusted,Medical and Other Health Care Services,,,
3720,ECTM.S1SQQ112,2014.05,172.2,,R,Dollars,6,Electronic Card Transactions (ANZSIC06) - ECT,Private - Values - Electronic card transactions  A/S/T by industry,Seasonally adjusted,Medical and Other Health Care Services,,,
3721,ECTM.S1SQQ112,2014.06,174.8,,R,Dollars,6,Electronic Card Transactions (ANZSIC06) - ECT,Private - Values - Electronic card transactions  A/S/T by industry,Seasonally adjusted,Medical and Other Health Care Services,,,
3722,ECTM.S1SQQ112,2014.07,176.3,,R,Dollars,6,Electronic Card Transactions (ANZSIC06) - ECT,Private - Values - Electronic card transactions  A/S/T by industry,Seasonally adjusted,Medical and Other Health Care Services,,,
3723,ECTM.S1SQQ112,2014.08,176.2,,R,Dollars,6,Electronic Card Transactions (ANZSIC06) - ECT,Private - Values - Electronic card transactions  A/S/T by industry,Seasonally adjusted,Medical and Other Health Care Services,,,
3724,ECTM.S1SQQ112,2014.09,170.6,,R,Dollars,6,Electronic Card Transactions (ANZSIC06) - ECT,Private - Values - Electronic card transactions  A/S/T by industry,Seasonally adjusted,Medical and Other Health Care Services,,,
3725,ECTM.S1SQQ112,2014.1,179.1,,R,Dollars,6,Electronic Card Transactions (ANZSIC06) - ECT,Private - Values - Electronic card transactions  A/S/T by industry,Seasonally adjusted,Medical and Other Health Care Services,,,
3726,ECTM.S1SQQ112,2014.11,180,,R,Dollars,6,Electronic Card Transactions (ANZSIC06) - ECT,Private - Values - Electronic card transactions  A/S/T by industry,Seasonally adjusted,Medical and Other Health Care Services,,,
3727,ECTM.S1SQQ112,2014.12,173.7,,R,Dollars,6,Electronic Card Transactions (ANZSIC06) - ECT,Private - Values - Electronic card transactions  A/S/T by industry,Seasonally adjusted,Medical and Other Health Care Services,,,
3728,ECTM.S1SQQ112,2015.01,178,,R,Dollars,6,Electronic Card Transactions (ANZSIC06) - ECT,Private - Values - Electronic card transactions  A/S/T by industry,Seasonally adjusted,Medical and Other Health Care Services,,,
3729,ECTM.S1SQQ112,2015.02,179.1,,R,Dollars,6,Electronic Card Transactions (ANZSIC06) - ECT,Private - Values - Electronic card transactions  A/S/T by industry,Seasonally adjusted,Medical and Other Health Care Services,,,
3730,ECTM.S1SQQ112,2015.03,180,,R,Dollars,6,Electronic Card Transactions (ANZSIC06) - ECT,Private - Values - Electronic card transactions  A/S/T by industry,Seasonally adjusted,Medical and Other Health Care Services,,,
3731,ECTM.S1SQQ112,2015.04,183.2,,R,Dollars,6,Electronic Card Transactions (ANZSIC06) - ECT,Private - Values - Electronic card transactions  A/S/T by industry,Seasonally adjusted,Medical and Other Health Care Services,,,
3732,ECTM.S1SQQ112,2015.05,185.9,,R,Dollars,6,Electronic Card Transactions (ANZSIC06) - ECT,Private - Values - Electronic card transactions  A/S/T by industry,Seasonally adjusted,Medical and Other Health Care Services,,,
3733,ECTM.S1SQQ112,2015.06,177.6,,R,Dollars,6,Electronic Card Transactions (ANZSIC06) - ECT,Private - Values - Electronic card transactions  A/S/T by industry,Seasonally adjusted,Medical and Other Health Care Services,,,
3734,ECTM.S1SQQ112,2015.07,187.7,,R,Dollars,6,Electronic Card Transactions (ANZSIC06) - ECT,Private - Values - Electronic card transactions  A/S/T by industry,Seasonally adjusted,Medical and Other Health Care Services,,,
3735,ECTM.S1SQQ112,2015.08,187.3,,R,Dollars,6,Electronic Card Transactions (ANZSIC06) - ECT,Private - Values - Electronic card transactions  A/S/T by industry,Seasonally adjusted,Medical and Other Health Care Services,,,
3736,ECTM.S1SQQ112,2015.09,187.1,,R,Dollars,6,Electronic Card Transactions (ANZSIC06) - ECT,Private - Values - Electronic card transactions  A/S/T by industry,Seasonally adjusted,Medical and Other Health Care Services,,,
3737,ECTM.S1SQQ112,2015.1,187,,R,Dollars,6,Electronic Card Transactions (ANZSIC06) - ECT,Private - Values - Electronic card transactions  A/S/T by industry,Seasonally adjusted,Medical and Other Health Care Services,,,
3738,ECTM.S1SQQ112,2015.11,187,,R,Dollars,6,Electronic Card Transactions (ANZSIC06) - ECT,Private - Values - Electronic card transactions  A/S/T by industry,Seasonally adjusted,Medical and Other Health Care Services,,,
3739,ECTM.S1SQQ112,2015.12,190.9,,R,Dollars,6,Electronic Card Transactions (ANZSIC06) - ECT,Private - Values - Electronic card transactions  A/S/T by industry,Seasonally adjusted,Medical and Other Health Care Services,,,
3740,ECTM.S1SQQ112,2016.01,193.5,,R,Dollars,6,Electronic Card Transactions (ANZSIC06) - ECT,Private - Values - Electronic card transactions  A/S/T by industry,Seasonally adjusted,Medical and Other Health Care Services,,,
3741,ECTM.S1SQQ112,2016.02,185.2,,R,Dollars,6,Electronic Card Transactions (ANZSIC06) - ECT,Private - Values - Electronic card transactions  A/S/T by industry,Seasonally adjusted,Medical and Other Health Care Services,,,
3742,ECTM.S1SQQ112,2016.03,184.6,,R,Dollars,6,Electronic Card Transactions (ANZSIC06) - ECT,Private - Values - Electronic card transactions  A/S/T by industry,Seasonally adjusted,Medical and Other Health Care Services,,,
3743,ECTM.S1SQQ112,2016.04,203.9,,R,Dollars,6,Electronic Card Transactions (ANZSIC06) - ECT,Private - Values - Electronic card transactions  A/S/T by industry,Seasonally adjusted,Medical and Other Health Care Services,,,
3744,ECTM.S1SQQ112,2016.05,194.7,,R,Dollars,6,Electronic Card Transactions (ANZSIC06) - ECT,Private - Values - Electronic card transactions  A/S/T by industry,Seasonally adjusted,Medical and Other Health Care Services,,,
3745,ECTM.S1SQQ112,2016.06,205.3,,R,Dollars,6,Electronic Card Transactions (ANZSIC06) - ECT,Private - Values - Electronic card transactions  A/S/T by industry,Seasonally adjusted,Medical and Other Health Care Services,,,
3746,ECTM.S1SQQ112,2016.07,201.5,,R,Dollars,6,Electronic Card Transactions (ANZSIC06) - ECT,Private - Values - Electronic card transactions  A/S/T by industry,Seasonally adjusted,Medical and Other Health Care Services,,,
3747,ECTM.S1SQQ112,2016.08,196.1,,R,Dollars,6,Electronic Card Transactions (ANZSIC06) - ECT,Private - Values - Electronic card transactions  A/S/T by industry,Seasonally adjusted,Medical and Other Health Care Services,,,
3748,ECTM.S1SQQ112,2016.09,203.2,,R,Dollars,6,Electronic Card Transactions (ANZSIC06) - ECT,Private - Values - Electronic card transactions  A/S/T by industry,Seasonally adjusted,Medical and Other Health Care Services,,,
3749,ECTM.S1SQQ112,2016.1,204.1,,R,Dollars,6,Electronic Card Transactions (ANZSIC06) - ECT,Private - Values - Electronic card transactions  A/S/T by industry,Seasonally adjusted,Medical and Other Health Care Services,,,
3750,ECTM.S1SQQ112,2016.11,197.6,,R,Dollars,6,Electronic Card Transactions (ANZSIC06) - ECT,Private - Values - Electronic card transactions  A/S/T by industry,Seasonally adjusted,Medical and Other Health Care Services,,,
3751,ECTM.S1SQQ112,2016.12,198.5,,R,Dollars,6,Electronic Card Transactions (ANZSIC06) - ECT,Private - Values - Electronic card transactions  A/S/T by industry,Seasonally adjusted,Medical and Other Health Care Services,,,
3752,ECTM.S1SQQ112,2017.01,190.2,,R,Dollars,6,Electronic Card Transactions (ANZSIC06) - ECT,Private - Values - Electronic card transactions  A/S/T by industry,Seasonally adjusted,Medical and Other Health Care Services,,,
3753,ECTM.S1SQQ112,2017.02,194.2,,R,Dollars,6,Electronic Card Transactions (ANZSIC06) - ECT,Private - Values - Electronic card transactions  A/S/T by industry,Seasonally adjusted,Medical and Other Health Care Services,,,
3754,ECTM.S1SQQ112,2017.03,208.7,,R,Dollars,6,Electronic Card Transactions (ANZSIC06) - ECT,Private - Values - Electronic card transactions  A/S/T by industry,Seasonally adjusted,Medical and Other Health Care Services,,,
3755,ECTM.S1SQQ112,2017.04,203.9,,R,Dollars,6,Electronic Card Transactions (ANZSIC06) - ECT,Private - Values - Electronic card transactions  A/S/T by industry,Seasonally adjusted,Medical and Other Health Care Services,,,
3756,ECTM.S1SQQ112,2017.05,208.6,,R,Dollars,6,Electronic Card Transactions (ANZSIC06) - ECT,Private - Values - Electronic card transactions  A/S/T by industry,Seasonally adjusted,Medical and Other Health Care Services,,,
3757,ECTM.S1SQQ112,2017.06,216.8,,R,Dollars,6,Electronic Card Transactions (ANZSIC06) - ECT,Private - Values - Electronic card transactions  A/S/T by industry,Seasonally adjusted,Medical and Other Health Care Services,,,
3758,ECTM.S1SQQ112,2017.07,219.1,,R,Dollars,6,Electronic Card Transactions (ANZSIC06) - ECT,Private - Values - Electronic card transactions  A/S/T by industry,Seasonally adjusted,Medical and Other Health Care Services,,,
3759,ECTM.S1SQQ112,2017.08,221.3,,R,Dollars,6,Electronic Card Transactions (ANZSIC06) - ECT,Private - Values - Electronic card transactions  A/S/T by industry,Seasonally adjusted,Medical and Other Health Care Services,,,
3760,ECTM.S1SQQ112,2017.09,210.6,,R,Dollars,6,Electronic Card Transactions (ANZSIC06) - ECT,Private - Values - Electronic card transactions  A/S/T by industry,Seasonally adjusted,Medical and Other Health Care Services,,,
3761,ECTM.S1SQQ112,2017.1,205.9,,R,Dollars,6,Electronic Card Transactions (ANZSIC06) - ECT,Private - Values - Electronic card transactions  A/S/T by industry,Seasonally adjusted,Medical and Other Health Care Services,,,
3762,ECTM.S1SQQ112,2017.11,211.3,,R,Dollars,6,Electronic Card Transactions (ANZSIC06) - ECT,Private - Values - Electronic card transactions  A/S/T by industry,Seasonally adjusted,Medical and Other Health Care Services,,,
3763,ECTM.S1SQQ112,2017.12,206.7,,R,Dollars,6,Electronic Card Transactions (ANZSIC06) - ECT,Private - Values - Electronic card transactions  A/S/T by industry,Seasonally adjusted,Medical and Other Health Care Services,,,
3764,ECTM.S1SQQ112,2018.01,188.8,,R,Dollars,6,Electronic Card Transactions (ANZSIC06) - ECT,Private - Values - Electronic card transactions  A/S/T by industry,Seasonally adjusted,Medical and Other Health Care Services,,,
3765,ECTM.S1SQQ112,2018.02,192.3,,R,Dollars,6,Electronic Card Transactions (ANZSIC06) - ECT,Private - Values - Electronic card transactions  A/S/T by industry,Seasonally adjusted,Medical and Other Health Care Services,,,
3766,ECTM.S1SQQ112,2018.03,207.7,,R,Dollars,6,Electronic Card Transactions (ANZSIC06) - ECT,Private - Values - Electronic card transactions  A/S/T by industry,Seasonally adjusted,Medical and Other Health Care Services,,,
3767,ECTM.S1SQQ112,2018.04,225.7,,R,Dollars,6,Electronic Card Transactions (ANZSIC06) - ECT,Private - Values - Electronic card transactions  A/S/T by industry,Seasonally adjusted,Medical and Other Health Care Services,,,
3768,ECTM.S1SQQ112,2018.05,228,,R,Dollars,6,Electronic Card Transactions (ANZSIC06) - ECT,Private - Values - Electronic card transactions  A/S/T by industry,Seasonally adjusted,Medical and Other Health Care Services,,,
3769,ECTM.S1SQQ112,2018.06,232.2,,R,Dollars,6,Electronic Card Transactions (ANZSIC06) - ECT,Private - Values - Electronic card transactions  A/S/T by industry,Seasonally adjusted,Medical and Other Health Care Services,,,
3770,ECTM.S1SQQ112,2018.07,239.9,,R,Dollars,6,Electronic Card Transactions (ANZSIC06) - ECT,Private - Values - Electronic card transactions  A/S/T by industry,Seasonally adjusted,Medical and Other Health Care Services,,,
3771,ECTM.S1SQQ112,2018.08,243.3,,R,Dollars,6,Electronic Card Transactions (ANZSIC06) - ECT,Private - Values - Electronic card transactions  A/S/T by industry,Seasonally adjusted,Medical and Other Health Care Services,,,
3772,ECTM.S1SQQ112,2018.09,232.5,,R,Dollars,6,Electronic Card Transactions (ANZSIC06) - ECT,Private - Values - Electronic card transactions  A/S/T by industry,Seasonally adjusted,Medical and Other Health Care Services,,,
3773,ECTM.S1SQQ112,2018.1,215.2,,R,Dollars,6,Electronic Card Transactions (ANZSIC06) - ECT,Private - Values - Electronic card transactions  A/S/T by industry,Seasonally adjusted,Medical and Other Health Care Services,,,
3774,ECTM.S1SQQ112,2018.11,213,,R,Dollars,6,Electronic Card Transactions (ANZSIC06) - ECT,Private - Values - Electronic card transactions  A/S/T by industry,Seasonally adjusted,Medical and Other Health Care Services,,,
3775,ECTM.S1SQQ112,2018.12,207.8,,R,Dollars,6,Electronic Card Transactions (ANZSIC06) - ECT,Private - Values - Electronic card transactions  A/S/T by industry,Seasonally adjusted,Medical and Other Health Care Services,,,
3776,ECTM.S1SQQ112,2019.01,200.4,,R,Dollars,6,Electronic Card Transactions (ANZSIC06) - ECT,Private - Values - Electronic card transactions  A/S/T by industry,Seasonally adjusted,Medical and Other Health Care Services,,,
3777,ECTM.S1SQQ112,2019.02,189.9,,R,Dollars,6,Electronic Card Transactions (ANZSIC06) - ECT,Private - Values - Electronic card transactions  A/S/T by industry,Seasonally adjusted,Medical and Other Health Care Services,,,
3778,ECTM.S1SQQ112,2019.03,228.2,,R,Dollars,6,Electronic Card Transactions (ANZSIC06) - ECT,Private - Values - Electronic card transactions  A/S/T by industry,Seasonally adjusted,Medical and Other Health Care Services,,,
3779,ECTM.S1SQQ112,2019.04,225.1,,R,Dollars,6,Electronic Card Transactions (ANZSIC06) - ECT,Private - Values - Electronic card transactions  A/S/T by industry,Seasonally adjusted,Medical and Other Health Care Services,,,
3780,ECTM.S1SQQ112,2019.05,248.1,,R,Dollars,6,Electronic Card Transactions (ANZSIC06) - ECT,Private - Values - Electronic card transactions  A/S/T by industry,Seasonally adjusted,Medical and Other Health Care Services,,,
3781,ECTM.S1SQQ112,2019.06,262.1,,R,Dollars,6,Electronic Card Transactions (ANZSIC06) - ECT,Private - Values - Electronic card transactions  A/S/T by industry,Seasonally adjusted,Medical and Other Health Care Services,,,
3782,ECTM.S1SQQ112,2019.07,259.1,,R,Dollars,6,Electronic Card Transactions (ANZSIC06) - ECT,Private - Values - Electronic card transactions  A/S/T by industry,Seasonally adjusted,Medical and Other Health Care Services,,,
3783,ECTM.S1SQQ112,2019.08,264.8,,R,Dollars,6,Electronic Card Transactions (ANZSIC06) - ECT,Private - Values - Electronic card transactions  A/S/T by industry,Seasonally adjusted,Medical and Other Health Care Services,,,
3784,ECTM.S1SQQ112,2019.09,240.5,,R,Dollars,6,Electronic Card Transactions (ANZSIC06) - ECT,Private - Values - Electronic card transactions  A/S/T by industry,Seasonally adjusted,Medical and Other Health Care Services,,,
3785,ECTM.S1SQQ112,2019.1,232.5,,R,Dollars,6,Electronic Card Transactions (ANZSIC06) - ECT,Private - Values - Electronic card transactions  A/S/T by industry,Seasonally adjusted,Medical and Other Health Care Services,,,
3786,ECTM.S1SQQ112,2019.11,220.9,,R,Dollars,6,Electronic Card Transactions (ANZSIC06) - ECT,Private - Values - Electronic card transactions  A/S/T by industry,Seasonally adjusted,Medical and Other Health Care Services,,,
3787,ECTM.S1SQQ112,2019.12,210.2,,R,Dollars,6,Electronic Card Transactions (ANZSIC06) - ECT,Private - Values - Electronic card transactions  A/S/T by industry,Seasonally adjusted,Medical and Other Health Care Services,,,
3788,ECTM.S1SQQ112,2020.01,208,,R,Dollars,6,Electronic Card Transactions (ANZSIC06) - ECT,Private - Values - Electronic card transactions  A/S/T by industry,Seasonally adjusted,Medical and Other Health Care Services,,,
3789,ECTM.S1SQQ112,2020.02,192.3,,R,Dollars,6,Electronic Card Transactions (ANZSIC06) - ECT,Private - Values - Electronic card transactions  A/S/T by industry,Seasonally adjusted,Medical and Other Health Care Services,,,
3790,ECTM.S1SQQ112,2020.03,181.4,,R,Dollars,6,Electronic Card Transactions (ANZSIC06) - ECT,Private - Values - Electronic card transactions  A/S/T by industry,Seasonally adjusted,Medical and Other Health Care Services,,,
3791,ECTM.S1SQQ112,2020.04,33.6,,F,Dollars,6,Electronic Card Transactions (ANZSIC06) - ECT,Private - Values - Electronic card transactions  A/S/T by industry,Seasonally adjusted,Medical and Other Health Care Services,,,
